solid OpenSCAD_Model
  facet normal 0.991445 -0 0.130528
    outer loop
      vertex 8.86327 -4 -13.4372
      vertex 8.96575 4 -14.2156
      vertex 8.86327 4 -13.4372
    endloop
  endfacet
  facet normal 0.991445 0 0.130528
    outer loop
      vertex 8.96575 4 -14.2156
      vertex 8.86327 -4 -13.4372
      vertex 8.96575 -4 -14.2156
    endloop
  endfacet
  facet normal 0.999048 -0 0.0436224
    outer loop
      vertex 8.96575 -4 -14.2156
      vertex 9 4 -15
      vertex 8.96575 4 -14.2156
    endloop
  endfacet
  facet normal 0.999048 0 0.0436224
    outer loop
      vertex 9 4 -15
      vertex 8.96575 -4 -14.2156
      vertex 9 -4 -15
    endloop
  endfacet
  facet normal 0.0436223 0 0.999048
    outer loop
      vertex 0 4 -6
      vertex 0.784401 -4 -6.03425
      vertex 0.784401 4 -6.03425
    endloop
  endfacet
  facet normal 0.0436223 0 0.999048
    outer loop
      vertex 0.784401 -4 -6.03425
      vertex 0 4 -6
      vertex 0 -4 -6
    endloop
  endfacet
  facet normal -0.130524 0 0.991445
    outer loop
      vertex -1.56283 4 -6.13673
      vertex -0.784401 -4 -6.03425
      vertex -0.784401 4 -6.03425
    endloop
  endfacet
  facet normal -0.130524 0 0.991445
    outer loop
      vertex -0.784401 -4 -6.03425
      vertex -1.56283 4 -6.13673
      vertex -1.56283 -4 -6.13673
    endloop
  endfacet
  facet normal -0.953715 0 -0.300711
    outer loop
      vertex -8.45723 -4 -18.0782
      vertex -8.69333 4 -17.3294
      vertex -8.45723 4 -18.0782
    endloop
  endfacet
  facet normal -0.953715 -0 -0.300711
    outer loop
      vertex -8.69333 4 -17.3294
      vertex -8.45723 -4 -18.0782
      vertex -8.69333 -4 -17.3294
    endloop
  endfacet
  facet normal 0.537298 0 0.843392
    outer loop
      vertex 4.5 4 -7.20577
      vertex 5.16219 -4 -7.62763
      vertex 5.16219 4 -7.62763
    endloop
  endfacet
  facet normal 0.537298 0 0.843392
    outer loop
      vertex 5.16219 -4 -7.62763
      vertex 4.5 4 -7.20577
      vertex 4.5 -4 -7.20577
    endloop
  endfacet
  facet normal -0.737275 0 0.675593
    outer loop
      vertex -6.8944 -4 -9.21491
      vertex -6.36396 4 -8.63604
      vertex -6.8944 4 -9.21491
    endloop
  endfacet
  facet normal -0.737275 0 0.675593
    outer loop
      vertex -6.36396 4 -8.63604
      vertex -6.8944 -4 -9.21491
      vertex -6.36396 -4 -8.63604
    endloop
  endfacet
  facet normal 0.953715 -0 0.300711
    outer loop
      vertex 8.45723 -4 -11.9218
      vertex 8.69333 4 -12.6706
      vertex 8.45723 4 -11.9218
    endloop
  endfacet
  facet normal 0.953715 0 0.300711
    outer loop
      vertex 8.69333 4 -12.6706
      vertex 8.45723 -4 -11.9218
      vertex 8.69333 -4 -12.6706
    endloop
  endfacet
  facet normal -0.976299 0 -0.216426
    outer loop
      vertex -8.69333 -4 -17.3294
      vertex -8.86327 4 -16.5628
      vertex -8.69333 4 -17.3294
    endloop
  endfacet
  facet normal -0.976299 -0 -0.216426
    outer loop
      vertex -8.86327 4 -16.5628
      vertex -8.69333 -4 -17.3294
      vertex -8.86327 -4 -16.5628
    endloop
  endfacet
  facet normal -0.461745 0 0.887013
    outer loop
      vertex -4.5 4 -7.20577
      vertex -3.80356 -4 -6.84323
      vertex -3.80356 4 -6.84323
    endloop
  endfacet
  facet normal -0.461745 0 0.887013
    outer loop
      vertex -3.80356 -4 -6.84323
      vertex -4.5 4 -7.20577
      vertex -4.5 -4 -7.20577
    endloop
  endfacet
  facet normal 0.887002 -0 0.461766
    outer loop
      vertex 7.79423 -4 -10.5
      vertex 8.15677 4 -11.1964
      vertex 7.79423 4 -10.5
    endloop
  endfacet
  facet normal 0.887002 0 0.461766
    outer loop
      vertex 8.15677 4 -11.1964
      vertex 7.79423 -4 -10.5
      vertex 8.15677 -4 -11.1964
    endloop
  endfacet
  facet normal 0.675593 0 0.737275
    outer loop
      vertex 5.78509 4 -8.1056
      vertex 6.36396 -4 -8.63604
      vertex 6.36396 4 -8.63604
    endloop
  endfacet
  facet normal 0.675593 0 0.737275
    outer loop
      vertex 6.36396 -4 -8.63604
      vertex 5.78509 4 -8.1056
      vertex 5.78509 -4 -8.1056
    endloop
  endfacet
  facet normal 0.991445 0 -0.130528
    outer loop
      vertex 8.96575 -4 -15.7844
      vertex 8.86327 4 -16.5628
      vertex 8.96575 4 -15.7844
    endloop
  endfacet
  facet normal 0.991445 0 -0.130528
    outer loop
      vertex 8.86327 4 -16.5628
      vertex 8.96575 -4 -15.7844
      vertex 8.86327 -4 -16.5628
    endloop
  endfacet
  facet normal 0.793352 -0 0.608763
    outer loop
      vertex 6.8944 -4 -9.21491
      vertex 7.37237 4 -9.83781
      vertex 6.8944 4 -9.21491
    endloop
  endfacet
  facet normal 0.793352 0 0.608763
    outer loop
      vertex 7.37237 4 -9.83781
      vertex 6.8944 -4 -9.21491
      vertex 7.37237 -4 -9.83781
    endloop
  endfacet
  facet normal -0.999048 0 -0.0436224
    outer loop
      vertex -8.96575 -4 -15.7844
      vertex -9 4 -15
      vertex -8.96575 4 -15.7844
    endloop
  endfacet
  facet normal -0.999048 -0 -0.0436224
    outer loop
      vertex -9 4 -15
      vertex -8.96575 -4 -15.7844
      vertex -9 -4 -15
    endloop
  endfacet
  facet normal -0.300707 0 0.953717
    outer loop
      vertex -3.07818 4 -6.54277
      vertex -2.32937 -4 -6.30667
      vertex -2.32937 4 -6.30667
    endloop
  endfacet
  facet normal -0.300707 0 0.953717
    outer loop
      vertex -2.32937 -4 -6.30667
      vertex -3.07818 4 -6.54277
      vertex -3.07818 -4 -6.54277
    endloop
  endfacet
  facet normal -0.843392 0 0.537298
    outer loop
      vertex -7.79423 -4 -10.5
      vertex -7.37237 4 -9.83781
      vertex -7.79423 4 -10.5
    endloop
  endfacet
  facet normal -0.843392 0 0.537298
    outer loop
      vertex -7.37237 4 -9.83781
      vertex -7.79423 -4 -10.5
      vertex -7.37237 -4 -9.83781
    endloop
  endfacet
  facet normal 0.923884 0 -0.382672
    outer loop
      vertex 8.45723 -4 -18.0782
      vertex 8.15677 4 -18.8036
      vertex 8.45723 4 -18.0782
    endloop
  endfacet
  facet normal 0.923884 0 -0.382672
    outer loop
      vertex 8.15677 4 -18.8036
      vertex 8.45723 -4 -18.0782
      vertex 8.15677 -4 -18.8036
    endloop
  endfacet
  facet normal -0.923884 0 -0.382672
    outer loop
      vertex -8.15677 -4 -18.8036
      vertex -8.45723 4 -18.0782
      vertex -8.15677 4 -18.8036
    endloop
  endfacet
  facet normal -0.923884 -0 -0.382672
    outer loop
      vertex -8.45723 4 -18.0782
      vertex -8.15677 -4 -18.8036
      vertex -8.45723 -4 -18.0782
    endloop
  endfacet
  facet normal 0.843392 -0 0.537298
    outer loop
      vertex 7.37237 -4 -9.83781
      vertex 7.79423 4 -10.5
      vertex 7.37237 4 -9.83781
    endloop
  endfacet
  facet normal 0.843392 0 0.537298
    outer loop
      vertex 7.79423 4 -10.5
      vertex 7.37237 -4 -9.83781
      vertex 7.79423 -4 -10.5
    endloop
  endfacet
  facet normal 0.976299 -0 0.216426
    outer loop
      vertex 8.69333 -4 -12.6706
      vertex 8.86327 4 -13.4372
      vertex 8.69333 4 -12.6706
    endloop
  endfacet
  facet normal 0.976299 0 0.216426
    outer loop
      vertex 8.86327 4 -13.4372
      vertex 8.69333 -4 -12.6706
      vertex 8.86327 -4 -13.4372
    endloop
  endfacet
  facet normal 0.923884 -0 0.382672
    outer loop
      vertex 8.15677 -4 -11.1964
      vertex 8.45723 4 -11.9218
      vertex 8.15677 4 -11.1964
    endloop
  endfacet
  facet normal 0.923884 0 0.382672
    outer loop
      vertex 8.45723 4 -11.9218
      vertex 8.15677 -4 -11.1964
      vertex 8.45723 -4 -11.9218
    endloop
  endfacet
  facet normal -0.999048 0 0.0436224
    outer loop
      vertex -9 -4 -15
      vertex -8.96575 4 -14.2156
      vertex -9 4 -15
    endloop
  endfacet
  facet normal -0.999048 0 0.0436224
    outer loop
      vertex -8.96575 4 -14.2156
      vertex -9 -4 -15
      vertex -8.96575 -4 -14.2156
    endloop
  endfacet
  facet normal -0.953715 0 0.300711
    outer loop
      vertex -8.69333 -4 -12.6706
      vertex -8.45723 4 -11.9218
      vertex -8.69333 4 -12.6706
    endloop
  endfacet
  facet normal -0.953715 0 0.300711
    outer loop
      vertex -8.45723 4 -11.9218
      vertex -8.69333 -4 -12.6706
      vertex -8.45723 -4 -11.9218
    endloop
  endfacet
  facet normal -0.976299 0 0.216426
    outer loop
      vertex -8.86327 -4 -13.4372
      vertex -8.69333 4 -12.6706
      vertex -8.86327 4 -13.4372
    endloop
  endfacet
  facet normal -0.976299 0 0.216426
    outer loop
      vertex -8.69333 4 -12.6706
      vertex -8.86327 -4 -13.4372
      vertex -8.69333 -4 -12.6706
    endloop
  endfacet
  facet normal 0.382681 0 0.923881
    outer loop
      vertex 3.07818 4 -6.54277
      vertex 3.80356 -4 -6.84323
      vertex 3.80356 4 -6.84323
    endloop
  endfacet
  facet normal 0.382681 0 0.923881
    outer loop
      vertex 3.80356 -4 -6.84323
      vertex 3.07818 4 -6.54277
      vertex 3.07818 -4 -6.54277
    endloop
  endfacet
  facet normal 0.608763 0 0.793352
    outer loop
      vertex 5.16219 4 -7.62763
      vertex 5.78509 -4 -8.1056
      vertex 5.78509 4 -8.1056
    endloop
  endfacet
  facet normal 0.608763 0 0.793352
    outer loop
      vertex 5.78509 -4 -8.1056
      vertex 5.16219 4 -7.62763
      vertex 5.16219 -4 -7.62763
    endloop
  endfacet
  facet normal 0.461745 0 0.887013
    outer loop
      vertex 3.80356 4 -6.84323
      vertex 4.5 -4 -7.20577
      vertex 4.5 4 -7.20577
    endloop
  endfacet
  facet normal 0.461745 0 0.887013
    outer loop
      vertex 4.5 -4 -7.20577
      vertex 3.80356 4 -6.84323
      vertex 3.80356 -4 -6.84323
    endloop
  endfacet
  facet normal -0.608763 0 0.793352
    outer loop
      vertex -5.78509 4 -8.1056
      vertex -5.16219 -4 -7.62763
      vertex -5.16219 4 -7.62763
    endloop
  endfacet
  facet normal -0.608763 0 0.793352
    outer loop
      vertex -5.16219 -4 -7.62763
      vertex -5.78509 4 -8.1056
      vertex -5.78509 -4 -8.1056
    endloop
  endfacet
  facet normal -0.887002 0 0.461766
    outer loop
      vertex -8.15677 -4 -11.1964
      vertex -7.79423 4 -10.5
      vertex -8.15677 4 -11.1964
    endloop
  endfacet
  facet normal -0.887002 0 0.461766
    outer loop
      vertex -7.79423 4 -10.5
      vertex -8.15677 -4 -11.1964
      vertex -7.79423 -4 -10.5
    endloop
  endfacet
  facet normal -0.382681 0 0.923881
    outer loop
      vertex -3.80356 4 -6.84323
      vertex -3.07818 -4 -6.54277
      vertex -3.07818 4 -6.54277
    endloop
  endfacet
  facet normal -0.382681 0 0.923881
    outer loop
      vertex -3.07818 -4 -6.54277
      vertex -3.80356 4 -6.84323
      vertex -3.80356 -4 -6.84323
    endloop
  endfacet
  facet normal -0.675593 0 0.737275
    outer loop
      vertex -6.36396 4 -8.63604
      vertex -5.78509 -4 -8.1056
      vertex -5.78509 4 -8.1056
    endloop
  endfacet
  facet normal -0.675593 0 0.737275
    outer loop
      vertex -5.78509 -4 -8.1056
      vertex -6.36396 4 -8.63604
      vertex -6.36396 -4 -8.63604
    endloop
  endfacet
  facet normal -0.537298 0 0.843392
    outer loop
      vertex -5.16219 4 -7.62763
      vertex -4.5 -4 -7.20577
      vertex -4.5 4 -7.20577
    endloop
  endfacet
  facet normal -0.537298 0 0.843392
    outer loop
      vertex -4.5 -4 -7.20577
      vertex -5.16219 4 -7.62763
      vertex -5.16219 -4 -7.62763
    endloop
  endfacet
  facet normal -0.886973 0 -0.461822
    outer loop
      vertex -8.05451 -4 -19
      vertex -8.15677 4 -18.8036
      vertex -8.05451 4 -19
    endloop
  endfacet
  facet normal -0.886973 -0 -0.461822
    outer loop
      vertex -8.15677 4 -18.8036
      vertex -8.05451 -4 -19
      vertex -8.15677 -4 -18.8036
    endloop
  endfacet
  facet normal -0.0436223 0 0.999048
    outer loop
      vertex -0.784401 4 -6.03425
      vertex 0 -4 -6
      vertex 0 4 -6
    endloop
  endfacet
  facet normal -0.0436223 0 0.999048
    outer loop
      vertex 0 -4 -6
      vertex -0.784401 4 -6.03425
      vertex -0.784401 -4 -6.03425
    endloop
  endfacet
  facet normal -0.216442 0 0.976295
    outer loop
      vertex -2.32937 4 -6.30667
      vertex -1.56283 -4 -6.13673
      vertex -1.56283 4 -6.13673
    endloop
  endfacet
  facet normal -0.216442 0 0.976295
    outer loop
      vertex -1.56283 -4 -6.13673
      vertex -2.32937 4 -6.30667
      vertex -2.32937 -4 -6.30667
    endloop
  endfacet
  facet normal 0.216442 0 0.976295
    outer loop
      vertex 1.56283 4 -6.13673
      vertex 2.32937 -4 -6.30667
      vertex 2.32937 4 -6.30667
    endloop
  endfacet
  facet normal 0.216442 0 0.976295
    outer loop
      vertex 2.32937 -4 -6.30667
      vertex 1.56283 4 -6.13673
      vertex 1.56283 -4 -6.13673
    endloop
  endfacet
  facet normal -0.991445 0 -0.130528
    outer loop
      vertex -8.86327 -4 -16.5628
      vertex -8.96575 4 -15.7844
      vertex -8.86327 4 -16.5628
    endloop
  endfacet
  facet normal -0.991445 -0 -0.130528
    outer loop
      vertex -8.96575 4 -15.7844
      vertex -8.86327 -4 -16.5628
      vertex -8.96575 -4 -15.7844
    endloop
  endfacet
  facet normal 0.300707 0 0.953717
    outer loop
      vertex 2.32937 4 -6.30667
      vertex 3.07818 -4 -6.54277
      vertex 3.07818 4 -6.54277
    endloop
  endfacet
  facet normal 0.300707 0 0.953717
    outer loop
      vertex 3.07818 -4 -6.54277
      vertex 2.32937 4 -6.30667
      vertex 2.32937 -4 -6.30667
    endloop
  endfacet
  facet normal 0.999048 0 -0.0436224
    outer loop
      vertex 9 -4 -15
      vertex 8.96575 4 -15.7844
      vertex 9 4 -15
    endloop
  endfacet
  facet normal 0.999048 0 -0.0436224
    outer loop
      vertex 8.96575 4 -15.7844
      vertex 9 -4 -15
      vertex 8.96575 -4 -15.7844
    endloop
  endfacet
  facet normal 0.886973 0 -0.461822
    outer loop
      vertex 8.15677 -4 -18.8036
      vertex 8.05451 4 -19
      vertex 8.15677 4 -18.8036
    endloop
  endfacet
  facet normal 0.886973 0 -0.461822
    outer loop
      vertex 8.05451 4 -19
      vertex 8.15677 -4 -18.8036
      vertex 8.05451 -4 -19
    endloop
  endfacet
  facet normal 0.130524 0 0.991445
    outer loop
      vertex 0.784401 4 -6.03425
      vertex 1.56283 -4 -6.13673
      vertex 1.56283 4 -6.13673
    endloop
  endfacet
  facet normal 0.130524 0 0.991445
    outer loop
      vertex 1.56283 -4 -6.13673
      vertex 0.784401 4 -6.03425
      vertex 0.784401 -4 -6.03425
    endloop
  endfacet
  facet normal 0.737275 -0 0.675593
    outer loop
      vertex 6.36396 -4 -8.63604
      vertex 6.8944 4 -9.21491
      vertex 6.36396 4 -8.63604
    endloop
  endfacet
  facet normal 0.737275 0 0.675593
    outer loop
      vertex 6.8944 4 -9.21491
      vertex 6.36396 -4 -8.63604
      vertex 6.8944 -4 -9.21491
    endloop
  endfacet
  facet normal 0.953715 0 -0.300711
    outer loop
      vertex 8.69333 -4 -17.3294
      vertex 8.45723 4 -18.0782
      vertex 8.69333 4 -17.3294
    endloop
  endfacet
  facet normal 0.953715 0 -0.300711
    outer loop
      vertex 8.45723 4 -18.0782
      vertex 8.69333 -4 -17.3294
      vertex 8.45723 -4 -18.0782
    endloop
  endfacet
  facet normal -0.991445 0 0.130528
    outer loop
      vertex -8.96575 -4 -14.2156
      vertex -8.86327 4 -13.4372
      vertex -8.96575 4 -14.2156
    endloop
  endfacet
  facet normal -0.991445 0 0.130528
    outer loop
      vertex -8.86327 4 -13.4372
      vertex -8.96575 -4 -14.2156
      vertex -8.86327 -4 -13.4372
    endloop
  endfacet
  facet normal 0 -1 0
    outer loop
      vertex -9 -4 -29
      vertex -8.05451 -4 -19
      vertex -9 -4 -19
    endloop
  endfacet
  facet normal 0 -1 -0
    outer loop
      vertex -8.05451 -4 -19
      vertex -9 -4 -29
      vertex 0 -4 -19
    endloop
  endfacet
  facet normal 0 -1 0
    outer loop
      vertex 9 -4 -29
      vertex 0 -4 -19
      vertex -9 -4 -29
    endloop
  endfacet
  facet normal 0 -1 0
    outer loop
      vertex 0 -4 -19
      vertex 9 -4 -29
      vertex 8.05451 -4 -19
    endloop
  endfacet
  facet normal 0 -1 0
    outer loop
      vertex 8.05451 -4 -19
      vertex 9 -4 -29
      vertex 9 -4 -19
    endloop
  endfacet
  facet normal 0 -1 0
    outer loop
      vertex 0 -4 -11
      vertex 0 -4 -6
      vertex -0.784401 -4 -6.03425
    endloop
  endfacet
  facet normal 0 -1 0
    outer loop
      vertex -0.348622 -4 -11.0152
      vertex -0.784401 -4 -6.03425
      vertex -1.56283 -4 -6.13673
    endloop
  endfacet
  facet normal 0 -1 0
    outer loop
      vertex 0 -4 -6
      vertex 0 -4 -11
      vertex 0.784401 -4 -6.03425
    endloop
  endfacet
  facet normal 0 -1 0
    outer loop
      vertex -0.694592 -4 -11.0608
      vertex -1.56283 -4 -6.13673
      vertex -2.32937 -4 -6.30667
    endloop
  endfacet
  facet normal 0 -1 0
    outer loop
      vertex 0.348622 -4 -11.0152
      vertex 0.784401 -4 -6.03425
      vertex 0 -4 -11
    endloop
  endfacet
  facet normal 0 -1 0
    outer loop
      vertex -1.03528 -4 -11.1363
      vertex -2.32937 -4 -6.30667
      vertex -3.07818 -4 -6.54277
    endloop
  endfacet
  facet normal 0 -1 -0
    outer loop
      vertex 0.784401 -4 -6.03425
      vertex 0.348622 -4 -11.0152
      vertex 1.56283 -4 -6.13673
    endloop
  endfacet
  facet normal 0 -1 0
    outer loop
      vertex -1.36808 -4 -11.2412
      vertex -3.07818 -4 -6.54277
      vertex -3.80356 -4 -6.84323
    endloop
  endfacet
  facet normal 0 -1 0
    outer loop
      vertex 0.694592 -4 -11.0608
      vertex 1.56283 -4 -6.13673
      vertex 0.348622 -4 -11.0152
    endloop
  endfacet
  facet normal 0 -1 0
    outer loop
      vertex -1.69047 -4 -11.3748
      vertex -3.80356 -4 -6.84323
      vertex -4.5 -4 -7.20577
    endloop
  endfacet
  facet normal 0 -1 -0
    outer loop
      vertex 1.56283 -4 -6.13673
      vertex 0.694592 -4 -11.0608
      vertex 2.32937 -4 -6.30667
    endloop
  endfacet
  facet normal 0 -1 0
    outer loop
      vertex -2 -4 -11.5359
      vertex -4.5 -4 -7.20577
      vertex -5.16219 -4 -7.62763
    endloop
  endfacet
  facet normal 0 -1 0
    outer loop
      vertex 1.03528 -4 -11.1363
      vertex 2.32937 -4 -6.30667
      vertex 0.694592 -4 -11.0608
    endloop
  endfacet
  facet normal 0 -1 0
    outer loop
      vertex -2.2943 -4 -11.7234
      vertex -5.16219 -4 -7.62763
      vertex -5.78509 -4 -8.1056
    endloop
  endfacet
  facet normal 0 -1 -0
    outer loop
      vertex 2.32937 -4 -6.30667
      vertex 1.03528 -4 -11.1363
      vertex 3.07818 -4 -6.54277
    endloop
  endfacet
  facet normal 0 -1 0
    outer loop
      vertex -2.57115 -4 -11.9358
      vertex -5.78509 -4 -8.1056
      vertex -6.36396 -4 -8.63604
    endloop
  endfacet
  facet normal 0 -1 0
    outer loop
      vertex 1.36808 -4 -11.2412
      vertex 3.07818 -4 -6.54277
      vertex 1.03528 -4 -11.1363
    endloop
  endfacet
  facet normal 0 -1 0
    outer loop
      vertex -2.82843 -4 -12.1716
      vertex -6.36396 -4 -8.63604
      vertex -6.8944 -4 -9.21491
    endloop
  endfacet
  facet normal 0 -1 -0
    outer loop
      vertex 3.07818 -4 -6.54277
      vertex 1.36808 -4 -11.2412
      vertex 3.80356 -4 -6.84323
    endloop
  endfacet
  facet normal 0 -1 0
    outer loop
      vertex -3.06418 -4 -12.4289
      vertex -6.8944 -4 -9.21491
      vertex -7.37237 -4 -9.83781
    endloop
  endfacet
  facet normal 0 -1 0
    outer loop
      vertex 1.69047 -4 -11.3748
      vertex 3.80356 -4 -6.84323
      vertex 1.36808 -4 -11.2412
    endloop
  endfacet
  facet normal 0 -1 0
    outer loop
      vertex -3.27661 -4 -12.7057
      vertex -7.37237 -4 -9.83781
      vertex -7.79423 -4 -10.5
    endloop
  endfacet
  facet normal 0 -1 -0
    outer loop
      vertex 3.80356 -4 -6.84323
      vertex 1.69047 -4 -11.3748
      vertex 4.5 -4 -7.20577
    endloop
  endfacet
  facet normal 0 -1 0
    outer loop
      vertex 2 -4 -11.5359
      vertex 4.5 -4 -7.20577
      vertex 1.69047 -4 -11.3748
    endloop
  endfacet
  facet normal 0 -1 0
    outer loop
      vertex -0.784401 -4 -6.03425
      vertex -0.348622 -4 -11.0152
      vertex 0 -4 -11
    endloop
  endfacet
  facet normal 0 -1 0
    outer loop
      vertex -1.56283 -4 -6.13673
      vertex -0.694592 -4 -11.0608
      vertex -0.348622 -4 -11.0152
    endloop
  endfacet
  facet normal 0 -1 0
    outer loop
      vertex -2.32937 -4 -6.30667
      vertex -1.03528 -4 -11.1363
      vertex -0.694592 -4 -11.0608
    endloop
  endfacet
  facet normal 0 -1 0
    outer loop
      vertex -3.4641 -4 -13
      vertex -7.79423 -4 -10.5
      vertex -8.15677 -4 -11.1964
    endloop
  endfacet
  facet normal 0 -1 0
    outer loop
      vertex -3.07818 -4 -6.54277
      vertex -1.36808 -4 -11.2412
      vertex -1.03528 -4 -11.1363
    endloop
  endfacet
  facet normal 0 -1 0
    outer loop
      vertex -3.80356 -4 -6.84323
      vertex -1.69047 -4 -11.3748
      vertex -1.36808 -4 -11.2412
    endloop
  endfacet
  facet normal 0 -1 0
    outer loop
      vertex -4.5 -4 -7.20577
      vertex -2 -4 -11.5359
      vertex -1.69047 -4 -11.3748
    endloop
  endfacet
  facet normal 0 -1 0
    outer loop
      vertex -5.16219 -4 -7.62763
      vertex -2.2943 -4 -11.7234
      vertex -2 -4 -11.5359
    endloop
  endfacet
  facet normal 0 -1 0
    outer loop
      vertex -3.62523 -4 -13.3095
      vertex -8.15677 -4 -11.1964
      vertex -8.45723 -4 -11.9218
    endloop
  endfacet
  facet normal 0 -1 0
    outer loop
      vertex -5.78509 -4 -8.1056
      vertex -2.57115 -4 -11.9358
      vertex -2.2943 -4 -11.7234
    endloop
  endfacet
  facet normal 0 -1 0
    outer loop
      vertex -6.36396 -4 -8.63604
      vertex -2.82843 -4 -12.1716
      vertex -2.57115 -4 -11.9358
    endloop
  endfacet
  facet normal 0 -1 0
    outer loop
      vertex -6.8944 -4 -9.21491
      vertex -3.06418 -4 -12.4289
      vertex -2.82843 -4 -12.1716
    endloop
  endfacet
  facet normal 0 -1 0
    outer loop
      vertex -3.75877 -4 -13.6319
      vertex -8.45723 -4 -11.9218
      vertex -8.69333 -4 -12.6706
    endloop
  endfacet
  facet normal 0 -1 0
    outer loop
      vertex -7.37237 -4 -9.83781
      vertex -3.27661 -4 -12.7057
      vertex -3.06418 -4 -12.4289
    endloop
  endfacet
  facet normal 0 -1 0
    outer loop
      vertex -7.79423 -4 -10.5
      vertex -3.4641 -4 -13
      vertex -3.27661 -4 -12.7057
    endloop
  endfacet
  facet normal 0 -1 0
    outer loop
      vertex -8.15677 -4 -11.1964
      vertex -3.62523 -4 -13.3095
      vertex -3.4641 -4 -13
    endloop
  endfacet
  facet normal 0 -1 0
    outer loop
      vertex -3.8637 -4 -13.9647
      vertex -8.69333 -4 -12.6706
      vertex -8.86327 -4 -13.4372
    endloop
  endfacet
  facet normal 0 -1 0
    outer loop
      vertex -8.45723 -4 -11.9218
      vertex -3.75877 -4 -13.6319
      vertex -3.62523 -4 -13.3095
    endloop
  endfacet
  facet normal 0 -1 0
    outer loop
      vertex -8.69333 -4 -12.6706
      vertex -3.8637 -4 -13.9647
      vertex -3.75877 -4 -13.6319
    endloop
  endfacet
  facet normal 0 -1 0
    outer loop
      vertex -3.93923 -4 -14.3054
      vertex -8.86327 -4 -13.4372
      vertex -8.96575 -4 -14.2156
    endloop
  endfacet
  facet normal 0 -1 0
    outer loop
      vertex -8.86327 -4 -13.4372
      vertex -3.93923 -4 -14.3054
      vertex -3.8637 -4 -13.9647
    endloop
  endfacet
  facet normal 0 -1 0
    outer loop
      vertex -8.96575 -4 -14.2156
      vertex -3.98478 -4 -14.6514
      vertex -3.93923 -4 -14.3054
    endloop
  endfacet
  facet normal 0 -1 0
    outer loop
      vertex -9 -4 -15
      vertex -3.98478 -4 -14.6514
      vertex -8.96575 -4 -14.2156
    endloop
  endfacet
  facet normal 0 -1 0
    outer loop
      vertex -9 -4 -15
      vertex -4 -4 -15
      vertex -3.98478 -4 -14.6514
    endloop
  endfacet
  facet normal 0 -1 0
    outer loop
      vertex -9 -4 -15
      vertex -3.98478 -4 -15.3486
      vertex -4 -4 -15
    endloop
  endfacet
  facet normal 0 -1 0
    outer loop
      vertex -8.96575 -4 -15.7844
      vertex -3.98478 -4 -15.3486
      vertex -9 -4 -15
    endloop
  endfacet
  facet normal 0 -1 -0
    outer loop
      vertex -3.98478 -4 -15.3486
      vertex -8.96575 -4 -15.7844
      vertex -3.93923 -4 -15.6946
    endloop
  endfacet
  facet normal 0 -1 0
    outer loop
      vertex -8.86327 -4 -16.5628
      vertex -3.93923 -4 -15.6946
      vertex -8.96575 -4 -15.7844
    endloop
  endfacet
  facet normal 0 -1 -0
    outer loop
      vertex -3.93923 -4 -15.6946
      vertex -8.86327 -4 -16.5628
      vertex -3.8637 -4 -16.0353
    endloop
  endfacet
  facet normal 0 -1 0
    outer loop
      vertex -8.69333 -4 -17.3294
      vertex -3.8637 -4 -16.0353
      vertex -8.86327 -4 -16.5628
    endloop
  endfacet
  facet normal 0 -1 -0
    outer loop
      vertex -3.8637 -4 -16.0353
      vertex -8.69333 -4 -17.3294
      vertex -3.75877 -4 -16.3681
    endloop
  endfacet
  facet normal 0 -1 0
    outer loop
      vertex -8.45723 -4 -18.0782
      vertex -3.75877 -4 -16.3681
      vertex -8.69333 -4 -17.3294
    endloop
  endfacet
  facet normal 0 -1 -0
    outer loop
      vertex -3.75877 -4 -16.3681
      vertex -8.45723 -4 -18.0782
      vertex -3.62523 -4 -16.6905
    endloop
  endfacet
  facet normal 0 -1 0
    outer loop
      vertex -8.15677 -4 -18.8036
      vertex -3.62523 -4 -16.6905
      vertex -8.45723 -4 -18.0782
    endloop
  endfacet
  facet normal 0 -1 0
    outer loop
      vertex -8.05451 -4 -19
      vertex -3.62523 -4 -16.6905
      vertex -8.15677 -4 -18.8036
    endloop
  endfacet
  facet normal 0 -1 -0
    outer loop
      vertex -3.62523 -4 -16.6905
      vertex -8.05451 -4 -19
      vertex -3.4641 -4 -17
    endloop
  endfacet
  facet normal 0 -1 -0
    outer loop
      vertex -3.4641 -4 -17
      vertex -8.05451 -4 -19
      vertex -3.27661 -4 -17.2943
    endloop
  endfacet
  facet normal 0 -1 -0
    outer loop
      vertex -3.27661 -4 -17.2943
      vertex -8.05451 -4 -19
      vertex -3.06418 -4 -17.5711
    endloop
  endfacet
  facet normal 0 -1 -0
    outer loop
      vertex -3.06418 -4 -17.5711
      vertex -8.05451 -4 -19
      vertex -2.82843 -4 -17.8284
    endloop
  endfacet
  facet normal 0 -1 -0
    outer loop
      vertex -2.82843 -4 -17.8284
      vertex -8.05451 -4 -19
      vertex -2.57115 -4 -18.0642
    endloop
  endfacet
  facet normal 0 -1 -0
    outer loop
      vertex -2.57115 -4 -18.0642
      vertex -8.05451 -4 -19
      vertex -2.2943 -4 -18.2766
    endloop
  endfacet
  facet normal 0 -1 -0
    outer loop
      vertex -2.2943 -4 -18.2766
      vertex -8.05451 -4 -19
      vertex -2 -4 -18.4641
    endloop
  endfacet
  facet normal 0 -1 -0
    outer loop
      vertex -2 -4 -18.4641
      vertex -8.05451 -4 -19
      vertex -1.69047 -4 -18.6252
    endloop
  endfacet
  facet normal 0 -1 -0
    outer loop
      vertex -1.69047 -4 -18.6252
      vertex -8.05451 -4 -19
      vertex -1.36808 -4 -18.7588
    endloop
  endfacet
  facet normal 0 -1 -0
    outer loop
      vertex -1.36808 -4 -18.7588
      vertex -8.05451 -4 -19
      vertex -1.03528 -4 -18.8637
    endloop
  endfacet
  facet normal 0 -1 -0
    outer loop
      vertex -1.03528 -4 -18.8637
      vertex -8.05451 -4 -19
      vertex -0.694592 -4 -18.9392
    endloop
  endfacet
  facet normal 0 -1 -0
    outer loop
      vertex -0.694592 -4 -18.9392
      vertex -8.05451 -4 -19
      vertex -0.348622 -4 -18.9848
    endloop
  endfacet
  facet normal 0 -1 -0
    outer loop
      vertex -0.348622 -4 -18.9848
      vertex -8.05451 -4 -19
      vertex 0 -4 -19
    endloop
  endfacet
  facet normal 0 -1 -0
    outer loop
      vertex 4.5 -4 -7.20577
      vertex 2 -4 -11.5359
      vertex 5.16219 -4 -7.62763
    endloop
  endfacet
  facet normal 0 -1 0
    outer loop
      vertex 2.2943 -4 -11.7234
      vertex 5.16219 -4 -7.62763
      vertex 2 -4 -11.5359
    endloop
  endfacet
  facet normal 0 -1 -0
    outer loop
      vertex 5.16219 -4 -7.62763
      vertex 2.2943 -4 -11.7234
      vertex 5.78509 -4 -8.1056
    endloop
  endfacet
  facet normal 0 -1 0
    outer loop
      vertex 2.57115 -4 -11.9358
      vertex 5.78509 -4 -8.1056
      vertex 2.2943 -4 -11.7234
    endloop
  endfacet
  facet normal 0 -1 -0
    outer loop
      vertex 5.78509 -4 -8.1056
      vertex 2.57115 -4 -11.9358
      vertex 6.36396 -4 -8.63604
    endloop
  endfacet
  facet normal 0 -1 0
    outer loop
      vertex 2.82843 -4 -12.1716
      vertex 6.36396 -4 -8.63604
      vertex 2.57115 -4 -11.9358
    endloop
  endfacet
  facet normal 0 -1 -0
    outer loop
      vertex 6.36396 -4 -8.63604
      vertex 2.82843 -4 -12.1716
      vertex 6.8944 -4 -9.21491
    endloop
  endfacet
  facet normal 0 -1 0
    outer loop
      vertex 3.06418 -4 -12.4289
      vertex 6.8944 -4 -9.21491
      vertex 2.82843 -4 -12.1716
    endloop
  endfacet
  facet normal 0 -1 -0
    outer loop
      vertex 6.8944 -4 -9.21491
      vertex 3.06418 -4 -12.4289
      vertex 7.37237 -4 -9.83781
    endloop
  endfacet
  facet normal 0 -1 0
    outer loop
      vertex 3.27661 -4 -12.7057
      vertex 7.37237 -4 -9.83781
      vertex 3.06418 -4 -12.4289
    endloop
  endfacet
  facet normal 0 -1 -0
    outer loop
      vertex 7.37237 -4 -9.83781
      vertex 3.27661 -4 -12.7057
      vertex 7.79423 -4 -10.5
    endloop
  endfacet
  facet normal 0 -1 0
    outer loop
      vertex 3.4641 -4 -13
      vertex 7.79423 -4 -10.5
      vertex 3.27661 -4 -12.7057
    endloop
  endfacet
  facet normal 0 -1 -0
    outer loop
      vertex 7.79423 -4 -10.5
      vertex 3.4641 -4 -13
      vertex 8.15677 -4 -11.1964
    endloop
  endfacet
  facet normal 0 -1 0
    outer loop
      vertex 3.62523 -4 -13.3095
      vertex 8.15677 -4 -11.1964
      vertex 3.4641 -4 -13
    endloop
  endfacet
  facet normal 0 -1 -0
    outer loop
      vertex 8.15677 -4 -11.1964
      vertex 3.62523 -4 -13.3095
      vertex 8.45723 -4 -11.9218
    endloop
  endfacet
  facet normal 0 -1 0
    outer loop
      vertex 3.75877 -4 -13.6319
      vertex 8.45723 -4 -11.9218
      vertex 3.62523 -4 -13.3095
    endloop
  endfacet
  facet normal 0 -1 -0
    outer loop
      vertex 8.45723 -4 -11.9218
      vertex 3.75877 -4 -13.6319
      vertex 8.69333 -4 -12.6706
    endloop
  endfacet
  facet normal 0 -1 0
    outer loop
      vertex 3.8637 -4 -13.9647
      vertex 8.69333 -4 -12.6706
      vertex 3.75877 -4 -13.6319
    endloop
  endfacet
  facet normal 0 -1 -0
    outer loop
      vertex 8.69333 -4 -12.6706
      vertex 3.8637 -4 -13.9647
      vertex 8.86327 -4 -13.4372
    endloop
  endfacet
  facet normal 0 -1 0
    outer loop
      vertex 3.93923 -4 -14.3054
      vertex 8.86327 -4 -13.4372
      vertex 3.8637 -4 -13.9647
    endloop
  endfacet
  facet normal 0 -1 -0
    outer loop
      vertex 8.86327 -4 -13.4372
      vertex 3.93923 -4 -14.3054
      vertex 8.96575 -4 -14.2156
    endloop
  endfacet
  facet normal 0 -1 0
    outer loop
      vertex 3.98478 -4 -14.6514
      vertex 8.96575 -4 -14.2156
      vertex 3.93923 -4 -14.3054
    endloop
  endfacet
  facet normal 0 -1 0
    outer loop
      vertex 4 -4 -15
      vertex 8.96575 -4 -14.2156
      vertex 3.98478 -4 -14.6514
    endloop
  endfacet
  facet normal 0 -1 0
    outer loop
      vertex 4 -4 -15
      vertex 9 -4 -15
      vertex 8.96575 -4 -14.2156
    endloop
  endfacet
  facet normal 0 -1 0
    outer loop
      vertex 3.98478 -4 -15.3486
      vertex 9 -4 -15
      vertex 4 -4 -15
    endloop
  endfacet
  facet normal 0 -1 0
    outer loop
      vertex 8.96575 -4 -15.7844
      vertex 3.98478 -4 -15.3486
      vertex 3.93923 -4 -15.6946
    endloop
  endfacet
  facet normal 0 -1 0
    outer loop
      vertex 3.98478 -4 -15.3486
      vertex 8.96575 -4 -15.7844
      vertex 9 -4 -15
    endloop
  endfacet
  facet normal 0 -1 0
    outer loop
      vertex 8.86327 -4 -16.5628
      vertex 3.93923 -4 -15.6946
      vertex 3.8637 -4 -16.0353
    endloop
  endfacet
  facet normal 0 -1 0
    outer loop
      vertex 8.69333 -4 -17.3294
      vertex 3.8637 -4 -16.0353
      vertex 3.75877 -4 -16.3681
    endloop
  endfacet
  facet normal 0 -1 0
    outer loop
      vertex 3.93923 -4 -15.6946
      vertex 8.86327 -4 -16.5628
      vertex 8.96575 -4 -15.7844
    endloop
  endfacet
  facet normal 0 -1 0
    outer loop
      vertex 8.45723 -4 -18.0782
      vertex 3.75877 -4 -16.3681
      vertex 3.62523 -4 -16.6905
    endloop
  endfacet
  facet normal 0 -1 0
    outer loop
      vertex 8.05451 -4 -19
      vertex 3.62523 -4 -16.6905
      vertex 3.4641 -4 -17
    endloop
  endfacet
  facet normal 0 -1 0
    outer loop
      vertex 8.05451 -4 -19
      vertex 3.4641 -4 -17
      vertex 3.27661 -4 -17.2943
    endloop
  endfacet
  facet normal 0 -1 0
    outer loop
      vertex 3.8637 -4 -16.0353
      vertex 8.69333 -4 -17.3294
      vertex 8.86327 -4 -16.5628
    endloop
  endfacet
  facet normal 0 -1 0
    outer loop
      vertex 8.05451 -4 -19
      vertex 3.27661 -4 -17.2943
      vertex 3.06418 -4 -17.5711
    endloop
  endfacet
  facet normal 0 -1 0
    outer loop
      vertex 8.05451 -4 -19
      vertex 3.06418 -4 -17.5711
      vertex 2.82843 -4 -17.8284
    endloop
  endfacet
  facet normal 0 -1 0
    outer loop
      vertex 8.05451 -4 -19
      vertex 2.82843 -4 -17.8284
      vertex 2.57115 -4 -18.0642
    endloop
  endfacet
  facet normal 0 -1 0
    outer loop
      vertex 3.75877 -4 -16.3681
      vertex 8.45723 -4 -18.0782
      vertex 8.69333 -4 -17.3294
    endloop
  endfacet
  facet normal 0 -1 0
    outer loop
      vertex 8.05451 -4 -19
      vertex 2.57115 -4 -18.0642
      vertex 2.2943 -4 -18.2766
    endloop
  endfacet
  facet normal 0 -1 0
    outer loop
      vertex 8.05451 -4 -19
      vertex 2.2943 -4 -18.2766
      vertex 2 -4 -18.4641
    endloop
  endfacet
  facet normal 0 -1 0
    outer loop
      vertex 8.05451 -4 -19
      vertex 2 -4 -18.4641
      vertex 1.69047 -4 -18.6252
    endloop
  endfacet
  facet normal 0 -1 0
    outer loop
      vertex 8.05451 -4 -19
      vertex 1.69047 -4 -18.6252
      vertex 1.36808 -4 -18.7588
    endloop
  endfacet
  facet normal 0 -1 0
    outer loop
      vertex 3.62523 -4 -16.6905
      vertex 8.15677 -4 -18.8036
      vertex 8.45723 -4 -18.0782
    endloop
  endfacet
  facet normal 0 -1 0
    outer loop
      vertex 8.05451 -4 -19
      vertex 1.36808 -4 -18.7588
      vertex 1.03528 -4 -18.8637
    endloop
  endfacet
  facet normal 0 -1 0
    outer loop
      vertex 8.05451 -4 -19
      vertex 1.03528 -4 -18.8637
      vertex 0.694592 -4 -18.9392
    endloop
  endfacet
  facet normal 0 -1 0
    outer loop
      vertex 8.05451 -4 -19
      vertex 0.694592 -4 -18.9392
      vertex 0.348622 -4 -18.9848
    endloop
  endfacet
  facet normal 0 -1 0
    outer loop
      vertex 8.05451 -4 -19
      vertex 0.348622 -4 -18.9848
      vertex 0 -4 -19
    endloop
  endfacet
  facet normal 0 -1 0
    outer loop
      vertex 3.62523 -4 -16.6905
      vertex 8.05451 -4 -19
      vertex 8.15677 -4 -18.8036
    endloop
  endfacet
  facet normal 0.976299 0 -0.216426
    outer loop
      vertex 8.86327 -4 -16.5628
      vertex 8.69333 4 -17.3294
      vertex 8.86327 4 -16.5628
    endloop
  endfacet
  facet normal 0.976299 0 -0.216426
    outer loop
      vertex 8.69333 4 -17.3294
      vertex 8.86327 -4 -16.5628
      vertex 8.69333 -4 -17.3294
    endloop
  endfacet
  facet normal -0.923884 0 0.382672
    outer loop
      vertex -8.45723 -4 -11.9218
      vertex -8.15677 4 -11.1964
      vertex -8.45723 4 -11.9218
    endloop
  endfacet
  facet normal -0.923884 0 0.382672
    outer loop
      vertex -8.15677 4 -11.1964
      vertex -8.45723 -4 -11.9218
      vertex -8.15677 -4 -11.1964
    endloop
  endfacet
  facet normal 0 1 -0
    outer loop
      vertex 9 4 -29
      vertex 8.05451 4 -19
      vertex 9 4 -19
    endloop
  endfacet
  facet normal 0 1 0
    outer loop
      vertex 8.05451 4 -19
      vertex 9 4 -29
      vertex 0 4 -19
    endloop
  endfacet
  facet normal 0 1 0
    outer loop
      vertex -9 4 -29
      vertex 0 4 -19
      vertex 9 4 -29
    endloop
  endfacet
  facet normal 0 1 0
    outer loop
      vertex 0 4 -19
      vertex -9 4 -29
      vertex -8.05451 4 -19
    endloop
  endfacet
  facet normal 0 1 0
    outer loop
      vertex -8.05451 4 -19
      vertex -9 4 -29
      vertex -9 4 -19
    endloop
  endfacet
  facet normal 0 1 0
    outer loop
      vertex 0 4 -11
      vertex 0 4 -6
      vertex 0.784401 4 -6.03425
    endloop
  endfacet
  facet normal 0 1 0
    outer loop
      vertex 0.348622 4 -11.0152
      vertex 0.784401 4 -6.03425
      vertex 1.56283 4 -6.13673
    endloop
  endfacet
  facet normal 0 1 0
    outer loop
      vertex 0 4 -6
      vertex 0 4 -11
      vertex -0.784401 4 -6.03425
    endloop
  endfacet
  facet normal 0 1 0
    outer loop
      vertex 0.694592 4 -11.0608
      vertex 1.56283 4 -6.13673
      vertex 2.32937 4 -6.30667
    endloop
  endfacet
  facet normal 0 1 -0
    outer loop
      vertex -0.348622 4 -11.0152
      vertex -0.784401 4 -6.03425
      vertex 0 4 -11
    endloop
  endfacet
  facet normal 0 1 0
    outer loop
      vertex 1.03528 4 -11.1363
      vertex 2.32937 4 -6.30667
      vertex 3.07818 4 -6.54277
    endloop
  endfacet
  facet normal 0 1 0
    outer loop
      vertex -0.784401 4 -6.03425
      vertex -0.348622 4 -11.0152
      vertex -1.56283 4 -6.13673
    endloop
  endfacet
  facet normal 0 1 0
    outer loop
      vertex 1.36808 4 -11.2412
      vertex 3.07818 4 -6.54277
      vertex 3.80356 4 -6.84323
    endloop
  endfacet
  facet normal 0 1 -0
    outer loop
      vertex -0.694592 4 -11.0608
      vertex -1.56283 4 -6.13673
      vertex -0.348622 4 -11.0152
    endloop
  endfacet
  facet normal 0 1 0
    outer loop
      vertex 1.69047 4 -11.3748
      vertex 3.80356 4 -6.84323
      vertex 4.5 4 -7.20577
    endloop
  endfacet
  facet normal 0 1 0
    outer loop
      vertex -1.56283 4 -6.13673
      vertex -0.694592 4 -11.0608
      vertex -2.32937 4 -6.30667
    endloop
  endfacet
  facet normal 0 1 0
    outer loop
      vertex 2 4 -11.5359
      vertex 4.5 4 -7.20577
      vertex 5.16219 4 -7.62763
    endloop
  endfacet
  facet normal 0 1 -0
    outer loop
      vertex -1.03528 4 -11.1363
      vertex -2.32937 4 -6.30667
      vertex -0.694592 4 -11.0608
    endloop
  endfacet
  facet normal 0 1 0
    outer loop
      vertex 2.2943 4 -11.7234
      vertex 5.16219 4 -7.62763
      vertex 5.78509 4 -8.1056
    endloop
  endfacet
  facet normal 0 1 0
    outer loop
      vertex -2.32937 4 -6.30667
      vertex -1.03528 4 -11.1363
      vertex -3.07818 4 -6.54277
    endloop
  endfacet
  facet normal 0 1 0
    outer loop
      vertex 2.57115 4 -11.9358
      vertex 5.78509 4 -8.1056
      vertex 6.36396 4 -8.63604
    endloop
  endfacet
  facet normal 0 1 -0
    outer loop
      vertex -1.36808 4 -11.2412
      vertex -3.07818 4 -6.54277
      vertex -1.03528 4 -11.1363
    endloop
  endfacet
  facet normal 0 1 0
    outer loop
      vertex 2.82843 4 -12.1716
      vertex 6.36396 4 -8.63604
      vertex 6.8944 4 -9.21491
    endloop
  endfacet
  facet normal 0 1 0
    outer loop
      vertex -3.07818 4 -6.54277
      vertex -1.36808 4 -11.2412
      vertex -3.80356 4 -6.84323
    endloop
  endfacet
  facet normal 0 1 0
    outer loop
      vertex 3.06418 4 -12.4289
      vertex 6.8944 4 -9.21491
      vertex 7.37237 4 -9.83781
    endloop
  endfacet
  facet normal 0 1 -0
    outer loop
      vertex -1.69047 4 -11.3748
      vertex -3.80356 4 -6.84323
      vertex -1.36808 4 -11.2412
    endloop
  endfacet
  facet normal 0 1 0
    outer loop
      vertex 3.27661 4 -12.7057
      vertex 7.37237 4 -9.83781
      vertex 7.79423 4 -10.5
    endloop
  endfacet
  facet normal 0 1 0
    outer loop
      vertex -3.80356 4 -6.84323
      vertex -1.69047 4 -11.3748
      vertex -4.5 4 -7.20577
    endloop
  endfacet
  facet normal 0 1 -0
    outer loop
      vertex -2 4 -11.5359
      vertex -4.5 4 -7.20577
      vertex -1.69047 4 -11.3748
    endloop
  endfacet
  facet normal 0 1 0
    outer loop
      vertex 0.784401 4 -6.03425
      vertex 0.348622 4 -11.0152
      vertex 0 4 -11
    endloop
  endfacet
  facet normal 0 1 0
    outer loop
      vertex 1.56283 4 -6.13673
      vertex 0.694592 4 -11.0608
      vertex 0.348622 4 -11.0152
    endloop
  endfacet
  facet normal 0 1 0
    outer loop
      vertex 2.32937 4 -6.30667
      vertex 1.03528 4 -11.1363
      vertex 0.694592 4 -11.0608
    endloop
  endfacet
  facet normal 0 1 0
    outer loop
      vertex 3.4641 4 -13
      vertex 7.79423 4 -10.5
      vertex 8.15677 4 -11.1964
    endloop
  endfacet
  facet normal 0 1 0
    outer loop
      vertex 3.07818 4 -6.54277
      vertex 1.36808 4 -11.2412
      vertex 1.03528 4 -11.1363
    endloop
  endfacet
  facet normal 0 1 0
    outer loop
      vertex 3.80356 4 -6.84323
      vertex 1.69047 4 -11.3748
      vertex 1.36808 4 -11.2412
    endloop
  endfacet
  facet normal 0 1 0
    outer loop
      vertex 4.5 4 -7.20577
      vertex 2 4 -11.5359
      vertex 1.69047 4 -11.3748
    endloop
  endfacet
  facet normal 0 1 0
    outer loop
      vertex 5.16219 4 -7.62763
      vertex 2.2943 4 -11.7234
      vertex 2 4 -11.5359
    endloop
  endfacet
  facet normal 0 1 0
    outer loop
      vertex 3.62523 4 -13.3095
      vertex 8.15677 4 -11.1964
      vertex 8.45723 4 -11.9218
    endloop
  endfacet
  facet normal 0 1 0
    outer loop
      vertex 5.78509 4 -8.1056
      vertex 2.57115 4 -11.9358
      vertex 2.2943 4 -11.7234
    endloop
  endfacet
  facet normal 0 1 0
    outer loop
      vertex 6.36396 4 -8.63604
      vertex 2.82843 4 -12.1716
      vertex 2.57115 4 -11.9358
    endloop
  endfacet
  facet normal 0 1 0
    outer loop
      vertex 6.8944 4 -9.21491
      vertex 3.06418 4 -12.4289
      vertex 2.82843 4 -12.1716
    endloop
  endfacet
  facet normal 0 1 0
    outer loop
      vertex 3.75877 4 -13.6319
      vertex 8.45723 4 -11.9218
      vertex 8.69333 4 -12.6706
    endloop
  endfacet
  facet normal 0 1 0
    outer loop
      vertex 7.37237 4 -9.83781
      vertex 3.27661 4 -12.7057
      vertex 3.06418 4 -12.4289
    endloop
  endfacet
  facet normal 0 1 0
    outer loop
      vertex 7.79423 4 -10.5
      vertex 3.4641 4 -13
      vertex 3.27661 4 -12.7057
    endloop
  endfacet
  facet normal 0 1 0
    outer loop
      vertex 8.15677 4 -11.1964
      vertex 3.62523 4 -13.3095
      vertex 3.4641 4 -13
    endloop
  endfacet
  facet normal 0 1 0
    outer loop
      vertex 3.8637 4 -13.9647
      vertex 8.69333 4 -12.6706
      vertex 8.86327 4 -13.4372
    endloop
  endfacet
  facet normal 0 1 0
    outer loop
      vertex 8.45723 4 -11.9218
      vertex 3.75877 4 -13.6319
      vertex 3.62523 4 -13.3095
    endloop
  endfacet
  facet normal 0 1 0
    outer loop
      vertex 8.69333 4 -12.6706
      vertex 3.8637 4 -13.9647
      vertex 3.75877 4 -13.6319
    endloop
  endfacet
  facet normal 0 1 0
    outer loop
      vertex 3.93923 4 -14.3054
      vertex 8.86327 4 -13.4372
      vertex 8.96575 4 -14.2156
    endloop
  endfacet
  facet normal 0 1 0
    outer loop
      vertex 8.86327 4 -13.4372
      vertex 3.93923 4 -14.3054
      vertex 3.8637 4 -13.9647
    endloop
  endfacet
  facet normal 0 1 0
    outer loop
      vertex 8.96575 4 -14.2156
      vertex 3.98478 4 -14.6514
      vertex 3.93923 4 -14.3054
    endloop
  endfacet
  facet normal 0 1 0
    outer loop
      vertex 9 4 -15
      vertex 3.98478 4 -14.6514
      vertex 8.96575 4 -14.2156
    endloop
  endfacet
  facet normal 0 1 0
    outer loop
      vertex 9 4 -15
      vertex 4 4 -15
      vertex 3.98478 4 -14.6514
    endloop
  endfacet
  facet normal 0 1 0
    outer loop
      vertex 9 4 -15
      vertex 3.98478 4 -15.3486
      vertex 4 4 -15
    endloop
  endfacet
  facet normal 0 1 -0
    outer loop
      vertex 8.96575 4 -15.7844
      vertex 3.98478 4 -15.3486
      vertex 9 4 -15
    endloop
  endfacet
  facet normal 0 1 0
    outer loop
      vertex 3.98478 4 -15.3486
      vertex 8.96575 4 -15.7844
      vertex 3.93923 4 -15.6946
    endloop
  endfacet
  facet normal 0 1 -0
    outer loop
      vertex 8.86327 4 -16.5628
      vertex 3.93923 4 -15.6946
      vertex 8.96575 4 -15.7844
    endloop
  endfacet
  facet normal 0 1 0
    outer loop
      vertex 3.93923 4 -15.6946
      vertex 8.86327 4 -16.5628
      vertex 3.8637 4 -16.0353
    endloop
  endfacet
  facet normal 0 1 -0
    outer loop
      vertex 8.69333 4 -17.3294
      vertex 3.8637 4 -16.0353
      vertex 8.86327 4 -16.5628
    endloop
  endfacet
  facet normal 0 1 0
    outer loop
      vertex 3.8637 4 -16.0353
      vertex 8.69333 4 -17.3294
      vertex 3.75877 4 -16.3681
    endloop
  endfacet
  facet normal 0 1 -0
    outer loop
      vertex 8.45723 4 -18.0782
      vertex 3.75877 4 -16.3681
      vertex 8.69333 4 -17.3294
    endloop
  endfacet
  facet normal 0 1 0
    outer loop
      vertex 3.75877 4 -16.3681
      vertex 8.45723 4 -18.0782
      vertex 3.62523 4 -16.6905
    endloop
  endfacet
  facet normal 0 1 -0
    outer loop
      vertex 8.15677 4 -18.8036
      vertex 3.62523 4 -16.6905
      vertex 8.45723 4 -18.0782
    endloop
  endfacet
  facet normal 0 1 -0
    outer loop
      vertex 8.05451 4 -19
      vertex 3.62523 4 -16.6905
      vertex 8.15677 4 -18.8036
    endloop
  endfacet
  facet normal 0 1 0
    outer loop
      vertex 3.62523 4 -16.6905
      vertex 8.05451 4 -19
      vertex 3.4641 4 -17
    endloop
  endfacet
  facet normal 0 1 0
    outer loop
      vertex 3.4641 4 -17
      vertex 8.05451 4 -19
      vertex 3.27661 4 -17.2943
    endloop
  endfacet
  facet normal 0 1 0
    outer loop
      vertex 3.27661 4 -17.2943
      vertex 8.05451 4 -19
      vertex 3.06418 4 -17.5711
    endloop
  endfacet
  facet normal 0 1 0
    outer loop
      vertex 3.06418 4 -17.5711
      vertex 8.05451 4 -19
      vertex 2.82843 4 -17.8284
    endloop
  endfacet
  facet normal 0 1 0
    outer loop
      vertex 2.82843 4 -17.8284
      vertex 8.05451 4 -19
      vertex 2.57115 4 -18.0642
    endloop
  endfacet
  facet normal 0 1 0
    outer loop
      vertex 2.57115 4 -18.0642
      vertex 8.05451 4 -19
      vertex 2.2943 4 -18.2766
    endloop
  endfacet
  facet normal 0 1 0
    outer loop
      vertex 2.2943 4 -18.2766
      vertex 8.05451 4 -19
      vertex 2 4 -18.4641
    endloop
  endfacet
  facet normal 0 1 0
    outer loop
      vertex 2 4 -18.4641
      vertex 8.05451 4 -19
      vertex 1.69047 4 -18.6252
    endloop
  endfacet
  facet normal 0 1 0
    outer loop
      vertex 1.69047 4 -18.6252
      vertex 8.05451 4 -19
      vertex 1.36808 4 -18.7588
    endloop
  endfacet
  facet normal 0 1 0
    outer loop
      vertex 1.36808 4 -18.7588
      vertex 8.05451 4 -19
      vertex 1.03528 4 -18.8637
    endloop
  endfacet
  facet normal 0 1 0
    outer loop
      vertex 1.03528 4 -18.8637
      vertex 8.05451 4 -19
      vertex 0.694592 4 -18.9392
    endloop
  endfacet
  facet normal 0 1 0
    outer loop
      vertex 0.694592 4 -18.9392
      vertex 8.05451 4 -19
      vertex 0.348622 4 -18.9848
    endloop
  endfacet
  facet normal 0 1 0
    outer loop
      vertex 0.348622 4 -18.9848
      vertex 8.05451 4 -19
      vertex 0 4 -19
    endloop
  endfacet
  facet normal 0 1 0
    outer loop
      vertex -4.5 4 -7.20577
      vertex -2 4 -11.5359
      vertex -5.16219 4 -7.62763
    endloop
  endfacet
  facet normal 0 1 -0
    outer loop
      vertex -2.2943 4 -11.7234
      vertex -5.16219 4 -7.62763
      vertex -2 4 -11.5359
    endloop
  endfacet
  facet normal 0 1 0
    outer loop
      vertex -5.16219 4 -7.62763
      vertex -2.2943 4 -11.7234
      vertex -5.78509 4 -8.1056
    endloop
  endfacet
  facet normal 0 1 -0
    outer loop
      vertex -2.57115 4 -11.9358
      vertex -5.78509 4 -8.1056
      vertex -2.2943 4 -11.7234
    endloop
  endfacet
  facet normal 0 1 0
    outer loop
      vertex -5.78509 4 -8.1056
      vertex -2.57115 4 -11.9358
      vertex -6.36396 4 -8.63604
    endloop
  endfacet
  facet normal 0 1 -0
    outer loop
      vertex -2.82843 4 -12.1716
      vertex -6.36396 4 -8.63604
      vertex -2.57115 4 -11.9358
    endloop
  endfacet
  facet normal 0 1 0
    outer loop
      vertex -6.36396 4 -8.63604
      vertex -2.82843 4 -12.1716
      vertex -6.8944 4 -9.21491
    endloop
  endfacet
  facet normal 0 1 -0
    outer loop
      vertex -3.06418 4 -12.4289
      vertex -6.8944 4 -9.21491
      vertex -2.82843 4 -12.1716
    endloop
  endfacet
  facet normal 0 1 0
    outer loop
      vertex -6.8944 4 -9.21491
      vertex -3.06418 4 -12.4289
      vertex -7.37237 4 -9.83781
    endloop
  endfacet
  facet normal 0 1 -0
    outer loop
      vertex -3.27661 4 -12.7057
      vertex -7.37237 4 -9.83781
      vertex -3.06418 4 -12.4289
    endloop
  endfacet
  facet normal 0 1 0
    outer loop
      vertex -7.37237 4 -9.83781
      vertex -3.27661 4 -12.7057
      vertex -7.79423 4 -10.5
    endloop
  endfacet
  facet normal 0 1 -0
    outer loop
      vertex -3.4641 4 -13
      vertex -7.79423 4 -10.5
      vertex -3.27661 4 -12.7057
    endloop
  endfacet
  facet normal 0 1 0
    outer loop
      vertex -7.79423 4 -10.5
      vertex -3.4641 4 -13
      vertex -8.15677 4 -11.1964
    endloop
  endfacet
  facet normal 0 1 -0
    outer loop
      vertex -3.62523 4 -13.3095
      vertex -8.15677 4 -11.1964
      vertex -3.4641 4 -13
    endloop
  endfacet
  facet normal 0 1 0
    outer loop
      vertex -8.15677 4 -11.1964
      vertex -3.62523 4 -13.3095
      vertex -8.45723 4 -11.9218
    endloop
  endfacet
  facet normal 0 1 -0
    outer loop
      vertex -3.75877 4 -13.6319
      vertex -8.45723 4 -11.9218
      vertex -3.62523 4 -13.3095
    endloop
  endfacet
  facet normal 0 1 0
    outer loop
      vertex -8.45723 4 -11.9218
      vertex -3.75877 4 -13.6319
      vertex -8.69333 4 -12.6706
    endloop
  endfacet
  facet normal 0 1 -0
    outer loop
      vertex -3.8637 4 -13.9647
      vertex -8.69333 4 -12.6706
      vertex -3.75877 4 -13.6319
    endloop
  endfacet
  facet normal 0 1 0
    outer loop
      vertex -8.69333 4 -12.6706
      vertex -3.8637 4 -13.9647
      vertex -8.86327 4 -13.4372
    endloop
  endfacet
  facet normal 0 1 -0
    outer loop
      vertex -3.93923 4 -14.3054
      vertex -8.86327 4 -13.4372
      vertex -3.8637 4 -13.9647
    endloop
  endfacet
  facet normal 0 1 0
    outer loop
      vertex -8.86327 4 -13.4372
      vertex -3.93923 4 -14.3054
      vertex -8.96575 4 -14.2156
    endloop
  endfacet
  facet normal 0 1 -0
    outer loop
      vertex -3.98478 4 -14.6514
      vertex -8.96575 4 -14.2156
      vertex -3.93923 4 -14.3054
    endloop
  endfacet
  facet normal 0 1 -0
    outer loop
      vertex -4 4 -15
      vertex -8.96575 4 -14.2156
      vertex -3.98478 4 -14.6514
    endloop
  endfacet
  facet normal 0 1 0
    outer loop
      vertex -4 4 -15
      vertex -9 4 -15
      vertex -8.96575 4 -14.2156
    endloop
  endfacet
  facet normal 0 1 0
    outer loop
      vertex -3.98478 4 -15.3486
      vertex -9 4 -15
      vertex -4 4 -15
    endloop
  endfacet
  facet normal 0 1 0
    outer loop
      vertex -8.96575 4 -15.7844
      vertex -3.98478 4 -15.3486
      vertex -3.93923 4 -15.6946
    endloop
  endfacet
  facet normal 0 1 0
    outer loop
      vertex -3.98478 4 -15.3486
      vertex -8.96575 4 -15.7844
      vertex -9 4 -15
    endloop
  endfacet
  facet normal 0 1 0
    outer loop
      vertex -8.86327 4 -16.5628
      vertex -3.93923 4 -15.6946
      vertex -3.8637 4 -16.0353
    endloop
  endfacet
  facet normal 0 1 0
    outer loop
      vertex -8.69333 4 -17.3294
      vertex -3.8637 4 -16.0353
      vertex -3.75877 4 -16.3681
    endloop
  endfacet
  facet normal 0 1 0
    outer loop
      vertex -3.93923 4 -15.6946
      vertex -8.86327 4 -16.5628
      vertex -8.96575 4 -15.7844
    endloop
  endfacet
  facet normal 0 1 0
    outer loop
      vertex -8.45723 4 -18.0782
      vertex -3.75877 4 -16.3681
      vertex -3.62523 4 -16.6905
    endloop
  endfacet
  facet normal 0 1 0
    outer loop
      vertex -8.05451 4 -19
      vertex -3.62523 4 -16.6905
      vertex -3.4641 4 -17
    endloop
  endfacet
  facet normal 0 1 0
    outer loop
      vertex -8.05451 4 -19
      vertex -3.4641 4 -17
      vertex -3.27661 4 -17.2943
    endloop
  endfacet
  facet normal 0 1 0
    outer loop
      vertex -3.8637 4 -16.0353
      vertex -8.69333 4 -17.3294
      vertex -8.86327 4 -16.5628
    endloop
  endfacet
  facet normal 0 1 0
    outer loop
      vertex -8.05451 4 -19
      vertex -3.27661 4 -17.2943
      vertex -3.06418 4 -17.5711
    endloop
  endfacet
  facet normal 0 1 0
    outer loop
      vertex -8.05451 4 -19
      vertex -3.06418 4 -17.5711
      vertex -2.82843 4 -17.8284
    endloop
  endfacet
  facet normal 0 1 0
    outer loop
      vertex -8.05451 4 -19
      vertex -2.82843 4 -17.8284
      vertex -2.57115 4 -18.0642
    endloop
  endfacet
  facet normal 0 1 0
    outer loop
      vertex -3.75877 4 -16.3681
      vertex -8.45723 4 -18.0782
      vertex -8.69333 4 -17.3294
    endloop
  endfacet
  facet normal 0 1 0
    outer loop
      vertex -8.05451 4 -19
      vertex -2.57115 4 -18.0642
      vertex -2.2943 4 -18.2766
    endloop
  endfacet
  facet normal 0 1 0
    outer loop
      vertex -8.05451 4 -19
      vertex -2.2943 4 -18.2766
      vertex -2 4 -18.4641
    endloop
  endfacet
  facet normal 0 1 0
    outer loop
      vertex -8.05451 4 -19
      vertex -2 4 -18.4641
      vertex -1.69047 4 -18.6252
    endloop
  endfacet
  facet normal 0 1 0
    outer loop
      vertex -8.05451 4 -19
      vertex -1.69047 4 -18.6252
      vertex -1.36808 4 -18.7588
    endloop
  endfacet
  facet normal 0 1 0
    outer loop
      vertex -3.62523 4 -16.6905
      vertex -8.15677 4 -18.8036
      vertex -8.45723 4 -18.0782
    endloop
  endfacet
  facet normal 0 1 0
    outer loop
      vertex -8.05451 4 -19
      vertex -1.36808 4 -18.7588
      vertex -1.03528 4 -18.8637
    endloop
  endfacet
  facet normal 0 1 0
    outer loop
      vertex -8.05451 4 -19
      vertex -1.03528 4 -18.8637
      vertex -0.694592 4 -18.9392
    endloop
  endfacet
  facet normal 0 1 0
    outer loop
      vertex -8.05451 4 -19
      vertex -0.694592 4 -18.9392
      vertex -0.348622 4 -18.9848
    endloop
  endfacet
  facet normal 0 1 0
    outer loop
      vertex -8.05451 4 -19
      vertex -0.348622 4 -18.9848
      vertex 0 4 -19
    endloop
  endfacet
  facet normal 0 1 0
    outer loop
      vertex -3.62523 4 -16.6905
      vertex -8.05451 4 -19
      vertex -8.15677 4 -18.8036
    endloop
  endfacet
  facet normal -0.793352 0 0.608763
    outer loop
      vertex -7.37237 -4 -9.83781
      vertex -6.8944 4 -9.21491
      vertex -7.37237 4 -9.83781
    endloop
  endfacet
  facet normal -0.793352 0 0.608763
    outer loop
      vertex -6.8944 4 -9.21491
      vertex -7.37237 -4 -9.83781
      vertex -6.8944 -4 -9.21491
    endloop
  endfacet
  facet normal 1 -0 0
    outer loop
      vertex 9 -4 -19
      vertex 9 4 -29
      vertex 9 4 -19
    endloop
  endfacet
  facet normal 1 0 0
    outer loop
      vertex 9 4 -29
      vertex 9 -4 -19
      vertex 9 -4 -29
    endloop
  endfacet
  facet normal -0 0 1
    outer loop
      vertex -9 4 -19
      vertex -8.05451 -4 -19
      vertex -8.05451 4 -19
    endloop
  endfacet
  facet normal 0 0 1
    outer loop
      vertex -8.05451 -4 -19
      vertex -9 4 -19
      vertex -9 -4 -19
    endloop
  endfacet
  facet normal -0 0 1
    outer loop
      vertex 8.05451 4 -19
      vertex 9 -4 -19
      vertex 9 4 -19
    endloop
  endfacet
  facet normal 0 0 1
    outer loop
      vertex 9 -4 -19
      vertex 8.05451 4 -19
      vertex 8.05451 -4 -19
    endloop
  endfacet
  facet normal 0 0 -1
    outer loop
      vertex -9 -4 -29
      vertex 9 4 -29
      vertex 9 -4 -29
    endloop
  endfacet
  facet normal -0 0 -1
    outer loop
      vertex 9 4 -29
      vertex -9 -4 -29
      vertex -9 4 -29
    endloop
  endfacet
  facet normal -1 0 0
    outer loop
      vertex -9 -4 -29
      vertex -9 4 -19
      vertex -9 4 -29
    endloop
  endfacet
  facet normal -1 -0 0
    outer loop
      vertex -9 4 -19
      vertex -9 -4 -29
      vertex -9 -4 -19
    endloop
  endfacet
  facet normal -0.991446 0 -0.130521
    outer loop
      vertex 3.98478 -4 -14.6514
      vertex 3.93923 4 -14.3054
      vertex 3.98478 4 -14.6514
    endloop
  endfacet
  facet normal -0.991446 -0 -0.130521
    outer loop
      vertex 3.93923 4 -14.3054
      vertex 3.98478 -4 -14.6514
      vertex 3.93923 -4 -14.3054
    endloop
  endfacet
  facet normal -0.999048 0 -0.0436188
    outer loop
      vertex 4 -4 -15
      vertex 3.98478 4 -14.6514
      vertex 4 4 -15
    endloop
  endfacet
  facet normal -0.999048 -0 -0.0436188
    outer loop
      vertex 3.98478 4 -14.6514
      vertex 4 -4 -15
      vertex 3.98478 -4 -14.6514
    endloop
  endfacet
  facet normal -0.976297 0 -0.216436
    outer loop
      vertex 3.93923 -4 -14.3054
      vertex 3.8637 4 -13.9647
      vertex 3.93923 4 -14.3054
    endloop
  endfacet
  facet normal -0.976297 -0 -0.216436
    outer loop
      vertex 3.8637 4 -13.9647
      vertex 3.93923 -4 -14.3054
      vertex 3.8637 -4 -13.9647
    endloop
  endfacet
  facet normal -0.923882 0 -0.382677
    outer loop
      vertex 3.75877 -4 -13.6319
      vertex 3.62523 4 -13.3095
      vertex 3.75877 4 -13.6319
    endloop
  endfacet
  facet normal -0.923882 -0 -0.382677
    outer loop
      vertex 3.62523 4 -13.3095
      vertex 3.75877 -4 -13.6319
      vertex 3.62523 -4 -13.3095
    endloop
  endfacet
  facet normal 0.843391 0 -0.5373
    outer loop
      vertex -3.27661 -4 -12.7057
      vertex -3.4641 4 -13
      vertex -3.27661 4 -12.7057
    endloop
  endfacet
  facet normal 0.843391 0 -0.5373
    outer loop
      vertex -3.4641 4 -13
      vertex -3.27661 -4 -12.7057
      vertex -3.4641 -4 -13
    endloop
  endfacet
  facet normal -0.461678 0 0.887047
    outer loop
      vertex 1.69047 4 -18.6252
      vertex 2 -4 -18.4641
      vertex 2 4 -18.4641
    endloop
  endfacet
  facet normal -0.461678 0 0.887047
    outer loop
      vertex 2 -4 -18.4641
      vertex 1.69047 4 -18.6252
      vertex 1.69047 -4 -18.6252
    endloop
  endfacet
  facet normal 0.953718 0 -0.300702
    outer loop
      vertex -3.75877 -4 -13.6319
      vertex -3.8637 4 -13.9647
      vertex -3.75877 4 -13.6319
    endloop
  endfacet
  facet normal 0.953718 0 -0.300702
    outer loop
      vertex -3.8637 4 -13.9647
      vertex -3.75877 -4 -13.6319
      vertex -3.8637 -4 -13.9647
    endloop
  endfacet
  facet normal 0.461678 0 0.887047
    outer loop
      vertex -2 4 -18.4641
      vertex -1.69047 -4 -18.6252
      vertex -1.69047 4 -18.6252
    endloop
  endfacet
  facet normal 0.461678 0 0.887047
    outer loop
      vertex -1.69047 -4 -18.6252
      vertex -2 4 -18.4641
      vertex -2 -4 -18.4641
    endloop
  endfacet
  facet normal -0.130673 0 -0.991425
    outer loop
      vertex 0.348622 -4 -11.0152
      vertex 0.694592 4 -11.0608
      vertex 0.694592 -4 -11.0608
    endloop
  endfacet
  facet normal -0.130673 0 -0.991425
    outer loop
      vertex 0.694592 4 -11.0608
      vertex 0.348622 -4 -11.0152
      vertex 0.348622 4 -11.0152
    endloop
  endfacet
  facet normal 0.923882 -0 0.382677
    outer loop
      vertex -3.75877 -4 -16.3681
      vertex -3.62523 4 -16.6905
      vertex -3.75877 4 -16.3681
    endloop
  endfacet
  facet normal 0.923882 0 0.382677
    outer loop
      vertex -3.62523 4 -16.6905
      vertex -3.75877 -4 -16.3681
      vertex -3.62523 -4 -16.6905
    endloop
  endfacet
  facet normal -0.793306 0 0.608823
    outer loop
      vertex 3.06418 -4 -17.5711
      vertex 3.27661 4 -17.2943
      vertex 3.06418 4 -17.5711
    endloop
  endfacet
  facet normal -0.793306 0 0.608823
    outer loop
      vertex 3.27661 4 -17.2943
      vertex 3.06418 -4 -17.5711
      vertex 3.27661 -4 -17.2943
    endloop
  endfacet
  facet normal 0.737309 0 -0.675556
    outer loop
      vertex -2.82843 -4 -12.1716
      vertex -3.06418 4 -12.4289
      vertex -2.82843 4 -12.1716
    endloop
  endfacet
  facet normal 0.737309 0 -0.675556
    outer loop
      vertex -3.06418 4 -12.4289
      vertex -2.82843 -4 -12.1716
      vertex -3.06418 -4 -12.4289
    endloop
  endfacet
  facet normal -0.886994 0 -0.461781
    outer loop
      vertex 3.62523 -4 -13.3095
      vertex 3.4641 4 -13
      vertex 3.62523 4 -13.3095
    endloop
  endfacet
  facet normal -0.886994 -0 -0.461781
    outer loop
      vertex 3.4641 4 -13
      vertex 3.62523 -4 -13.3095
      vertex 3.4641 -4 -13
    endloop
  endfacet
  facet normal 0.843391 -0 0.5373
    outer loop
      vertex -3.4641 -4 -17
      vertex -3.27661 4 -17.2943
      vertex -3.4641 4 -17
    endloop
  endfacet
  facet normal 0.843391 0 0.5373
    outer loop
      vertex -3.27661 4 -17.2943
      vertex -3.4641 -4 -17
      vertex -3.27661 -4 -17.2943
    endloop
  endfacet
  facet normal -0.130673 0 0.991425
    outer loop
      vertex 0.348622 4 -18.9848
      vertex 0.694592 -4 -18.9392
      vertex 0.694592 4 -18.9392
    endloop
  endfacet
  facet normal -0.130673 0 0.991425
    outer loop
      vertex 0.694592 -4 -18.9392
      vertex 0.348622 4 -18.9848
      vertex 0.348622 -4 -18.9848
    endloop
  endfacet
  facet normal -0.976297 0 0.216436
    outer loop
      vertex 3.8637 -4 -16.0353
      vertex 3.93923 4 -15.6946
      vertex 3.8637 4 -16.0353
    endloop
  endfacet
  facet normal -0.976297 0 0.216436
    outer loop
      vertex 3.93923 4 -15.6946
      vertex 3.8637 -4 -16.0353
      vertex 3.93923 -4 -15.6946
    endloop
  endfacet
  facet normal -0.843391 0 0.5373
    outer loop
      vertex 3.27661 -4 -17.2943
      vertex 3.4641 4 -17
      vertex 3.27661 4 -17.2943
    endloop
  endfacet
  facet normal -0.843391 0 0.5373
    outer loop
      vertex 3.4641 4 -17
      vertex 3.27661 -4 -17.2943
      vertex 3.4641 -4 -17
    endloop
  endfacet
  facet normal -0.953718 0 -0.300702
    outer loop
      vertex 3.8637 -4 -13.9647
      vertex 3.75877 4 -13.6319
      vertex 3.8637 4 -13.9647
    endloop
  endfacet
  facet normal -0.953718 -0 -0.300702
    outer loop
      vertex 3.75877 4 -13.6319
      vertex 3.8637 -4 -13.9647
      vertex 3.75877 -4 -13.6319
    endloop
  endfacet
  facet normal 0.382834 0 0.923817
    outer loop
      vertex -1.69047 4 -18.6252
      vertex -1.36808 -4 -18.7588
      vertex -1.36808 4 -18.7588
    endloop
  endfacet
  facet normal 0.382834 0 0.923817
    outer loop
      vertex -1.36808 -4 -18.7588
      vertex -1.69047 4 -18.6252
      vertex -1.69047 -4 -18.6252
    endloop
  endfacet
  facet normal -0.737309 0 -0.675556
    outer loop
      vertex 3.06418 -4 -12.4289
      vertex 2.82843 4 -12.1716
      vertex 3.06418 4 -12.4289
    endloop
  endfacet
  facet normal -0.737309 -0 -0.675556
    outer loop
      vertex 2.82843 4 -12.1716
      vertex 3.06418 -4 -12.4289
      vertex 2.82843 -4 -12.1716
    endloop
  endfacet
  facet normal -0.53732 0 -0.843378
    outer loop
      vertex 2 -4 -11.5359
      vertex 2.2943 4 -11.7234
      vertex 2.2943 -4 -11.7234
    endloop
  endfacet
  facet normal -0.53732 0 -0.843378
    outer loop
      vertex 2.2943 4 -11.7234
      vertex 2 -4 -11.5359
      vertex 2 4 -11.5359
    endloop
  endfacet
  facet normal 0.216361 0 -0.976313
    outer loop
      vertex -1.03528 -4 -11.1363
      vertex -0.694592 4 -11.0608
      vertex -0.694592 -4 -11.0608
    endloop
  endfacet
  facet normal 0.216361 0 -0.976313
    outer loop
      vertex -0.694592 4 -11.0608
      vertex -1.03528 -4 -11.1363
      vertex -1.03528 4 -11.1363
    endloop
  endfacet
  facet normal -0.953718 0 0.300702
    outer loop
      vertex 3.75877 -4 -16.3681
      vertex 3.8637 4 -16.0353
      vertex 3.75877 4 -16.3681
    endloop
  endfacet
  facet normal -0.953718 0 0.300702
    outer loop
      vertex 3.8637 4 -16.0353
      vertex 3.75877 -4 -16.3681
      vertex 3.8637 -4 -16.0353
    endloop
  endfacet
  facet normal 0.608699 0 0.793401
    outer loop
      vertex -2.57115 4 -18.0642
      vertex -2.2943 -4 -18.2766
      vertex -2.2943 4 -18.2766
    endloop
  endfacet
  facet normal 0.608699 0 0.793401
    outer loop
      vertex -2.2943 -4 -18.2766
      vertex -2.57115 4 -18.0642
      vertex -2.57115 -4 -18.0642
    endloop
  endfacet
  facet normal -0.923882 0 0.382677
    outer loop
      vertex 3.62523 -4 -16.6905
      vertex 3.75877 4 -16.3681
      vertex 3.62523 4 -16.6905
    endloop
  endfacet
  facet normal -0.923882 0 0.382677
    outer loop
      vertex 3.75877 4 -16.3681
      vertex 3.62523 -4 -16.6905
      vertex 3.75877 -4 -16.3681
    endloop
  endfacet
  facet normal -0.382834 0 -0.923817
    outer loop
      vertex 1.36808 -4 -11.2412
      vertex 1.69047 4 -11.3748
      vertex 1.69047 -4 -11.3748
    endloop
  endfacet
  facet normal -0.382834 0 -0.923817
    outer loop
      vertex 1.69047 4 -11.3748
      vertex 1.36808 -4 -11.2412
      vertex 1.36808 4 -11.2412
    endloop
  endfacet
  facet normal 0.608699 0 -0.793401
    outer loop
      vertex -2.57115 -4 -11.9358
      vertex -2.2943 4 -11.7234
      vertex -2.2943 -4 -11.7234
    endloop
  endfacet
  facet normal 0.608699 0 -0.793401
    outer loop
      vertex -2.2943 4 -11.7234
      vertex -2.57115 -4 -11.9358
      vertex -2.57115 4 -11.9358
    endloop
  endfacet
  facet normal -0.216361 0 -0.976313
    outer loop
      vertex 0.694592 -4 -11.0608
      vertex 1.03528 4 -11.1363
      vertex 1.03528 -4 -11.1363
    endloop
  endfacet
  facet normal -0.216361 0 -0.976313
    outer loop
      vertex 1.03528 4 -11.1363
      vertex 0.694592 -4 -11.0608
      vertex 0.694592 4 -11.0608
    endloop
  endfacet
  facet normal -0.461678 0 -0.887047
    outer loop
      vertex 1.69047 -4 -11.3748
      vertex 2 4 -11.5359
      vertex 2 -4 -11.5359
    endloop
  endfacet
  facet normal -0.461678 0 -0.887047
    outer loop
      vertex 2 4 -11.5359
      vertex 1.69047 -4 -11.3748
      vertex 1.69047 4 -11.3748
    endloop
  endfacet
  facet normal 0.991446 0 -0.130521
    outer loop
      vertex -3.93923 -4 -14.3054
      vertex -3.98478 4 -14.6514
      vertex -3.93923 4 -14.3054
    endloop
  endfacet
  facet normal 0.991446 0 -0.130521
    outer loop
      vertex -3.98478 4 -14.6514
      vertex -3.93923 -4 -14.3054
      vertex -3.98478 -4 -14.6514
    endloop
  endfacet
  facet normal 0.999048 -0 0.0436188
    outer loop
      vertex -4 -4 -15
      vertex -3.98478 4 -15.3486
      vertex -4 4 -15
    endloop
  endfacet
  facet normal 0.999048 0 0.0436188
    outer loop
      vertex -3.98478 4 -15.3486
      vertex -4 -4 -15
      vertex -3.98478 -4 -15.3486
    endloop
  endfacet
  facet normal 0.923882 0 -0.382677
    outer loop
      vertex -3.62523 -4 -13.3095
      vertex -3.75877 4 -13.6319
      vertex -3.62523 4 -13.3095
    endloop
  endfacet
  facet normal 0.923882 0 -0.382677
    outer loop
      vertex -3.75877 4 -13.6319
      vertex -3.62523 -4 -13.3095
      vertex -3.75877 -4 -13.6319
    endloop
  endfacet
  facet normal 0.53732 0 0.843378
    outer loop
      vertex -2.2943 4 -18.2766
      vertex -2 -4 -18.4641
      vertex -2 4 -18.4641
    endloop
  endfacet
  facet normal 0.53732 0 0.843378
    outer loop
      vertex -2 -4 -18.4641
      vertex -2.2943 4 -18.2766
      vertex -2.2943 -4 -18.2766
    endloop
  endfacet
  facet normal -0.300624 0 0.953743
    outer loop
      vertex 1.03528 4 -18.8637
      vertex 1.36808 -4 -18.7588
      vertex 1.36808 4 -18.7588
    endloop
  endfacet
  facet normal -0.300624 0 0.953743
    outer loop
      vertex 1.36808 -4 -18.7588
      vertex 1.03528 4 -18.8637
      vertex 1.03528 -4 -18.8637
    endloop
  endfacet
  facet normal 0.976297 0 -0.216436
    outer loop
      vertex -3.8637 -4 -13.9647
      vertex -3.93923 4 -14.3054
      vertex -3.8637 4 -13.9647
    endloop
  endfacet
  facet normal 0.976297 0 -0.216436
    outer loop
      vertex -3.93923 4 -14.3054
      vertex -3.8637 -4 -13.9647
      vertex -3.93923 -4 -14.3054
    endloop
  endfacet
  facet normal -0.793306 0 -0.608823
    outer loop
      vertex 3.27661 -4 -12.7057
      vertex 3.06418 4 -12.4289
      vertex 3.27661 4 -12.7057
    endloop
  endfacet
  facet normal -0.793306 -0 -0.608823
    outer loop
      vertex 3.06418 4 -12.4289
      vertex 3.27661 -4 -12.7057
      vertex 3.06418 -4 -12.4289
    endloop
  endfacet
  facet normal -0.608699 0 -0.793401
    outer loop
      vertex 2.2943 -4 -11.7234
      vertex 2.57115 4 -11.9358
      vertex 2.57115 -4 -11.9358
    endloop
  endfacet
  facet normal -0.608699 0 -0.793401
    outer loop
      vertex 2.57115 4 -11.9358
      vertex 2.2943 -4 -11.7234
      vertex 2.2943 4 -11.7234
    endloop
  endfacet
  facet normal -0.0435588 0 0.999051
    outer loop
      vertex 0 4 -19
      vertex 0.348622 -4 -18.9848
      vertex 0.348622 4 -18.9848
    endloop
  endfacet
  facet normal -0.0435588 0 0.999051
    outer loop
      vertex 0.348622 -4 -18.9848
      vertex 0 4 -19
      vertex 0 -4 -19
    endloop
  endfacet
  facet normal 0.675662 0 0.737211
    outer loop
      vertex -2.82843 4 -17.8284
      vertex -2.57115 -4 -18.0642
      vertex -2.57115 4 -18.0642
    endloop
  endfacet
  facet normal 0.675662 0 0.737211
    outer loop
      vertex -2.57115 -4 -18.0642
      vertex -2.82843 4 -17.8284
      vertex -2.82843 -4 -17.8284
    endloop
  endfacet
  facet normal -0.886994 0 0.461781
    outer loop
      vertex 3.4641 -4 -17
      vertex 3.62523 4 -16.6905
      vertex 3.4641 4 -17
    endloop
  endfacet
  facet normal -0.886994 0 0.461781
    outer loop
      vertex 3.62523 4 -16.6905
      vertex 3.4641 -4 -17
      vertex 3.62523 -4 -16.6905
    endloop
  endfacet
  facet normal 0.130673 0 -0.991425
    outer loop
      vertex -0.694592 -4 -11.0608
      vertex -0.348622 4 -11.0152
      vertex -0.348622 -4 -11.0152
    endloop
  endfacet
  facet normal 0.130673 0 -0.991425
    outer loop
      vertex -0.348622 4 -11.0152
      vertex -0.694592 -4 -11.0608
      vertex -0.694592 4 -11.0608
    endloop
  endfacet
  facet normal 0.53732 0 -0.843378
    outer loop
      vertex -2.2943 -4 -11.7234
      vertex -2 4 -11.5359
      vertex -2 -4 -11.5359
    endloop
  endfacet
  facet normal 0.53732 0 -0.843378
    outer loop
      vertex -2 4 -11.5359
      vertex -2.2943 -4 -11.7234
      vertex -2.2943 4 -11.7234
    endloop
  endfacet
  facet normal 0.976297 -0 0.216436
    outer loop
      vertex -3.93923 -4 -15.6946
      vertex -3.8637 4 -16.0353
      vertex -3.93923 4 -15.6946
    endloop
  endfacet
  facet normal 0.976297 0 0.216436
    outer loop
      vertex -3.8637 4 -16.0353
      vertex -3.93923 -4 -15.6946
      vertex -3.8637 -4 -16.0353
    endloop
  endfacet
  facet normal 0.0435588 0 0.999051
    outer loop
      vertex -0.348622 4 -18.9848
      vertex 0 -4 -19
      vertex 0 4 -19
    endloop
  endfacet
  facet normal 0.0435588 0 0.999051
    outer loop
      vertex 0 -4 -19
      vertex -0.348622 4 -18.9848
      vertex -0.348622 -4 -18.9848
    endloop
  endfacet
  facet normal -0.999048 0 0.0436188
    outer loop
      vertex 3.98478 -4 -15.3486
      vertex 4 4 -15
      vertex 3.98478 4 -15.3486
    endloop
  endfacet
  facet normal -0.999048 0 0.0436188
    outer loop
      vertex 4 4 -15
      vertex 3.98478 -4 -15.3486
      vertex 4 -4 -15
    endloop
  endfacet
  facet normal -0.991446 0 0.130521
    outer loop
      vertex 3.93923 -4 -15.6946
      vertex 3.98478 4 -15.3486
      vertex 3.93923 4 -15.6946
    endloop
  endfacet
  facet normal -0.991446 0 0.130521
    outer loop
      vertex 3.98478 4 -15.3486
      vertex 3.93923 -4 -15.6946
      vertex 3.98478 -4 -15.3486
    endloop
  endfacet
  facet normal 0.675662 0 -0.737211
    outer loop
      vertex -2.82843 -4 -12.1716
      vertex -2.57115 4 -11.9358
      vertex -2.57115 -4 -11.9358
    endloop
  endfacet
  facet normal 0.675662 0 -0.737211
    outer loop
      vertex -2.57115 4 -11.9358
      vertex -2.82843 -4 -12.1716
      vertex -2.82843 4 -12.1716
    endloop
  endfacet
  facet normal -0.53732 0 0.843378
    outer loop
      vertex 2 4 -18.4641
      vertex 2.2943 -4 -18.2766
      vertex 2.2943 4 -18.2766
    endloop
  endfacet
  facet normal -0.53732 0 0.843378
    outer loop
      vertex 2.2943 -4 -18.2766
      vertex 2 4 -18.4641
      vertex 2 -4 -18.4641
    endloop
  endfacet
  facet normal -0.0435588 0 -0.999051
    outer loop
      vertex 0 -4 -11
      vertex 0.348622 4 -11.0152
      vertex 0.348622 -4 -11.0152
    endloop
  endfacet
  facet normal -0.0435588 0 -0.999051
    outer loop
      vertex 0.348622 4 -11.0152
      vertex 0 -4 -11
      vertex 0 4 -11
    endloop
  endfacet
  facet normal 0.382834 0 -0.923817
    outer loop
      vertex -1.69047 -4 -11.3748
      vertex -1.36808 4 -11.2412
      vertex -1.36808 -4 -11.2412
    endloop
  endfacet
  facet normal 0.382834 0 -0.923817
    outer loop
      vertex -1.36808 4 -11.2412
      vertex -1.69047 -4 -11.3748
      vertex -1.69047 4 -11.3748
    endloop
  endfacet
  facet normal 0.0435588 0 -0.999051
    outer loop
      vertex -0.348622 -4 -11.0152
      vertex 0 4 -11
      vertex 0 -4 -11
    endloop
  endfacet
  facet normal 0.0435588 0 -0.999051
    outer loop
      vertex 0 4 -11
      vertex -0.348622 -4 -11.0152
      vertex -0.348622 4 -11.0152
    endloop
  endfacet
  facet normal 0.300624 0 -0.953743
    outer loop
      vertex -1.36808 -4 -11.2412
      vertex -1.03528 4 -11.1363
      vertex -1.03528 -4 -11.1363
    endloop
  endfacet
  facet normal 0.300624 0 -0.953743
    outer loop
      vertex -1.03528 4 -11.1363
      vertex -1.36808 -4 -11.2412
      vertex -1.36808 4 -11.2412
    endloop
  endfacet
  facet normal 0.886994 -0 0.461781
    outer loop
      vertex -3.62523 -4 -16.6905
      vertex -3.4641 4 -17
      vertex -3.62523 4 -16.6905
    endloop
  endfacet
  facet normal 0.886994 0 0.461781
    outer loop
      vertex -3.4641 4 -17
      vertex -3.62523 -4 -16.6905
      vertex -3.4641 -4 -17
    endloop
  endfacet
  facet normal -0.382834 0 0.923817
    outer loop
      vertex 1.36808 4 -18.7588
      vertex 1.69047 -4 -18.6252
      vertex 1.69047 4 -18.6252
    endloop
  endfacet
  facet normal -0.382834 0 0.923817
    outer loop
      vertex 1.69047 -4 -18.6252
      vertex 1.36808 4 -18.7588
      vertex 1.36808 -4 -18.7588
    endloop
  endfacet
  facet normal 0.793306 0 -0.608823
    outer loop
      vertex -3.06418 -4 -12.4289
      vertex -3.27661 4 -12.7057
      vertex -3.06418 4 -12.4289
    endloop
  endfacet
  facet normal 0.793306 0 -0.608823
    outer loop
      vertex -3.27661 4 -12.7057
      vertex -3.06418 -4 -12.4289
      vertex -3.27661 -4 -12.7057
    endloop
  endfacet
  facet normal 0.461678 0 -0.887047
    outer loop
      vertex -2 -4 -11.5359
      vertex -1.69047 4 -11.3748
      vertex -1.69047 -4 -11.3748
    endloop
  endfacet
  facet normal 0.461678 0 -0.887047
    outer loop
      vertex -1.69047 4 -11.3748
      vertex -2 -4 -11.5359
      vertex -2 4 -11.5359
    endloop
  endfacet
  facet normal 0.737309 -0 0.675556
    outer loop
      vertex -3.06418 -4 -17.5711
      vertex -2.82843 4 -17.8284
      vertex -3.06418 4 -17.5711
    endloop
  endfacet
  facet normal 0.737309 0 0.675556
    outer loop
      vertex -2.82843 4 -17.8284
      vertex -3.06418 -4 -17.5711
      vertex -2.82843 -4 -17.8284
    endloop
  endfacet
  facet normal 0.793306 -0 0.608823
    outer loop
      vertex -3.27661 -4 -17.2943
      vertex -3.06418 4 -17.5711
      vertex -3.27661 4 -17.2943
    endloop
  endfacet
  facet normal 0.793306 0 0.608823
    outer loop
      vertex -3.06418 4 -17.5711
      vertex -3.27661 -4 -17.2943
      vertex -3.06418 -4 -17.5711
    endloop
  endfacet
  facet normal -0.675662 0 -0.737211
    outer loop
      vertex 2.57115 -4 -11.9358
      vertex 2.82843 4 -12.1716
      vertex 2.82843 -4 -12.1716
    endloop
  endfacet
  facet normal -0.675662 0 -0.737211
    outer loop
      vertex 2.82843 4 -12.1716
      vertex 2.57115 -4 -11.9358
      vertex 2.57115 4 -11.9358
    endloop
  endfacet
  facet normal 0.991446 -0 0.130521
    outer loop
      vertex -3.98478 -4 -15.3486
      vertex -3.93923 4 -15.6946
      vertex -3.98478 4 -15.3486
    endloop
  endfacet
  facet normal 0.991446 0 0.130521
    outer loop
      vertex -3.93923 4 -15.6946
      vertex -3.98478 -4 -15.3486
      vertex -3.93923 -4 -15.6946
    endloop
  endfacet
  facet normal -0.608699 0 0.793401
    outer loop
      vertex 2.2943 4 -18.2766
      vertex 2.57115 -4 -18.0642
      vertex 2.57115 4 -18.0642
    endloop
  endfacet
  facet normal -0.608699 0 0.793401
    outer loop
      vertex 2.57115 -4 -18.0642
      vertex 2.2943 4 -18.2766
      vertex 2.2943 -4 -18.2766
    endloop
  endfacet
  facet normal -0.843391 0 -0.5373
    outer loop
      vertex 3.4641 -4 -13
      vertex 3.27661 4 -12.7057
      vertex 3.4641 4 -13
    endloop
  endfacet
  facet normal -0.843391 -0 -0.5373
    outer loop
      vertex 3.27661 4 -12.7057
      vertex 3.4641 -4 -13
      vertex 3.27661 -4 -12.7057
    endloop
  endfacet
  facet normal 0.953718 -0 0.300702
    outer loop
      vertex -3.8637 -4 -16.0353
      vertex -3.75877 4 -16.3681
      vertex -3.8637 4 -16.0353
    endloop
  endfacet
  facet normal 0.953718 0 0.300702
    outer loop
      vertex -3.75877 4 -16.3681
      vertex -3.8637 -4 -16.0353
      vertex -3.75877 -4 -16.3681
    endloop
  endfacet
  facet normal 0.999048 0 -0.0436188
    outer loop
      vertex -3.98478 -4 -14.6514
      vertex -4 4 -15
      vertex -3.98478 4 -14.6514
    endloop
  endfacet
  facet normal 0.999048 0 -0.0436188
    outer loop
      vertex -4 4 -15
      vertex -3.98478 -4 -14.6514
      vertex -4 -4 -15
    endloop
  endfacet
  facet normal -0.737309 0 0.675556
    outer loop
      vertex 2.82843 -4 -17.8284
      vertex 3.06418 4 -17.5711
      vertex 2.82843 4 -17.8284
    endloop
  endfacet
  facet normal -0.737309 0 0.675556
    outer loop
      vertex 3.06418 4 -17.5711
      vertex 2.82843 -4 -17.8284
      vertex 3.06418 -4 -17.5711
    endloop
  endfacet
  facet normal -0.216361 0 0.976313
    outer loop
      vertex 0.694592 4 -18.9392
      vertex 1.03528 -4 -18.8637
      vertex 1.03528 4 -18.8637
    endloop
  endfacet
  facet normal -0.216361 0 0.976313
    outer loop
      vertex 1.03528 -4 -18.8637
      vertex 0.694592 4 -18.9392
      vertex 0.694592 -4 -18.9392
    endloop
  endfacet
  facet normal 0.130673 0 0.991425
    outer loop
      vertex -0.694592 4 -18.9392
      vertex -0.348622 -4 -18.9848
      vertex -0.348622 4 -18.9848
    endloop
  endfacet
  facet normal 0.130673 0 0.991425
    outer loop
      vertex -0.348622 -4 -18.9848
      vertex -0.694592 4 -18.9392
      vertex -0.694592 -4 -18.9392
    endloop
  endfacet
  facet normal -0.300624 0 -0.953743
    outer loop
      vertex 1.03528 -4 -11.1363
      vertex 1.36808 4 -11.2412
      vertex 1.36808 -4 -11.2412
    endloop
  endfacet
  facet normal -0.300624 0 -0.953743
    outer loop
      vertex 1.36808 4 -11.2412
      vertex 1.03528 -4 -11.1363
      vertex 1.03528 4 -11.1363
    endloop
  endfacet
  facet normal -0.675662 0 0.737211
    outer loop
      vertex 2.57115 4 -18.0642
      vertex 2.82843 -4 -17.8284
      vertex 2.82843 4 -17.8284
    endloop
  endfacet
  facet normal -0.675662 0 0.737211
    outer loop
      vertex 2.82843 -4 -17.8284
      vertex 2.57115 4 -18.0642
      vertex 2.57115 -4 -18.0642
    endloop
  endfacet
  facet normal 0.216361 0 0.976313
    outer loop
      vertex -1.03528 4 -18.8637
      vertex -0.694592 -4 -18.9392
      vertex -0.694592 4 -18.9392
    endloop
  endfacet
  facet normal 0.216361 0 0.976313
    outer loop
      vertex -0.694592 -4 -18.9392
      vertex -1.03528 4 -18.8637
      vertex -1.03528 -4 -18.8637
    endloop
  endfacet
  facet normal 0.300624 0 0.953743
    outer loop
      vertex -1.36808 4 -18.7588
      vertex -1.03528 -4 -18.8637
      vertex -1.03528 4 -18.8637
    endloop
  endfacet
  facet normal 0.300624 0 0.953743
    outer loop
      vertex -1.03528 -4 -18.8637
      vertex -1.36808 4 -18.7588
      vertex -1.36808 -4 -18.7588
    endloop
  endfacet
  facet normal 0.886994 0 -0.461781
    outer loop
      vertex -3.4641 -4 -13
      vertex -3.62523 4 -13.3095
      vertex -3.4641 4 -13
    endloop
  endfacet
  facet normal 0.886994 0 -0.461781
    outer loop
      vertex -3.62523 4 -13.3095
      vertex -3.4641 -4 -13
      vertex -3.62523 -4 -13.3095
    endloop
  endfacet
  facet normal -0.991458 0 -0.130429
    outer loop
      vertex -8.86327 -4 379.437
      vertex -8.96575 4 380.216
      vertex -8.86327 4 379.437
    endloop
  endfacet
  facet normal -0.991458 -0 -0.130429
    outer loop
      vertex -8.96575 4 380.216
      vertex -8.86327 -4 379.437
      vertex -8.96575 -4 380.216
    endloop
  endfacet
  facet normal -0.999047 0 -0.0436446
    outer loop
      vertex -8.96575 -4 380.216
      vertex -9 4 381
      vertex -8.96575 4 380.216
    endloop
  endfacet
  facet normal -0.999047 -0 -0.0436446
    outer loop
      vertex -9 4 381
      vertex -8.96575 -4 380.216
      vertex -9 -4 381
    endloop
  endfacet
  facet normal -0.0433045 0 -0.999062
    outer loop
      vertex -0.784401 -4 372.034
      vertex 0 4 372
      vertex 0 -4 372
    endloop
  endfacet
  facet normal -0.0433045 0 -0.999062
    outer loop
      vertex 0 4 372
      vertex -0.784401 -4 372.034
      vertex -0.784401 4 372.034
    endloop
  endfacet
  facet normal 0.131174 0 -0.991359
    outer loop
      vertex 0.784401 -4 372.034
      vertex 1.56283 4 372.137
      vertex 1.56283 -4 372.137
    endloop
  endfacet
  facet normal 0.131174 0 -0.991359
    outer loop
      vertex 1.56283 4 372.137
      vertex 0.784401 -4 372.034
      vertex 0.784401 4 372.034
    endloop
  endfacet
  facet normal 0.953738 -0 0.300638
    outer loop
      vertex 8.45723 -4 384.078
      vertex 8.69333 4 383.329
      vertex 8.45723 4 384.078
    endloop
  endfacet
  facet normal 0.953738 0 0.300638
    outer loop
      vertex 8.69333 4 383.329
      vertex 8.45723 -4 384.078
      vertex 8.69333 -4 383.329
    endloop
  endfacet
  facet normal -0.537425 0 -0.843312
    outer loop
      vertex -5.16219 -4 373.628
      vertex -4.5 4 373.206
      vertex -4.5 -4 373.206
    endloop
  endfacet
  facet normal -0.537425 0 -0.843312
    outer loop
      vertex -4.5 4 373.206
      vertex -5.16219 -4 373.628
      vertex -5.16219 4 373.628
    endloop
  endfacet
  facet normal 0.737351 0 -0.67551
    outer loop
      vertex 6.8944 -4 375.215
      vertex 6.36396 4 374.636
      vertex 6.8944 4 375.215
    endloop
  endfacet
  facet normal 0.737351 0 -0.67551
    outer loop
      vertex 6.36396 4 374.636
      vertex 6.8944 -4 375.215
      vertex 6.36396 -4 374.636
    endloop
  endfacet
  facet normal -0.953738 0 -0.300638
    outer loop
      vertex -8.45723 -4 377.922
      vertex -8.69333 4 378.671
      vertex -8.45723 4 377.922
    endloop
  endfacet
  facet normal -0.953738 -0 -0.300638
    outer loop
      vertex -8.69333 4 378.671
      vertex -8.45723 -4 377.922
      vertex -8.69333 -4 378.671
    endloop
  endfacet
  facet normal 0.976263 -0 0.216588
    outer loop
      vertex 8.69333 -4 383.329
      vertex 8.86327 4 382.563
      vertex 8.69333 4 383.329
    endloop
  endfacet
  facet normal 0.976263 0 0.216588
    outer loop
      vertex 8.86327 4 382.563
      vertex 8.69333 -4 383.329
      vertex 8.86327 -4 382.563
    endloop
  endfacet
  facet normal 0.462206 0 -0.886773
    outer loop
      vertex 3.80356 -4 372.843
      vertex 4.5 4 373.206
      vertex 4.5 -4 373.206
    endloop
  endfacet
  facet normal 0.462206 0 -0.886773
    outer loop
      vertex 4.5 4 373.206
      vertex 3.80356 -4 372.843
      vertex 3.80356 4 372.843
    endloop
  endfacet
  facet normal -0.886893 0 -0.461975
    outer loop
      vertex -7.79423 -4 376.5
      vertex -8.15677 4 377.196
      vertex -7.79423 4 376.5
    endloop
  endfacet
  facet normal -0.886893 -0 -0.461975
    outer loop
      vertex -8.15677 4 377.196
      vertex -7.79423 -4 376.5
      vertex -8.15677 -4 377.196
    endloop
  endfacet
  facet normal -0.675288 0 -0.737554
    outer loop
      vertex -6.36396 -4 374.636
      vertex -5.78509 4 374.106
      vertex -5.78509 -4 374.106
    endloop
  endfacet
  facet normal -0.675288 0 -0.737554
    outer loop
      vertex -5.78509 4 374.106
      vertex -6.36396 -4 374.636
      vertex -6.36396 4 374.636
    endloop
  endfacet
  facet normal -0.991458 0 0.130429
    outer loop
      vertex -8.96575 -4 381.784
      vertex -8.86327 4 382.563
      vertex -8.96575 4 381.784
    endloop
  endfacet
  facet normal -0.991458 0 0.130429
    outer loop
      vertex -8.86327 4 382.563
      vertex -8.96575 -4 381.784
      vertex -8.86327 -4 382.563
    endloop
  endfacet
  facet normal -0.793399 0 -0.608702
    outer loop
      vertex -6.8944 -4 375.215
      vertex -7.37237 4 375.838
      vertex -6.8944 4 375.215
    endloop
  endfacet
  facet normal -0.793399 -0 -0.608702
    outer loop
      vertex -7.37237 4 375.838
      vertex -6.8944 -4 375.215
      vertex -7.37237 -4 375.838
    endloop
  endfacet
  facet normal 0.999047 -0 0.0436446
    outer loop
      vertex 8.96575 -4 381.784
      vertex 9 4 381
      vertex 8.96575 4 381.784
    endloop
  endfacet
  facet normal 0.999047 0 0.0436446
    outer loop
      vertex 9 4 381
      vertex 8.96575 -4 381.784
      vertex 9 -4 381
    endloop
  endfacet
  facet normal 0.300591 0 -0.953753
    outer loop
      vertex 2.32937 -4 372.307
      vertex 3.07818 4 372.543
      vertex 3.07818 -4 372.543
    endloop
  endfacet
  facet normal 0.300591 0 -0.953753
    outer loop
      vertex 3.07818 4 372.543
      vertex 2.32937 -4 372.307
      vertex 2.32937 4 372.307
    endloop
  endfacet
  facet normal 0.843322 0 -0.537408
    outer loop
      vertex 7.79423 -4 376.5
      vertex 7.37237 4 375.838
      vertex 7.79423 4 376.5
    endloop
  endfacet
  facet normal 0.843322 0 -0.537408
    outer loop
      vertex 7.37237 4 375.838
      vertex 7.79423 -4 376.5
      vertex 7.37237 -4 375.838
    endloop
  endfacet
  facet normal -0.923996 0 0.382402
    outer loop
      vertex -8.45723 -4 384.078
      vertex -8.15677 4 384.804
      vertex -8.45723 4 384.078
    endloop
  endfacet
  facet normal -0.923996 0 0.382402
    outer loop
      vertex -8.15677 4 384.804
      vertex -8.45723 -4 384.078
      vertex -8.15677 -4 384.804
    endloop
  endfacet
  facet normal 0.923996 -0 0.382402
    outer loop
      vertex 8.15677 -4 384.804
      vertex 8.45723 4 384.078
      vertex 8.15677 4 384.804
    endloop
  endfacet
  facet normal 0.923996 0 0.382402
    outer loop
      vertex 8.45723 4 384.078
      vertex 8.15677 -4 384.804
      vertex 8.45723 -4 384.078
    endloop
  endfacet
  facet normal -0.843322 0 -0.537408
    outer loop
      vertex -7.37237 -4 375.838
      vertex -7.79423 4 376.5
      vertex -7.37237 4 375.838
    endloop
  endfacet
  facet normal -0.843322 -0 -0.537408
    outer loop
      vertex -7.79423 4 376.5
      vertex -7.37237 -4 375.838
      vertex -7.79423 -4 376.5
    endloop
  endfacet
  facet normal -0.976263 0 -0.216588
    outer loop
      vertex -8.69333 -4 378.671
      vertex -8.86327 4 379.437
      vertex -8.69333 4 378.671
    endloop
  endfacet
  facet normal -0.976263 -0 -0.216588
    outer loop
      vertex -8.86327 4 379.437
      vertex -8.69333 -4 378.671
      vertex -8.86327 -4 379.437
    endloop
  endfacet
  facet normal -0.923996 0 -0.382402
    outer loop
      vertex -8.15677 -4 377.196
      vertex -8.45723 4 377.922
      vertex -8.15677 4 377.196
    endloop
  endfacet
  facet normal -0.923996 -0 -0.382402
    outer loop
      vertex -8.45723 4 377.922
      vertex -8.15677 -4 377.196
      vertex -8.45723 -4 377.922
    endloop
  endfacet
  facet normal 0.999047 0 -0.0436446
    outer loop
      vertex 9 -4 381
      vertex 8.96575 4 380.216
      vertex 9 4 381
    endloop
  endfacet
  facet normal 0.999047 0 -0.0436446
    outer loop
      vertex 8.96575 4 380.216
      vertex 9 -4 381
      vertex 8.96575 -4 380.216
    endloop
  endfacet
  facet normal 0.953738 0 -0.300638
    outer loop
      vertex 8.69333 -4 378.671
      vertex 8.45723 4 377.922
      vertex 8.69333 4 378.671
    endloop
  endfacet
  facet normal 0.953738 0 -0.300638
    outer loop
      vertex 8.45723 4 377.922
      vertex 8.69333 -4 378.671
      vertex 8.45723 -4 377.922
    endloop
  endfacet
  facet normal 0.976263 0 -0.216588
    outer loop
      vertex 8.86327 -4 379.437
      vertex 8.69333 4 378.671
      vertex 8.86327 4 379.437
    endloop
  endfacet
  facet normal 0.976263 0 -0.216588
    outer loop
      vertex 8.69333 4 378.671
      vertex 8.86327 -4 379.437
      vertex 8.69333 -4 378.671
    endloop
  endfacet
  facet normal -0.382181 0 -0.924088
    outer loop
      vertex -3.80356 -4 372.843
      vertex -3.07818 4 372.543
      vertex -3.07818 -4 372.543
    endloop
  endfacet
  facet normal -0.382181 0 -0.924088
    outer loop
      vertex -3.07818 4 372.543
      vertex -3.80356 -4 372.843
      vertex -3.80356 4 372.843
    endloop
  endfacet
  facet normal -0.608787 0 -0.793334
    outer loop
      vertex -5.78509 -4 374.106
      vertex -5.16219 4 373.628
      vertex -5.16219 -4 373.628
    endloop
  endfacet
  facet normal -0.608787 0 -0.793334
    outer loop
      vertex -5.16219 4 373.628
      vertex -5.78509 -4 374.106
      vertex -5.78509 4 374.106
    endloop
  endfacet
  facet normal -0.462206 0 -0.886773
    outer loop
      vertex -4.5 -4 373.206
      vertex -3.80356 4 372.843
      vertex -3.80356 -4 372.843
    endloop
  endfacet
  facet normal -0.462206 0 -0.886773
    outer loop
      vertex -3.80356 4 372.843
      vertex -4.5 -4 373.206
      vertex -4.5 4 373.206
    endloop
  endfacet
  facet normal 0.608787 0 -0.793334
    outer loop
      vertex 5.16219 -4 373.628
      vertex 5.78509 4 374.106
      vertex 5.78509 -4 374.106
    endloop
  endfacet
  facet normal 0.608787 0 -0.793334
    outer loop
      vertex 5.78509 4 374.106
      vertex 5.16219 -4 373.628
      vertex 5.16219 4 373.628
    endloop
  endfacet
  facet normal 0.886893 0 -0.461975
    outer loop
      vertex 8.15677 -4 377.196
      vertex 7.79423 4 376.5
      vertex 8.15677 4 377.196
    endloop
  endfacet
  facet normal 0.886893 0 -0.461975
    outer loop
      vertex 7.79423 4 376.5
      vertex 8.15677 -4 377.196
      vertex 7.79423 -4 376.5
    endloop
  endfacet
  facet normal 0.382181 0 -0.924088
    outer loop
      vertex 3.07818 -4 372.543
      vertex 3.80356 4 372.843
      vertex 3.80356 -4 372.843
    endloop
  endfacet
  facet normal 0.382181 0 -0.924088
    outer loop
      vertex 3.80356 4 372.843
      vertex 3.07818 -4 372.543
      vertex 3.07818 4 372.543
    endloop
  endfacet
  facet normal 0.675288 0 -0.737554
    outer loop
      vertex 5.78509 -4 374.106
      vertex 6.36396 4 374.636
      vertex 6.36396 -4 374.636
    endloop
  endfacet
  facet normal 0.675288 0 -0.737554
    outer loop
      vertex 6.36396 4 374.636
      vertex 5.78509 -4 374.106
      vertex 5.78509 4 374.106
    endloop
  endfacet
  facet normal 0.537425 0 -0.843312
    outer loop
      vertex 4.5 -4 373.206
      vertex 5.16219 4 373.628
      vertex 5.16219 -4 373.628
    endloop
  endfacet
  facet normal 0.537425 0 -0.843312
    outer loop
      vertex 5.16219 4 373.628
      vertex 4.5 -4 373.206
      vertex 4.5 4 373.206
    endloop
  endfacet
  facet normal 0.886586 -0 0.462563
    outer loop
      vertex 8.05451 -4 385
      vertex 8.15677 4 384.804
      vertex 8.05451 4 385
    endloop
  endfacet
  facet normal 0.886586 0 0.462563
    outer loop
      vertex 8.15677 4 384.804
      vertex 8.05451 -4 385
      vertex 8.15677 -4 384.804
    endloop
  endfacet
  facet normal 0.0433045 0 -0.999062
    outer loop
      vertex 0 -4 372
      vertex 0.784401 4 372.034
      vertex 0.784401 -4 372.034
    endloop
  endfacet
  facet normal 0.0433045 0 -0.999062
    outer loop
      vertex 0.784401 4 372.034
      vertex 0 -4 372
      vertex 0 4 372
    endloop
  endfacet
  facet normal 0.216515 0 -0.976279
    outer loop
      vertex 1.56283 -4 372.137
      vertex 2.32937 4 372.307
      vertex 2.32937 -4 372.307
    endloop
  endfacet
  facet normal 0.216515 0 -0.976279
    outer loop
      vertex 2.32937 4 372.307
      vertex 1.56283 -4 372.137
      vertex 1.56283 4 372.137
    endloop
  endfacet
  facet normal -0.216515 0 -0.976279
    outer loop
      vertex -2.32937 -4 372.307
      vertex -1.56283 4 372.137
      vertex -1.56283 -4 372.137
    endloop
  endfacet
  facet normal -0.216515 0 -0.976279
    outer loop
      vertex -1.56283 4 372.137
      vertex -2.32937 -4 372.307
      vertex -2.32937 4 372.307
    endloop
  endfacet
  facet normal 0.991458 -0 0.130429
    outer loop
      vertex 8.86327 -4 382.563
      vertex 8.96575 4 381.784
      vertex 8.86327 4 382.563
    endloop
  endfacet
  facet normal 0.991458 0 0.130429
    outer loop
      vertex 8.96575 4 381.784
      vertex 8.86327 -4 382.563
      vertex 8.96575 -4 381.784
    endloop
  endfacet
  facet normal -0.300591 0 -0.953753
    outer loop
      vertex -3.07818 -4 372.543
      vertex -2.32937 4 372.307
      vertex -2.32937 -4 372.307
    endloop
  endfacet
  facet normal -0.300591 0 -0.953753
    outer loop
      vertex -2.32937 4 372.307
      vertex -3.07818 -4 372.543
      vertex -3.07818 4 372.543
    endloop
  endfacet
  facet normal -0.999047 0 0.0436446
    outer loop
      vertex -9 -4 381
      vertex -8.96575 4 381.784
      vertex -9 4 381
    endloop
  endfacet
  facet normal -0.999047 0 0.0436446
    outer loop
      vertex -8.96575 4 381.784
      vertex -9 -4 381
      vertex -8.96575 -4 381.784
    endloop
  endfacet
  facet normal -0.886586 0 0.462563
    outer loop
      vertex -8.15677 -4 384.804
      vertex -8.05451 4 385
      vertex -8.15677 4 384.804
    endloop
  endfacet
  facet normal -0.886586 0 0.462563
    outer loop
      vertex -8.05451 4 385
      vertex -8.15677 -4 384.804
      vertex -8.05451 -4 385
    endloop
  endfacet
  facet normal -0.131174 0 -0.991359
    outer loop
      vertex -1.56283 -4 372.137
      vertex -0.784401 4 372.034
      vertex -0.784401 -4 372.034
    endloop
  endfacet
  facet normal -0.131174 0 -0.991359
    outer loop
      vertex -0.784401 4 372.034
      vertex -1.56283 -4 372.137
      vertex -1.56283 4 372.137
    endloop
  endfacet
  facet normal -0.737351 0 -0.67551
    outer loop
      vertex -6.36396 -4 374.636
      vertex -6.8944 4 375.215
      vertex -6.36396 4 374.636
    endloop
  endfacet
  facet normal -0.737351 -0 -0.67551
    outer loop
      vertex -6.8944 4 375.215
      vertex -6.36396 -4 374.636
      vertex -6.8944 -4 375.215
    endloop
  endfacet
  facet normal -0.953738 0 0.300638
    outer loop
      vertex -8.69333 -4 383.329
      vertex -8.45723 4 384.078
      vertex -8.69333 4 383.329
    endloop
  endfacet
  facet normal -0.953738 0 0.300638
    outer loop
      vertex -8.45723 4 384.078
      vertex -8.69333 -4 383.329
      vertex -8.45723 -4 384.078
    endloop
  endfacet
  facet normal 0.991458 0 -0.130429
    outer loop
      vertex 8.96575 -4 380.216
      vertex 8.86327 4 379.437
      vertex 8.96575 4 380.216
    endloop
  endfacet
  facet normal 0.991458 0 -0.130429
    outer loop
      vertex 8.86327 4 379.437
      vertex 8.96575 -4 380.216
      vertex 8.86327 -4 379.437
    endloop
  endfacet
  facet normal 0 -1 0
    outer loop
      vertex 0.694592 -4 384.939
      vertex 9 -4 395
      vertex 0.348622 -4 384.985
    endloop
  endfacet
  facet normal 0 -1 0
    outer loop
      vertex 1.03528 -4 384.864
      vertex 9 -4 395
      vertex 0.694592 -4 384.939
    endloop
  endfacet
  facet normal 0 -1 0
    outer loop
      vertex 1.36808 -4 384.759
      vertex 9 -4 395
      vertex 1.03528 -4 384.864
    endloop
  endfacet
  facet normal 0 -1 0
    outer loop
      vertex 1.69047 -4 384.625
      vertex 9 -4 395
      vertex 1.36808 -4 384.759
    endloop
  endfacet
  facet normal 0 -1 0
    outer loop
      vertex 9 -4 395
      vertex 1.69047 -4 384.625
      vertex 8.05451 -4 385
    endloop
  endfacet
  facet normal 0 -1 0
    outer loop
      vertex 2 -4 384.464
      vertex 8.05451 -4 385
      vertex 1.69047 -4 384.625
    endloop
  endfacet
  facet normal 0 -1 0
    outer loop
      vertex 2.2943 -4 384.277
      vertex 8.05451 -4 385
      vertex 2 -4 384.464
    endloop
  endfacet
  facet normal 0 -1 0
    outer loop
      vertex 2.57115 -4 384.064
      vertex 8.05451 -4 385
      vertex 2.2943 -4 384.277
    endloop
  endfacet
  facet normal 0 -1 0
    outer loop
      vertex 2.82843 -4 383.828
      vertex 8.05451 -4 385
      vertex 2.57115 -4 384.064
    endloop
  endfacet
  facet normal 0 -1 0
    outer loop
      vertex 3.06418 -4 383.571
      vertex 8.05451 -4 385
      vertex 2.82843 -4 383.828
    endloop
  endfacet
  facet normal 0 -1 0
    outer loop
      vertex 3.27661 -4 383.294
      vertex 8.05451 -4 385
      vertex 3.06418 -4 383.571
    endloop
  endfacet
  facet normal 0 -1 0
    outer loop
      vertex 3.4641 -4 383
      vertex 8.05451 -4 385
      vertex 3.27661 -4 383.294
    endloop
  endfacet
  facet normal 0 -1 0
    outer loop
      vertex 3.62523 -4 382.69
      vertex 8.05451 -4 385
      vertex 3.4641 -4 383
    endloop
  endfacet
  facet normal 0 -1 -0
    outer loop
      vertex 8.05451 -4 385
      vertex 3.62523 -4 382.69
      vertex 8.15677 -4 384.804
    endloop
  endfacet
  facet normal 0 -1 -0
    outer loop
      vertex 8.15677 -4 384.804
      vertex 3.62523 -4 382.69
      vertex 8.45723 -4 384.078
    endloop
  endfacet
  facet normal 0 -1 0
    outer loop
      vertex 3.75877 -4 382.368
      vertex 8.45723 -4 384.078
      vertex 3.62523 -4 382.69
    endloop
  endfacet
  facet normal 0 -1 -0
    outer loop
      vertex 8.45723 -4 384.078
      vertex 3.75877 -4 382.368
      vertex 8.69333 -4 383.329
    endloop
  endfacet
  facet normal 0 -1 0
    outer loop
      vertex 3.8637 -4 382.035
      vertex 8.69333 -4 383.329
      vertex 3.75877 -4 382.368
    endloop
  endfacet
  facet normal 0 -1 -0
    outer loop
      vertex 8.69333 -4 383.329
      vertex 3.8637 -4 382.035
      vertex 8.86327 -4 382.563
    endloop
  endfacet
  facet normal 0 -1 0
    outer loop
      vertex 3.93923 -4 381.695
      vertex 8.86327 -4 382.563
      vertex 3.8637 -4 382.035
    endloop
  endfacet
  facet normal 0 -1 -0
    outer loop
      vertex 8.86327 -4 382.563
      vertex 3.93923 -4 381.695
      vertex 8.96575 -4 381.784
    endloop
  endfacet
  facet normal 0 -1 0
    outer loop
      vertex 3.98478 -4 381.349
      vertex 8.96575 -4 381.784
      vertex 3.93923 -4 381.695
    endloop
  endfacet
  facet normal 0 -1 0
    outer loop
      vertex 4 -4 381
      vertex 8.96575 -4 381.784
      vertex 3.98478 -4 381.349
    endloop
  endfacet
  facet normal 0 -1 0
    outer loop
      vertex 4 -4 381
      vertex 9 -4 381
      vertex 8.96575 -4 381.784
    endloop
  endfacet
  facet normal 0 -1 0
    outer loop
      vertex 3.98478 -4 380.651
      vertex 9 -4 381
      vertex 4 -4 381
    endloop
  endfacet
  facet normal 0 -1 0
    outer loop
      vertex 8.96575 -4 380.216
      vertex 3.98478 -4 380.651
      vertex 3.93923 -4 380.305
    endloop
  endfacet
  facet normal 0 -1 0
    outer loop
      vertex 3.98478 -4 380.651
      vertex 8.96575 -4 380.216
      vertex 9 -4 381
    endloop
  endfacet
  facet normal 0 -1 0
    outer loop
      vertex 8.86327 -4 379.437
      vertex 3.93923 -4 380.305
      vertex 3.8637 -4 379.965
    endloop
  endfacet
  facet normal 0 -1 0
    outer loop
      vertex 8.69333 -4 378.671
      vertex 3.8637 -4 379.965
      vertex 3.75877 -4 379.632
    endloop
  endfacet
  facet normal 0 -1 0
    outer loop
      vertex 3.93923 -4 380.305
      vertex 8.86327 -4 379.437
      vertex 8.96575 -4 380.216
    endloop
  endfacet
  facet normal 0 -1 0
    outer loop
      vertex 8.45723 -4 377.922
      vertex 3.75877 -4 379.632
      vertex 3.62523 -4 379.31
    endloop
  endfacet
  facet normal 0 -1 0
    outer loop
      vertex 8.15677 -4 377.196
      vertex 3.62523 -4 379.31
      vertex 3.4641 -4 379
    endloop
  endfacet
  facet normal 0 -1 0
    outer loop
      vertex 7.79423 -4 376.5
      vertex 3.4641 -4 379
      vertex 3.27661 -4 378.706
    endloop
  endfacet
  facet normal 0 -1 0
    outer loop
      vertex 3.8637 -4 379.965
      vertex 8.69333 -4 378.671
      vertex 8.86327 -4 379.437
    endloop
  endfacet
  facet normal 0 -1 0
    outer loop
      vertex 7.37237 -4 375.838
      vertex 3.27661 -4 378.706
      vertex 3.06418 -4 378.429
    endloop
  endfacet
  facet normal 0 -1 0
    outer loop
      vertex 6.8944 -4 375.215
      vertex 3.06418 -4 378.429
      vertex 2.82843 -4 378.172
    endloop
  endfacet
  facet normal 0 -1 0
    outer loop
      vertex 6.36396 -4 374.636
      vertex 2.82843 -4 378.172
      vertex 2.57115 -4 377.936
    endloop
  endfacet
  facet normal 0 -1 0
    outer loop
      vertex 3.75877 -4 379.632
      vertex 8.45723 -4 377.922
      vertex 8.69333 -4 378.671
    endloop
  endfacet
  facet normal 0 -1 0
    outer loop
      vertex 5.78509 -4 374.106
      vertex 2.57115 -4 377.936
      vertex 2.2943 -4 377.723
    endloop
  endfacet
  facet normal 0 -1 0
    outer loop
      vertex 5.16219 -4 373.628
      vertex 2.2943 -4 377.723
      vertex 2 -4 377.536
    endloop
  endfacet
  facet normal 0 -1 0
    outer loop
      vertex 4.5 -4 373.206
      vertex 2 -4 377.536
      vertex 1.69047 -4 377.375
    endloop
  endfacet
  facet normal 0 -1 0
    outer loop
      vertex 3.80356 -4 372.843
      vertex 1.69047 -4 377.375
      vertex 1.36808 -4 377.241
    endloop
  endfacet
  facet normal 0 -1 0
    outer loop
      vertex 3.62523 -4 379.31
      vertex 8.15677 -4 377.196
      vertex 8.45723 -4 377.922
    endloop
  endfacet
  facet normal 0 -1 0
    outer loop
      vertex 3.07818 -4 372.543
      vertex 1.36808 -4 377.241
      vertex 1.03528 -4 377.136
    endloop
  endfacet
  facet normal 0 -1 0
    outer loop
      vertex 2.32937 -4 372.307
      vertex 1.03528 -4 377.136
      vertex 0.694592 -4 377.061
    endloop
  endfacet
  facet normal 0 -1 0
    outer loop
      vertex 1.56283 -4 372.137
      vertex 0.694592 -4 377.061
      vertex 0.348622 -4 377.015
    endloop
  endfacet
  facet normal 0 -1 0
    outer loop
      vertex 0.784401 -4 372.034
      vertex 0.348622 -4 377.015
      vertex 0 -4 377
    endloop
  endfacet
  facet normal 0 -1 -0
    outer loop
      vertex -2 -4 377.536
      vertex -4.5 -4 373.206
      vertex -1.69047 -4 377.375
    endloop
  endfacet
  facet normal 0 -1 0
    outer loop
      vertex 3.4641 -4 379
      vertex 7.79423 -4 376.5
      vertex 8.15677 -4 377.196
    endloop
  endfacet
  facet normal 0 -1 0
    outer loop
      vertex -3.80356 -4 372.843
      vertex -1.69047 -4 377.375
      vertex -4.5 -4 373.206
    endloop
  endfacet
  facet normal 0 -1 0
    outer loop
      vertex 3.27661 -4 378.706
      vertex 7.37237 -4 375.838
      vertex 7.79423 -4 376.5
    endloop
  endfacet
  facet normal 0 -1 -0
    outer loop
      vertex -1.69047 -4 377.375
      vertex -3.80356 -4 372.843
      vertex -1.36808 -4 377.241
    endloop
  endfacet
  facet normal 0 -1 0
    outer loop
      vertex 3.06418 -4 378.429
      vertex 6.8944 -4 375.215
      vertex 7.37237 -4 375.838
    endloop
  endfacet
  facet normal 0 -1 0
    outer loop
      vertex -3.07818 -4 372.543
      vertex -1.36808 -4 377.241
      vertex -3.80356 -4 372.843
    endloop
  endfacet
  facet normal 0 -1 0
    outer loop
      vertex 2.82843 -4 378.172
      vertex 6.36396 -4 374.636
      vertex 6.8944 -4 375.215
    endloop
  endfacet
  facet normal 0 -1 -0
    outer loop
      vertex -1.36808 -4 377.241
      vertex -3.07818 -4 372.543
      vertex -1.03528 -4 377.136
    endloop
  endfacet
  facet normal 0 -1 0
    outer loop
      vertex 2.57115 -4 377.936
      vertex 5.78509 -4 374.106
      vertex 6.36396 -4 374.636
    endloop
  endfacet
  facet normal 0 -1 0
    outer loop
      vertex -2.32937 -4 372.307
      vertex -1.03528 -4 377.136
      vertex -3.07818 -4 372.543
    endloop
  endfacet
  facet normal 0 -1 0
    outer loop
      vertex 2.2943 -4 377.723
      vertex 5.16219 -4 373.628
      vertex 5.78509 -4 374.106
    endloop
  endfacet
  facet normal 0 -1 -0
    outer loop
      vertex -1.03528 -4 377.136
      vertex -2.32937 -4 372.307
      vertex -0.694592 -4 377.061
    endloop
  endfacet
  facet normal 0 -1 0
    outer loop
      vertex 2 -4 377.536
      vertex 4.5 -4 373.206
      vertex 5.16219 -4 373.628
    endloop
  endfacet
  facet normal 0 -1 0
    outer loop
      vertex -1.56283 -4 372.137
      vertex -0.694592 -4 377.061
      vertex -2.32937 -4 372.307
    endloop
  endfacet
  facet normal 0 -1 0
    outer loop
      vertex 1.69047 -4 377.375
      vertex 3.80356 -4 372.843
      vertex 4.5 -4 373.206
    endloop
  endfacet
  facet normal 0 -1 -0
    outer loop
      vertex -0.694592 -4 377.061
      vertex -1.56283 -4 372.137
      vertex -0.348622 -4 377.015
    endloop
  endfacet
  facet normal 0 -1 0
    outer loop
      vertex 1.36808 -4 377.241
      vertex 3.07818 -4 372.543
      vertex 3.80356 -4 372.843
    endloop
  endfacet
  facet normal 0 -1 0
    outer loop
      vertex -0.784401 -4 372.034
      vertex -0.348622 -4 377.015
      vertex -1.56283 -4 372.137
    endloop
  endfacet
  facet normal 0 -1 0
    outer loop
      vertex 1.03528 -4 377.136
      vertex 2.32937 -4 372.307
      vertex 3.07818 -4 372.543
    endloop
  endfacet
  facet normal 0 -1 -0
    outer loop
      vertex -0.348622 -4 377.015
      vertex -0.784401 -4 372.034
      vertex 0 -4 377
    endloop
  endfacet
  facet normal 0 -1 0
    outer loop
      vertex 0.694592 -4 377.061
      vertex 1.56283 -4 372.137
      vertex 2.32937 -4 372.307
    endloop
  endfacet
  facet normal 0 -1 0
    outer loop
      vertex 0 -4 372
      vertex 0 -4 377
      vertex -0.784401 -4 372.034
    endloop
  endfacet
  facet normal 0 -1 0
    outer loop
      vertex 0.348622 -4 377.015
      vertex 0.784401 -4 372.034
      vertex 1.56283 -4 372.137
    endloop
  endfacet
  facet normal 0 -1 0
    outer loop
      vertex 0 -4 377
      vertex 0 -4 372
      vertex 0.784401 -4 372.034
    endloop
  endfacet
  facet normal 0 -1 0
    outer loop
      vertex -9 -4 395
      vertex -0.348622 -4 384.985
      vertex 0 -4 385
    endloop
  endfacet
  facet normal 0 -1 0
    outer loop
      vertex -9 -4 395
      vertex -0.694592 -4 384.939
      vertex -0.348622 -4 384.985
    endloop
  endfacet
  facet normal 0 -1 0
    outer loop
      vertex -9 -4 395
      vertex -1.03528 -4 384.864
      vertex -0.694592 -4 384.939
    endloop
  endfacet
  facet normal 0 -1 0
    outer loop
      vertex -3.62523 -4 382.69
      vertex -8.05451 -4 385
      vertex -8.15677 -4 384.804
    endloop
  endfacet
  facet normal 0 -1 0
    outer loop
      vertex -9 -4 395
      vertex -1.36808 -4 384.759
      vertex -1.03528 -4 384.864
    endloop
  endfacet
  facet normal 0 -1 0
    outer loop
      vertex -9 -4 395
      vertex -1.69047 -4 384.625
      vertex -1.36808 -4 384.759
    endloop
  endfacet
  facet normal 0 -1 0
    outer loop
      vertex -8.05451 -4 385
      vertex -2 -4 384.464
      vertex -1.69047 -4 384.625
    endloop
  endfacet
  facet normal 0 -1 0
    outer loop
      vertex -8.05451 -4 385
      vertex -2.2943 -4 384.277
      vertex -2 -4 384.464
    endloop
  endfacet
  facet normal 0 -1 0
    outer loop
      vertex -3.62523 -4 382.69
      vertex -8.15677 -4 384.804
      vertex -8.45723 -4 384.078
    endloop
  endfacet
  facet normal 0 -1 0
    outer loop
      vertex -8.05451 -4 385
      vertex -2.57115 -4 384.064
      vertex -2.2943 -4 384.277
    endloop
  endfacet
  facet normal 0 -1 0
    outer loop
      vertex -8.05451 -4 385
      vertex -2.82843 -4 383.828
      vertex -2.57115 -4 384.064
    endloop
  endfacet
  facet normal 0 -1 0
    outer loop
      vertex -8.05451 -4 385
      vertex -3.06418 -4 383.571
      vertex -2.82843 -4 383.828
    endloop
  endfacet
  facet normal 0 -1 0
    outer loop
      vertex -3.75877 -4 382.368
      vertex -8.45723 -4 384.078
      vertex -8.69333 -4 383.329
    endloop
  endfacet
  facet normal 0 -1 0
    outer loop
      vertex -8.05451 -4 385
      vertex -3.27661 -4 383.294
      vertex -3.06418 -4 383.571
    endloop
  endfacet
  facet normal 0 -1 0
    outer loop
      vertex -8.05451 -4 385
      vertex -3.4641 -4 383
      vertex -3.27661 -4 383.294
    endloop
  endfacet
  facet normal 0 -1 0
    outer loop
      vertex -8.05451 -4 385
      vertex -3.62523 -4 382.69
      vertex -3.4641 -4 383
    endloop
  endfacet
  facet normal 0 -1 0
    outer loop
      vertex -3.8637 -4 382.035
      vertex -8.69333 -4 383.329
      vertex -8.86327 -4 382.563
    endloop
  endfacet
  facet normal 0 -1 0
    outer loop
      vertex -8.45723 -4 384.078
      vertex -3.75877 -4 382.368
      vertex -3.62523 -4 382.69
    endloop
  endfacet
  facet normal 0 -1 0
    outer loop
      vertex -8.69333 -4 383.329
      vertex -3.8637 -4 382.035
      vertex -3.75877 -4 382.368
    endloop
  endfacet
  facet normal 0 -1 0
    outer loop
      vertex -3.93923 -4 381.695
      vertex -8.86327 -4 382.563
      vertex -8.96575 -4 381.784
    endloop
  endfacet
  facet normal 0 -1 0
    outer loop
      vertex -8.86327 -4 382.563
      vertex -3.93923 -4 381.695
      vertex -3.8637 -4 382.035
    endloop
  endfacet
  facet normal 0 -1 0
    outer loop
      vertex -8.96575 -4 381.784
      vertex -3.98478 -4 381.349
      vertex -3.93923 -4 381.695
    endloop
  endfacet
  facet normal 0 -1 0
    outer loop
      vertex -9 -4 381
      vertex -3.98478 -4 381.349
      vertex -8.96575 -4 381.784
    endloop
  endfacet
  facet normal 0 -1 0
    outer loop
      vertex -9 -4 381
      vertex -4 -4 381
      vertex -3.98478 -4 381.349
    endloop
  endfacet
  facet normal 0 -1 0
    outer loop
      vertex -9 -4 381
      vertex -3.98478 -4 380.651
      vertex -4 -4 381
    endloop
  endfacet
  facet normal 0 -1 0
    outer loop
      vertex -8.96575 -4 380.216
      vertex -3.98478 -4 380.651
      vertex -9 -4 381
    endloop
  endfacet
  facet normal 0 -1 -0
    outer loop
      vertex -3.98478 -4 380.651
      vertex -8.96575 -4 380.216
      vertex -3.93923 -4 380.305
    endloop
  endfacet
  facet normal 0 -1 0
    outer loop
      vertex -8.86327 -4 379.437
      vertex -3.93923 -4 380.305
      vertex -8.96575 -4 380.216
    endloop
  endfacet
  facet normal 0 -1 -0
    outer loop
      vertex -3.93923 -4 380.305
      vertex -8.86327 -4 379.437
      vertex -3.8637 -4 379.965
    endloop
  endfacet
  facet normal 0 -1 0
    outer loop
      vertex -8.69333 -4 378.671
      vertex -3.8637 -4 379.965
      vertex -8.86327 -4 379.437
    endloop
  endfacet
  facet normal 0 -1 -0
    outer loop
      vertex -3.8637 -4 379.965
      vertex -8.69333 -4 378.671
      vertex -3.75877 -4 379.632
    endloop
  endfacet
  facet normal 0 -1 0
    outer loop
      vertex -8.45723 -4 377.922
      vertex -3.75877 -4 379.632
      vertex -8.69333 -4 378.671
    endloop
  endfacet
  facet normal 0 -1 -0
    outer loop
      vertex -3.75877 -4 379.632
      vertex -8.45723 -4 377.922
      vertex -3.62523 -4 379.31
    endloop
  endfacet
  facet normal 0 -1 0
    outer loop
      vertex -8.15677 -4 377.196
      vertex -3.62523 -4 379.31
      vertex -8.45723 -4 377.922
    endloop
  endfacet
  facet normal 0 -1 -0
    outer loop
      vertex -3.62523 -4 379.31
      vertex -8.15677 -4 377.196
      vertex -3.4641 -4 379
    endloop
  endfacet
  facet normal 0 -1 0
    outer loop
      vertex -7.79423 -4 376.5
      vertex -3.4641 -4 379
      vertex -8.15677 -4 377.196
    endloop
  endfacet
  facet normal 0 -1 -0
    outer loop
      vertex -3.4641 -4 379
      vertex -7.79423 -4 376.5
      vertex -3.27661 -4 378.706
    endloop
  endfacet
  facet normal 0 -1 0
    outer loop
      vertex -7.37237 -4 375.838
      vertex -3.27661 -4 378.706
      vertex -7.79423 -4 376.5
    endloop
  endfacet
  facet normal 0 -1 -0
    outer loop
      vertex -3.27661 -4 378.706
      vertex -7.37237 -4 375.838
      vertex -3.06418 -4 378.429
    endloop
  endfacet
  facet normal 0 -1 0
    outer loop
      vertex -6.8944 -4 375.215
      vertex -3.06418 -4 378.429
      vertex -7.37237 -4 375.838
    endloop
  endfacet
  facet normal 0 -1 -0
    outer loop
      vertex -3.06418 -4 378.429
      vertex -6.8944 -4 375.215
      vertex -2.82843 -4 378.172
    endloop
  endfacet
  facet normal 0 -1 0
    outer loop
      vertex -6.36396 -4 374.636
      vertex -2.82843 -4 378.172
      vertex -6.8944 -4 375.215
    endloop
  endfacet
  facet normal 0 -1 -0
    outer loop
      vertex -2.82843 -4 378.172
      vertex -6.36396 -4 374.636
      vertex -2.57115 -4 377.936
    endloop
  endfacet
  facet normal 0 -1 0
    outer loop
      vertex -5.78509 -4 374.106
      vertex -2.57115 -4 377.936
      vertex -6.36396 -4 374.636
    endloop
  endfacet
  facet normal 0 -1 -0
    outer loop
      vertex -2.57115 -4 377.936
      vertex -5.78509 -4 374.106
      vertex -2.2943 -4 377.723
    endloop
  endfacet
  facet normal 0 -1 0
    outer loop
      vertex -5.16219 -4 373.628
      vertex -2.2943 -4 377.723
      vertex -5.78509 -4 374.106
    endloop
  endfacet
  facet normal 0 -1 -0
    outer loop
      vertex -2.2943 -4 377.723
      vertex -5.16219 -4 373.628
      vertex -2 -4 377.536
    endloop
  endfacet
  facet normal 0 -1 0
    outer loop
      vertex -4.5 -4 373.206
      vertex -2 -4 377.536
      vertex -5.16219 -4 373.628
    endloop
  endfacet
  facet normal 0 -1 0
    outer loop
      vertex -8.05451 -4 385
      vertex -9 -4 395
      vertex -9 -4 385
    endloop
  endfacet
  facet normal 0 -1 0
    outer loop
      vertex -1.69047 -4 384.625
      vertex -9 -4 395
      vertex -8.05451 -4 385
    endloop
  endfacet
  facet normal 0 -1 0
    outer loop
      vertex -9 -4 395
      vertex 0 -4 385
      vertex 9 -4 395
    endloop
  endfacet
  facet normal 0 -1 0
    outer loop
      vertex 0.348622 -4 384.985
      vertex 9 -4 395
      vertex 0 -4 385
    endloop
  endfacet
  facet normal 0 -1 -0
    outer loop
      vertex 9 -4 395
      vertex 8.05451 -4 385
      vertex 9 -4 385
    endloop
  endfacet
  facet normal -0.976263 0 0.216588
    outer loop
      vertex -8.86327 -4 382.563
      vertex -8.69333 4 383.329
      vertex -8.86327 4 382.563
    endloop
  endfacet
  facet normal -0.976263 0 0.216588
    outer loop
      vertex -8.69333 4 383.329
      vertex -8.86327 -4 382.563
      vertex -8.69333 -4 383.329
    endloop
  endfacet
  facet normal 0.923996 0 -0.382402
    outer loop
      vertex 8.45723 -4 377.922
      vertex 8.15677 4 377.196
      vertex 8.45723 4 377.922
    endloop
  endfacet
  facet normal 0.923996 0 -0.382402
    outer loop
      vertex 8.15677 4 377.196
      vertex 8.45723 -4 377.922
      vertex 8.15677 -4 377.196
    endloop
  endfacet
  facet normal 0 1 -0
    outer loop
      vertex -0.694592 4 384.939
      vertex -9 4 395
      vertex -0.348622 4 384.985
    endloop
  endfacet
  facet normal 0 1 -0
    outer loop
      vertex -1.03528 4 384.864
      vertex -9 4 395
      vertex -0.694592 4 384.939
    endloop
  endfacet
  facet normal 0 1 -0
    outer loop
      vertex -1.36808 4 384.759
      vertex -9 4 395
      vertex -1.03528 4 384.864
    endloop
  endfacet
  facet normal 0 1 -0
    outer loop
      vertex -1.69047 4 384.625
      vertex -9 4 395
      vertex -1.36808 4 384.759
    endloop
  endfacet
  facet normal 0 1 0
    outer loop
      vertex -9 4 395
      vertex -1.69047 4 384.625
      vertex -8.05451 4 385
    endloop
  endfacet
  facet normal 0 1 -0
    outer loop
      vertex -2 4 384.464
      vertex -8.05451 4 385
      vertex -1.69047 4 384.625
    endloop
  endfacet
  facet normal 0 1 -0
    outer loop
      vertex -2.2943 4 384.277
      vertex -8.05451 4 385
      vertex -2 4 384.464
    endloop
  endfacet
  facet normal 0 1 -0
    outer loop
      vertex -2.57115 4 384.064
      vertex -8.05451 4 385
      vertex -2.2943 4 384.277
    endloop
  endfacet
  facet normal 0 1 -0
    outer loop
      vertex -2.82843 4 383.828
      vertex -8.05451 4 385
      vertex -2.57115 4 384.064
    endloop
  endfacet
  facet normal 0 1 -0
    outer loop
      vertex -3.06418 4 383.571
      vertex -8.05451 4 385
      vertex -2.82843 4 383.828
    endloop
  endfacet
  facet normal 0 1 -0
    outer loop
      vertex -3.27661 4 383.294
      vertex -8.05451 4 385
      vertex -3.06418 4 383.571
    endloop
  endfacet
  facet normal 0 1 -0
    outer loop
      vertex -3.4641 4 383
      vertex -8.05451 4 385
      vertex -3.27661 4 383.294
    endloop
  endfacet
  facet normal 0 1 -0
    outer loop
      vertex -3.62523 4 382.69
      vertex -8.05451 4 385
      vertex -3.4641 4 383
    endloop
  endfacet
  facet normal 0 1 0
    outer loop
      vertex -8.05451 4 385
      vertex -3.62523 4 382.69
      vertex -8.15677 4 384.804
    endloop
  endfacet
  facet normal 0 1 0
    outer loop
      vertex -8.15677 4 384.804
      vertex -3.62523 4 382.69
      vertex -8.45723 4 384.078
    endloop
  endfacet
  facet normal 0 1 -0
    outer loop
      vertex -3.75877 4 382.368
      vertex -8.45723 4 384.078
      vertex -3.62523 4 382.69
    endloop
  endfacet
  facet normal 0 1 0
    outer loop
      vertex -8.45723 4 384.078
      vertex -3.75877 4 382.368
      vertex -8.69333 4 383.329
    endloop
  endfacet
  facet normal 0 1 -0
    outer loop
      vertex -3.8637 4 382.035
      vertex -8.69333 4 383.329
      vertex -3.75877 4 382.368
    endloop
  endfacet
  facet normal 0 1 0
    outer loop
      vertex -8.69333 4 383.329
      vertex -3.8637 4 382.035
      vertex -8.86327 4 382.563
    endloop
  endfacet
  facet normal 0 1 -0
    outer loop
      vertex -3.93923 4 381.695
      vertex -8.86327 4 382.563
      vertex -3.8637 4 382.035
    endloop
  endfacet
  facet normal 0 1 0
    outer loop
      vertex -8.86327 4 382.563
      vertex -3.93923 4 381.695
      vertex -8.96575 4 381.784
    endloop
  endfacet
  facet normal 0 1 -0
    outer loop
      vertex -3.98478 4 381.349
      vertex -8.96575 4 381.784
      vertex -3.93923 4 381.695
    endloop
  endfacet
  facet normal 0 1 -0
    outer loop
      vertex -4 4 381
      vertex -8.96575 4 381.784
      vertex -3.98478 4 381.349
    endloop
  endfacet
  facet normal 0 1 0
    outer loop
      vertex -4 4 381
      vertex -9 4 381
      vertex -8.96575 4 381.784
    endloop
  endfacet
  facet normal 0 1 0
    outer loop
      vertex -3.98478 4 380.651
      vertex -9 4 381
      vertex -4 4 381
    endloop
  endfacet
  facet normal 0 1 0
    outer loop
      vertex -8.96575 4 380.216
      vertex -3.98478 4 380.651
      vertex -3.93923 4 380.305
    endloop
  endfacet
  facet normal 0 1 0
    outer loop
      vertex -3.98478 4 380.651
      vertex -8.96575 4 380.216
      vertex -9 4 381
    endloop
  endfacet
  facet normal 0 1 0
    outer loop
      vertex -8.86327 4 379.437
      vertex -3.93923 4 380.305
      vertex -3.8637 4 379.965
    endloop
  endfacet
  facet normal 0 1 0
    outer loop
      vertex -8.69333 4 378.671
      vertex -3.8637 4 379.965
      vertex -3.75877 4 379.632
    endloop
  endfacet
  facet normal 0 1 0
    outer loop
      vertex -3.93923 4 380.305
      vertex -8.86327 4 379.437
      vertex -8.96575 4 380.216
    endloop
  endfacet
  facet normal 0 1 0
    outer loop
      vertex -8.45723 4 377.922
      vertex -3.75877 4 379.632
      vertex -3.62523 4 379.31
    endloop
  endfacet
  facet normal 0 1 0
    outer loop
      vertex -8.15677 4 377.196
      vertex -3.62523 4 379.31
      vertex -3.4641 4 379
    endloop
  endfacet
  facet normal 0 1 0
    outer loop
      vertex -7.79423 4 376.5
      vertex -3.4641 4 379
      vertex -3.27661 4 378.706
    endloop
  endfacet
  facet normal 0 1 0
    outer loop
      vertex -3.8637 4 379.965
      vertex -8.69333 4 378.671
      vertex -8.86327 4 379.437
    endloop
  endfacet
  facet normal 0 1 0
    outer loop
      vertex -7.37237 4 375.838
      vertex -3.27661 4 378.706
      vertex -3.06418 4 378.429
    endloop
  endfacet
  facet normal 0 1 0
    outer loop
      vertex -6.8944 4 375.215
      vertex -3.06418 4 378.429
      vertex -2.82843 4 378.172
    endloop
  endfacet
  facet normal 0 1 0
    outer loop
      vertex -6.36396 4 374.636
      vertex -2.82843 4 378.172
      vertex -2.57115 4 377.936
    endloop
  endfacet
  facet normal 0 1 0
    outer loop
      vertex -3.75877 4 379.632
      vertex -8.45723 4 377.922
      vertex -8.69333 4 378.671
    endloop
  endfacet
  facet normal 0 1 0
    outer loop
      vertex -5.78509 4 374.106
      vertex -2.57115 4 377.936
      vertex -2.2943 4 377.723
    endloop
  endfacet
  facet normal 0 1 0
    outer loop
      vertex -5.16219 4 373.628
      vertex -2.2943 4 377.723
      vertex -2 4 377.536
    endloop
  endfacet
  facet normal 0 1 0
    outer loop
      vertex -4.5 4 373.206
      vertex -2 4 377.536
      vertex -1.69047 4 377.375
    endloop
  endfacet
  facet normal 0 1 0
    outer loop
      vertex -3.80356 4 372.843
      vertex -1.69047 4 377.375
      vertex -1.36808 4 377.241
    endloop
  endfacet
  facet normal 0 1 0
    outer loop
      vertex -3.62523 4 379.31
      vertex -8.15677 4 377.196
      vertex -8.45723 4 377.922
    endloop
  endfacet
  facet normal 0 1 0
    outer loop
      vertex -3.07818 4 372.543
      vertex -1.36808 4 377.241
      vertex -1.03528 4 377.136
    endloop
  endfacet
  facet normal 0 1 0
    outer loop
      vertex -2.32937 4 372.307
      vertex -1.03528 4 377.136
      vertex -0.694592 4 377.061
    endloop
  endfacet
  facet normal 0 1 0
    outer loop
      vertex -1.56283 4 372.137
      vertex -0.694592 4 377.061
      vertex -0.348622 4 377.015
    endloop
  endfacet
  facet normal 0 1 0
    outer loop
      vertex -0.784401 4 372.034
      vertex -0.348622 4 377.015
      vertex 0 4 377
    endloop
  endfacet
  facet normal 0 1 0
    outer loop
      vertex 2 4 377.536
      vertex 4.5 4 373.206
      vertex 1.69047 4 377.375
    endloop
  endfacet
  facet normal 0 1 0
    outer loop
      vertex -3.4641 4 379
      vertex -7.79423 4 376.5
      vertex -8.15677 4 377.196
    endloop
  endfacet
  facet normal 0 1 -0
    outer loop
      vertex 3.80356 4 372.843
      vertex 1.69047 4 377.375
      vertex 4.5 4 373.206
    endloop
  endfacet
  facet normal 0 1 0
    outer loop
      vertex -3.27661 4 378.706
      vertex -7.37237 4 375.838
      vertex -7.79423 4 376.5
    endloop
  endfacet
  facet normal 0 1 0
    outer loop
      vertex 1.69047 4 377.375
      vertex 3.80356 4 372.843
      vertex 1.36808 4 377.241
    endloop
  endfacet
  facet normal 0 1 0
    outer loop
      vertex -3.06418 4 378.429
      vertex -6.8944 4 375.215
      vertex -7.37237 4 375.838
    endloop
  endfacet
  facet normal 0 1 -0
    outer loop
      vertex 3.07818 4 372.543
      vertex 1.36808 4 377.241
      vertex 3.80356 4 372.843
    endloop
  endfacet
  facet normal 0 1 0
    outer loop
      vertex -2.82843 4 378.172
      vertex -6.36396 4 374.636
      vertex -6.8944 4 375.215
    endloop
  endfacet
  facet normal 0 1 0
    outer loop
      vertex 1.36808 4 377.241
      vertex 3.07818 4 372.543
      vertex 1.03528 4 377.136
    endloop
  endfacet
  facet normal 0 1 0
    outer loop
      vertex -2.57115 4 377.936
      vertex -5.78509 4 374.106
      vertex -6.36396 4 374.636
    endloop
  endfacet
  facet normal 0 1 -0
    outer loop
      vertex 2.32937 4 372.307
      vertex 1.03528 4 377.136
      vertex 3.07818 4 372.543
    endloop
  endfacet
  facet normal 0 1 0
    outer loop
      vertex -2.2943 4 377.723
      vertex -5.16219 4 373.628
      vertex -5.78509 4 374.106
    endloop
  endfacet
  facet normal 0 1 0
    outer loop
      vertex 1.03528 4 377.136
      vertex 2.32937 4 372.307
      vertex 0.694592 4 377.061
    endloop
  endfacet
  facet normal 0 1 0
    outer loop
      vertex -2 4 377.536
      vertex -4.5 4 373.206
      vertex -5.16219 4 373.628
    endloop
  endfacet
  facet normal 0 1 -0
    outer loop
      vertex 1.56283 4 372.137
      vertex 0.694592 4 377.061
      vertex 2.32937 4 372.307
    endloop
  endfacet
  facet normal 0 1 0
    outer loop
      vertex -1.69047 4 377.375
      vertex -3.80356 4 372.843
      vertex -4.5 4 373.206
    endloop
  endfacet
  facet normal 0 1 0
    outer loop
      vertex 0.694592 4 377.061
      vertex 1.56283 4 372.137
      vertex 0.348622 4 377.015
    endloop
  endfacet
  facet normal 0 1 0
    outer loop
      vertex -1.36808 4 377.241
      vertex -3.07818 4 372.543
      vertex -3.80356 4 372.843
    endloop
  endfacet
  facet normal 0 1 -0
    outer loop
      vertex 0.784401 4 372.034
      vertex 0.348622 4 377.015
      vertex 1.56283 4 372.137
    endloop
  endfacet
  facet normal 0 1 0
    outer loop
      vertex -1.03528 4 377.136
      vertex -2.32937 4 372.307
      vertex -3.07818 4 372.543
    endloop
  endfacet
  facet normal 0 1 0
    outer loop
      vertex 0.348622 4 377.015
      vertex 0.784401 4 372.034
      vertex 0 4 377
    endloop
  endfacet
  facet normal 0 1 0
    outer loop
      vertex -0.694592 4 377.061
      vertex -1.56283 4 372.137
      vertex -2.32937 4 372.307
    endloop
  endfacet
  facet normal 0 1 0
    outer loop
      vertex 0 4 372
      vertex 0 4 377
      vertex 0.784401 4 372.034
    endloop
  endfacet
  facet normal 0 1 0
    outer loop
      vertex -0.348622 4 377.015
      vertex -0.784401 4 372.034
      vertex -1.56283 4 372.137
    endloop
  endfacet
  facet normal 0 1 0
    outer loop
      vertex 0 4 377
      vertex 0 4 372
      vertex -0.784401 4 372.034
    endloop
  endfacet
  facet normal 0 1 0
    outer loop
      vertex 9 4 395
      vertex 0.348622 4 384.985
      vertex 0 4 385
    endloop
  endfacet
  facet normal 0 1 0
    outer loop
      vertex 9 4 395
      vertex 0.694592 4 384.939
      vertex 0.348622 4 384.985
    endloop
  endfacet
  facet normal 0 1 0
    outer loop
      vertex 9 4 395
      vertex 1.03528 4 384.864
      vertex 0.694592 4 384.939
    endloop
  endfacet
  facet normal 0 1 0
    outer loop
      vertex 3.62523 4 382.69
      vertex 8.05451 4 385
      vertex 8.15677 4 384.804
    endloop
  endfacet
  facet normal 0 1 0
    outer loop
      vertex 9 4 395
      vertex 1.36808 4 384.759
      vertex 1.03528 4 384.864
    endloop
  endfacet
  facet normal 0 1 0
    outer loop
      vertex 9 4 395
      vertex 1.69047 4 384.625
      vertex 1.36808 4 384.759
    endloop
  endfacet
  facet normal 0 1 0
    outer loop
      vertex 8.05451 4 385
      vertex 2 4 384.464
      vertex 1.69047 4 384.625
    endloop
  endfacet
  facet normal 0 1 0
    outer loop
      vertex 8.05451 4 385
      vertex 2.2943 4 384.277
      vertex 2 4 384.464
    endloop
  endfacet
  facet normal 0 1 0
    outer loop
      vertex 3.62523 4 382.69
      vertex 8.15677 4 384.804
      vertex 8.45723 4 384.078
    endloop
  endfacet
  facet normal 0 1 0
    outer loop
      vertex 8.05451 4 385
      vertex 2.57115 4 384.064
      vertex 2.2943 4 384.277
    endloop
  endfacet
  facet normal 0 1 0
    outer loop
      vertex 8.05451 4 385
      vertex 2.82843 4 383.828
      vertex 2.57115 4 384.064
    endloop
  endfacet
  facet normal 0 1 0
    outer loop
      vertex 8.05451 4 385
      vertex 3.06418 4 383.571
      vertex 2.82843 4 383.828
    endloop
  endfacet
  facet normal 0 1 0
    outer loop
      vertex 3.75877 4 382.368
      vertex 8.45723 4 384.078
      vertex 8.69333 4 383.329
    endloop
  endfacet
  facet normal 0 1 0
    outer loop
      vertex 8.05451 4 385
      vertex 3.27661 4 383.294
      vertex 3.06418 4 383.571
    endloop
  endfacet
  facet normal 0 1 0
    outer loop
      vertex 8.05451 4 385
      vertex 3.4641 4 383
      vertex 3.27661 4 383.294
    endloop
  endfacet
  facet normal 0 1 0
    outer loop
      vertex 8.05451 4 385
      vertex 3.62523 4 382.69
      vertex 3.4641 4 383
    endloop
  endfacet
  facet normal 0 1 0
    outer loop
      vertex 3.8637 4 382.035
      vertex 8.69333 4 383.329
      vertex 8.86327 4 382.563
    endloop
  endfacet
  facet normal 0 1 0
    outer loop
      vertex 8.45723 4 384.078
      vertex 3.75877 4 382.368
      vertex 3.62523 4 382.69
    endloop
  endfacet
  facet normal 0 1 0
    outer loop
      vertex 8.69333 4 383.329
      vertex 3.8637 4 382.035
      vertex 3.75877 4 382.368
    endloop
  endfacet
  facet normal 0 1 0
    outer loop
      vertex 3.93923 4 381.695
      vertex 8.86327 4 382.563
      vertex 8.96575 4 381.784
    endloop
  endfacet
  facet normal 0 1 0
    outer loop
      vertex 8.86327 4 382.563
      vertex 3.93923 4 381.695
      vertex 3.8637 4 382.035
    endloop
  endfacet
  facet normal 0 1 0
    outer loop
      vertex 8.96575 4 381.784
      vertex 3.98478 4 381.349
      vertex 3.93923 4 381.695
    endloop
  endfacet
  facet normal 0 1 0
    outer loop
      vertex 9 4 381
      vertex 3.98478 4 381.349
      vertex 8.96575 4 381.784
    endloop
  endfacet
  facet normal 0 1 0
    outer loop
      vertex 9 4 381
      vertex 4 4 381
      vertex 3.98478 4 381.349
    endloop
  endfacet
  facet normal 0 1 0
    outer loop
      vertex 9 4 381
      vertex 3.98478 4 380.651
      vertex 4 4 381
    endloop
  endfacet
  facet normal 0 1 -0
    outer loop
      vertex 8.96575 4 380.216
      vertex 3.98478 4 380.651
      vertex 9 4 381
    endloop
  endfacet
  facet normal 0 1 0
    outer loop
      vertex 3.98478 4 380.651
      vertex 8.96575 4 380.216
      vertex 3.93923 4 380.305
    endloop
  endfacet
  facet normal 0 1 -0
    outer loop
      vertex 8.86327 4 379.437
      vertex 3.93923 4 380.305
      vertex 8.96575 4 380.216
    endloop
  endfacet
  facet normal 0 1 0
    outer loop
      vertex 3.93923 4 380.305
      vertex 8.86327 4 379.437
      vertex 3.8637 4 379.965
    endloop
  endfacet
  facet normal 0 1 -0
    outer loop
      vertex 8.69333 4 378.671
      vertex 3.8637 4 379.965
      vertex 8.86327 4 379.437
    endloop
  endfacet
  facet normal 0 1 0
    outer loop
      vertex 3.8637 4 379.965
      vertex 8.69333 4 378.671
      vertex 3.75877 4 379.632
    endloop
  endfacet
  facet normal 0 1 -0
    outer loop
      vertex 8.45723 4 377.922
      vertex 3.75877 4 379.632
      vertex 8.69333 4 378.671
    endloop
  endfacet
  facet normal 0 1 0
    outer loop
      vertex 3.75877 4 379.632
      vertex 8.45723 4 377.922
      vertex 3.62523 4 379.31
    endloop
  endfacet
  facet normal 0 1 -0
    outer loop
      vertex 8.15677 4 377.196
      vertex 3.62523 4 379.31
      vertex 8.45723 4 377.922
    endloop
  endfacet
  facet normal 0 1 0
    outer loop
      vertex 3.62523 4 379.31
      vertex 8.15677 4 377.196
      vertex 3.4641 4 379
    endloop
  endfacet
  facet normal 0 1 -0
    outer loop
      vertex 7.79423 4 376.5
      vertex 3.4641 4 379
      vertex 8.15677 4 377.196
    endloop
  endfacet
  facet normal 0 1 0
    outer loop
      vertex 3.4641 4 379
      vertex 7.79423 4 376.5
      vertex 3.27661 4 378.706
    endloop
  endfacet
  facet normal 0 1 -0
    outer loop
      vertex 7.37237 4 375.838
      vertex 3.27661 4 378.706
      vertex 7.79423 4 376.5
    endloop
  endfacet
  facet normal 0 1 0
    outer loop
      vertex 3.27661 4 378.706
      vertex 7.37237 4 375.838
      vertex 3.06418 4 378.429
    endloop
  endfacet
  facet normal 0 1 -0
    outer loop
      vertex 6.8944 4 375.215
      vertex 3.06418 4 378.429
      vertex 7.37237 4 375.838
    endloop
  endfacet
  facet normal 0 1 0
    outer loop
      vertex 3.06418 4 378.429
      vertex 6.8944 4 375.215
      vertex 2.82843 4 378.172
    endloop
  endfacet
  facet normal 0 1 -0
    outer loop
      vertex 6.36396 4 374.636
      vertex 2.82843 4 378.172
      vertex 6.8944 4 375.215
    endloop
  endfacet
  facet normal 0 1 0
    outer loop
      vertex 2.82843 4 378.172
      vertex 6.36396 4 374.636
      vertex 2.57115 4 377.936
    endloop
  endfacet
  facet normal 0 1 -0
    outer loop
      vertex 5.78509 4 374.106
      vertex 2.57115 4 377.936
      vertex 6.36396 4 374.636
    endloop
  endfacet
  facet normal 0 1 0
    outer loop
      vertex 2.57115 4 377.936
      vertex 5.78509 4 374.106
      vertex 2.2943 4 377.723
    endloop
  endfacet
  facet normal 0 1 -0
    outer loop
      vertex 5.16219 4 373.628
      vertex 2.2943 4 377.723
      vertex 5.78509 4 374.106
    endloop
  endfacet
  facet normal 0 1 0
    outer loop
      vertex 2.2943 4 377.723
      vertex 5.16219 4 373.628
      vertex 2 4 377.536
    endloop
  endfacet
  facet normal 0 1 -0
    outer loop
      vertex 4.5 4 373.206
      vertex 2 4 377.536
      vertex 5.16219 4 373.628
    endloop
  endfacet
  facet normal 0 1 0
    outer loop
      vertex 8.05451 4 385
      vertex 9 4 395
      vertex 9 4 385
    endloop
  endfacet
  facet normal 0 1 0
    outer loop
      vertex 1.69047 4 384.625
      vertex 9 4 395
      vertex 8.05451 4 385
    endloop
  endfacet
  facet normal 0 1 0
    outer loop
      vertex 9 4 395
      vertex 0 4 385
      vertex -9 4 395
    endloop
  endfacet
  facet normal 0 1 -0
    outer loop
      vertex -0.348622 4 384.985
      vertex -9 4 395
      vertex 0 4 385
    endloop
  endfacet
  facet normal 0 1 0
    outer loop
      vertex -9 4 395
      vertex -8.05451 4 385
      vertex -9 4 385
    endloop
  endfacet
  facet normal 0.793399 0 -0.608702
    outer loop
      vertex 7.37237 -4 375.838
      vertex 6.8944 4 375.215
      vertex 7.37237 4 375.838
    endloop
  endfacet
  facet normal 0.793399 0 -0.608702
    outer loop
      vertex 6.8944 4 375.215
      vertex 7.37237 -4 375.838
      vertex 6.8944 -4 375.215
    endloop
  endfacet
  facet normal -1 0 0
    outer loop
      vertex -9 -4 385
      vertex -9 4 395
      vertex -9 4 385
    endloop
  endfacet
  facet normal -1 -0 0
    outer loop
      vertex -9 4 395
      vertex -9 -4 385
      vertex -9 -4 395
    endloop
  endfacet
  facet normal 0 0 -1
    outer loop
      vertex 8.05451 -4 385
      vertex 9 4 385
      vertex 9 -4 385
    endloop
  endfacet
  facet normal -0 0 -1
    outer loop
      vertex 9 4 385
      vertex 8.05451 -4 385
      vertex 8.05451 4 385
    endloop
  endfacet
  facet normal 0 0 -1
    outer loop
      vertex -9 -4 385
      vertex -8.05451 4 385
      vertex -8.05451 -4 385
    endloop
  endfacet
  facet normal -0 0 -1
    outer loop
      vertex -8.05451 4 385
      vertex -9 -4 385
      vertex -9 4 385
    endloop
  endfacet
  facet normal -0 0 1
    outer loop
      vertex -9 4 395
      vertex 9 -4 395
      vertex 9 4 395
    endloop
  endfacet
  facet normal 0 0 1
    outer loop
      vertex 9 -4 395
      vertex -9 4 395
      vertex -9 -4 395
    endloop
  endfacet
  facet normal 1 -0 0
    outer loop
      vertex 9 -4 395
      vertex 9 4 385
      vertex 9 4 395
    endloop
  endfacet
  facet normal 1 0 0
    outer loop
      vertex 9 4 385
      vertex 9 -4 395
      vertex 9 -4 385
    endloop
  endfacet
  facet normal 0.991446 -0 0.130521
    outer loop
      vertex -3.98478 -4 380.651
      vertex -3.93923 4 380.305
      vertex -3.98478 4 380.651
    endloop
  endfacet
  facet normal 0.991446 0 0.130521
    outer loop
      vertex -3.93923 4 380.305
      vertex -3.98478 -4 380.651
      vertex -3.93923 -4 380.305
    endloop
  endfacet
  facet normal 0.99905 -0 0.0435689
    outer loop
      vertex -4 -4 381
      vertex -3.98478 4 380.651
      vertex -4 4 381
    endloop
  endfacet
  facet normal 0.99905 0 0.0435689
    outer loop
      vertex -3.98478 4 380.651
      vertex -4 -4 381
      vertex -3.98478 -4 380.651
    endloop
  endfacet
  facet normal 0.976203 -0 0.216861
    outer loop
      vertex -3.93923 -4 380.305
      vertex -3.8637 4 379.965
      vertex -3.93923 4 380.305
    endloop
  endfacet
  facet normal 0.976203 0 0.216861
    outer loop
      vertex -3.8637 4 379.965
      vertex -3.93923 -4 380.305
      vertex -3.8637 -4 379.965
    endloop
  endfacet
  facet normal 0.923714 -0 0.383083
    outer loop
      vertex -3.75877 -4 379.632
      vertex -3.62523 4 379.31
      vertex -3.75877 4 379.632
    endloop
  endfacet
  facet normal 0.923714 0 0.383083
    outer loop
      vertex -3.62523 4 379.31
      vertex -3.75877 -4 379.632
      vertex -3.62523 -4 379.31
    endloop
  endfacet
  facet normal -0.843143 0 0.53769
    outer loop
      vertex 3.27661 -4 378.706
      vertex 3.4641 4 379
      vertex 3.27661 4 378.706
    endloop
  endfacet
  facet normal -0.843143 0 0.53769
    outer loop
      vertex 3.4641 4 379
      vertex 3.27661 -4 378.706
      vertex 3.4641 -4 379
    endloop
  endfacet
  facet normal 0.461453 0 -0.887165
    outer loop
      vertex -2 -4 384.464
      vertex -1.69047 4 384.625
      vertex -1.69047 -4 384.625
    endloop
  endfacet
  facet normal 0.461453 0 -0.887165
    outer loop
      vertex -1.69047 4 384.625
      vertex -2 -4 384.464
      vertex -2 4 384.464
    endloop
  endfacet
  facet normal -0.95377 0 0.300538
    outer loop
      vertex 3.75877 -4 379.632
      vertex 3.8637 4 379.965
      vertex 3.75877 4 379.632
    endloop
  endfacet
  facet normal -0.95377 0 0.300538
    outer loop
      vertex 3.8637 4 379.965
      vertex 3.75877 -4 379.632
      vertex 3.8637 -4 379.965
    endloop
  endfacet
  facet normal -0.461453 0 -0.887165
    outer loop
      vertex 1.69047 -4 384.625
      vertex 2 4 384.464
      vertex 2 -4 384.464
    endloop
  endfacet
  facet normal -0.461453 0 -0.887165
    outer loop
      vertex 2 4 384.464
      vertex 1.69047 -4 384.625
      vertex 1.69047 4 384.625
    endloop
  endfacet
  facet normal 0.1318 0 0.991276
    outer loop
      vertex -0.694592 4 377.061
      vertex -0.348622 -4 377.015
      vertex -0.348622 4 377.015
    endloop
  endfacet
  facet normal 0.1318 0 0.991276
    outer loop
      vertex -0.348622 -4 377.015
      vertex -0.694592 4 377.061
      vertex -0.694592 -4 377.061
    endloop
  endfacet
  facet normal -0.923714 0 -0.383083
    outer loop
      vertex 3.75877 -4 382.368
      vertex 3.62523 4 382.69
      vertex 3.75877 4 382.368
    endloop
  endfacet
  facet normal -0.923714 -0 -0.383083
    outer loop
      vertex 3.62523 4 382.69
      vertex 3.75877 -4 382.368
      vertex 3.62523 -4 382.69
    endloop
  endfacet
  facet normal 0.793519 0 -0.608546
    outer loop
      vertex -3.06418 -4 383.571
      vertex -3.27661 4 383.294
      vertex -3.06418 4 383.571
    endloop
  endfacet
  facet normal 0.793519 0 -0.608546
    outer loop
      vertex -3.27661 4 383.294
      vertex -3.06418 -4 383.571
      vertex -3.27661 -4 383.294
    endloop
  endfacet
  facet normal -0.736916 0 0.675984
    outer loop
      vertex 2.82843 -4 378.172
      vertex 3.06418 4 378.429
      vertex 2.82843 4 378.172
    endloop
  endfacet
  facet normal -0.736916 0 0.675984
    outer loop
      vertex 3.06418 4 378.429
      vertex 2.82843 -4 378.172
      vertex 3.06418 -4 378.429
    endloop
  endfacet
  facet normal 0.887299 -0 0.461195
    outer loop
      vertex -3.62523 -4 379.31
      vertex -3.4641 4 379
      vertex -3.62523 4 379.31
    endloop
  endfacet
  facet normal 0.887299 0 0.461195
    outer loop
      vertex -3.4641 4 379
      vertex -3.62523 -4 379.31
      vertex -3.4641 -4 379
    endloop
  endfacet
  facet normal -0.843143 0 -0.53769
    outer loop
      vertex 3.4641 -4 383
      vertex 3.27661 4 383.294
      vertex 3.4641 4 383
    endloop
  endfacet
  facet normal -0.843143 -0 -0.53769
    outer loop
      vertex 3.27661 4 383.294
      vertex 3.4641 -4 383
      vertex 3.27661 -4 383.294
    endloop
  endfacet
  facet normal 0.1318 0 -0.991276
    outer loop
      vertex -0.694592 -4 384.939
      vertex -0.348622 4 384.985
      vertex -0.348622 -4 384.985
    endloop
  endfacet
  facet normal 0.1318 0 -0.991276
    outer loop
      vertex -0.348622 4 384.985
      vertex -0.694592 -4 384.939
      vertex -0.694592 4 384.939
    endloop
  endfacet
  facet normal 0.976203 0 -0.216861
    outer loop
      vertex -3.8637 -4 382.035
      vertex -3.93923 4 381.695
      vertex -3.8637 4 382.035
    endloop
  endfacet
  facet normal 0.976203 0 -0.216861
    outer loop
      vertex -3.93923 4 381.695
      vertex -3.8637 -4 382.035
      vertex -3.93923 -4 381.695
    endloop
  endfacet
  facet normal 0.843143 0 -0.53769
    outer loop
      vertex -3.27661 -4 383.294
      vertex -3.4641 4 383
      vertex -3.27661 4 383.294
    endloop
  endfacet
  facet normal 0.843143 0 -0.53769
    outer loop
      vertex -3.4641 4 383
      vertex -3.27661 -4 383.294
      vertex -3.4641 -4 383
    endloop
  endfacet
  facet normal 0.95377 -0 0.300538
    outer loop
      vertex -3.8637 -4 379.965
      vertex -3.75877 4 379.632
      vertex -3.8637 4 379.965
    endloop
  endfacet
  facet normal 0.95377 0 0.300538
    outer loop
      vertex -3.75877 4 379.632
      vertex -3.8637 -4 379.965
      vertex -3.75877 -4 379.632
    endloop
  endfacet
  facet normal -0.383812 0 -0.923411
    outer loop
      vertex 1.36808 -4 384.759
      vertex 1.69047 4 384.625
      vertex 1.69047 -4 384.625
    endloop
  endfacet
  facet normal -0.383812 0 -0.923411
    outer loop
      vertex 1.69047 4 384.625
      vertex 1.36808 -4 384.759
      vertex 1.36808 4 384.759
    endloop
  endfacet
  facet normal 0.736916 -0 0.675984
    outer loop
      vertex -3.06418 -4 378.429
      vertex -2.82843 4 378.172
      vertex -3.06418 4 378.429
    endloop
  endfacet
  facet normal 0.736916 0 0.675984
    outer loop
      vertex -2.82843 4 378.172
      vertex -3.06418 -4 378.429
      vertex -2.82843 -4 378.172
    endloop
  endfacet
  facet normal 0.5363 0 0.844027
    outer loop
      vertex -2.2943 4 377.723
      vertex -2 -4 377.536
      vertex -2 4 377.536
    endloop
  endfacet
  facet normal 0.5363 0 0.844027
    outer loop
      vertex -2 -4 377.536
      vertex -2.2943 4 377.723
      vertex -2.2943 -4 377.723
    endloop
  endfacet
  facet normal -0.214995 0 0.976615
    outer loop
      vertex 0.694592 4 377.061
      vertex 1.03528 -4 377.136
      vertex 1.03528 4 377.136
    endloop
  endfacet
  facet normal -0.214995 0 0.976615
    outer loop
      vertex 1.03528 -4 377.136
      vertex 0.694592 4 377.061
      vertex 0.694592 -4 377.061
    endloop
  endfacet
  facet normal 0.95377 0 -0.300538
    outer loop
      vertex -3.75877 -4 382.368
      vertex -3.8637 4 382.035
      vertex -3.75877 4 382.368
    endloop
  endfacet
  facet normal 0.95377 0 -0.300538
    outer loop
      vertex -3.8637 4 382.035
      vertex -3.75877 -4 382.368
      vertex -3.8637 -4 382.035
    endloop
  endfacet
  facet normal -0.60978 0 -0.792571
    outer loop
      vertex 2.2943 -4 384.277
      vertex 2.57115 4 384.064
      vertex 2.57115 -4 384.064
    endloop
  endfacet
  facet normal -0.60978 0 -0.792571
    outer loop
      vertex 2.57115 4 384.064
      vertex 2.2943 -4 384.277
      vertex 2.2943 4 384.277
    endloop
  endfacet
  facet normal 0.923714 0 -0.383083
    outer loop
      vertex -3.62523 -4 382.69
      vertex -3.75877 4 382.368
      vertex -3.62523 4 382.69
    endloop
  endfacet
  facet normal 0.923714 0 -0.383083
    outer loop
      vertex -3.75877 4 382.368
      vertex -3.62523 -4 382.69
      vertex -3.75877 -4 382.368
    endloop
  endfacet
  facet normal 0.383812 0 0.923411
    outer loop
      vertex -1.69047 4 377.375
      vertex -1.36808 -4 377.241
      vertex -1.36808 4 377.241
    endloop
  endfacet
  facet normal 0.383812 0 0.923411
    outer loop
      vertex -1.36808 -4 377.241
      vertex -1.69047 4 377.375
      vertex -1.69047 -4 377.375
    endloop
  endfacet
  facet normal -0.60978 0 0.792571
    outer loop
      vertex 2.2943 4 377.723
      vertex 2.57115 -4 377.936
      vertex 2.57115 4 377.936
    endloop
  endfacet
  facet normal -0.60978 0 0.792571
    outer loop
      vertex 2.57115 -4 377.936
      vertex 2.2943 4 377.723
      vertex 2.2943 -4 377.723
    endloop
  endfacet
  facet normal 0.214995 0 0.976615
    outer loop
      vertex -1.03528 4 377.136
      vertex -0.694592 -4 377.061
      vertex -0.694592 4 377.061
    endloop
  endfacet
  facet normal 0.214995 0 0.976615
    outer loop
      vertex -0.694592 -4 377.061
      vertex -1.03528 4 377.136
      vertex -1.03528 -4 377.136
    endloop
  endfacet
  facet normal 0.461453 0 0.887165
    outer loop
      vertex -2 4 377.536
      vertex -1.69047 -4 377.375
      vertex -1.69047 4 377.375
    endloop
  endfacet
  facet normal 0.461453 0 0.887165
    outer loop
      vertex -1.69047 -4 377.375
      vertex -2 4 377.536
      vertex -2 -4 377.536
    endloop
  endfacet
  facet normal -0.991446 0 0.130521
    outer loop
      vertex 3.93923 -4 380.305
      vertex 3.98478 4 380.651
      vertex 3.93923 4 380.305
    endloop
  endfacet
  facet normal -0.991446 0 0.130521
    outer loop
      vertex 3.98478 4 380.651
      vertex 3.93923 -4 380.305
      vertex 3.98478 -4 380.651
    endloop
  endfacet
  facet normal -0.99905 0 -0.0435689
    outer loop
      vertex 4 -4 381
      vertex 3.98478 4 381.349
      vertex 4 4 381
    endloop
  endfacet
  facet normal -0.99905 -0 -0.0435689
    outer loop
      vertex 3.98478 4 381.349
      vertex 4 -4 381
      vertex 3.98478 -4 381.349
    endloop
  endfacet
  facet normal -0.923714 0 0.383083
    outer loop
      vertex 3.62523 -4 379.31
      vertex 3.75877 4 379.632
      vertex 3.62523 4 379.31
    endloop
  endfacet
  facet normal -0.923714 0 0.383083
    outer loop
      vertex 3.75877 4 379.632
      vertex 3.62523 -4 379.31
      vertex 3.75877 -4 379.632
    endloop
  endfacet
  facet normal -0.5363 0 -0.844027
    outer loop
      vertex 2 -4 384.464
      vertex 2.2943 4 384.277
      vertex 2.2943 -4 384.277
    endloop
  endfacet
  facet normal -0.5363 0 -0.844027
    outer loop
      vertex 2.2943 4 384.277
      vertex 2 -4 384.464
      vertex 2 4 384.464
    endloop
  endfacet
  facet normal 0.300885 0 -0.953661
    outer loop
      vertex -1.36808 -4 384.759
      vertex -1.03528 4 384.864
      vertex -1.03528 -4 384.864
    endloop
  endfacet
  facet normal 0.300885 0 -0.953661
    outer loop
      vertex -1.03528 4 384.864
      vertex -1.36808 -4 384.759
      vertex -1.36808 4 384.759
    endloop
  endfacet
  facet normal -0.976203 0 0.216861
    outer loop
      vertex 3.8637 -4 379.965
      vertex 3.93923 4 380.305
      vertex 3.8637 4 379.965
    endloop
  endfacet
  facet normal -0.976203 0 0.216861
    outer loop
      vertex 3.93923 4 380.305
      vertex 3.8637 -4 379.965
      vertex 3.93923 -4 380.305
    endloop
  endfacet
  facet normal 0.793519 -0 0.608546
    outer loop
      vertex -3.27661 -4 378.706
      vertex -3.06418 4 378.429
      vertex -3.27661 4 378.706
    endloop
  endfacet
  facet normal 0.793519 0 0.608546
    outer loop
      vertex -3.06418 4 378.429
      vertex -3.27661 -4 378.706
      vertex -3.06418 -4 378.429
    endloop
  endfacet
  facet normal 0.60978 0 0.792571
    outer loop
      vertex -2.57115 4 377.936
      vertex -2.2943 -4 377.723
      vertex -2.2943 4 377.723
    endloop
  endfacet
  facet normal 0.60978 0 0.792571
    outer loop
      vertex -2.2943 -4 377.723
      vertex -2.57115 4 377.936
      vertex -2.57115 -4 377.936
    endloop
  endfacet
  facet normal 0.0429868 0 -0.999076
    outer loop
      vertex -0.348622 -4 384.985
      vertex 0 4 385
      vertex 0 -4 385
    endloop
  endfacet
  facet normal 0.0429868 0 -0.999076
    outer loop
      vertex 0 4 385
      vertex -0.348622 -4 384.985
      vertex -0.348622 4 384.985
    endloop
  endfacet
  facet normal -0.675974 0 -0.736926
    outer loop
      vertex 2.57115 -4 384.064
      vertex 2.82843 4 383.828
      vertex 2.82843 -4 383.828
    endloop
  endfacet
  facet normal -0.675974 0 -0.736926
    outer loop
      vertex 2.82843 4 383.828
      vertex 2.57115 -4 384.064
      vertex 2.57115 4 384.064
    endloop
  endfacet
  facet normal 0.887299 0 -0.461195
    outer loop
      vertex -3.4641 -4 383
      vertex -3.62523 4 382.69
      vertex -3.4641 4 383
    endloop
  endfacet
  facet normal 0.887299 0 -0.461195
    outer loop
      vertex -3.62523 4 382.69
      vertex -3.4641 -4 383
      vertex -3.62523 -4 382.69
    endloop
  endfacet
  facet normal -0.1318 0 0.991276
    outer loop
      vertex 0.348622 4 377.015
      vertex 0.694592 -4 377.061
      vertex 0.694592 4 377.061
    endloop
  endfacet
  facet normal -0.1318 0 0.991276
    outer loop
      vertex 0.694592 -4 377.061
      vertex 0.348622 4 377.015
      vertex 0.348622 -4 377.015
    endloop
  endfacet
  facet normal -0.5363 0 0.844027
    outer loop
      vertex 2 4 377.536
      vertex 2.2943 -4 377.723
      vertex 2.2943 4 377.723
    endloop
  endfacet
  facet normal -0.5363 0 0.844027
    outer loop
      vertex 2.2943 -4 377.723
      vertex 2 4 377.536
      vertex 2 -4 377.536
    endloop
  endfacet
  facet normal -0.976203 0 -0.216861
    outer loop
      vertex 3.93923 -4 381.695
      vertex 3.8637 4 382.035
      vertex 3.93923 4 381.695
    endloop
  endfacet
  facet normal -0.976203 -0 -0.216861
    outer loop
      vertex 3.8637 4 382.035
      vertex 3.93923 -4 381.695
      vertex 3.8637 -4 382.035
    endloop
  endfacet
  facet normal -0.0429868 0 -0.999076
    outer loop
      vertex 0 -4 385
      vertex 0.348622 4 384.985
      vertex 0.348622 -4 384.985
    endloop
  endfacet
  facet normal -0.0429868 0 -0.999076
    outer loop
      vertex 0.348622 4 384.985
      vertex 0 -4 385
      vertex 0 4 385
    endloop
  endfacet
  facet normal 0.99905 0 -0.0435689
    outer loop
      vertex -3.98478 -4 381.349
      vertex -4 4 381
      vertex -3.98478 4 381.349
    endloop
  endfacet
  facet normal 0.99905 0 -0.0435689
    outer loop
      vertex -4 4 381
      vertex -3.98478 -4 381.349
      vertex -4 -4 381
    endloop
  endfacet
  facet normal 0.991446 0 -0.130521
    outer loop
      vertex -3.93923 -4 381.695
      vertex -3.98478 4 381.349
      vertex -3.93923 4 381.695
    endloop
  endfacet
  facet normal 0.991446 0 -0.130521
    outer loop
      vertex -3.98478 4 381.349
      vertex -3.93923 -4 381.695
      vertex -3.98478 -4 381.349
    endloop
  endfacet
  facet normal -0.675974 0 0.736926
    outer loop
      vertex 2.57115 4 377.936
      vertex 2.82843 -4 378.172
      vertex 2.82843 4 378.172
    endloop
  endfacet
  facet normal -0.675974 0 0.736926
    outer loop
      vertex 2.82843 -4 378.172
      vertex 2.57115 4 377.936
      vertex 2.57115 -4 377.936
    endloop
  endfacet
  facet normal 0.5363 0 -0.844027
    outer loop
      vertex -2.2943 -4 384.277
      vertex -2 4 384.464
      vertex -2 -4 384.464
    endloop
  endfacet
  facet normal 0.5363 0 -0.844027
    outer loop
      vertex -2 4 384.464
      vertex -2.2943 -4 384.277
      vertex -2.2943 4 384.277
    endloop
  endfacet
  facet normal 0.0429868 0 0.999076
    outer loop
      vertex -0.348622 4 377.015
      vertex 0 -4 377
      vertex 0 4 377
    endloop
  endfacet
  facet normal 0.0429868 0 0.999076
    outer loop
      vertex 0 -4 377
      vertex -0.348622 4 377.015
      vertex -0.348622 -4 377.015
    endloop
  endfacet
  facet normal -0.383812 0 0.923411
    outer loop
      vertex 1.36808 4 377.241
      vertex 1.69047 -4 377.375
      vertex 1.69047 4 377.375
    endloop
  endfacet
  facet normal -0.383812 0 0.923411
    outer loop
      vertex 1.69047 -4 377.375
      vertex 1.36808 4 377.241
      vertex 1.36808 -4 377.241
    endloop
  endfacet
  facet normal -0.0429868 0 0.999076
    outer loop
      vertex 0 4 377
      vertex 0.348622 -4 377.015
      vertex 0.348622 4 377.015
    endloop
  endfacet
  facet normal -0.0429868 0 0.999076
    outer loop
      vertex 0.348622 -4 377.015
      vertex 0 4 377
      vertex 0 -4 377
    endloop
  endfacet
  facet normal -0.300885 0 0.953661
    outer loop
      vertex 1.03528 4 377.136
      vertex 1.36808 -4 377.241
      vertex 1.36808 4 377.241
    endloop
  endfacet
  facet normal -0.300885 0 0.953661
    outer loop
      vertex 1.36808 -4 377.241
      vertex 1.03528 4 377.136
      vertex 1.03528 -4 377.136
    endloop
  endfacet
  facet normal -0.887299 0 -0.461195
    outer loop
      vertex 3.62523 -4 382.69
      vertex 3.4641 4 383
      vertex 3.62523 4 382.69
    endloop
  endfacet
  facet normal -0.887299 -0 -0.461195
    outer loop
      vertex 3.4641 4 383
      vertex 3.62523 -4 382.69
      vertex 3.4641 -4 383
    endloop
  endfacet
  facet normal 0.383812 0 -0.923411
    outer loop
      vertex -1.69047 -4 384.625
      vertex -1.36808 4 384.759
      vertex -1.36808 -4 384.759
    endloop
  endfacet
  facet normal 0.383812 0 -0.923411
    outer loop
      vertex -1.36808 4 384.759
      vertex -1.69047 -4 384.625
      vertex -1.69047 4 384.625
    endloop
  endfacet
  facet normal -0.793519 0 0.608546
    outer loop
      vertex 3.06418 -4 378.429
      vertex 3.27661 4 378.706
      vertex 3.06418 4 378.429
    endloop
  endfacet
  facet normal -0.793519 0 0.608546
    outer loop
      vertex 3.27661 4 378.706
      vertex 3.06418 -4 378.429
      vertex 3.27661 -4 378.706
    endloop
  endfacet
  facet normal -0.461453 0 0.887165
    outer loop
      vertex 1.69047 4 377.375
      vertex 2 -4 377.536
      vertex 2 4 377.536
    endloop
  endfacet
  facet normal -0.461453 0 0.887165
    outer loop
      vertex 2 -4 377.536
      vertex 1.69047 4 377.375
      vertex 1.69047 -4 377.375
    endloop
  endfacet
  facet normal -0.736916 0 -0.675984
    outer loop
      vertex 3.06418 -4 383.571
      vertex 2.82843 4 383.828
      vertex 3.06418 4 383.571
    endloop
  endfacet
  facet normal -0.736916 -0 -0.675984
    outer loop
      vertex 2.82843 4 383.828
      vertex 3.06418 -4 383.571
      vertex 2.82843 -4 383.828
    endloop
  endfacet
  facet normal -0.793519 0 -0.608546
    outer loop
      vertex 3.27661 -4 383.294
      vertex 3.06418 4 383.571
      vertex 3.27661 4 383.294
    endloop
  endfacet
  facet normal -0.793519 -0 -0.608546
    outer loop
      vertex 3.06418 4 383.571
      vertex 3.27661 -4 383.294
      vertex 3.06418 -4 383.571
    endloop
  endfacet
  facet normal 0.675974 0 0.736926
    outer loop
      vertex -2.82843 4 378.172
      vertex -2.57115 -4 377.936
      vertex -2.57115 4 377.936
    endloop
  endfacet
  facet normal 0.675974 0 0.736926
    outer loop
      vertex -2.57115 -4 377.936
      vertex -2.82843 4 378.172
      vertex -2.82843 -4 378.172
    endloop
  endfacet
  facet normal -0.991446 0 -0.130521
    outer loop
      vertex 3.98478 -4 381.349
      vertex 3.93923 4 381.695
      vertex 3.98478 4 381.349
    endloop
  endfacet
  facet normal -0.991446 -0 -0.130521
    outer loop
      vertex 3.93923 4 381.695
      vertex 3.98478 -4 381.349
      vertex 3.93923 -4 381.695
    endloop
  endfacet
  facet normal 0.60978 0 -0.792571
    outer loop
      vertex -2.57115 -4 384.064
      vertex -2.2943 4 384.277
      vertex -2.2943 -4 384.277
    endloop
  endfacet
  facet normal 0.60978 0 -0.792571
    outer loop
      vertex -2.2943 4 384.277
      vertex -2.57115 -4 384.064
      vertex -2.57115 4 384.064
    endloop
  endfacet
  facet normal 0.843143 -0 0.53769
    outer loop
      vertex -3.4641 -4 379
      vertex -3.27661 4 378.706
      vertex -3.4641 4 379
    endloop
  endfacet
  facet normal 0.843143 0 0.53769
    outer loop
      vertex -3.27661 4 378.706
      vertex -3.4641 -4 379
      vertex -3.27661 -4 378.706
    endloop
  endfacet
  facet normal -0.95377 0 -0.300538
    outer loop
      vertex 3.8637 -4 382.035
      vertex 3.75877 4 382.368
      vertex 3.8637 4 382.035
    endloop
  endfacet
  facet normal -0.95377 -0 -0.300538
    outer loop
      vertex 3.75877 4 382.368
      vertex 3.8637 -4 382.035
      vertex 3.75877 -4 382.368
    endloop
  endfacet
  facet normal -0.99905 0 0.0435689
    outer loop
      vertex 3.98478 -4 380.651
      vertex 4 4 381
      vertex 3.98478 4 380.651
    endloop
  endfacet
  facet normal -0.99905 0 0.0435689
    outer loop
      vertex 4 4 381
      vertex 3.98478 -4 380.651
      vertex 4 -4 381
    endloop
  endfacet
  facet normal 0.736916 0 -0.675984
    outer loop
      vertex -2.82843 -4 383.828
      vertex -3.06418 4 383.571
      vertex -2.82843 4 383.828
    endloop
  endfacet
  facet normal 0.736916 0 -0.675984
    outer loop
      vertex -3.06418 4 383.571
      vertex -2.82843 -4 383.828
      vertex -3.06418 -4 383.571
    endloop
  endfacet
  facet normal 0.214995 0 -0.976615
    outer loop
      vertex -1.03528 -4 384.864
      vertex -0.694592 4 384.939
      vertex -0.694592 -4 384.939
    endloop
  endfacet
  facet normal 0.214995 0 -0.976615
    outer loop
      vertex -0.694592 4 384.939
      vertex -1.03528 -4 384.864
      vertex -1.03528 4 384.864
    endloop
  endfacet
  facet normal -0.1318 0 -0.991276
    outer loop
      vertex 0.348622 -4 384.985
      vertex 0.694592 4 384.939
      vertex 0.694592 -4 384.939
    endloop
  endfacet
  facet normal -0.1318 0 -0.991276
    outer loop
      vertex 0.694592 4 384.939
      vertex 0.348622 -4 384.985
      vertex 0.348622 4 384.985
    endloop
  endfacet
  facet normal 0.300885 0 0.953661
    outer loop
      vertex -1.36808 4 377.241
      vertex -1.03528 -4 377.136
      vertex -1.03528 4 377.136
    endloop
  endfacet
  facet normal 0.300885 0 0.953661
    outer loop
      vertex -1.03528 -4 377.136
      vertex -1.36808 4 377.241
      vertex -1.36808 -4 377.241
    endloop
  endfacet
  facet normal 0.675974 0 -0.736926
    outer loop
      vertex -2.82843 -4 383.828
      vertex -2.57115 4 384.064
      vertex -2.57115 -4 384.064
    endloop
  endfacet
  facet normal 0.675974 0 -0.736926
    outer loop
      vertex -2.57115 4 384.064
      vertex -2.82843 -4 383.828
      vertex -2.82843 4 383.828
    endloop
  endfacet
  facet normal -0.214995 0 -0.976615
    outer loop
      vertex 0.694592 -4 384.939
      vertex 1.03528 4 384.864
      vertex 1.03528 -4 384.864
    endloop
  endfacet
  facet normal -0.214995 0 -0.976615
    outer loop
      vertex 1.03528 4 384.864
      vertex 0.694592 -4 384.939
      vertex 0.694592 4 384.939
    endloop
  endfacet
  facet normal -0.300885 0 -0.953661
    outer loop
      vertex 1.03528 -4 384.864
      vertex 1.36808 4 384.759
      vertex 1.36808 -4 384.759
    endloop
  endfacet
  facet normal -0.300885 0 -0.953661
    outer loop
      vertex 1.36808 4 384.759
      vertex 1.03528 -4 384.864
      vertex 1.03528 4 384.864
    endloop
  endfacet
  facet normal -0.887299 0 0.461195
    outer loop
      vertex 3.4641 -4 379
      vertex 3.62523 4 379.31
      vertex 3.4641 4 379
    endloop
  endfacet
  facet normal -0.887299 0 0.461195
    outer loop
      vertex 3.62523 4 379.31
      vertex 3.4641 -4 379
      vertex 3.62523 -4 379.31
    endloop
  endfacet
  facet normal 0.991452 0.130468 0
    outer loop
      vertex 10.9581 0.958713 220
      vertex 10.8329 1.91013 -6
      vertex 10.8329 1.91013 220
    endloop
  endfacet
  facet normal 0.991452 0.130468 0
    outer loop
      vertex 10.8329 1.91013 -6
      vertex 10.9581 0.958713 220
      vertex 10.9581 0.958713 -6
    endloop
  endfacet
  facet normal 0.999046 0.0436627 0
    outer loop
      vertex 11 0 220
      vertex 10.9581 0.958713 -6
      vertex 10.9581 0.958713 220
    endloop
  endfacet
  facet normal 0.999046 0.0436627 0
    outer loop
      vertex 10.9581 0.958713 -6
      vertex 11 0 220
      vertex 11 0 -6
    endloop
  endfacet
  facet normal 0.976296 0.216438 0
    outer loop
      vertex 10.8329 1.91013 220
      vertex 10.6252 2.84701 -6
      vertex 10.6252 2.84701 220
    endloop
  endfacet
  facet normal 0.976296 0.216438 0
    outer loop
      vertex 10.6252 2.84701 -6
      vertex 10.8329 1.91013 220
      vertex 10.8329 1.91013 -6
    endloop
  endfacet
  facet normal -0.461751 0.887009 0
    outer loop
      vertex -4.6488 9.96939 -6
      vertex -5.5 9.52628 220
      vertex -4.6488 9.96939 220
    endloop
  endfacet
  facet normal -0.461751 0.887009 0
    outer loop
      vertex -5.5 9.52628 220
      vertex -4.6488 9.96939 -6
      vertex -5.5 9.52628 -6
    endloop
  endfacet
  facet normal -0.216438 -0.976296 0
    outer loop
      vertex -2.84701 -10.6252 -6
      vertex -1.91013 -10.8329 220
      vertex -2.84701 -10.6252 220
    endloop
  endfacet
  facet normal -0.216438 -0.976296 -0
    outer loop
      vertex -1.91013 -10.8329 220
      vertex -2.84701 -10.6252 -6
      vertex -1.91013 -10.8329 -6
    endloop
  endfacet
  facet normal 0.953706 -0.300739 0
    outer loop
      vertex 10.3366 -3.76222 220
      vertex 10.6252 -2.84701 -6
      vertex 10.6252 -2.84701 220
    endloop
  endfacet
  facet normal 0.953706 -0.300739 0
    outer loop
      vertex 10.6252 -2.84701 -6
      vertex 10.3366 -3.76222 220
      vertex 10.3366 -3.76222 -6
    endloop
  endfacet
  facet normal -0.675594 -0.737274 0
    outer loop
      vertex -7.77817 -7.77817 -6
      vertex -7.07066 -8.42649 220
      vertex -7.77817 -7.77817 220
    endloop
  endfacet
  facet normal -0.675594 -0.737274 -0
    outer loop
      vertex -7.07066 -8.42649 220
      vertex -7.77817 -7.77817 -6
      vertex -7.07066 -8.42649 -6
    endloop
  endfacet
  facet normal -0.953706 0.300739 0
    outer loop
      vertex -10.6252 2.84701 -6
      vertex -10.3366 3.76222 220
      vertex -10.3366 3.76222 -6
    endloop
  endfacet
  facet normal -0.953706 0.300739 0
    outer loop
      vertex -10.3366 3.76222 220
      vertex -10.6252 2.84701 -6
      vertex -10.6252 2.84701 220
    endloop
  endfacet
  facet normal -0.537302 -0.84339 0
    outer loop
      vertex -6.30934 -9.01067 -6
      vertex -5.5 -9.52628 220
      vertex -6.30934 -9.01067 220
    endloop
  endfacet
  facet normal -0.537302 -0.84339 -0
    outer loop
      vertex -5.5 -9.52628 220
      vertex -6.30934 -9.01067 -6
      vertex -5.5 -9.52628 -6
    endloop
  endfacet
  facet normal 0.537302 -0.84339 0
    outer loop
      vertex 5.5 -9.52628 -6
      vertex 6.30934 -9.01067 220
      vertex 5.5 -9.52628 220
    endloop
  endfacet
  facet normal 0.537302 -0.84339 0
    outer loop
      vertex 6.30934 -9.01067 220
      vertex 5.5 -9.52628 -6
      vertex 6.30934 -9.01067 -6
    endloop
  endfacet
  facet normal -0.923888 -0.382663 0
    outer loop
      vertex -9.96939 -4.6488 -6
      vertex -10.3366 -3.76222 220
      vertex -10.3366 -3.76222 -6
    endloop
  endfacet
  facet normal -0.923888 -0.382663 0
    outer loop
      vertex -10.3366 -3.76222 220
      vertex -9.96939 -4.6488 -6
      vertex -9.96939 -4.6488 220
    endloop
  endfacet
  facet normal -0.887009 0.461751 0
    outer loop
      vertex -9.96939 4.6488 -6
      vertex -9.52628 5.5 220
      vertex -9.52628 5.5 -6
    endloop
  endfacet
  facet normal -0.887009 0.461751 0
    outer loop
      vertex -9.52628 5.5 220
      vertex -9.96939 4.6488 -6
      vertex -9.96939 4.6488 220
    endloop
  endfacet
  facet normal -0.608761 0.793354 0
    outer loop
      vertex -6.30934 9.01067 -6
      vertex -7.07066 8.42649 220
      vertex -6.30934 9.01067 220
    endloop
  endfacet
  facet normal -0.608761 0.793354 0
    outer loop
      vertex -7.07066 8.42649 220
      vertex -6.30934 9.01067 -6
      vertex -7.07066 8.42649 -6
    endloop
  endfacet
  facet normal -0.130468 -0.991452 0
    outer loop
      vertex -1.91013 -10.8329 -6
      vertex -0.958713 -10.9581 220
      vertex -1.91013 -10.8329 220
    endloop
  endfacet
  facet normal -0.130468 -0.991452 -0
    outer loop
      vertex -0.958713 -10.9581 220
      vertex -1.91013 -10.8329 -6
      vertex -0.958713 -10.9581 -6
    endloop
  endfacet
  facet normal -0.976296 -0.216438 0
    outer loop
      vertex -10.6252 -2.84701 -6
      vertex -10.8329 -1.91013 220
      vertex -10.8329 -1.91013 -6
    endloop
  endfacet
  facet normal -0.976296 -0.216438 0
    outer loop
      vertex -10.8329 -1.91013 220
      vertex -10.6252 -2.84701 -6
      vertex -10.6252 -2.84701 220
    endloop
  endfacet
  facet normal 0.675594 0.737274 -0
    outer loop
      vertex 7.77817 7.77817 -6
      vertex 7.07066 8.42649 220
      vertex 7.77817 7.77817 220
    endloop
  endfacet
  facet normal 0.675594 0.737274 0
    outer loop
      vertex 7.07066 8.42649 220
      vertex 7.77817 7.77817 -6
      vertex 7.07066 8.42649 -6
    endloop
  endfacet
  facet normal 0.608761 0.793354 -0
    outer loop
      vertex 7.07066 8.42649 -6
      vertex 6.30934 9.01067 220
      vertex 7.07066 8.42649 220
    endloop
  endfacet
  facet normal 0.608761 0.793354 0
    outer loop
      vertex 6.30934 9.01067 220
      vertex 7.07066 8.42649 -6
      vertex 6.30934 9.01067 -6
    endloop
  endfacet
  facet normal 0.793354 0.608761 0
    outer loop
      vertex 9.01067 6.30934 220
      vertex 8.42649 7.07066 -6
      vertex 8.42649 7.07066 220
    endloop
  endfacet
  facet normal 0.793354 0.608761 0
    outer loop
      vertex 8.42649 7.07066 -6
      vertex 9.01067 6.30934 220
      vertex 9.01067 6.30934 -6
    endloop
  endfacet
  facet normal 0.84339 0.537302 0
    outer loop
      vertex 9.52628 5.5 220
      vertex 9.01067 6.30934 -6
      vertex 9.01067 6.30934 220
    endloop
  endfacet
  facet normal 0.84339 0.537302 0
    outer loop
      vertex 9.01067 6.30934 -6
      vertex 9.52628 5.5 220
      vertex 9.52628 5.5 -6
    endloop
  endfacet
  facet normal 0.953706 0.300739 0
    outer loop
      vertex 10.6252 2.84701 220
      vertex 10.3366 3.76222 -6
      vertex 10.3366 3.76222 220
    endloop
  endfacet
  facet normal 0.953706 0.300739 0
    outer loop
      vertex 10.3366 3.76222 -6
      vertex 10.6252 2.84701 220
      vertex 10.6252 2.84701 -6
    endloop
  endfacet
  facet normal -0.793354 -0.608761 0
    outer loop
      vertex -8.42649 -7.07066 -6
      vertex -9.01067 -6.30934 220
      vertex -9.01067 -6.30934 -6
    endloop
  endfacet
  facet normal -0.793354 -0.608761 0
    outer loop
      vertex -9.01067 -6.30934 220
      vertex -8.42649 -7.07066 -6
      vertex -8.42649 -7.07066 220
    endloop
  endfacet
  facet normal 0.130468 -0.991452 0
    outer loop
      vertex 0.958713 -10.9581 -6
      vertex 1.91013 -10.8329 220
      vertex 0.958713 -10.9581 220
    endloop
  endfacet
  facet normal 0.130468 -0.991452 0
    outer loop
      vertex 1.91013 -10.8329 220
      vertex 0.958713 -10.9581 -6
      vertex 1.91013 -10.8329 -6
    endloop
  endfacet
  facet normal 0.999046 -0.0436627 0
    outer loop
      vertex 10.9581 -0.958713 220
      vertex 11 0 -6
      vertex 11 0 220
    endloop
  endfacet
  facet normal 0.999046 -0.0436627 0
    outer loop
      vertex 11 0 -6
      vertex 10.9581 -0.958713 220
      vertex 10.9581 -0.958713 -6
    endloop
  endfacet
  facet normal 0.887009 -0.461751 0
    outer loop
      vertex 9.52628 -5.5 220
      vertex 9.96939 -4.6488 -6
      vertex 9.96939 -4.6488 220
    endloop
  endfacet
  facet normal 0.887009 -0.461751 0
    outer loop
      vertex 9.96939 -4.6488 -6
      vertex 9.52628 -5.5 220
      vertex 9.52628 -5.5 -6
    endloop
  endfacet
  facet normal 0.737274 -0.675594 0
    outer loop
      vertex 7.77817 -7.77817 220
      vertex 8.42649 -7.07066 -6
      vertex 8.42649 -7.07066 220
    endloop
  endfacet
  facet normal 0.737274 -0.675594 0
    outer loop
      vertex 8.42649 -7.07066 -6
      vertex 7.77817 -7.77817 220
      vertex 7.77817 -7.77817 -6
    endloop
  endfacet
  facet normal -0.461751 -0.887009 0
    outer loop
      vertex -5.5 -9.52628 -6
      vertex -4.6488 -9.96939 220
      vertex -5.5 -9.52628 220
    endloop
  endfacet
  facet normal -0.461751 -0.887009 -0
    outer loop
      vertex -4.6488 -9.96939 220
      vertex -5.5 -9.52628 -6
      vertex -4.6488 -9.96939 -6
    endloop
  endfacet
  facet normal 0.461751 -0.887009 0
    outer loop
      vertex 4.6488 -9.96939 -6
      vertex 5.5 -9.52628 220
      vertex 4.6488 -9.96939 220
    endloop
  endfacet
  facet normal 0.461751 -0.887009 0
    outer loop
      vertex 5.5 -9.52628 220
      vertex 4.6488 -9.96939 -6
      vertex 5.5 -9.52628 -6
    endloop
  endfacet
  facet normal -0.953706 -0.300739 0
    outer loop
      vertex -10.3366 -3.76222 -6
      vertex -10.6252 -2.84701 220
      vertex -10.6252 -2.84701 -6
    endloop
  endfacet
  facet normal -0.953706 -0.300739 0
    outer loop
      vertex -10.6252 -2.84701 220
      vertex -10.3366 -3.76222 -6
      vertex -10.3366 -3.76222 220
    endloop
  endfacet
  facet normal 0.537302 0.84339 -0
    outer loop
      vertex 6.30934 9.01067 -6
      vertex 5.5 9.52628 220
      vertex 6.30934 9.01067 220
    endloop
  endfacet
  facet normal 0.537302 0.84339 0
    outer loop
      vertex 5.5 9.52628 220
      vertex 6.30934 9.01067 -6
      vertex 5.5 9.52628 -6
    endloop
  endfacet
  facet normal 0.382663 0.923888 -0
    outer loop
      vertex 4.6488 9.96939 -6
      vertex 3.76222 10.3366 220
      vertex 4.6488 9.96939 220
    endloop
  endfacet
  facet normal 0.382663 0.923888 0
    outer loop
      vertex 3.76222 10.3366 220
      vertex 4.6488 9.96939 -6
      vertex 3.76222 10.3366 -6
    endloop
  endfacet
  facet normal -0.300739 0.953706 0
    outer loop
      vertex -2.84701 10.6252 -6
      vertex -3.76222 10.3366 220
      vertex -2.84701 10.6252 220
    endloop
  endfacet
  facet normal -0.300739 0.953706 0
    outer loop
      vertex -3.76222 10.3366 220
      vertex -2.84701 10.6252 -6
      vertex -3.76222 10.3366 -6
    endloop
  endfacet
  facet normal 0.0436627 -0.999046 0
    outer loop
      vertex 0 -11 -6
      vertex 0.958713 -10.9581 220
      vertex 0 -11 220
    endloop
  endfacet
  facet normal 0.0436627 -0.999046 0
    outer loop
      vertex 0.958713 -10.9581 220
      vertex 0 -11 -6
      vertex 0.958713 -10.9581 -6
    endloop
  endfacet
  facet normal 0.84339 -0.537302 0
    outer loop
      vertex 9.01067 -6.30934 220
      vertex 9.52628 -5.5 -6
      vertex 9.52628 -5.5 220
    endloop
  endfacet
  facet normal 0.84339 -0.537302 0
    outer loop
      vertex 9.52628 -5.5 -6
      vertex 9.01067 -6.30934 220
      vertex 9.01067 -6.30934 -6
    endloop
  endfacet
  facet normal 0.737274 0.675594 0
    outer loop
      vertex 8.42649 7.07066 220
      vertex 7.77817 7.77817 -6
      vertex 7.77817 7.77817 220
    endloop
  endfacet
  facet normal 0.737274 0.675594 0
    outer loop
      vertex 7.77817 7.77817 -6
      vertex 8.42649 7.07066 220
      vertex 8.42649 7.07066 -6
    endloop
  endfacet
  facet normal 0.887009 0.461751 0
    outer loop
      vertex 9.96939 4.6488 220
      vertex 9.52628 5.5 -6
      vertex 9.52628 5.5 220
    endloop
  endfacet
  facet normal 0.887009 0.461751 0
    outer loop
      vertex 9.52628 5.5 -6
      vertex 9.96939 4.6488 220
      vertex 9.96939 4.6488 -6
    endloop
  endfacet
  facet normal 0.923888 -0.382663 0
    outer loop
      vertex 9.96939 -4.6488 220
      vertex 10.3366 -3.76222 -6
      vertex 10.3366 -3.76222 220
    endloop
  endfacet
  facet normal 0.923888 -0.382663 0
    outer loop
      vertex 10.3366 -3.76222 -6
      vertex 9.96939 -4.6488 220
      vertex 9.96939 -4.6488 -6
    endloop
  endfacet
  facet normal 0.461751 0.887009 -0
    outer loop
      vertex 5.5 9.52628 -6
      vertex 4.6488 9.96939 220
      vertex 5.5 9.52628 220
    endloop
  endfacet
  facet normal 0.461751 0.887009 0
    outer loop
      vertex 4.6488 9.96939 220
      vertex 5.5 9.52628 -6
      vertex 4.6488 9.96939 -6
    endloop
  endfacet
  facet normal 0.976296 -0.216438 0
    outer loop
      vertex 10.6252 -2.84701 220
      vertex 10.8329 -1.91013 -6
      vertex 10.8329 -1.91013 220
    endloop
  endfacet
  facet normal 0.976296 -0.216438 0
    outer loop
      vertex 10.8329 -1.91013 -6
      vertex 10.6252 -2.84701 220
      vertex 10.6252 -2.84701 -6
    endloop
  endfacet
  facet normal 0.793354 -0.608761 0
    outer loop
      vertex 8.42649 -7.07066 220
      vertex 9.01067 -6.30934 -6
      vertex 9.01067 -6.30934 220
    endloop
  endfacet
  facet normal 0.793354 -0.608761 0
    outer loop
      vertex 9.01067 -6.30934 -6
      vertex 8.42649 -7.07066 220
      vertex 8.42649 -7.07066 -6
    endloop
  endfacet
  facet normal 0.991452 -0.130468 0
    outer loop
      vertex 10.8329 -1.91013 220
      vertex 10.9581 -0.958713 -6
      vertex 10.9581 -0.958713 220
    endloop
  endfacet
  facet normal 0.991452 -0.130468 0
    outer loop
      vertex 10.9581 -0.958713 -6
      vertex 10.8329 -1.91013 220
      vertex 10.8329 -1.91013 -6
    endloop
  endfacet
  facet normal -0.999046 0.0436627 0
    outer loop
      vertex -11 0 -6
      vertex -10.9581 0.958713 220
      vertex -10.9581 0.958713 -6
    endloop
  endfacet
  facet normal -0.999046 0.0436627 0
    outer loop
      vertex -10.9581 0.958713 220
      vertex -11 0 -6
      vertex -11 0 220
    endloop
  endfacet
  facet normal 0.923888 0.382663 0
    outer loop
      vertex 10.3366 3.76222 220
      vertex 9.96939 4.6488 -6
      vertex 9.96939 4.6488 220
    endloop
  endfacet
  facet normal 0.923888 0.382663 0
    outer loop
      vertex 9.96939 4.6488 -6
      vertex 10.3366 3.76222 220
      vertex 10.3366 3.76222 -6
    endloop
  endfacet
  facet normal 0.216438 0.976296 -0
    outer loop
      vertex 2.84701 10.6252 -6
      vertex 1.91013 10.8329 220
      vertex 2.84701 10.6252 220
    endloop
  endfacet
  facet normal 0.216438 0.976296 0
    outer loop
      vertex 1.91013 10.8329 220
      vertex 2.84701 10.6252 -6
      vertex 1.91013 10.8329 -6
    endloop
  endfacet
  facet normal 0 0 1
    outer loop
      vertex 5 0 220
      vertex 11 0 220
      vertex 10.9581 0.958713 220
    endloop
  endfacet
  facet normal 0 0 1
    outer loop
      vertex 4.98097 0.435779 220
      vertex 10.9581 0.958713 220
      vertex 10.8329 1.91013 220
    endloop
  endfacet
  facet normal 0 0 1
    outer loop
      vertex 11 0 220
      vertex 5 0 220
      vertex 10.9581 -0.958713 220
    endloop
  endfacet
  facet normal 0 0 1
    outer loop
      vertex 4.92404 0.86824 220
      vertex 10.8329 1.91013 220
      vertex 10.6252 2.84701 220
    endloop
  endfacet
  facet normal -0 0 1
    outer loop
      vertex 4.98097 -0.435779 220
      vertex 10.9581 -0.958713 220
      vertex 5 0 220
    endloop
  endfacet
  facet normal 0 0 1
    outer loop
      vertex 4.82963 1.2941 220
      vertex 10.6252 2.84701 220
      vertex 10.3366 3.76222 220
    endloop
  endfacet
  facet normal 0 0 1
    outer loop
      vertex 10.9581 -0.958713 220
      vertex 4.98097 -0.435779 220
      vertex 10.8329 -1.91013 220
    endloop
  endfacet
  facet normal 0 0 1
    outer loop
      vertex 4.69846 1.7101 220
      vertex 10.3366 3.76222 220
      vertex 9.96939 4.6488 220
    endloop
  endfacet
  facet normal -0 0 1
    outer loop
      vertex 4.92404 -0.86824 220
      vertex 10.8329 -1.91013 220
      vertex 4.98097 -0.435779 220
    endloop
  endfacet
  facet normal 0 0 1
    outer loop
      vertex 4.53154 2.11309 220
      vertex 9.96939 4.6488 220
      vertex 9.52628 5.5 220
    endloop
  endfacet
  facet normal 0 0 1
    outer loop
      vertex 10.8329 -1.91013 220
      vertex 4.92404 -0.86824 220
      vertex 10.6252 -2.84701 220
    endloop
  endfacet
  facet normal 0 0 1
    outer loop
      vertex 4.33013 2.5 220
      vertex 9.52628 5.5 220
      vertex 9.01067 6.30934 220
    endloop
  endfacet
  facet normal -0 0 1
    outer loop
      vertex 4.82963 -1.2941 220
      vertex 10.6252 -2.84701 220
      vertex 4.92404 -0.86824 220
    endloop
  endfacet
  facet normal 0 0 1
    outer loop
      vertex 4.09576 2.86788 220
      vertex 9.01067 6.30934 220
      vertex 8.42649 7.07066 220
    endloop
  endfacet
  facet normal 0 0 1
    outer loop
      vertex 10.6252 -2.84701 220
      vertex 4.82963 -1.2941 220
      vertex 10.3366 -3.76222 220
    endloop
  endfacet
  facet normal 0 0 1
    outer loop
      vertex 3.83022 3.21394 220
      vertex 8.42649 7.07066 220
      vertex 7.77817 7.77817 220
    endloop
  endfacet
  facet normal -0 0 1
    outer loop
      vertex 4.69846 -1.7101 220
      vertex 10.3366 -3.76222 220
      vertex 4.82963 -1.2941 220
    endloop
  endfacet
  facet normal 0 0 1
    outer loop
      vertex 3.53553 3.53553 220
      vertex 7.77817 7.77817 220
      vertex 7.07066 8.42649 220
    endloop
  endfacet
  facet normal 0 0 1
    outer loop
      vertex 10.3366 -3.76222 220
      vertex 4.69846 -1.7101 220
      vertex 9.96939 -4.6488 220
    endloop
  endfacet
  facet normal 0 0 1
    outer loop
      vertex 3.21394 3.83022 220
      vertex 7.07066 8.42649 220
      vertex 6.30934 9.01067 220
    endloop
  endfacet
  facet normal -0 0 1
    outer loop
      vertex 4.53154 -2.11309 220
      vertex 9.96939 -4.6488 220
      vertex 4.69846 -1.7101 220
    endloop
  endfacet
  facet normal 0 0 1
    outer loop
      vertex 2.86788 4.09576 220
      vertex 6.30934 9.01067 220
      vertex 5.5 9.52628 220
    endloop
  endfacet
  facet normal 0 0 1
    outer loop
      vertex 9.96939 -4.6488 220
      vertex 4.53154 -2.11309 220
      vertex 9.52628 -5.5 220
    endloop
  endfacet
  facet normal -0 0 1
    outer loop
      vertex 4.33013 -2.5 220
      vertex 9.52628 -5.5 220
      vertex 4.53154 -2.11309 220
    endloop
  endfacet
  facet normal 0 0 1
    outer loop
      vertex 10.9581 0.958713 220
      vertex 4.98097 0.435779 220
      vertex 5 0 220
    endloop
  endfacet
  facet normal 0 0 1
    outer loop
      vertex 10.8329 1.91013 220
      vertex 4.92404 0.86824 220
      vertex 4.98097 0.435779 220
    endloop
  endfacet
  facet normal 0 0 1
    outer loop
      vertex 10.6252 2.84701 220
      vertex 4.82963 1.2941 220
      vertex 4.92404 0.86824 220
    endloop
  endfacet
  facet normal 0 0 1
    outer loop
      vertex 10.3366 3.76222 220
      vertex 4.69846 1.7101 220
      vertex 4.82963 1.2941 220
    endloop
  endfacet
  facet normal 0 0 1
    outer loop
      vertex 2.5 4.33013 220
      vertex 5.5 9.52628 220
      vertex 4.6488 9.96939 220
    endloop
  endfacet
  facet normal 0 0 1
    outer loop
      vertex 9.96939 4.6488 220
      vertex 4.53154 2.11309 220
      vertex 4.69846 1.7101 220
    endloop
  endfacet
  facet normal 0 0 1
    outer loop
      vertex 9.52628 5.5 220
      vertex 4.33013 2.5 220
      vertex 4.53154 2.11309 220
    endloop
  endfacet
  facet normal 0 0 1
    outer loop
      vertex 9.01067 6.30934 220
      vertex 4.09576 2.86788 220
      vertex 4.33013 2.5 220
    endloop
  endfacet
  facet normal 0 0 1
    outer loop
      vertex 8.42649 7.07066 220
      vertex 3.83022 3.21394 220
      vertex 4.09576 2.86788 220
    endloop
  endfacet
  facet normal 0 0 1
    outer loop
      vertex 2.11309 4.53154 220
      vertex 4.6488 9.96939 220
      vertex 3.76222 10.3366 220
    endloop
  endfacet
  facet normal 0 0 1
    outer loop
      vertex 7.77817 7.77817 220
      vertex 3.53553 3.53553 220
      vertex 3.83022 3.21394 220
    endloop
  endfacet
  facet normal 0 0 1
    outer loop
      vertex 7.07066 8.42649 220
      vertex 3.21394 3.83022 220
      vertex 3.53553 3.53553 220
    endloop
  endfacet
  facet normal 0 0 1
    outer loop
      vertex 6.30934 9.01067 220
      vertex 2.86788 4.09576 220
      vertex 3.21394 3.83022 220
    endloop
  endfacet
  facet normal 0 0 1
    outer loop
      vertex 1.7101 4.69846 220
      vertex 3.76222 10.3366 220
      vertex 2.84701 10.6252 220
    endloop
  endfacet
  facet normal 0 0 1
    outer loop
      vertex 5.5 9.52628 220
      vertex 2.5 4.33013 220
      vertex 2.86788 4.09576 220
    endloop
  endfacet
  facet normal 0 0 1
    outer loop
      vertex 4.6488 9.96939 220
      vertex 2.11309 4.53154 220
      vertex 2.5 4.33013 220
    endloop
  endfacet
  facet normal 0 0 1
    outer loop
      vertex 1.2941 4.82963 220
      vertex 2.84701 10.6252 220
      vertex 1.91013 10.8329 220
    endloop
  endfacet
  facet normal 0 0 1
    outer loop
      vertex 3.76222 10.3366 220
      vertex 1.7101 4.69846 220
      vertex 2.11309 4.53154 220
    endloop
  endfacet
  facet normal 0 0 1
    outer loop
      vertex 2.84701 10.6252 220
      vertex 1.2941 4.82963 220
      vertex 1.7101 4.69846 220
    endloop
  endfacet
  facet normal 0 0 1
    outer loop
      vertex 0.86824 4.92404 220
      vertex 1.91013 10.8329 220
      vertex 0.958713 10.9581 220
    endloop
  endfacet
  facet normal 0 0 1
    outer loop
      vertex 1.91013 10.8329 220
      vertex 0.86824 4.92404 220
      vertex 1.2941 4.82963 220
    endloop
  endfacet
  facet normal 0 0 1
    outer loop
      vertex 0.958713 10.9581 220
      vertex 0.435779 4.98097 220
      vertex 0.86824 4.92404 220
    endloop
  endfacet
  facet normal 0 0 1
    outer loop
      vertex 0 11 220
      vertex 0.435779 4.98097 220
      vertex 0.958713 10.9581 220
    endloop
  endfacet
  facet normal 0 0 1
    outer loop
      vertex 0 11 220
      vertex 0 5 220
      vertex 0.435779 4.98097 220
    endloop
  endfacet
  facet normal 0 0 1
    outer loop
      vertex 0 11 220
      vertex -0.435779 4.98097 220
      vertex 0 5 220
    endloop
  endfacet
  facet normal -0 0 1
    outer loop
      vertex -0.958713 10.9581 220
      vertex -0.435779 4.98097 220
      vertex 0 11 220
    endloop
  endfacet
  facet normal 0 0 1
    outer loop
      vertex -0.435779 4.98097 220
      vertex -0.958713 10.9581 220
      vertex -0.86824 4.92404 220
    endloop
  endfacet
  facet normal -0 0 1
    outer loop
      vertex -1.91013 10.8329 220
      vertex -0.86824 4.92404 220
      vertex -0.958713 10.9581 220
    endloop
  endfacet
  facet normal 0 0 1
    outer loop
      vertex -0.86824 4.92404 220
      vertex -1.91013 10.8329 220
      vertex -1.2941 4.82963 220
    endloop
  endfacet
  facet normal -0 0 1
    outer loop
      vertex -2.84701 10.6252 220
      vertex -1.2941 4.82963 220
      vertex -1.91013 10.8329 220
    endloop
  endfacet
  facet normal 0 0 1
    outer loop
      vertex -1.2941 4.82963 220
      vertex -2.84701 10.6252 220
      vertex -1.7101 4.69846 220
    endloop
  endfacet
  facet normal -0 0 1
    outer loop
      vertex -3.76222 10.3366 220
      vertex -1.7101 4.69846 220
      vertex -2.84701 10.6252 220
    endloop
  endfacet
  facet normal 0 0 1
    outer loop
      vertex -1.7101 4.69846 220
      vertex -3.76222 10.3366 220
      vertex -2.11309 4.53154 220
    endloop
  endfacet
  facet normal -0 0 1
    outer loop
      vertex -4.6488 9.96939 220
      vertex -2.11309 4.53154 220
      vertex -3.76222 10.3366 220
    endloop
  endfacet
  facet normal 0 0 1
    outer loop
      vertex -2.11309 4.53154 220
      vertex -4.6488 9.96939 220
      vertex -2.5 4.33013 220
    endloop
  endfacet
  facet normal -0 0 1
    outer loop
      vertex -5.5 9.52628 220
      vertex -2.5 4.33013 220
      vertex -4.6488 9.96939 220
    endloop
  endfacet
  facet normal 0 0 1
    outer loop
      vertex -2.5 4.33013 220
      vertex -5.5 9.52628 220
      vertex -2.86788 4.09576 220
    endloop
  endfacet
  facet normal -0 0 1
    outer loop
      vertex -6.30934 9.01067 220
      vertex -2.86788 4.09576 220
      vertex -5.5 9.52628 220
    endloop
  endfacet
  facet normal 0 0 1
    outer loop
      vertex -2.86788 4.09576 220
      vertex -6.30934 9.01067 220
      vertex -3.21394 3.83022 220
    endloop
  endfacet
  facet normal -0 0 1
    outer loop
      vertex -7.07066 8.42649 220
      vertex -3.21394 3.83022 220
      vertex -6.30934 9.01067 220
    endloop
  endfacet
  facet normal 0 0 1
    outer loop
      vertex -3.21394 3.83022 220
      vertex -7.07066 8.42649 220
      vertex -3.53553 3.53553 220
    endloop
  endfacet
  facet normal -0 0 1
    outer loop
      vertex -7.77817 7.77817 220
      vertex -3.53553 3.53553 220
      vertex -7.07066 8.42649 220
    endloop
  endfacet
  facet normal 0 0 1
    outer loop
      vertex -3.53553 3.53553 220
      vertex -7.77817 7.77817 220
      vertex -3.83022 3.21394 220
    endloop
  endfacet
  facet normal -0 0 1
    outer loop
      vertex -8.42649 7.07066 220
      vertex -3.83022 3.21394 220
      vertex -7.77817 7.77817 220
    endloop
  endfacet
  facet normal 0 0 1
    outer loop
      vertex -3.83022 3.21394 220
      vertex -8.42649 7.07066 220
      vertex -4.09576 2.86788 220
    endloop
  endfacet
  facet normal -0 0 1
    outer loop
      vertex -9.01067 6.30934 220
      vertex -4.09576 2.86788 220
      vertex -8.42649 7.07066 220
    endloop
  endfacet
  facet normal 0 0 1
    outer loop
      vertex -4.09576 2.86788 220
      vertex -9.01067 6.30934 220
      vertex -4.33013 2.5 220
    endloop
  endfacet
  facet normal -0 0 1
    outer loop
      vertex -9.52628 5.5 220
      vertex -4.33013 2.5 220
      vertex -9.01067 6.30934 220
    endloop
  endfacet
  facet normal 0 0 1
    outer loop
      vertex 9.52628 -5.5 220
      vertex 4.33013 -2.5 220
      vertex 9.01067 -6.30934 220
    endloop
  endfacet
  facet normal -0 0 1
    outer loop
      vertex 4.09576 -2.86788 220
      vertex 9.01067 -6.30934 220
      vertex 4.33013 -2.5 220
    endloop
  endfacet
  facet normal 0 0 1
    outer loop
      vertex 9.01067 -6.30934 220
      vertex 4.09576 -2.86788 220
      vertex 8.42649 -7.07066 220
    endloop
  endfacet
  facet normal -0 0 1
    outer loop
      vertex 3.83022 -3.21394 220
      vertex 8.42649 -7.07066 220
      vertex 4.09576 -2.86788 220
    endloop
  endfacet
  facet normal 0 0 1
    outer loop
      vertex 8.42649 -7.07066 220
      vertex 3.83022 -3.21394 220
      vertex 7.77817 -7.77817 220
    endloop
  endfacet
  facet normal -0 0 1
    outer loop
      vertex 3.53553 -3.53553 220
      vertex 7.77817 -7.77817 220
      vertex 3.83022 -3.21394 220
    endloop
  endfacet
  facet normal 0 0 1
    outer loop
      vertex 7.77817 -7.77817 220
      vertex 3.53553 -3.53553 220
      vertex 7.07066 -8.42649 220
    endloop
  endfacet
  facet normal -0 0 1
    outer loop
      vertex 3.21394 -3.83022 220
      vertex 7.07066 -8.42649 220
      vertex 3.53553 -3.53553 220
    endloop
  endfacet
  facet normal 0 0 1
    outer loop
      vertex 7.07066 -8.42649 220
      vertex 3.21394 -3.83022 220
      vertex 6.30934 -9.01067 220
    endloop
  endfacet
  facet normal -0 0 1
    outer loop
      vertex 2.86788 -4.09576 220
      vertex 6.30934 -9.01067 220
      vertex 3.21394 -3.83022 220
    endloop
  endfacet
  facet normal 0 0 1
    outer loop
      vertex 6.30934 -9.01067 220
      vertex 2.86788 -4.09576 220
      vertex 5.5 -9.52628 220
    endloop
  endfacet
  facet normal -0 0 1
    outer loop
      vertex 2.5 -4.33013 220
      vertex 5.5 -9.52628 220
      vertex 2.86788 -4.09576 220
    endloop
  endfacet
  facet normal 0 0 1
    outer loop
      vertex 5.5 -9.52628 220
      vertex 2.5 -4.33013 220
      vertex 4.6488 -9.96939 220
    endloop
  endfacet
  facet normal -0 0 1
    outer loop
      vertex 2.11309 -4.53154 220
      vertex 4.6488 -9.96939 220
      vertex 2.5 -4.33013 220
    endloop
  endfacet
  facet normal 0 0 1
    outer loop
      vertex 4.6488 -9.96939 220
      vertex 2.11309 -4.53154 220
      vertex 3.76222 -10.3366 220
    endloop
  endfacet
  facet normal -0 0 1
    outer loop
      vertex 1.7101 -4.69846 220
      vertex 3.76222 -10.3366 220
      vertex 2.11309 -4.53154 220
    endloop
  endfacet
  facet normal 0 0 1
    outer loop
      vertex 3.76222 -10.3366 220
      vertex 1.7101 -4.69846 220
      vertex 2.84701 -10.6252 220
    endloop
  endfacet
  facet normal -0 0 1
    outer loop
      vertex 1.2941 -4.82963 220
      vertex 2.84701 -10.6252 220
      vertex 1.7101 -4.69846 220
    endloop
  endfacet
  facet normal 0 0 1
    outer loop
      vertex 2.84701 -10.6252 220
      vertex 1.2941 -4.82963 220
      vertex 1.91013 -10.8329 220
    endloop
  endfacet
  facet normal -0 0 1
    outer loop
      vertex 0.86824 -4.92404 220
      vertex 1.91013 -10.8329 220
      vertex 1.2941 -4.82963 220
    endloop
  endfacet
  facet normal 0 0 1
    outer loop
      vertex 1.91013 -10.8329 220
      vertex 0.86824 -4.92404 220
      vertex 0.958713 -10.9581 220
    endloop
  endfacet
  facet normal -0 0 1
    outer loop
      vertex 0.435779 -4.98097 220
      vertex 0.958713 -10.9581 220
      vertex 0.86824 -4.92404 220
    endloop
  endfacet
  facet normal -0 0 1
    outer loop
      vertex 0 -5 220
      vertex 0.958713 -10.9581 220
      vertex 0.435779 -4.98097 220
    endloop
  endfacet
  facet normal 0 0 1
    outer loop
      vertex 0 -5 220
      vertex 0 -11 220
      vertex 0.958713 -10.9581 220
    endloop
  endfacet
  facet normal 0 0 1
    outer loop
      vertex -0.435779 -4.98097 220
      vertex 0 -11 220
      vertex 0 -5 220
    endloop
  endfacet
  facet normal 0 0 1
    outer loop
      vertex -0.958713 -10.9581 220
      vertex -0.435779 -4.98097 220
      vertex -0.86824 -4.92404 220
    endloop
  endfacet
  facet normal 0 0 1
    outer loop
      vertex -0.435779 -4.98097 220
      vertex -0.958713 -10.9581 220
      vertex 0 -11 220
    endloop
  endfacet
  facet normal 0 0 1
    outer loop
      vertex -1.91013 -10.8329 220
      vertex -0.86824 -4.92404 220
      vertex -1.2941 -4.82963 220
    endloop
  endfacet
  facet normal 0 0 1
    outer loop
      vertex -2.84701 -10.6252 220
      vertex -1.2941 -4.82963 220
      vertex -1.7101 -4.69846 220
    endloop
  endfacet
  facet normal 0 0 1
    outer loop
      vertex -0.86824 -4.92404 220
      vertex -1.91013 -10.8329 220
      vertex -0.958713 -10.9581 220
    endloop
  endfacet
  facet normal 0 0 1
    outer loop
      vertex -3.76222 -10.3366 220
      vertex -1.7101 -4.69846 220
      vertex -2.11309 -4.53154 220
    endloop
  endfacet
  facet normal 0 0 1
    outer loop
      vertex -4.6488 -9.96939 220
      vertex -2.11309 -4.53154 220
      vertex -2.5 -4.33013 220
    endloop
  endfacet
  facet normal 0 0 1
    outer loop
      vertex -1.2941 -4.82963 220
      vertex -2.84701 -10.6252 220
      vertex -1.91013 -10.8329 220
    endloop
  endfacet
  facet normal 0 0 1
    outer loop
      vertex -5.5 -9.52628 220
      vertex -2.5 -4.33013 220
      vertex -2.86788 -4.09576 220
    endloop
  endfacet
  facet normal 0 0 1
    outer loop
      vertex -6.30934 -9.01067 220
      vertex -2.86788 -4.09576 220
      vertex -3.21394 -3.83022 220
    endloop
  endfacet
  facet normal 0 0 1
    outer loop
      vertex -7.07066 -8.42649 220
      vertex -3.21394 -3.83022 220
      vertex -3.53553 -3.53553 220
    endloop
  endfacet
  facet normal 0 0 1
    outer loop
      vertex -1.7101 -4.69846 220
      vertex -3.76222 -10.3366 220
      vertex -2.84701 -10.6252 220
    endloop
  endfacet
  facet normal 0 0 1
    outer loop
      vertex -7.77817 -7.77817 220
      vertex -3.53553 -3.53553 220
      vertex -3.83022 -3.21394 220
    endloop
  endfacet
  facet normal 0 0 1
    outer loop
      vertex -8.42649 -7.07066 220
      vertex -3.83022 -3.21394 220
      vertex -4.09576 -2.86788 220
    endloop
  endfacet
  facet normal 0 0 1
    outer loop
      vertex -9.01067 -6.30934 220
      vertex -4.09576 -2.86788 220
      vertex -4.33013 -2.5 220
    endloop
  endfacet
  facet normal 0 0 1
    outer loop
      vertex -9.52628 -5.5 220
      vertex -4.33013 -2.5 220
      vertex -4.53154 -2.11309 220
    endloop
  endfacet
  facet normal 0 0 1
    outer loop
      vertex -2.11309 -4.53154 220
      vertex -4.6488 -9.96939 220
      vertex -3.76222 -10.3366 220
    endloop
  endfacet
  facet normal 0 0 1
    outer loop
      vertex -9.96939 -4.6488 220
      vertex -4.53154 -2.11309 220
      vertex -4.69846 -1.7101 220
    endloop
  endfacet
  facet normal 0 0 1
    outer loop
      vertex -10.3366 -3.76222 220
      vertex -4.69846 -1.7101 220
      vertex -4.82963 -1.2941 220
    endloop
  endfacet
  facet normal 0 0 1
    outer loop
      vertex -10.6252 -2.84701 220
      vertex -4.82963 -1.2941 220
      vertex -4.92404 -0.86824 220
    endloop
  endfacet
  facet normal 0 0 1
    outer loop
      vertex -10.8329 -1.91013 220
      vertex -4.92404 -0.86824 220
      vertex -4.98097 -0.435779 220
    endloop
  endfacet
  facet normal 0 0 1
    outer loop
      vertex -10.9581 -0.958713 220
      vertex -4.98097 -0.435779 220
      vertex -5 0 220
    endloop
  endfacet
  facet normal 0 0 1
    outer loop
      vertex -4.33013 2.5 220
      vertex -9.52628 5.5 220
      vertex -4.53154 2.11309 220
    endloop
  endfacet
  facet normal 0 0 1
    outer loop
      vertex -2.5 -4.33013 220
      vertex -5.5 -9.52628 220
      vertex -4.6488 -9.96939 220
    endloop
  endfacet
  facet normal -0 0 1
    outer loop
      vertex -9.96939 4.6488 220
      vertex -4.53154 2.11309 220
      vertex -9.52628 5.5 220
    endloop
  endfacet
  facet normal 0 0 1
    outer loop
      vertex -2.86788 -4.09576 220
      vertex -6.30934 -9.01067 220
      vertex -5.5 -9.52628 220
    endloop
  endfacet
  facet normal 0 0 1
    outer loop
      vertex -4.53154 2.11309 220
      vertex -9.96939 4.6488 220
      vertex -4.69846 1.7101 220
    endloop
  endfacet
  facet normal 0 0 1
    outer loop
      vertex -3.21394 -3.83022 220
      vertex -7.07066 -8.42649 220
      vertex -6.30934 -9.01067 220
    endloop
  endfacet
  facet normal -0 0 1
    outer loop
      vertex -10.3366 3.76222 220
      vertex -4.69846 1.7101 220
      vertex -9.96939 4.6488 220
    endloop
  endfacet
  facet normal 0 0 1
    outer loop
      vertex -3.53553 -3.53553 220
      vertex -7.77817 -7.77817 220
      vertex -7.07066 -8.42649 220
    endloop
  endfacet
  facet normal 0 0 1
    outer loop
      vertex -4.69846 1.7101 220
      vertex -10.3366 3.76222 220
      vertex -4.82963 1.2941 220
    endloop
  endfacet
  facet normal 0 0 1
    outer loop
      vertex -3.83022 -3.21394 220
      vertex -8.42649 -7.07066 220
      vertex -7.77817 -7.77817 220
    endloop
  endfacet
  facet normal -0 0 1
    outer loop
      vertex -10.6252 2.84701 220
      vertex -4.82963 1.2941 220
      vertex -10.3366 3.76222 220
    endloop
  endfacet
  facet normal 0 0 1
    outer loop
      vertex -4.09576 -2.86788 220
      vertex -9.01067 -6.30934 220
      vertex -8.42649 -7.07066 220
    endloop
  endfacet
  facet normal 0 0 1
    outer loop
      vertex -4.82963 1.2941 220
      vertex -10.6252 2.84701 220
      vertex -4.92404 0.86824 220
    endloop
  endfacet
  facet normal 0 0 1
    outer loop
      vertex -4.33013 -2.5 220
      vertex -9.52628 -5.5 220
      vertex -9.01067 -6.30934 220
    endloop
  endfacet
  facet normal -0 0 1
    outer loop
      vertex -10.8329 1.91013 220
      vertex -4.92404 0.86824 220
      vertex -10.6252 2.84701 220
    endloop
  endfacet
  facet normal 0 0 1
    outer loop
      vertex -4.53154 -2.11309 220
      vertex -9.96939 -4.6488 220
      vertex -9.52628 -5.5 220
    endloop
  endfacet
  facet normal 0 0 1
    outer loop
      vertex -4.92404 0.86824 220
      vertex -10.8329 1.91013 220
      vertex -4.98097 0.435779 220
    endloop
  endfacet
  facet normal 0 0 1
    outer loop
      vertex -4.69846 -1.7101 220
      vertex -10.3366 -3.76222 220
      vertex -9.96939 -4.6488 220
    endloop
  endfacet
  facet normal -0 0 1
    outer loop
      vertex -10.9581 0.958713 220
      vertex -4.98097 0.435779 220
      vertex -10.8329 1.91013 220
    endloop
  endfacet
  facet normal 0 0 1
    outer loop
      vertex -4.82963 -1.2941 220
      vertex -10.6252 -2.84701 220
      vertex -10.3366 -3.76222 220
    endloop
  endfacet
  facet normal 0 0 1
    outer loop
      vertex -4.98097 0.435779 220
      vertex -10.9581 0.958713 220
      vertex -5 0 220
    endloop
  endfacet
  facet normal 0 0 1
    outer loop
      vertex -4.92404 -0.86824 220
      vertex -10.8329 -1.91013 220
      vertex -10.6252 -2.84701 220
    endloop
  endfacet
  facet normal 0 0 1
    outer loop
      vertex -11 0 220
      vertex -5 0 220
      vertex -10.9581 0.958713 220
    endloop
  endfacet
  facet normal 0 0 1
    outer loop
      vertex -4.98097 -0.435779 220
      vertex -10.9581 -0.958713 220
      vertex -10.8329 -1.91013 220
    endloop
  endfacet
  facet normal 0 0 1
    outer loop
      vertex -5 0 220
      vertex -11 0 220
      vertex -10.9581 -0.958713 220
    endloop
  endfacet
  facet normal -0.675594 0.737274 0
    outer loop
      vertex -7.07066 8.42649 -6
      vertex -7.77817 7.77817 220
      vertex -7.07066 8.42649 220
    endloop
  endfacet
  facet normal -0.675594 0.737274 0
    outer loop
      vertex -7.77817 7.77817 220
      vertex -7.07066 8.42649 -6
      vertex -7.77817 7.77817 -6
    endloop
  endfacet
  facet normal -0.887009 -0.461751 0
    outer loop
      vertex -9.52628 -5.5 -6
      vertex -9.96939 -4.6488 220
      vertex -9.96939 -4.6488 -6
    endloop
  endfacet
  facet normal -0.887009 -0.461751 0
    outer loop
      vertex -9.96939 -4.6488 220
      vertex -9.52628 -5.5 -6
      vertex -9.52628 -5.5 220
    endloop
  endfacet
  facet normal -0.382663 0.923888 0
    outer loop
      vertex -3.76222 10.3366 -6
      vertex -4.6488 9.96939 220
      vertex -3.76222 10.3366 220
    endloop
  endfacet
  facet normal -0.382663 0.923888 0
    outer loop
      vertex -4.6488 9.96939 220
      vertex -3.76222 10.3366 -6
      vertex -4.6488 9.96939 -6
    endloop
  endfacet
  facet normal -0.999046 -0.0436627 0
    outer loop
      vertex -10.9581 -0.958713 -6
      vertex -11 0 220
      vertex -11 0 -6
    endloop
  endfacet
  facet normal -0.999046 -0.0436627 0
    outer loop
      vertex -11 0 220
      vertex -10.9581 -0.958713 -6
      vertex -10.9581 -0.958713 220
    endloop
  endfacet
  facet normal -0.0436627 0.999046 0
    outer loop
      vertex 0 11 -6
      vertex -0.958713 10.9581 220
      vertex 0 11 220
    endloop
  endfacet
  facet normal -0.0436627 0.999046 0
    outer loop
      vertex -0.958713 10.9581 220
      vertex 0 11 -6
      vertex -0.958713 10.9581 -6
    endloop
  endfacet
  facet normal -0.991452 -0.130468 0
    outer loop
      vertex -10.8329 -1.91013 -6
      vertex -10.9581 -0.958713 220
      vertex -10.9581 -0.958713 -6
    endloop
  endfacet
  facet normal -0.991452 -0.130468 0
    outer loop
      vertex -10.9581 -0.958713 220
      vertex -10.8329 -1.91013 -6
      vertex -10.8329 -1.91013 220
    endloop
  endfacet
  facet normal 0.382663 -0.923888 0
    outer loop
      vertex 3.76222 -10.3366 -6
      vertex 4.6488 -9.96939 220
      vertex 3.76222 -10.3366 220
    endloop
  endfacet
  facet normal 0.382663 -0.923888 0
    outer loop
      vertex 4.6488 -9.96939 220
      vertex 3.76222 -10.3366 -6
      vertex 4.6488 -9.96939 -6
    endloop
  endfacet
  facet normal 0.300739 -0.953706 0
    outer loop
      vertex 2.84701 -10.6252 -6
      vertex 3.76222 -10.3366 220
      vertex 2.84701 -10.6252 220
    endloop
  endfacet
  facet normal 0.300739 -0.953706 0
    outer loop
      vertex 3.76222 -10.3366 220
      vertex 2.84701 -10.6252 -6
      vertex 3.76222 -10.3366 -6
    endloop
  endfacet
  facet normal -0.737274 0.675594 0
    outer loop
      vertex -8.42649 7.07066 -6
      vertex -7.77817 7.77817 220
      vertex -7.77817 7.77817 -6
    endloop
  endfacet
  facet normal -0.737274 0.675594 0
    outer loop
      vertex -7.77817 7.77817 220
      vertex -8.42649 7.07066 -6
      vertex -8.42649 7.07066 220
    endloop
  endfacet
  facet normal -0.737274 -0.675594 0
    outer loop
      vertex -7.77817 -7.77817 -6
      vertex -8.42649 -7.07066 220
      vertex -8.42649 -7.07066 -6
    endloop
  endfacet
  facet normal -0.737274 -0.675594 0
    outer loop
      vertex -8.42649 -7.07066 220
      vertex -7.77817 -7.77817 -6
      vertex -7.77817 -7.77817 220
    endloop
  endfacet
  facet normal 0.0436627 0.999046 -0
    outer loop
      vertex 0.958713 10.9581 -6
      vertex 0 11 220
      vertex 0.958713 10.9581 220
    endloop
  endfacet
  facet normal 0.0436627 0.999046 0
    outer loop
      vertex 0 11 220
      vertex 0.958713 10.9581 -6
      vertex 0 11 -6
    endloop
  endfacet
  facet normal -0.793354 0.608761 0
    outer loop
      vertex -9.01067 6.30934 -6
      vertex -8.42649 7.07066 220
      vertex -8.42649 7.07066 -6
    endloop
  endfacet
  facet normal -0.793354 0.608761 0
    outer loop
      vertex -8.42649 7.07066 220
      vertex -9.01067 6.30934 -6
      vertex -9.01067 6.30934 220
    endloop
  endfacet
  facet normal -0.976296 0.216438 0
    outer loop
      vertex -10.8329 1.91013 -6
      vertex -10.6252 2.84701 220
      vertex -10.6252 2.84701 -6
    endloop
  endfacet
  facet normal -0.976296 0.216438 0
    outer loop
      vertex -10.6252 2.84701 220
      vertex -10.8329 1.91013 -6
      vertex -10.8329 1.91013 220
    endloop
  endfacet
  facet normal 0.300739 0.953706 -0
    outer loop
      vertex 3.76222 10.3366 -6
      vertex 2.84701 10.6252 220
      vertex 3.76222 10.3366 220
    endloop
  endfacet
  facet normal 0.300739 0.953706 0
    outer loop
      vertex 2.84701 10.6252 220
      vertex 3.76222 10.3366 -6
      vertex 2.84701 10.6252 -6
    endloop
  endfacet
  facet normal -0.923888 0.382663 0
    outer loop
      vertex -10.3366 3.76222 -6
      vertex -9.96939 4.6488 220
      vertex -9.96939 4.6488 -6
    endloop
  endfacet
  facet normal -0.923888 0.382663 0
    outer loop
      vertex -9.96939 4.6488 220
      vertex -10.3366 3.76222 -6
      vertex -10.3366 3.76222 220
    endloop
  endfacet
  facet normal -0.216438 0.976296 0
    outer loop
      vertex -1.91013 10.8329 -6
      vertex -2.84701 10.6252 220
      vertex -1.91013 10.8329 220
    endloop
  endfacet
  facet normal -0.216438 0.976296 0
    outer loop
      vertex -2.84701 10.6252 220
      vertex -1.91013 10.8329 -6
      vertex -2.84701 10.6252 -6
    endloop
  endfacet
  facet normal -0.130468 0.991452 0
    outer loop
      vertex -0.958713 10.9581 -6
      vertex -1.91013 10.8329 220
      vertex -0.958713 10.9581 220
    endloop
  endfacet
  facet normal -0.130468 0.991452 0
    outer loop
      vertex -1.91013 10.8329 220
      vertex -0.958713 10.9581 -6
      vertex -1.91013 10.8329 -6
    endloop
  endfacet
  facet normal -0.84339 -0.537302 0
    outer loop
      vertex -9.01067 -6.30934 -6
      vertex -9.52628 -5.5 220
      vertex -9.52628 -5.5 -6
    endloop
  endfacet
  facet normal -0.84339 -0.537302 0
    outer loop
      vertex -9.52628 -5.5 220
      vertex -9.01067 -6.30934 -6
      vertex -9.01067 -6.30934 220
    endloop
  endfacet
  facet normal -0.0436627 -0.999046 0
    outer loop
      vertex -0.958713 -10.9581 -6
      vertex 0 -11 220
      vertex -0.958713 -10.9581 220
    endloop
  endfacet
  facet normal -0.0436627 -0.999046 -0
    outer loop
      vertex 0 -11 220
      vertex -0.958713 -10.9581 -6
      vertex 0 -11 -6
    endloop
  endfacet
  facet normal -0.537302 0.84339 0
    outer loop
      vertex -5.5 9.52628 -6
      vertex -6.30934 9.01067 220
      vertex -5.5 9.52628 220
    endloop
  endfacet
  facet normal -0.537302 0.84339 0
    outer loop
      vertex -6.30934 9.01067 220
      vertex -5.5 9.52628 -6
      vertex -6.30934 9.01067 -6
    endloop
  endfacet
  facet normal -0.608761 -0.793354 0
    outer loop
      vertex -7.07066 -8.42649 -6
      vertex -6.30934 -9.01067 220
      vertex -7.07066 -8.42649 220
    endloop
  endfacet
  facet normal -0.608761 -0.793354 -0
    outer loop
      vertex -6.30934 -9.01067 220
      vertex -7.07066 -8.42649 -6
      vertex -6.30934 -9.01067 -6
    endloop
  endfacet
  facet normal -0.991452 0.130468 0
    outer loop
      vertex -10.9581 0.958713 -6
      vertex -10.8329 1.91013 220
      vertex -10.8329 1.91013 -6
    endloop
  endfacet
  facet normal -0.991452 0.130468 0
    outer loop
      vertex -10.8329 1.91013 220
      vertex -10.9581 0.958713 -6
      vertex -10.9581 0.958713 220
    endloop
  endfacet
  facet normal -0.382663 -0.923888 0
    outer loop
      vertex -4.6488 -9.96939 -6
      vertex -3.76222 -10.3366 220
      vertex -4.6488 -9.96939 220
    endloop
  endfacet
  facet normal -0.382663 -0.923888 -0
    outer loop
      vertex -3.76222 -10.3366 220
      vertex -4.6488 -9.96939 -6
      vertex -3.76222 -10.3366 -6
    endloop
  endfacet
  facet normal -0.300739 -0.953706 0
    outer loop
      vertex -3.76222 -10.3366 -6
      vertex -2.84701 -10.6252 220
      vertex -3.76222 -10.3366 220
    endloop
  endfacet
  facet normal -0.300739 -0.953706 -0
    outer loop
      vertex -2.84701 -10.6252 220
      vertex -3.76222 -10.3366 -6
      vertex -2.84701 -10.6252 -6
    endloop
  endfacet
  facet normal 0.216438 -0.976296 0
    outer loop
      vertex 1.91013 -10.8329 -6
      vertex 2.84701 -10.6252 220
      vertex 1.91013 -10.8329 220
    endloop
  endfacet
  facet normal 0.216438 -0.976296 0
    outer loop
      vertex 2.84701 -10.6252 220
      vertex 1.91013 -10.8329 -6
      vertex 2.84701 -10.6252 -6
    endloop
  endfacet
  facet normal -0.84339 0.537302 0
    outer loop
      vertex -9.52628 5.5 -6
      vertex -9.01067 6.30934 220
      vertex -9.01067 6.30934 -6
    endloop
  endfacet
  facet normal -0.84339 0.537302 0
    outer loop
      vertex -9.01067 6.30934 220
      vertex -9.52628 5.5 -6
      vertex -9.52628 5.5 220
    endloop
  endfacet
  facet normal 0.675594 -0.737274 0
    outer loop
      vertex 7.07066 -8.42649 -6
      vertex 7.77817 -7.77817 220
      vertex 7.07066 -8.42649 220
    endloop
  endfacet
  facet normal 0.675594 -0.737274 0
    outer loop
      vertex 7.77817 -7.77817 220
      vertex 7.07066 -8.42649 -6
      vertex 7.77817 -7.77817 -6
    endloop
  endfacet
  facet normal 0.608761 -0.793354 0
    outer loop
      vertex 6.30934 -9.01067 -6
      vertex 7.07066 -8.42649 220
      vertex 6.30934 -9.01067 220
    endloop
  endfacet
  facet normal 0.608761 -0.793354 0
    outer loop
      vertex 7.07066 -8.42649 220
      vertex 6.30934 -9.01067 -6
      vertex 7.07066 -8.42649 -6
    endloop
  endfacet
  facet normal 0.130468 0.991452 -0
    outer loop
      vertex 1.91013 10.8329 -6
      vertex 0.958713 10.9581 220
      vertex 1.91013 10.8329 220
    endloop
  endfacet
  facet normal 0.130468 0.991452 0
    outer loop
      vertex 0.958713 10.9581 220
      vertex 1.91013 10.8329 -6
      vertex 0.958713 10.9581 -6
    endloop
  endfacet
  facet normal 0 0 -1
    outer loop
      vertex 10.9581 -0.958713 -6
      vertex 10.9581 0.958713 -6
      vertex 11 0 -6
    endloop
  endfacet
  facet normal 0 0 -1
    outer loop
      vertex 10.8329 -1.91013 -6
      vertex 10.9581 0.958713 -6
      vertex 10.9581 -0.958713 -6
    endloop
  endfacet
  facet normal 0 0 -1
    outer loop
      vertex 10.8329 -1.91013 -6
      vertex 10.8329 1.91013 -6
      vertex 10.9581 0.958713 -6
    endloop
  endfacet
  facet normal 0 0 -1
    outer loop
      vertex 10.6252 -2.84701 -6
      vertex 10.8329 1.91013 -6
      vertex 10.8329 -1.91013 -6
    endloop
  endfacet
  facet normal 0 0 -1
    outer loop
      vertex 10.6252 -2.84701 -6
      vertex 10.6252 2.84701 -6
      vertex 10.8329 1.91013 -6
    endloop
  endfacet
  facet normal 0 0 -1
    outer loop
      vertex 10.3366 -3.76222 -6
      vertex 10.6252 2.84701 -6
      vertex 10.6252 -2.84701 -6
    endloop
  endfacet
  facet normal 0 0 -1
    outer loop
      vertex 10.3366 -3.76222 -6
      vertex 10.3366 3.76222 -6
      vertex 10.6252 2.84701 -6
    endloop
  endfacet
  facet normal 0 0 -1
    outer loop
      vertex 9.96939 -4.6488 -6
      vertex 10.3366 3.76222 -6
      vertex 10.3366 -3.76222 -6
    endloop
  endfacet
  facet normal 0 0 -1
    outer loop
      vertex 9.96939 -4.6488 -6
      vertex 9.96939 4.6488 -6
      vertex 10.3366 3.76222 -6
    endloop
  endfacet
  facet normal 0 0 -1
    outer loop
      vertex 9.52628 -5.5 -6
      vertex 9.96939 4.6488 -6
      vertex 9.96939 -4.6488 -6
    endloop
  endfacet
  facet normal 0 0 -1
    outer loop
      vertex 9.52628 -5.5 -6
      vertex 9.52628 5.5 -6
      vertex 9.96939 4.6488 -6
    endloop
  endfacet
  facet normal 0 0 -1
    outer loop
      vertex 9.01067 -6.30934 -6
      vertex 9.52628 5.5 -6
      vertex 9.52628 -5.5 -6
    endloop
  endfacet
  facet normal 0 0 -1
    outer loop
      vertex 9.01067 -6.30934 -6
      vertex 9.01067 6.30934 -6
      vertex 9.52628 5.5 -6
    endloop
  endfacet
  facet normal 0 0 -1
    outer loop
      vertex 8.42649 -7.07066 -6
      vertex 9.01067 6.30934 -6
      vertex 9.01067 -6.30934 -6
    endloop
  endfacet
  facet normal 0 0 -1
    outer loop
      vertex 8.42649 -7.07066 -6
      vertex 8.42649 7.07066 -6
      vertex 9.01067 6.30934 -6
    endloop
  endfacet
  facet normal 0 0 -1
    outer loop
      vertex 7.77817 -7.77817 -6
      vertex 8.42649 7.07066 -6
      vertex 8.42649 -7.07066 -6
    endloop
  endfacet
  facet normal 0 0 -1
    outer loop
      vertex 7.77817 -7.77817 -6
      vertex 7.77817 7.77817 -6
      vertex 8.42649 7.07066 -6
    endloop
  endfacet
  facet normal 0 0 -1
    outer loop
      vertex 7.07066 -8.42649 -6
      vertex 7.77817 7.77817 -6
      vertex 7.77817 -7.77817 -6
    endloop
  endfacet
  facet normal 0 0 -1
    outer loop
      vertex 7.07066 -8.42649 -6
      vertex 7.07066 8.42649 -6
      vertex 7.77817 7.77817 -6
    endloop
  endfacet
  facet normal 0 0 -1
    outer loop
      vertex 6.30934 -9.01067 -6
      vertex 7.07066 8.42649 -6
      vertex 7.07066 -8.42649 -6
    endloop
  endfacet
  facet normal 0 0 -1
    outer loop
      vertex 6.30934 -9.01067 -6
      vertex 6.30934 9.01067 -6
      vertex 7.07066 8.42649 -6
    endloop
  endfacet
  facet normal 0 0 -1
    outer loop
      vertex 5.5 -9.52628 -6
      vertex 6.30934 9.01067 -6
      vertex 6.30934 -9.01067 -6
    endloop
  endfacet
  facet normal 0 0 -1
    outer loop
      vertex 5.5 -9.52628 -6
      vertex 5.5 9.52628 -6
      vertex 6.30934 9.01067 -6
    endloop
  endfacet
  facet normal 0 0 -1
    outer loop
      vertex 4.6488 -9.96939 -6
      vertex 5.5 9.52628 -6
      vertex 5.5 -9.52628 -6
    endloop
  endfacet
  facet normal 0 0 -1
    outer loop
      vertex 4.6488 -9.96939 -6
      vertex 4.6488 9.96939 -6
      vertex 5.5 9.52628 -6
    endloop
  endfacet
  facet normal 0 0 -1
    outer loop
      vertex 3.76222 -10.3366 -6
      vertex 4.6488 9.96939 -6
      vertex 4.6488 -9.96939 -6
    endloop
  endfacet
  facet normal 0 0 -1
    outer loop
      vertex 3.76222 -10.3366 -6
      vertex 3.76222 10.3366 -6
      vertex 4.6488 9.96939 -6
    endloop
  endfacet
  facet normal 0 0 -1
    outer loop
      vertex 2.84701 -10.6252 -6
      vertex 3.76222 10.3366 -6
      vertex 3.76222 -10.3366 -6
    endloop
  endfacet
  facet normal 0 0 -1
    outer loop
      vertex 2.84701 -10.6252 -6
      vertex 2.84701 10.6252 -6
      vertex 3.76222 10.3366 -6
    endloop
  endfacet
  facet normal 0 0 -1
    outer loop
      vertex 1.91013 -10.8329 -6
      vertex 2.84701 10.6252 -6
      vertex 2.84701 -10.6252 -6
    endloop
  endfacet
  facet normal 0 0 -1
    outer loop
      vertex 1.91013 -10.8329 -6
      vertex 1.91013 10.8329 -6
      vertex 2.84701 10.6252 -6
    endloop
  endfacet
  facet normal 0 0 -1
    outer loop
      vertex 0.958713 -10.9581 -6
      vertex 1.91013 10.8329 -6
      vertex 1.91013 -10.8329 -6
    endloop
  endfacet
  facet normal 0 0 -1
    outer loop
      vertex 0.958713 -10.9581 -6
      vertex 0.958713 10.9581 -6
      vertex 1.91013 10.8329 -6
    endloop
  endfacet
  facet normal 0 0 -1
    outer loop
      vertex 0 -11 -6
      vertex 0.958713 10.9581 -6
      vertex 0.958713 -10.9581 -6
    endloop
  endfacet
  facet normal 0 0 -1
    outer loop
      vertex 0 -11 -6
      vertex 0 11 -6
      vertex 0.958713 10.9581 -6
    endloop
  endfacet
  facet normal 0 0 -1
    outer loop
      vertex -0.958713 -10.9581 -6
      vertex 0 11 -6
      vertex 0 -11 -6
    endloop
  endfacet
  facet normal 0 0 -1
    outer loop
      vertex -0.958713 -10.9581 -6
      vertex -0.958713 10.9581 -6
      vertex 0 11 -6
    endloop
  endfacet
  facet normal 0 0 -1
    outer loop
      vertex -1.91013 -10.8329 -6
      vertex -0.958713 10.9581 -6
      vertex -0.958713 -10.9581 -6
    endloop
  endfacet
  facet normal 0 0 -1
    outer loop
      vertex -1.91013 -10.8329 -6
      vertex -1.91013 10.8329 -6
      vertex -0.958713 10.9581 -6
    endloop
  endfacet
  facet normal 0 0 -1
    outer loop
      vertex -2.84701 -10.6252 -6
      vertex -1.91013 10.8329 -6
      vertex -1.91013 -10.8329 -6
    endloop
  endfacet
  facet normal 0 0 -1
    outer loop
      vertex -2.84701 -10.6252 -6
      vertex -2.84701 10.6252 -6
      vertex -1.91013 10.8329 -6
    endloop
  endfacet
  facet normal 0 0 -1
    outer loop
      vertex -3.76222 -10.3366 -6
      vertex -2.84701 10.6252 -6
      vertex -2.84701 -10.6252 -6
    endloop
  endfacet
  facet normal 0 0 -1
    outer loop
      vertex -3.76222 -10.3366 -6
      vertex -3.76222 10.3366 -6
      vertex -2.84701 10.6252 -6
    endloop
  endfacet
  facet normal 0 0 -1
    outer loop
      vertex -4.6488 -9.96939 -6
      vertex -3.76222 10.3366 -6
      vertex -3.76222 -10.3366 -6
    endloop
  endfacet
  facet normal 0 0 -1
    outer loop
      vertex -4.6488 -9.96939 -6
      vertex -4.6488 9.96939 -6
      vertex -3.76222 10.3366 -6
    endloop
  endfacet
  facet normal 0 0 -1
    outer loop
      vertex -5.5 -9.52628 -6
      vertex -4.6488 9.96939 -6
      vertex -4.6488 -9.96939 -6
    endloop
  endfacet
  facet normal 0 0 -1
    outer loop
      vertex -5.5 -9.52628 -6
      vertex -5.5 9.52628 -6
      vertex -4.6488 9.96939 -6
    endloop
  endfacet
  facet normal 0 0 -1
    outer loop
      vertex -6.30934 -9.01067 -6
      vertex -5.5 9.52628 -6
      vertex -5.5 -9.52628 -6
    endloop
  endfacet
  facet normal 0 0 -1
    outer loop
      vertex -6.30934 -9.01067 -6
      vertex -6.30934 9.01067 -6
      vertex -5.5 9.52628 -6
    endloop
  endfacet
  facet normal 0 0 -1
    outer loop
      vertex -7.07066 -8.42649 -6
      vertex -6.30934 9.01067 -6
      vertex -6.30934 -9.01067 -6
    endloop
  endfacet
  facet normal 0 0 -1
    outer loop
      vertex -7.07066 -8.42649 -6
      vertex -7.07066 8.42649 -6
      vertex -6.30934 9.01067 -6
    endloop
  endfacet
  facet normal 0 0 -1
    outer loop
      vertex -7.77817 -7.77817 -6
      vertex -7.07066 8.42649 -6
      vertex -7.07066 -8.42649 -6
    endloop
  endfacet
  facet normal 0 0 -1
    outer loop
      vertex -7.77817 -7.77817 -6
      vertex -7.77817 7.77817 -6
      vertex -7.07066 8.42649 -6
    endloop
  endfacet
  facet normal 0 0 -1
    outer loop
      vertex -8.42649 -7.07066 -6
      vertex -7.77817 7.77817 -6
      vertex -7.77817 -7.77817 -6
    endloop
  endfacet
  facet normal 0 0 -1
    outer loop
      vertex -8.42649 -7.07066 -6
      vertex -8.42649 7.07066 -6
      vertex -7.77817 7.77817 -6
    endloop
  endfacet
  facet normal 0 0 -1
    outer loop
      vertex -9.01067 -6.30934 -6
      vertex -8.42649 7.07066 -6
      vertex -8.42649 -7.07066 -6
    endloop
  endfacet
  facet normal 0 0 -1
    outer loop
      vertex -9.01067 -6.30934 -6
      vertex -9.01067 6.30934 -6
      vertex -8.42649 7.07066 -6
    endloop
  endfacet
  facet normal 0 0 -1
    outer loop
      vertex -9.52628 -5.5 -6
      vertex -9.01067 6.30934 -6
      vertex -9.01067 -6.30934 -6
    endloop
  endfacet
  facet normal 0 0 -1
    outer loop
      vertex -9.52628 -5.5 -6
      vertex -9.52628 5.5 -6
      vertex -9.01067 6.30934 -6
    endloop
  endfacet
  facet normal 0 0 -1
    outer loop
      vertex -9.96939 -4.6488 -6
      vertex -9.52628 5.5 -6
      vertex -9.52628 -5.5 -6
    endloop
  endfacet
  facet normal 0 0 -1
    outer loop
      vertex -9.96939 -4.6488 -6
      vertex -9.96939 4.6488 -6
      vertex -9.52628 5.5 -6
    endloop
  endfacet
  facet normal 0 0 -1
    outer loop
      vertex -10.3366 -3.76222 -6
      vertex -9.96939 4.6488 -6
      vertex -9.96939 -4.6488 -6
    endloop
  endfacet
  facet normal 0 0 -1
    outer loop
      vertex -10.3366 -3.76222 -6
      vertex -10.3366 3.76222 -6
      vertex -9.96939 4.6488 -6
    endloop
  endfacet
  facet normal 0 0 -1
    outer loop
      vertex -10.6252 -2.84701 -6
      vertex -10.3366 3.76222 -6
      vertex -10.3366 -3.76222 -6
    endloop
  endfacet
  facet normal 0 0 -1
    outer loop
      vertex -10.6252 -2.84701 -6
      vertex -10.6252 2.84701 -6
      vertex -10.3366 3.76222 -6
    endloop
  endfacet
  facet normal 0 0 -1
    outer loop
      vertex -10.8329 -1.91013 -6
      vertex -10.6252 2.84701 -6
      vertex -10.6252 -2.84701 -6
    endloop
  endfacet
  facet normal 0 0 -1
    outer loop
      vertex -10.8329 -1.91013 -6
      vertex -10.8329 1.91013 -6
      vertex -10.6252 2.84701 -6
    endloop
  endfacet
  facet normal 0 0 -1
    outer loop
      vertex -10.9581 -0.958713 -6
      vertex -10.8329 1.91013 -6
      vertex -10.8329 -1.91013 -6
    endloop
  endfacet
  facet normal 0 0 -1
    outer loop
      vertex -10.9581 -0.958713 -6
      vertex -10.9581 0.958713 -6
      vertex -10.8329 1.91013 -6
    endloop
  endfacet
  facet normal 0 -0 -1
    outer loop
      vertex -10.9581 0.958713 -6
      vertex -10.9581 -0.958713 -6
      vertex -11 0 -6
    endloop
  endfacet
  facet normal -0.737269 0.675599 0
    outer loop
      vertex -3.83022 3.21394 220
      vertex -3.53553 3.53553 372
      vertex -3.53553 3.53553 220
    endloop
  endfacet
  facet normal -0.737269 0.675599 0
    outer loop
      vertex -3.53553 3.53553 372
      vertex -3.83022 3.21394 220
      vertex -3.83022 3.21394 372
    endloop
  endfacet
  facet normal 0.991446 0.130516 0
    outer loop
      vertex 4.98097 0.435779 372
      vertex 4.92404 0.86824 220
      vertex 4.92404 0.86824 372
    endloop
  endfacet
  facet normal 0.991446 0.130516 0
    outer loop
      vertex 4.92404 0.86824 220
      vertex 4.98097 0.435779 372
      vertex 4.98097 0.435779 220
    endloop
  endfacet
  facet normal 0.999048 0.0436273 0
    outer loop
      vertex 5 0 372
      vertex 4.98097 0.435779 220
      vertex 4.98097 0.435779 372
    endloop
  endfacet
  facet normal 0.999048 0.0436273 0
    outer loop
      vertex 4.98097 0.435779 220
      vertex 5 0 372
      vertex 5 0 220
    endloop
  endfacet
  facet normal 0.976296 0.216438 0
    outer loop
      vertex 4.92404 0.86824 372
      vertex 4.82963 1.2941 220
      vertex 4.82963 1.2941 372
    endloop
  endfacet
  facet normal 0.976296 0.216438 0
    outer loop
      vertex 4.82963 1.2941 220
      vertex 4.92404 0.86824 372
      vertex 4.92404 0.86824 220
    endloop
  endfacet
  facet normal -0.130516 0.991446 0
    outer loop
      vertex -0.435779 4.98097 220
      vertex -0.86824 4.92404 372
      vertex -0.435779 4.98097 372
    endloop
  endfacet
  facet normal -0.130516 0.991446 0
    outer loop
      vertex -0.86824 4.92404 372
      vertex -0.435779 4.98097 220
      vertex -0.86824 4.92404 220
    endloop
  endfacet
  facet normal -0.953713 -0.300718 0
    outer loop
      vertex -4.69846 -1.7101 220
      vertex -4.82963 -1.2941 372
      vertex -4.82963 -1.2941 220
    endloop
  endfacet
  facet normal -0.953713 -0.300718 0
    outer loop
      vertex -4.82963 -1.2941 372
      vertex -4.69846 -1.7101 220
      vertex -4.69846 -1.7101 372
    endloop
  endfacet
  facet normal -0.537307 -0.843387 0
    outer loop
      vertex -2.86788 -4.09576 220
      vertex -2.5 -4.33013 372
      vertex -2.86788 -4.09576 372
    endloop
  endfacet
  facet normal -0.537307 -0.843387 -0
    outer loop
      vertex -2.5 -4.33013 372
      vertex -2.86788 -4.09576 220
      vertex -2.5 -4.33013 220
    endloop
  endfacet
  facet normal 0.382676 -0.923883 0
    outer loop
      vertex 1.7101 -4.69846 220
      vertex 2.11309 -4.53154 372
      vertex 1.7101 -4.69846 372
    endloop
  endfacet
  facet normal 0.382676 -0.923883 0
    outer loop
      vertex 2.11309 -4.53154 372
      vertex 1.7101 -4.69846 220
      vertex 2.11309 -4.53154 220
    endloop
  endfacet
  facet normal 0.216438 -0.976296 0
    outer loop
      vertex 0.86824 -4.92404 220
      vertex 1.2941 -4.82963 372
      vertex 0.86824 -4.92404 372
    endloop
  endfacet
  facet normal 0.216438 -0.976296 0
    outer loop
      vertex 1.2941 -4.82963 372
      vertex 0.86824 -4.92404 220
      vertex 1.2941 -4.82963 220
    endloop
  endfacet
  facet normal 0.130516 0.991446 -0
    outer loop
      vertex 0.86824 4.92404 220
      vertex 0.435779 4.98097 372
      vertex 0.86824 4.92404 372
    endloop
  endfacet
  facet normal 0.130516 0.991446 0
    outer loop
      vertex 0.435779 4.98097 372
      vertex 0.86824 4.92404 220
      vertex 0.435779 4.98097 220
    endloop
  endfacet
  facet normal -0.953713 0.300718 0
    outer loop
      vertex -4.82963 1.2941 220
      vertex -4.69846 1.7101 372
      vertex -4.69846 1.7101 220
    endloop
  endfacet
  facet normal -0.953713 0.300718 0
    outer loop
      vertex -4.69846 1.7101 372
      vertex -4.82963 1.2941 220
      vertex -4.82963 1.2941 372
    endloop
  endfacet
  facet normal 0.0436273 -0.999048 0
    outer loop
      vertex 0 -5 220
      vertex 0.435779 -4.98097 372
      vertex 0 -5 372
    endloop
  endfacet
  facet normal 0.0436273 -0.999048 0
    outer loop
      vertex 0.435779 -4.98097 372
      vertex 0 -5 220
      vertex 0.435779 -4.98097 220
    endloop
  endfacet
  facet normal -0.60876 -0.793355 0
    outer loop
      vertex -3.21394 -3.83022 220
      vertex -2.86788 -4.09576 372
      vertex -3.21394 -3.83022 372
    endloop
  endfacet
  facet normal -0.60876 -0.793355 -0
    outer loop
      vertex -2.86788 -4.09576 372
      vertex -3.21394 -3.83022 220
      vertex -2.86788 -4.09576 220
    endloop
  endfacet
  facet normal 0.216438 0.976296 -0
    outer loop
      vertex 1.2941 4.82963 220
      vertex 0.86824 4.92404 372
      vertex 1.2941 4.82963 372
    endloop
  endfacet
  facet normal 0.216438 0.976296 0
    outer loop
      vertex 0.86824 4.92404 372
      vertex 1.2941 4.82963 220
      vertex 0.86824 4.92404 220
    endloop
  endfacet
  facet normal 0.923883 0.382676 0
    outer loop
      vertex 4.69846 1.7101 372
      vertex 4.53154 2.11309 220
      vertex 4.53154 2.11309 372
    endloop
  endfacet
  facet normal 0.923883 0.382676 0
    outer loop
      vertex 4.53154 2.11309 220
      vertex 4.69846 1.7101 372
      vertex 4.69846 1.7101 220
    endloop
  endfacet
  facet normal 0.675599 0.737269 -0
    outer loop
      vertex 3.53553 3.53553 220
      vertex 3.21394 3.83022 372
      vertex 3.53553 3.53553 372
    endloop
  endfacet
  facet normal 0.675599 0.737269 0
    outer loop
      vertex 3.21394 3.83022 372
      vertex 3.53553 3.53553 220
      vertex 3.21394 3.83022 220
    endloop
  endfacet
  facet normal 0.737269 -0.675599 0
    outer loop
      vertex 3.53553 -3.53553 372
      vertex 3.83022 -3.21394 220
      vertex 3.83022 -3.21394 372
    endloop
  endfacet
  facet normal 0.737269 -0.675599 0
    outer loop
      vertex 3.83022 -3.21394 220
      vertex 3.53553 -3.53553 372
      vertex 3.53553 -3.53553 220
    endloop
  endfacet
  facet normal -0.0436273 -0.999048 0
    outer loop
      vertex -0.435779 -4.98097 220
      vertex 0 -5 372
      vertex -0.435779 -4.98097 372
    endloop
  endfacet
  facet normal -0.0436273 -0.999048 -0
    outer loop
      vertex 0 -5 372
      vertex -0.435779 -4.98097 220
      vertex 0 -5 220
    endloop
  endfacet
  facet normal 0 0 1
    outer loop
      vertex 4.98097 0.435779 372
      vertex 4.98097 -0.435779 372
      vertex 5 0 372
    endloop
  endfacet
  facet normal 0 0 1
    outer loop
      vertex 4.92404 0.86824 372
      vertex 4.98097 -0.435779 372
      vertex 4.98097 0.435779 372
    endloop
  endfacet
  facet normal 0 0 1
    outer loop
      vertex 4.92404 0.86824 372
      vertex 4.92404 -0.86824 372
      vertex 4.98097 -0.435779 372
    endloop
  endfacet
  facet normal 0 0 1
    outer loop
      vertex 4.82963 1.2941 372
      vertex 4.92404 -0.86824 372
      vertex 4.92404 0.86824 372
    endloop
  endfacet
  facet normal 0 0 1
    outer loop
      vertex 4.82963 1.2941 372
      vertex 4.82963 -1.2941 372
      vertex 4.92404 -0.86824 372
    endloop
  endfacet
  facet normal 0 0 1
    outer loop
      vertex 4.69846 1.7101 372
      vertex 4.82963 -1.2941 372
      vertex 4.82963 1.2941 372
    endloop
  endfacet
  facet normal 0 0 1
    outer loop
      vertex 4.69846 1.7101 372
      vertex 4.69846 -1.7101 372
      vertex 4.82963 -1.2941 372
    endloop
  endfacet
  facet normal 0 0 1
    outer loop
      vertex 4.53154 2.11309 372
      vertex 4.69846 -1.7101 372
      vertex 4.69846 1.7101 372
    endloop
  endfacet
  facet normal 0 0 1
    outer loop
      vertex 4.53154 2.11309 372
      vertex 4.53154 -2.11309 372
      vertex 4.69846 -1.7101 372
    endloop
  endfacet
  facet normal 0 0 1
    outer loop
      vertex 4.33013 2.5 372
      vertex 4.53154 -2.11309 372
      vertex 4.53154 2.11309 372
    endloop
  endfacet
  facet normal 0 0 1
    outer loop
      vertex 4.33013 2.5 372
      vertex 4.33013 -2.5 372
      vertex 4.53154 -2.11309 372
    endloop
  endfacet
  facet normal 0 0 1
    outer loop
      vertex 4.09576 2.86788 372
      vertex 4.33013 -2.5 372
      vertex 4.33013 2.5 372
    endloop
  endfacet
  facet normal 0 0 1
    outer loop
      vertex 4.09576 2.86788 372
      vertex 4.09576 -2.86788 372
      vertex 4.33013 -2.5 372
    endloop
  endfacet
  facet normal 0 0 1
    outer loop
      vertex 3.83022 3.21394 372
      vertex 4.09576 -2.86788 372
      vertex 4.09576 2.86788 372
    endloop
  endfacet
  facet normal 0 0 1
    outer loop
      vertex 3.83022 3.21394 372
      vertex 3.83022 -3.21394 372
      vertex 4.09576 -2.86788 372
    endloop
  endfacet
  facet normal 0 0 1
    outer loop
      vertex 3.53553 3.53553 372
      vertex 3.83022 -3.21394 372
      vertex 3.83022 3.21394 372
    endloop
  endfacet
  facet normal 0 0 1
    outer loop
      vertex 3.53553 3.53553 372
      vertex 3.53553 -3.53553 372
      vertex 3.83022 -3.21394 372
    endloop
  endfacet
  facet normal 0 0 1
    outer loop
      vertex 3.21394 3.83022 372
      vertex 3.53553 -3.53553 372
      vertex 3.53553 3.53553 372
    endloop
  endfacet
  facet normal 0 0 1
    outer loop
      vertex 3.21394 3.83022 372
      vertex 3.21394 -3.83022 372
      vertex 3.53553 -3.53553 372
    endloop
  endfacet
  facet normal 0 0 1
    outer loop
      vertex 2.86788 4.09576 372
      vertex 3.21394 -3.83022 372
      vertex 3.21394 3.83022 372
    endloop
  endfacet
  facet normal 0 0 1
    outer loop
      vertex 2.86788 4.09576 372
      vertex 2.86788 -4.09576 372
      vertex 3.21394 -3.83022 372
    endloop
  endfacet
  facet normal 0 0 1
    outer loop
      vertex 2.5 4.33013 372
      vertex 2.86788 -4.09576 372
      vertex 2.86788 4.09576 372
    endloop
  endfacet
  facet normal 0 0 1
    outer loop
      vertex 2.5 4.33013 372
      vertex 2.5 -4.33013 372
      vertex 2.86788 -4.09576 372
    endloop
  endfacet
  facet normal 0 0 1
    outer loop
      vertex 2.11309 4.53154 372
      vertex 2.5 -4.33013 372
      vertex 2.5 4.33013 372
    endloop
  endfacet
  facet normal 0 0 1
    outer loop
      vertex 2.11309 4.53154 372
      vertex 2.11309 -4.53154 372
      vertex 2.5 -4.33013 372
    endloop
  endfacet
  facet normal 0 0 1
    outer loop
      vertex 1.7101 4.69846 372
      vertex 2.11309 -4.53154 372
      vertex 2.11309 4.53154 372
    endloop
  endfacet
  facet normal 0 0 1
    outer loop
      vertex 1.7101 4.69846 372
      vertex 1.7101 -4.69846 372
      vertex 2.11309 -4.53154 372
    endloop
  endfacet
  facet normal 0 0 1
    outer loop
      vertex 1.2941 4.82963 372
      vertex 1.7101 -4.69846 372
      vertex 1.7101 4.69846 372
    endloop
  endfacet
  facet normal 0 0 1
    outer loop
      vertex 1.2941 4.82963 372
      vertex 1.2941 -4.82963 372
      vertex 1.7101 -4.69846 372
    endloop
  endfacet
  facet normal 0 0 1
    outer loop
      vertex 0.86824 4.92404 372
      vertex 1.2941 -4.82963 372
      vertex 1.2941 4.82963 372
    endloop
  endfacet
  facet normal 0 0 1
    outer loop
      vertex 0.86824 4.92404 372
      vertex 0.86824 -4.92404 372
      vertex 1.2941 -4.82963 372
    endloop
  endfacet
  facet normal 0 0 1
    outer loop
      vertex 0.435779 4.98097 372
      vertex 0.86824 -4.92404 372
      vertex 0.86824 4.92404 372
    endloop
  endfacet
  facet normal 0 0 1
    outer loop
      vertex 0.435779 4.98097 372
      vertex 0.435779 -4.98097 372
      vertex 0.86824 -4.92404 372
    endloop
  endfacet
  facet normal 0 0 1
    outer loop
      vertex 0 5 372
      vertex 0.435779 -4.98097 372
      vertex 0.435779 4.98097 372
    endloop
  endfacet
  facet normal 0 0 1
    outer loop
      vertex 0 5 372
      vertex 0 -5 372
      vertex 0.435779 -4.98097 372
    endloop
  endfacet
  facet normal -0 0 1
    outer loop
      vertex -0.435779 4.98097 372
      vertex 0 -5 372
      vertex 0 5 372
    endloop
  endfacet
  facet normal 0 0 1
    outer loop
      vertex -0.435779 4.98097 372
      vertex -0.435779 -4.98097 372
      vertex 0 -5 372
    endloop
  endfacet
  facet normal -0 0 1
    outer loop
      vertex -0.86824 4.92404 372
      vertex -0.435779 -4.98097 372
      vertex -0.435779 4.98097 372
    endloop
  endfacet
  facet normal 0 0 1
    outer loop
      vertex -0.86824 4.92404 372
      vertex -0.86824 -4.92404 372
      vertex -0.435779 -4.98097 372
    endloop
  endfacet
  facet normal -0 0 1
    outer loop
      vertex -1.2941 4.82963 372
      vertex -0.86824 -4.92404 372
      vertex -0.86824 4.92404 372
    endloop
  endfacet
  facet normal 0 0 1
    outer loop
      vertex -1.2941 4.82963 372
      vertex -1.2941 -4.82963 372
      vertex -0.86824 -4.92404 372
    endloop
  endfacet
  facet normal -0 0 1
    outer loop
      vertex -1.7101 4.69846 372
      vertex -1.2941 -4.82963 372
      vertex -1.2941 4.82963 372
    endloop
  endfacet
  facet normal 0 0 1
    outer loop
      vertex -1.7101 4.69846 372
      vertex -1.7101 -4.69846 372
      vertex -1.2941 -4.82963 372
    endloop
  endfacet
  facet normal -0 0 1
    outer loop
      vertex -2.11309 4.53154 372
      vertex -1.7101 -4.69846 372
      vertex -1.7101 4.69846 372
    endloop
  endfacet
  facet normal 0 0 1
    outer loop
      vertex -2.11309 4.53154 372
      vertex -2.11309 -4.53154 372
      vertex -1.7101 -4.69846 372
    endloop
  endfacet
  facet normal -0 0 1
    outer loop
      vertex -2.5 4.33013 372
      vertex -2.11309 -4.53154 372
      vertex -2.11309 4.53154 372
    endloop
  endfacet
  facet normal 0 0 1
    outer loop
      vertex -2.5 4.33013 372
      vertex -2.5 -4.33013 372
      vertex -2.11309 -4.53154 372
    endloop
  endfacet
  facet normal -0 0 1
    outer loop
      vertex -2.86788 4.09576 372
      vertex -2.5 -4.33013 372
      vertex -2.5 4.33013 372
    endloop
  endfacet
  facet normal 0 0 1
    outer loop
      vertex -2.86788 4.09576 372
      vertex -2.86788 -4.09576 372
      vertex -2.5 -4.33013 372
    endloop
  endfacet
  facet normal -0 0 1
    outer loop
      vertex -3.21394 3.83022 372
      vertex -2.86788 -4.09576 372
      vertex -2.86788 4.09576 372
    endloop
  endfacet
  facet normal 0 0 1
    outer loop
      vertex -3.21394 3.83022 372
      vertex -3.21394 -3.83022 372
      vertex -2.86788 -4.09576 372
    endloop
  endfacet
  facet normal -0 0 1
    outer loop
      vertex -3.53553 3.53553 372
      vertex -3.21394 -3.83022 372
      vertex -3.21394 3.83022 372
    endloop
  endfacet
  facet normal 0 0 1
    outer loop
      vertex -3.53553 3.53553 372
      vertex -3.53553 -3.53553 372
      vertex -3.21394 -3.83022 372
    endloop
  endfacet
  facet normal -0 0 1
    outer loop
      vertex -3.83022 3.21394 372
      vertex -3.53553 -3.53553 372
      vertex -3.53553 3.53553 372
    endloop
  endfacet
  facet normal 0 0 1
    outer loop
      vertex -3.83022 3.21394 372
      vertex -3.83022 -3.21394 372
      vertex -3.53553 -3.53553 372
    endloop
  endfacet
  facet normal -0 0 1
    outer loop
      vertex -4.09576 2.86788 372
      vertex -3.83022 -3.21394 372
      vertex -3.83022 3.21394 372
    endloop
  endfacet
  facet normal 0 0 1
    outer loop
      vertex -4.09576 2.86788 372
      vertex -4.09576 -2.86788 372
      vertex -3.83022 -3.21394 372
    endloop
  endfacet
  facet normal -0 0 1
    outer loop
      vertex -4.33013 2.5 372
      vertex -4.09576 -2.86788 372
      vertex -4.09576 2.86788 372
    endloop
  endfacet
  facet normal 0 0 1
    outer loop
      vertex -4.33013 2.5 372
      vertex -4.33013 -2.5 372
      vertex -4.09576 -2.86788 372
    endloop
  endfacet
  facet normal -0 0 1
    outer loop
      vertex -4.53154 2.11309 372
      vertex -4.33013 -2.5 372
      vertex -4.33013 2.5 372
    endloop
  endfacet
  facet normal 0 0 1
    outer loop
      vertex -4.53154 2.11309 372
      vertex -4.53154 -2.11309 372
      vertex -4.33013 -2.5 372
    endloop
  endfacet
  facet normal -0 0 1
    outer loop
      vertex -4.69846 1.7101 372
      vertex -4.53154 -2.11309 372
      vertex -4.53154 2.11309 372
    endloop
  endfacet
  facet normal 0 0 1
    outer loop
      vertex -4.69846 1.7101 372
      vertex -4.69846 -1.7101 372
      vertex -4.53154 -2.11309 372
    endloop
  endfacet
  facet normal -0 0 1
    outer loop
      vertex -4.82963 1.2941 372
      vertex -4.69846 -1.7101 372
      vertex -4.69846 1.7101 372
    endloop
  endfacet
  facet normal 0 0 1
    outer loop
      vertex -4.82963 1.2941 372
      vertex -4.82963 -1.2941 372
      vertex -4.69846 -1.7101 372
    endloop
  endfacet
  facet normal -0 0 1
    outer loop
      vertex -4.92404 0.86824 372
      vertex -4.82963 -1.2941 372
      vertex -4.82963 1.2941 372
    endloop
  endfacet
  facet normal 0 0 1
    outer loop
      vertex -4.92404 0.86824 372
      vertex -4.92404 -0.86824 372
      vertex -4.82963 -1.2941 372
    endloop
  endfacet
  facet normal -0 0 1
    outer loop
      vertex -4.98097 0.435779 372
      vertex -4.92404 -0.86824 372
      vertex -4.92404 0.86824 372
    endloop
  endfacet
  facet normal 0 0 1
    outer loop
      vertex -4.98097 0.435779 372
      vertex -4.98097 -0.435779 372
      vertex -4.92404 -0.86824 372
    endloop
  endfacet
  facet normal 0 -0 1
    outer loop
      vertex -4.98097 -0.435779 372
      vertex -4.98097 0.435779 372
      vertex -5 0 372
    endloop
  endfacet
  facet normal -0.999048 0.0436273 0
    outer loop
      vertex -5 0 220
      vertex -4.98097 0.435779 372
      vertex -4.98097 0.435779 220
    endloop
  endfacet
  facet normal -0.999048 0.0436273 0
    outer loop
      vertex -4.98097 0.435779 372
      vertex -5 0 220
      vertex -5 0 372
    endloop
  endfacet
  facet normal 0.843387 0.537307 0
    outer loop
      vertex 4.33013 2.5 372
      vertex 4.09576 2.86788 220
      vertex 4.09576 2.86788 372
    endloop
  endfacet
  facet normal 0.843387 0.537307 0
    outer loop
      vertex 4.09576 2.86788 220
      vertex 4.33013 2.5 372
      vertex 4.33013 2.5 220
    endloop
  endfacet
  facet normal 0.0436273 0.999048 -0
    outer loop
      vertex 0.435779 4.98097 220
      vertex 0 5 372
      vertex 0.435779 4.98097 372
    endloop
  endfacet
  facet normal 0.0436273 0.999048 0
    outer loop
      vertex 0 5 372
      vertex 0.435779 4.98097 220
      vertex 0 5 220
    endloop
  endfacet
  facet normal -0.0436273 0.999048 0
    outer loop
      vertex 0 5 220
      vertex -0.435779 4.98097 372
      vertex 0 5 372
    endloop
  endfacet
  facet normal -0.0436273 0.999048 0
    outer loop
      vertex -0.435779 4.98097 372
      vertex 0 5 220
      vertex -0.435779 4.98097 220
    endloop
  endfacet
  facet normal -0.976296 -0.216438 0
    outer loop
      vertex -4.82963 -1.2941 220
      vertex -4.92404 -0.86824 372
      vertex -4.92404 -0.86824 220
    endloop
  endfacet
  facet normal -0.976296 -0.216438 0
    outer loop
      vertex -4.92404 -0.86824 372
      vertex -4.82963 -1.2941 220
      vertex -4.82963 -1.2941 372
    endloop
  endfacet
  facet normal -0.675599 -0.737269 0
    outer loop
      vertex -3.53553 -3.53553 220
      vertex -3.21394 -3.83022 372
      vertex -3.53553 -3.53553 372
    endloop
  endfacet
  facet normal -0.675599 -0.737269 -0
    outer loop
      vertex -3.21394 -3.83022 372
      vertex -3.53553 -3.53553 220
      vertex -3.21394 -3.83022 220
    endloop
  endfacet
  facet normal -0.300718 0.953713 0
    outer loop
      vertex -1.2941 4.82963 220
      vertex -1.7101 4.69846 372
      vertex -1.2941 4.82963 372
    endloop
  endfacet
  facet normal -0.300718 0.953713 0
    outer loop
      vertex -1.7101 4.69846 372
      vertex -1.2941 4.82963 220
      vertex -1.7101 4.69846 220
    endloop
  endfacet
  facet normal 0.887013 -0.461744 0
    outer loop
      vertex 4.33013 -2.5 372
      vertex 4.53154 -2.11309 220
      vertex 4.53154 -2.11309 372
    endloop
  endfacet
  facet normal 0.887013 -0.461744 0
    outer loop
      vertex 4.53154 -2.11309 220
      vertex 4.33013 -2.5 372
      vertex 4.33013 -2.5 220
    endloop
  endfacet
  facet normal -0.793355 -0.60876 0
    outer loop
      vertex -3.83022 -3.21394 220
      vertex -4.09576 -2.86788 372
      vertex -4.09576 -2.86788 220
    endloop
  endfacet
  facet normal -0.793355 -0.60876 0
    outer loop
      vertex -4.09576 -2.86788 372
      vertex -3.83022 -3.21394 220
      vertex -3.83022 -3.21394 372
    endloop
  endfacet
  facet normal 0.843387 -0.537307 0
    outer loop
      vertex 4.09576 -2.86788 372
      vertex 4.33013 -2.5 220
      vertex 4.33013 -2.5 372
    endloop
  endfacet
  facet normal 0.843387 -0.537307 0
    outer loop
      vertex 4.33013 -2.5 220
      vertex 4.09576 -2.86788 372
      vertex 4.09576 -2.86788 220
    endloop
  endfacet
  facet normal -0.382676 -0.923883 0
    outer loop
      vertex -2.11309 -4.53154 220
      vertex -1.7101 -4.69846 372
      vertex -2.11309 -4.53154 372
    endloop
  endfacet
  facet normal -0.382676 -0.923883 -0
    outer loop
      vertex -1.7101 -4.69846 372
      vertex -2.11309 -4.53154 220
      vertex -1.7101 -4.69846 220
    endloop
  endfacet
  facet normal 0.923883 -0.382676 0
    outer loop
      vertex 4.53154 -2.11309 372
      vertex 4.69846 -1.7101 220
      vertex 4.69846 -1.7101 372
    endloop
  endfacet
  facet normal 0.923883 -0.382676 0
    outer loop
      vertex 4.69846 -1.7101 220
      vertex 4.53154 -2.11309 372
      vertex 4.53154 -2.11309 220
    endloop
  endfacet
  facet normal 0.537307 0.843387 -0
    outer loop
      vertex 2.86788 4.09576 220
      vertex 2.5 4.33013 372
      vertex 2.86788 4.09576 372
    endloop
  endfacet
  facet normal 0.537307 0.843387 0
    outer loop
      vertex 2.5 4.33013 372
      vertex 2.86788 4.09576 220
      vertex 2.5 4.33013 220
    endloop
  endfacet
  facet normal 0.130516 -0.991446 0
    outer loop
      vertex 0.435779 -4.98097 220
      vertex 0.86824 -4.92404 372
      vertex 0.435779 -4.98097 372
    endloop
  endfacet
  facet normal 0.130516 -0.991446 0
    outer loop
      vertex 0.86824 -4.92404 372
      vertex 0.435779 -4.98097 220
      vertex 0.86824 -4.92404 220
    endloop
  endfacet
  facet normal 0.953713 0.300718 0
    outer loop
      vertex 4.82963 1.2941 372
      vertex 4.69846 1.7101 220
      vertex 4.69846 1.7101 372
    endloop
  endfacet
  facet normal 0.953713 0.300718 0
    outer loop
      vertex 4.69846 1.7101 220
      vertex 4.82963 1.2941 372
      vertex 4.82963 1.2941 220
    endloop
  endfacet
  facet normal 0.60876 0.793355 -0
    outer loop
      vertex 3.21394 3.83022 220
      vertex 2.86788 4.09576 372
      vertex 3.21394 3.83022 372
    endloop
  endfacet
  facet normal 0.60876 0.793355 0
    outer loop
      vertex 2.86788 4.09576 372
      vertex 3.21394 3.83022 220
      vertex 2.86788 4.09576 220
    endloop
  endfacet
  facet normal 0.737269 0.675599 0
    outer loop
      vertex 3.83022 3.21394 372
      vertex 3.53553 3.53553 220
      vertex 3.53553 3.53553 372
    endloop
  endfacet
  facet normal 0.737269 0.675599 0
    outer loop
      vertex 3.53553 3.53553 220
      vertex 3.83022 3.21394 372
      vertex 3.83022 3.21394 220
    endloop
  endfacet
  facet normal -0.60876 0.793355 0
    outer loop
      vertex -2.86788 4.09576 220
      vertex -3.21394 3.83022 372
      vertex -2.86788 4.09576 372
    endloop
  endfacet
  facet normal -0.60876 0.793355 0
    outer loop
      vertex -3.21394 3.83022 372
      vertex -2.86788 4.09576 220
      vertex -3.21394 3.83022 220
    endloop
  endfacet
  facet normal -0.537307 0.843387 0
    outer loop
      vertex -2.5 4.33013 220
      vertex -2.86788 4.09576 372
      vertex -2.5 4.33013 372
    endloop
  endfacet
  facet normal -0.537307 0.843387 0
    outer loop
      vertex -2.86788 4.09576 372
      vertex -2.5 4.33013 220
      vertex -2.86788 4.09576 220
    endloop
  endfacet
  facet normal 0.991446 -0.130516 0
    outer loop
      vertex 4.92404 -0.86824 372
      vertex 4.98097 -0.435779 220
      vertex 4.98097 -0.435779 372
    endloop
  endfacet
  facet normal 0.991446 -0.130516 0
    outer loop
      vertex 4.98097 -0.435779 220
      vertex 4.92404 -0.86824 372
      vertex 4.92404 -0.86824 220
    endloop
  endfacet
  facet normal 0.953713 -0.300718 0
    outer loop
      vertex 4.69846 -1.7101 372
      vertex 4.82963 -1.2941 220
      vertex 4.82963 -1.2941 372
    endloop
  endfacet
  facet normal 0.953713 -0.300718 0
    outer loop
      vertex 4.82963 -1.2941 220
      vertex 4.69846 -1.7101 372
      vertex 4.69846 -1.7101 220
    endloop
  endfacet
  facet normal 0.382676 0.923883 -0
    outer loop
      vertex 2.11309 4.53154 220
      vertex 1.7101 4.69846 372
      vertex 2.11309 4.53154 372
    endloop
  endfacet
  facet normal 0.382676 0.923883 0
    outer loop
      vertex 1.7101 4.69846 372
      vertex 2.11309 4.53154 220
      vertex 1.7101 4.69846 220
    endloop
  endfacet
  facet normal -0.216438 0.976296 0
    outer loop
      vertex -0.86824 4.92404 220
      vertex -1.2941 4.82963 372
      vertex -0.86824 4.92404 372
    endloop
  endfacet
  facet normal -0.216438 0.976296 0
    outer loop
      vertex -1.2941 4.82963 372
      vertex -0.86824 4.92404 220
      vertex -1.2941 4.82963 220
    endloop
  endfacet
  facet normal -0.130516 -0.991446 0
    outer loop
      vertex -0.86824 -4.92404 220
      vertex -0.435779 -4.98097 372
      vertex -0.86824 -4.92404 372
    endloop
  endfacet
  facet normal -0.130516 -0.991446 -0
    outer loop
      vertex -0.435779 -4.98097 372
      vertex -0.86824 -4.92404 220
      vertex -0.435779 -4.98097 220
    endloop
  endfacet
  facet normal 0.976296 -0.216438 0
    outer loop
      vertex 4.82963 -1.2941 372
      vertex 4.92404 -0.86824 220
      vertex 4.92404 -0.86824 372
    endloop
  endfacet
  facet normal 0.976296 -0.216438 0
    outer loop
      vertex 4.92404 -0.86824 220
      vertex 4.82963 -1.2941 372
      vertex 4.82963 -1.2941 220
    endloop
  endfacet
  facet normal 0.461744 0.887013 -0
    outer loop
      vertex 2.5 4.33013 220
      vertex 2.11309 4.53154 372
      vertex 2.5 4.33013 372
    endloop
  endfacet
  facet normal 0.461744 0.887013 0
    outer loop
      vertex 2.11309 4.53154 372
      vertex 2.5 4.33013 220
      vertex 2.11309 4.53154 220
    endloop
  endfacet
  facet normal 0.999048 -0.0436273 0
    outer loop
      vertex 4.98097 -0.435779 372
      vertex 5 0 220
      vertex 5 0 372
    endloop
  endfacet
  facet normal 0.999048 -0.0436273 0
    outer loop
      vertex 5 0 220
      vertex 4.98097 -0.435779 372
      vertex 4.98097 -0.435779 220
    endloop
  endfacet
  facet normal -0.382676 0.923883 0
    outer loop
      vertex -1.7101 4.69846 220
      vertex -2.11309 4.53154 372
      vertex -1.7101 4.69846 372
    endloop
  endfacet
  facet normal -0.382676 0.923883 0
    outer loop
      vertex -2.11309 4.53154 372
      vertex -1.7101 4.69846 220
      vertex -2.11309 4.53154 220
    endloop
  endfacet
  facet normal -0.887013 -0.461744 0
    outer loop
      vertex -4.33013 -2.5 220
      vertex -4.53154 -2.11309 372
      vertex -4.53154 -2.11309 220
    endloop
  endfacet
  facet normal -0.887013 -0.461744 0
    outer loop
      vertex -4.53154 -2.11309 372
      vertex -4.33013 -2.5 220
      vertex -4.33013 -2.5 372
    endloop
  endfacet
  facet normal 0.887013 0.461744 0
    outer loop
      vertex 4.53154 2.11309 372
      vertex 4.33013 2.5 220
      vertex 4.33013 2.5 372
    endloop
  endfacet
  facet normal 0.887013 0.461744 0
    outer loop
      vertex 4.33013 2.5 220
      vertex 4.53154 2.11309 372
      vertex 4.53154 2.11309 220
    endloop
  endfacet
  facet normal -0.461744 -0.887013 0
    outer loop
      vertex -2.5 -4.33013 220
      vertex -2.11309 -4.53154 372
      vertex -2.5 -4.33013 372
    endloop
  endfacet
  facet normal -0.461744 -0.887013 -0
    outer loop
      vertex -2.11309 -4.53154 372
      vertex -2.5 -4.33013 220
      vertex -2.11309 -4.53154 220
    endloop
  endfacet
  facet normal -0.675599 0.737269 0
    outer loop
      vertex -3.21394 3.83022 220
      vertex -3.53553 3.53553 372
      vertex -3.21394 3.83022 372
    endloop
  endfacet
  facet normal -0.675599 0.737269 0
    outer loop
      vertex -3.53553 3.53553 372
      vertex -3.21394 3.83022 220
      vertex -3.53553 3.53553 220
    endloop
  endfacet
  facet normal -0.843387 -0.537307 0
    outer loop
      vertex -4.09576 -2.86788 220
      vertex -4.33013 -2.5 372
      vertex -4.33013 -2.5 220
    endloop
  endfacet
  facet normal -0.843387 -0.537307 0
    outer loop
      vertex -4.33013 -2.5 372
      vertex -4.09576 -2.86788 220
      vertex -4.09576 -2.86788 372
    endloop
  endfacet
  facet normal -0.216438 -0.976296 0
    outer loop
      vertex -1.2941 -4.82963 220
      vertex -0.86824 -4.92404 372
      vertex -1.2941 -4.82963 372
    endloop
  endfacet
  facet normal -0.216438 -0.976296 -0
    outer loop
      vertex -0.86824 -4.92404 372
      vertex -1.2941 -4.82963 220
      vertex -0.86824 -4.92404 220
    endloop
  endfacet
  facet normal -0.737269 -0.675599 0
    outer loop
      vertex -3.53553 -3.53553 220
      vertex -3.83022 -3.21394 372
      vertex -3.83022 -3.21394 220
    endloop
  endfacet
  facet normal -0.737269 -0.675599 0
    outer loop
      vertex -3.83022 -3.21394 372
      vertex -3.53553 -3.53553 220
      vertex -3.53553 -3.53553 372
    endloop
  endfacet
  facet normal 0.300718 0.953713 -0
    outer loop
      vertex 1.7101 4.69846 220
      vertex 1.2941 4.82963 372
      vertex 1.7101 4.69846 372
    endloop
  endfacet
  facet normal 0.300718 0.953713 0
    outer loop
      vertex 1.2941 4.82963 372
      vertex 1.7101 4.69846 220
      vertex 1.2941 4.82963 220
    endloop
  endfacet
  facet normal 0.793355 -0.60876 0
    outer loop
      vertex 3.83022 -3.21394 372
      vertex 4.09576 -2.86788 220
      vertex 4.09576 -2.86788 372
    endloop
  endfacet
  facet normal 0.793355 -0.60876 0
    outer loop
      vertex 4.09576 -2.86788 220
      vertex 3.83022 -3.21394 372
      vertex 3.83022 -3.21394 220
    endloop
  endfacet
  facet normal -0.991446 -0.130516 0
    outer loop
      vertex -4.92404 -0.86824 220
      vertex -4.98097 -0.435779 372
      vertex -4.98097 -0.435779 220
    endloop
  endfacet
  facet normal -0.991446 -0.130516 0
    outer loop
      vertex -4.98097 -0.435779 372
      vertex -4.92404 -0.86824 220
      vertex -4.92404 -0.86824 372
    endloop
  endfacet
  facet normal -0.976296 0.216438 0
    outer loop
      vertex -4.92404 0.86824 220
      vertex -4.82963 1.2941 372
      vertex -4.82963 1.2941 220
    endloop
  endfacet
  facet normal -0.976296 0.216438 0
    outer loop
      vertex -4.82963 1.2941 372
      vertex -4.92404 0.86824 220
      vertex -4.92404 0.86824 372
    endloop
  endfacet
  facet normal 0.300718 -0.953713 0
    outer loop
      vertex 1.2941 -4.82963 220
      vertex 1.7101 -4.69846 372
      vertex 1.2941 -4.82963 372
    endloop
  endfacet
  facet normal 0.300718 -0.953713 0
    outer loop
      vertex 1.7101 -4.69846 372
      vertex 1.2941 -4.82963 220
      vertex 1.7101 -4.69846 220
    endloop
  endfacet
  facet normal -0.461744 0.887013 0
    outer loop
      vertex -2.11309 4.53154 220
      vertex -2.5 4.33013 372
      vertex -2.11309 4.53154 372
    endloop
  endfacet
  facet normal -0.461744 0.887013 0
    outer loop
      vertex -2.5 4.33013 372
      vertex -2.11309 4.53154 220
      vertex -2.5 4.33013 220
    endloop
  endfacet
  facet normal -0.999048 -0.0436273 0
    outer loop
      vertex -4.98097 -0.435779 220
      vertex -5 0 372
      vertex -5 0 220
    endloop
  endfacet
  facet normal -0.999048 -0.0436273 0
    outer loop
      vertex -5 0 372
      vertex -4.98097 -0.435779 220
      vertex -4.98097 -0.435779 372
    endloop
  endfacet
  facet normal 0.461744 -0.887013 0
    outer loop
      vertex 2.11309 -4.53154 220
      vertex 2.5 -4.33013 372
      vertex 2.11309 -4.53154 372
    endloop
  endfacet
  facet normal 0.461744 -0.887013 0
    outer loop
      vertex 2.5 -4.33013 372
      vertex 2.11309 -4.53154 220
      vertex 2.5 -4.33013 220
    endloop
  endfacet
  facet normal -0.843387 0.537307 0
    outer loop
      vertex -4.33013 2.5 220
      vertex -4.09576 2.86788 372
      vertex -4.09576 2.86788 220
    endloop
  endfacet
  facet normal -0.843387 0.537307 0
    outer loop
      vertex -4.09576 2.86788 372
      vertex -4.33013 2.5 220
      vertex -4.33013 2.5 372
    endloop
  endfacet
  facet normal 0.60876 -0.793355 0
    outer loop
      vertex 2.86788 -4.09576 220
      vertex 3.21394 -3.83022 372
      vertex 2.86788 -4.09576 372
    endloop
  endfacet
  facet normal 0.60876 -0.793355 0
    outer loop
      vertex 3.21394 -3.83022 372
      vertex 2.86788 -4.09576 220
      vertex 3.21394 -3.83022 220
    endloop
  endfacet
  facet normal 0.793355 0.60876 0
    outer loop
      vertex 4.09576 2.86788 372
      vertex 3.83022 3.21394 220
      vertex 3.83022 3.21394 372
    endloop
  endfacet
  facet normal 0.793355 0.60876 0
    outer loop
      vertex 3.83022 3.21394 220
      vertex 4.09576 2.86788 372
      vertex 4.09576 2.86788 220
    endloop
  endfacet
  facet normal 0.537307 -0.843387 0
    outer loop
      vertex 2.5 -4.33013 220
      vertex 2.86788 -4.09576 372
      vertex 2.5 -4.33013 372
    endloop
  endfacet
  facet normal 0.537307 -0.843387 0
    outer loop
      vertex 2.86788 -4.09576 372
      vertex 2.5 -4.33013 220
      vertex 2.86788 -4.09576 220
    endloop
  endfacet
  facet normal -0.923883 -0.382676 0
    outer loop
      vertex -4.53154 -2.11309 220
      vertex -4.69846 -1.7101 372
      vertex -4.69846 -1.7101 220
    endloop
  endfacet
  facet normal -0.923883 -0.382676 0
    outer loop
      vertex -4.69846 -1.7101 372
      vertex -4.53154 -2.11309 220
      vertex -4.53154 -2.11309 372
    endloop
  endfacet
  facet normal -0.991446 0.130516 0
    outer loop
      vertex -4.98097 0.435779 220
      vertex -4.92404 0.86824 372
      vertex -4.92404 0.86824 220
    endloop
  endfacet
  facet normal -0.991446 0.130516 0
    outer loop
      vertex -4.92404 0.86824 372
      vertex -4.98097 0.435779 220
      vertex -4.98097 0.435779 372
    endloop
  endfacet
  facet normal -0.300718 -0.953713 0
    outer loop
      vertex -1.7101 -4.69846 220
      vertex -1.2941 -4.82963 372
      vertex -1.7101 -4.69846 372
    endloop
  endfacet
  facet normal -0.300718 -0.953713 -0
    outer loop
      vertex -1.2941 -4.82963 372
      vertex -1.7101 -4.69846 220
      vertex -1.2941 -4.82963 220
    endloop
  endfacet
  facet normal -0.923883 0.382676 0
    outer loop
      vertex -4.69846 1.7101 220
      vertex -4.53154 2.11309 372
      vertex -4.53154 2.11309 220
    endloop
  endfacet
  facet normal -0.923883 0.382676 0
    outer loop
      vertex -4.53154 2.11309 372
      vertex -4.69846 1.7101 220
      vertex -4.69846 1.7101 372
    endloop
  endfacet
  facet normal 0.675599 -0.737269 0
    outer loop
      vertex 3.21394 -3.83022 220
      vertex 3.53553 -3.53553 372
      vertex 3.21394 -3.83022 372
    endloop
  endfacet
  facet normal 0.675599 -0.737269 0
    outer loop
      vertex 3.53553 -3.53553 372
      vertex 3.21394 -3.83022 220
      vertex 3.53553 -3.53553 220
    endloop
  endfacet
  facet normal -0.887013 0.461744 0
    outer loop
      vertex -4.53154 2.11309 220
      vertex -4.33013 2.5 372
      vertex -4.33013 2.5 220
    endloop
  endfacet
  facet normal -0.887013 0.461744 0
    outer loop
      vertex -4.33013 2.5 372
      vertex -4.53154 2.11309 220
      vertex -4.53154 2.11309 372
    endloop
  endfacet
  facet normal -0.793355 0.60876 0
    outer loop
      vertex -4.09576 2.86788 220
      vertex -3.83022 3.21394 372
      vertex -3.83022 3.21394 220
    endloop
  endfacet
  facet normal -0.793355 0.60876 0
    outer loop
      vertex -3.83022 3.21394 372
      vertex -4.09576 2.86788 220
      vertex -4.09576 2.86788 372
    endloop
  endfacet
endsolid OpenSCAD_Model
