solid OpenSCAD_Model
  facet normal 0 -0.130543 0.991443
    outer loop
      vertex 20.2 0.451485 9.3195
      vertex 23 0.226604 9.28989
      vertex 23 0.451485 9.3195
    endloop
  endfacet
  facet normal 0 -0.130543 0.991443
    outer loop
      vertex 23 0.226604 9.28989
      vertex 20.2 0.451485 9.3195
      vertex 20.2 0.226604 9.28989
    endloop
  endfacet
  facet normal 0 -0.0436029 0.999049
    outer loop
      vertex 20.2 0.226604 9.28989
      vertex 23 0 9.28
      vertex 23 0.226604 9.28989
    endloop
  endfacet
  facet normal 0 -0.0436029 0.999049
    outer loop
      vertex 23 0 9.28
      vertex 20.2 0.226604 9.28989
      vertex 20.2 0 9.28
    endloop
  endfacet
  facet normal 0 -0.216427 0.976299
    outer loop
      vertex 20.2 0.672929 9.36859
      vertex 23 0.451485 9.3195
      vertex 23 0.672929 9.36859
    endloop
  endfacet
  facet normal 0 -0.216427 0.976299
    outer loop
      vertex 23 0.451485 9.3195
      vertex 20.2 0.672929 9.36859
      vertex 20.2 0.451485 9.3195
    endloop
  endfacet
  facet normal -0 0.0436029 0.999049
    outer loop
      vertex 20.2 0 9.28
      vertex 23 -0.226604 9.28989
      vertex 23 0 9.28
    endloop
  endfacet
  facet normal 0 0.0436029 0.999049
    outer loop
      vertex 23 -0.226604 9.28989
      vertex 20.2 0 9.28
      vertex 20.2 -0.226604 9.28989
    endloop
  endfacet
  facet normal 0 -0.991444 0.130532
    outer loop
      vertex 20.2 2.5605 11.4285
      vertex 23 2.59011 11.6534
      vertex 20.2 2.59011 11.6534
    endloop
  endfacet
  facet normal 0 -0.991444 0.130532
    outer loop
      vertex 23 2.59011 11.6534
      vertex 20.2 2.5605 11.4285
      vertex 23 2.5605 11.4285
    endloop
  endfacet
  facet normal 0 -0.991444 0.130532
    outer loop
      vertex -26 2.5605 11.4285
      vertex -20.2 2.59011 11.6534
      vertex -26 2.59011 11.6534
    endloop
  endfacet
  facet normal 0 -0.991444 0.130532
    outer loop
      vertex -20.2 2.59011 11.6534
      vertex -26 2.5605 11.4285
      vertex -20.2 2.5605 11.4285
    endloop
  endfacet
  facet normal 0 -0.216469 -0.976289
    outer loop
      vertex 20.2 0.451485 14.4405
      vertex 23 0.672929 14.3914
      vertex 23 0.451485 14.4405
    endloop
  endfacet
  facet normal -0 -0.216469 -0.976289
    outer loop
      vertex 23 0.672929 14.3914
      vertex 20.2 0.451485 14.4405
      vertex 20.2 0.672929 14.3914
    endloop
  endfacet
  facet normal 0 -0.675547 0.737317
    outer loop
      vertex 20.2 1.83848 10.0415
      vertex 23 1.67125 9.88828
      vertex 23 1.83848 10.0415
    endloop
  endfacet
  facet normal 0 -0.675547 0.737317
    outer loop
      vertex 23 1.67125 9.88828
      vertex 20.2 1.83848 10.0415
      vertex 20.2 1.67125 9.88828
    endloop
  endfacet
  facet normal 0 -0.675547 0.737317
    outer loop
      vertex -26 1.83848 10.0415
      vertex -20.2 1.67125 9.88828
      vertex -20.2 1.83848 10.0415
    endloop
  endfacet
  facet normal 0 -0.675547 0.737317
    outer loop
      vertex -20.2 1.67125 9.88828
      vertex -26 1.83848 10.0415
      vertex -26 1.67125 9.88828
    endloop
  endfacet
  facet normal 0 0.461635 -0.88707
    outer loop
      vertex 20.2 -1.3 14.1317
      vertex 23 -1.09881 14.2364
      vertex 23 -1.3 14.1317
    endloop
  endfacet
  facet normal 0 0.461635 -0.88707
    outer loop
      vertex 23 -1.09881 14.2364
      vertex 20.2 -1.3 14.1317
      vertex 20.2 -1.09881 14.2364
    endloop
  endfacet
  facet normal 0 0.461635 -0.88707
    outer loop
      vertex -26 -1.3 14.1317
      vertex -20.2 -1.09881 14.2364
      vertex -20.2 -1.3 14.1317
    endloop
  endfacet
  facet normal 0 0.461635 -0.88707
    outer loop
      vertex -20.2 -1.09881 14.2364
      vertex -26 -1.3 14.1317
      vertex -26 -1.09881 14.2364
    endloop
  endfacet
  facet normal 0 0.675499 -0.737361
    outer loop
      vertex 20.2 -1.83848 13.7185
      vertex 23 -1.67125 13.8717
      vertex 23 -1.83848 13.7185
    endloop
  endfacet
  facet normal 0 0.675499 -0.737361
    outer loop
      vertex 23 -1.67125 13.8717
      vertex 20.2 -1.83848 13.7185
      vertex 20.2 -1.67125 13.8717
    endloop
  endfacet
  facet normal 0 0.675499 -0.737361
    outer loop
      vertex -26 -1.83848 13.7185
      vertex -20.2 -1.67125 13.8717
      vertex -20.2 -1.83848 13.7185
    endloop
  endfacet
  facet normal 0 0.675499 -0.737361
    outer loop
      vertex -20.2 -1.67125 13.8717
      vertex -26 -1.83848 13.7185
      vertex -26 -1.67125 13.8717
    endloop
  endfacet
  facet normal 0 0.97629 -0.216468
    outer loop
      vertex 23 -2.5605 12.3315
      vertex 20.2 -2.51141 12.5529
      vertex 23 -2.51141 12.5529
    endloop
  endfacet
  facet normal 0 0.97629 -0.216468
    outer loop
      vertex 20.2 -2.51141 12.5529
      vertex 23 -2.5605 12.3315
      vertex 20.2 -2.5605 12.3315
    endloop
  endfacet
  facet normal 0 0.97629 -0.216468
    outer loop
      vertex -20.2 -2.5605 12.3315
      vertex -26 -2.51141 12.5529
      vertex -20.2 -2.51141 12.5529
    endloop
  endfacet
  facet normal 0 0.97629 -0.216468
    outer loop
      vertex -26 -2.51141 12.5529
      vertex -20.2 -2.5605 12.3315
      vertex -26 -2.5605 12.3315
    endloop
  endfacet
  facet normal -0 0.461739 0.887016
    outer loop
      vertex 20.2 -1.09881 9.5236
      vertex 23 -1.3 9.62833
      vertex 23 -1.09881 9.5236
    endloop
  endfacet
  facet normal 0 0.461739 0.887016
    outer loop
      vertex 23 -1.3 9.62833
      vertex 20.2 -1.09881 9.5236
      vertex 20.2 -1.3 9.62833
    endloop
  endfacet
  facet normal -0 0.461739 0.887016
    outer loop
      vertex -26 -1.09881 9.5236
      vertex -20.2 -1.3 9.62833
      vertex -20.2 -1.09881 9.5236
    endloop
  endfacet
  facet normal 0 0.461739 0.887016
    outer loop
      vertex -20.2 -1.3 9.62833
      vertex -26 -1.09881 9.5236
      vertex -26 -1.3 9.62833
    endloop
  endfacet
  facet normal -0 0.130543 0.991443
    outer loop
      vertex 20.2 -0.226604 9.28989
      vertex 23 -0.451485 9.3195
      vertex 23 -0.226604 9.28989
    endloop
  endfacet
  facet normal 0 0.130543 0.991443
    outer loop
      vertex 23 -0.451485 9.3195
      vertex 20.2 -0.226604 9.28989
      vertex 20.2 -0.451485 9.3195
    endloop
  endfacet
  facet normal 0 -0.675499 -0.737361
    outer loop
      vertex 20.2 1.67125 13.8717
      vertex 23 1.83848 13.7185
      vertex 23 1.67125 13.8717
    endloop
  endfacet
  facet normal -0 -0.675499 -0.737361
    outer loop
      vertex 23 1.83848 13.7185
      vertex 20.2 1.67125 13.8717
      vertex 20.2 1.83848 13.7185
    endloop
  endfacet
  facet normal 0 -0.675499 -0.737361
    outer loop
      vertex -26 1.67125 13.8717
      vertex -20.2 1.83848 13.7185
      vertex -20.2 1.67125 13.8717
    endloop
  endfacet
  facet normal -0 -0.675499 -0.737361
    outer loop
      vertex -20.2 1.83848 13.7185
      vertex -26 1.67125 13.8717
      vertex -26 1.83848 13.7185
    endloop
  endfacet
  facet normal 0 -0.97629 0.216468
    outer loop
      vertex 20.2 2.51141 11.2071
      vertex 23 2.5605 11.4285
      vertex 20.2 2.5605 11.4285
    endloop
  endfacet
  facet normal 0 -0.97629 0.216468
    outer loop
      vertex 23 2.5605 11.4285
      vertex 20.2 2.51141 11.2071
      vertex 23 2.51141 11.2071
    endloop
  endfacet
  facet normal 0 -0.97629 0.216468
    outer loop
      vertex -26 2.51141 11.2071
      vertex -20.2 2.5605 11.4285
      vertex -26 2.5605 11.4285
    endloop
  endfacet
  facet normal 0 -0.97629 0.216468
    outer loop
      vertex -20.2 2.5605 11.4285
      vertex -26 2.51141 11.2071
      vertex -20.2 2.51141 11.2071
    endloop
  endfacet
  facet normal 0 0.887025 0.461721
    outer loop
      vertex 23 -2.25167 10.58
      vertex 20.2 -2.3564 10.7812
      vertex 23 -2.3564 10.7812
    endloop
  endfacet
  facet normal 0 0.887025 0.461721
    outer loop
      vertex 20.2 -2.3564 10.7812
      vertex 23 -2.25167 10.58
      vertex 20.2 -2.25167 10.58
    endloop
  endfacet
  facet normal 0 0.887025 0.461721
    outer loop
      vertex -20.2 -2.25167 10.58
      vertex -26 -2.3564 10.7812
      vertex -20.2 -2.3564 10.7812
    endloop
  endfacet
  facet normal 0 0.887025 0.461721
    outer loop
      vertex -26 -2.3564 10.7812
      vertex -20.2 -2.25167 10.58
      vertex -26 -2.25167 10.58
    endloop
  endfacet
  facet normal 0 0.737414 -0.675441
    outer loop
      vertex 23 -1.99172 13.5512
      vertex 20.2 -1.83848 13.7185
      vertex 23 -1.83848 13.7185
    endloop
  endfacet
  facet normal 0 0.737414 -0.675441
    outer loop
      vertex 20.2 -1.83848 13.7185
      vertex 23 -1.99172 13.5512
      vertex 20.2 -1.99172 13.5512
    endloop
  endfacet
  facet normal 0 0.737414 -0.675441
    outer loop
      vertex -20.2 -1.99172 13.5512
      vertex -26 -1.83848 13.7185
      vertex -20.2 -1.83848 13.7185
    endloop
  endfacet
  facet normal 0 0.737414 -0.675441
    outer loop
      vertex -26 -1.83848 13.7185
      vertex -20.2 -1.99172 13.5512
      vertex -26 -1.99172 13.5512
    endloop
  endfacet
  facet normal 0 -0.953743 -0.300623
    outer loop
      vertex 20.2 2.51141 12.5529
      vertex 23 2.4432 12.7693
      vertex 20.2 2.4432 12.7693
    endloop
  endfacet
  facet normal 0 -0.953743 -0.300623
    outer loop
      vertex 23 2.4432 12.7693
      vertex 20.2 2.51141 12.5529
      vertex 23 2.51141 12.5529
    endloop
  endfacet
  facet normal 0 -0.953743 -0.300623
    outer loop
      vertex -26 2.51141 12.5529
      vertex -20.2 2.4432 12.7693
      vertex -26 2.4432 12.7693
    endloop
  endfacet
  facet normal 0 -0.953743 -0.300623
    outer loop
      vertex -20.2 2.4432 12.7693
      vertex -26 2.51141 12.5529
      vertex -20.2 2.51141 12.5529
    endloop
  endfacet
  facet normal 0 -0.30072 0.953712
    outer loop
      vertex 20.2 0.889252 9.4368
      vertex 23 0.672929 9.36859
      vertex 23 0.889252 9.4368
    endloop
  endfacet
  facet normal 0 -0.30072 0.953712
    outer loop
      vertex 23 0.672929 9.36859
      vertex 20.2 0.889252 9.4368
      vertex 20.2 0.672929 9.36859
    endloop
  endfacet
  facet normal 0 -0.300693 0.953721
    outer loop
      vertex -26 0.889252 9.4368
      vertex -20.2 0.799999 9.40866
      vertex -20.2 0.889252 9.4368
    endloop
  endfacet
  facet normal 0 -0.300693 0.953721
    outer loop
      vertex -20.2 0.799999 9.40866
      vertex -26 0.889252 9.4368
      vertex -26 0.799999 9.40866
    endloop
  endfacet
  facet normal 0 -0.537389 -0.843335
    outer loop
      vertex 20.2 1.3 14.1317
      vertex 23 1.4913 14.0098
      vertex 23 1.3 14.1317
    endloop
  endfacet
  facet normal -0 -0.537389 -0.843335
    outer loop
      vertex 23 1.4913 14.0098
      vertex 20.2 1.3 14.1317
      vertex 20.2 1.4913 14.0098
    endloop
  endfacet
  facet normal 0 -0.537389 -0.843335
    outer loop
      vertex -26 1.3 14.1317
      vertex -20.2 1.4913 14.0098
      vertex -20.2 1.3 14.1317
    endloop
  endfacet
  facet normal -0 -0.537389 -0.843335
    outer loop
      vertex -20.2 1.4913 14.0098
      vertex -26 1.3 14.1317
      vertex -26 1.4913 14.0098
    endloop
  endfacet
  facet normal 0 -0.843395 -0.537295
    outer loop
      vertex 20.2 2.25167 13.18
      vertex 23 2.1298 13.3713
      vertex 20.2 2.1298 13.3713
    endloop
  endfacet
  facet normal 0 -0.843395 -0.537295
    outer loop
      vertex 23 2.1298 13.3713
      vertex 20.2 2.25167 13.18
      vertex 23 2.25167 13.18
    endloop
  endfacet
  facet normal 0 -0.843395 -0.537295
    outer loop
      vertex -26 2.25167 13.18
      vertex -20.2 2.1298 13.3713
      vertex -26 2.1298 13.3713
    endloop
  endfacet
  facet normal 0 -0.843395 -0.537295
    outer loop
      vertex -20.2 2.1298 13.3713
      vertex -26 2.25167 13.18
      vertex -20.2 2.25167 13.18
    endloop
  endfacet
  facet normal -0 0.216427 0.976299
    outer loop
      vertex 20.2 -0.451485 9.3195
      vertex 23 -0.672929 9.36859
      vertex 23 -0.451485 9.3195
    endloop
  endfacet
  facet normal 0 0.216427 0.976299
    outer loop
      vertex 23 -0.672929 9.36859
      vertex 20.2 -0.451485 9.3195
      vertex 20.2 -0.672929 9.36859
    endloop
  endfacet
  facet normal 0 0.923845 0.382767
    outer loop
      vertex 23 -2.3564 10.7812
      vertex 20.2 -2.4432 10.9907
      vertex 23 -2.4432 10.9907
    endloop
  endfacet
  facet normal 0 0.923845 0.382767
    outer loop
      vertex 20.2 -2.4432 10.9907
      vertex 23 -2.3564 10.7812
      vertex 20.2 -2.3564 10.7812
    endloop
  endfacet
  facet normal 0 0.923845 0.382767
    outer loop
      vertex -20.2 -2.3564 10.7812
      vertex -26 -2.4432 10.9907
      vertex -20.2 -2.4432 10.9907
    endloop
  endfacet
  facet normal 0 0.923845 0.382767
    outer loop
      vertex -26 -2.4432 10.9907
      vertex -20.2 -2.3564 10.7812
      vertex -26 -2.3564 10.7812
    endloop
  endfacet
  facet normal 0 0.843395 0.537295
    outer loop
      vertex 23 -2.1298 10.3887
      vertex 20.2 -2.25167 10.58
      vertex 23 -2.25167 10.58
    endloop
  endfacet
  facet normal 0 0.843395 0.537295
    outer loop
      vertex 20.2 -2.25167 10.58
      vertex 23 -2.1298 10.3887
      vertex 20.2 -2.1298 10.3887
    endloop
  endfacet
  facet normal 0 0.843395 0.537295
    outer loop
      vertex -20.2 -2.1298 10.3887
      vertex -26 -2.25167 10.58
      vertex -20.2 -2.25167 10.58
    endloop
  endfacet
  facet normal 0 0.843395 0.537295
    outer loop
      vertex -26 -2.25167 10.58
      vertex -20.2 -2.1298 10.3887
      vertex -26 -2.1298 10.3887
    endloop
  endfacet
  facet normal 0 -0.382677 0.923882
    outer loop
      vertex 20.2 1.09881 9.5236
      vertex 23 0.889252 9.4368
      vertex 23 1.09881 9.5236
    endloop
  endfacet
  facet normal 0 -0.382677 0.923882
    outer loop
      vertex 23 0.889252 9.4368
      vertex 20.2 1.09881 9.5236
      vertex 20.2 0.889252 9.4368
    endloop
  endfacet
  facet normal 0 -0.382677 0.923882
    outer loop
      vertex -26 1.09881 9.5236
      vertex -20.2 0.889252 9.4368
      vertex -20.2 1.09881 9.5236
    endloop
  endfacet
  facet normal 0 -0.382677 0.923882
    outer loop
      vertex -20.2 0.889252 9.4368
      vertex -26 1.09881 9.5236
      vertex -26 0.889252 9.4368
    endloop
  endfacet
  facet normal 0 -0.923845 0.382767
    outer loop
      vertex 20.2 2.3564 10.7812
      vertex 23 2.4432 10.9907
      vertex 20.2 2.4432 10.9907
    endloop
  endfacet
  facet normal 0 -0.923845 0.382767
    outer loop
      vertex 23 2.4432 10.9907
      vertex 20.2 2.3564 10.7812
      vertex 23 2.3564 10.7812
    endloop
  endfacet
  facet normal 0 -0.923845 0.382767
    outer loop
      vertex -26 2.3564 10.7812
      vertex -20.2 2.4432 10.9907
      vertex -26 2.4432 10.9907
    endloop
  endfacet
  facet normal 0 -0.923845 0.382767
    outer loop
      vertex -20.2 2.4432 10.9907
      vertex -26 2.3564 10.7812
      vertex -20.2 2.3564 10.7812
    endloop
  endfacet
  facet normal 0 0.999049 0.0436037
    outer loop
      vertex 23 -2.59011 11.6534
      vertex 20.2 -2.6 11.88
      vertex 23 -2.6 11.88
    endloop
  endfacet
  facet normal 0 0.999049 0.0436037
    outer loop
      vertex 20.2 -2.6 11.88
      vertex 23 -2.59011 11.6534
      vertex 20.2 -2.59011 11.6534
    endloop
  endfacet
  facet normal 0 0.999049 0.0436037
    outer loop
      vertex -20.2 -2.59011 11.6534
      vertex -26 -2.6 11.88
      vertex -20.2 -2.6 11.88
    endloop
  endfacet
  facet normal 0 0.999049 0.0436037
    outer loop
      vertex -26 -2.6 11.88
      vertex -20.2 -2.59011 11.6534
      vertex -26 -2.59011 11.6534
    endloop
  endfacet
  facet normal 0 -0.737414 -0.675441
    outer loop
      vertex 20.2 1.99172 13.5512
      vertex 23 1.83848 13.7185
      vertex 20.2 1.83848 13.7185
    endloop
  endfacet
  facet normal 0 -0.737414 -0.675441
    outer loop
      vertex 23 1.83848 13.7185
      vertex 20.2 1.99172 13.5512
      vertex 23 1.99172 13.5512
    endloop
  endfacet
  facet normal 0 -0.737414 -0.675441
    outer loop
      vertex -26 1.99172 13.5512
      vertex -20.2 1.83848 13.7185
      vertex -26 1.83848 13.7185
    endloop
  endfacet
  facet normal 0 -0.737414 -0.675441
    outer loop
      vertex -20.2 1.83848 13.7185
      vertex -26 1.99172 13.5512
      vertex -20.2 1.99172 13.5512
    endloop
  endfacet
  facet normal 0 0.991444 0.130532
    outer loop
      vertex 23 -2.5605 11.4285
      vertex 20.2 -2.59011 11.6534
      vertex 23 -2.59011 11.6534
    endloop
  endfacet
  facet normal 0 0.991444 0.130532
    outer loop
      vertex 20.2 -2.59011 11.6534
      vertex 23 -2.5605 11.4285
      vertex 20.2 -2.5605 11.4285
    endloop
  endfacet
  facet normal 0 0.991444 0.130532
    outer loop
      vertex -20.2 -2.5605 11.4285
      vertex -26 -2.59011 11.6534
      vertex -20.2 -2.59011 11.6534
    endloop
  endfacet
  facet normal 0 0.991444 0.130532
    outer loop
      vertex -26 -2.59011 11.6534
      vertex -20.2 -2.5605 11.4285
      vertex -26 -2.5605 11.4285
    endloop
  endfacet
  facet normal 0 -0.608816 -0.793312
    outer loop
      vertex 20.2 1.4913 14.0098
      vertex 23 1.67125 13.8717
      vertex 23 1.4913 14.0098
    endloop
  endfacet
  facet normal -0 -0.608816 -0.793312
    outer loop
      vertex 23 1.67125 13.8717
      vertex 20.2 1.4913 14.0098
      vertex 20.2 1.67125 13.8717
    endloop
  endfacet
  facet normal 0 -0.608816 -0.793312
    outer loop
      vertex -26 1.4913 14.0098
      vertex -20.2 1.67125 13.8717
      vertex -20.2 1.4913 14.0098
    endloop
  endfacet
  facet normal -0 -0.608816 -0.793312
    outer loop
      vertex -20.2 1.67125 13.8717
      vertex -26 1.4913 14.0098
      vertex -26 1.67125 13.8717
    endloop
  endfacet
  facet normal 0 -0.793273 -0.608867
    outer loop
      vertex 20.2 2.1298 13.3713
      vertex 23 1.99172 13.5512
      vertex 20.2 1.99172 13.5512
    endloop
  endfacet
  facet normal 0 -0.793273 -0.608867
    outer loop
      vertex 23 1.99172 13.5512
      vertex 20.2 2.1298 13.3713
      vertex 23 2.1298 13.3713
    endloop
  endfacet
  facet normal 0 -0.793273 -0.608867
    outer loop
      vertex -26 2.1298 13.3713
      vertex -20.2 1.99172 13.5512
      vertex -26 1.99172 13.5512
    endloop
  endfacet
  facet normal 0 -0.793273 -0.608867
    outer loop
      vertex -20.2 1.99172 13.5512
      vertex -26 2.1298 13.3713
      vertex -20.2 2.1298 13.3713
    endloop
  endfacet
  facet normal 0 -0.923845 -0.382767
    outer loop
      vertex 20.2 2.4432 12.7693
      vertex 23 2.3564 12.9788
      vertex 20.2 2.3564 12.9788
    endloop
  endfacet
  facet normal 0 -0.923845 -0.382767
    outer loop
      vertex 23 2.3564 12.9788
      vertex 20.2 2.4432 12.7693
      vertex 23 2.4432 12.7693
    endloop
  endfacet
  facet normal 0 -0.923845 -0.382767
    outer loop
      vertex -26 2.4432 12.7693
      vertex -20.2 2.3564 12.9788
      vertex -26 2.3564 12.9788
    endloop
  endfacet
  facet normal 0 -0.923845 -0.382767
    outer loop
      vertex -20.2 2.3564 12.9788
      vertex -26 2.4432 12.7693
      vertex -20.2 2.4432 12.7693
    endloop
  endfacet
  facet normal -0 0.382677 0.923882
    outer loop
      vertex 20.2 -0.889252 9.4368
      vertex 23 -1.09881 9.5236
      vertex 23 -0.889252 9.4368
    endloop
  endfacet
  facet normal 0 0.382677 0.923882
    outer loop
      vertex 23 -1.09881 9.5236
      vertex 20.2 -0.889252 9.4368
      vertex 20.2 -1.09881 9.5236
    endloop
  endfacet
  facet normal -0 0.382677 0.923882
    outer loop
      vertex -26 -0.889252 9.4368
      vertex -20.2 -1.09881 9.5236
      vertex -20.2 -0.889252 9.4368
    endloop
  endfacet
  facet normal 0 0.382677 0.923882
    outer loop
      vertex -20.2 -1.09881 9.5236
      vertex -26 -0.889252 9.4368
      vertex -26 -1.09881 9.5236
    endloop
  endfacet
  facet normal -0 0.608732 0.793376
    outer loop
      vertex 20.2 -1.4913 9.75021
      vertex 23 -1.67125 9.88828
      vertex 23 -1.4913 9.75021
    endloop
  endfacet
  facet normal 0 0.608732 0.793376
    outer loop
      vertex 23 -1.67125 9.88828
      vertex 20.2 -1.4913 9.75021
      vertex 20.2 -1.67125 9.88828
    endloop
  endfacet
  facet normal -0 0.608732 0.793376
    outer loop
      vertex -26 -1.4913 9.75021
      vertex -20.2 -1.67125 9.88828
      vertex -20.2 -1.4913 9.75021
    endloop
  endfacet
  facet normal 0 0.608732 0.793376
    outer loop
      vertex -20.2 -1.67125 9.88828
      vertex -26 -1.4913 9.75021
      vertex -26 -1.67125 9.88828
    endloop
  endfacet
  facet normal 0 -0.793273 0.608867
    outer loop
      vertex 20.2 1.99172 10.2088
      vertex 23 2.1298 10.3887
      vertex 20.2 2.1298 10.3887
    endloop
  endfacet
  facet normal 0 -0.793273 0.608867
    outer loop
      vertex 23 2.1298 10.3887
      vertex 20.2 1.99172 10.2088
      vertex 23 1.99172 10.2088
    endloop
  endfacet
  facet normal 0 -0.793273 0.608867
    outer loop
      vertex -26 1.99172 10.2088
      vertex -20.2 2.1298 10.3887
      vertex -26 2.1298 10.3887
    endloop
  endfacet
  facet normal 0 -0.793273 0.608867
    outer loop
      vertex -20.2 2.1298 10.3887
      vertex -26 1.99172 10.2088
      vertex -20.2 1.99172 10.2088
    endloop
  endfacet
  facet normal 0 -0.887025 -0.461721
    outer loop
      vertex 20.2 2.3564 12.9788
      vertex 23 2.25167 13.18
      vertex 20.2 2.25167 13.18
    endloop
  endfacet
  facet normal 0 -0.887025 -0.461721
    outer loop
      vertex 23 2.25167 13.18
      vertex 20.2 2.3564 12.9788
      vertex 23 2.3564 12.9788
    endloop
  endfacet
  facet normal 0 -0.887025 -0.461721
    outer loop
      vertex -26 2.3564 12.9788
      vertex -20.2 2.25167 13.18
      vertex -26 2.25167 13.18
    endloop
  endfacet
  facet normal 0 -0.887025 -0.461721
    outer loop
      vertex -20.2 2.25167 13.18
      vertex -26 2.3564 12.9788
      vertex -20.2 2.3564 12.9788
    endloop
  endfacet
  facet normal 0 0.953743 0.300623
    outer loop
      vertex 23 -2.4432 10.9907
      vertex 20.2 -2.51141 11.2071
      vertex 23 -2.51141 11.2071
    endloop
  endfacet
  facet normal 0 0.953743 0.300623
    outer loop
      vertex 20.2 -2.51141 11.2071
      vertex 23 -2.4432 10.9907
      vertex 20.2 -2.4432 10.9907
    endloop
  endfacet
  facet normal 0 0.953743 0.300623
    outer loop
      vertex -20.2 -2.4432 10.9907
      vertex -26 -2.51141 11.2071
      vertex -20.2 -2.51141 11.2071
    endloop
  endfacet
  facet normal 0 0.953743 0.300623
    outer loop
      vertex -26 -2.51141 11.2071
      vertex -20.2 -2.4432 10.9907
      vertex -26 -2.4432 10.9907
    endloop
  endfacet
  facet normal 0 -0.537326 0.843375
    outer loop
      vertex 20.2 1.4913 9.75021
      vertex 23 1.3 9.62833
      vertex 23 1.4913 9.75021
    endloop
  endfacet
  facet normal 0 -0.537326 0.843375
    outer loop
      vertex 23 1.3 9.62833
      vertex 20.2 1.4913 9.75021
      vertex 20.2 1.3 9.62833
    endloop
  endfacet
  facet normal 0 -0.537326 0.843375
    outer loop
      vertex -26 1.4913 9.75021
      vertex -20.2 1.3 9.62833
      vertex -20.2 1.4913 9.75021
    endloop
  endfacet
  facet normal 0 -0.537326 0.843375
    outer loop
      vertex -20.2 1.3 9.62833
      vertex -26 1.4913 9.75021
      vertex -26 1.3 9.62833
    endloop
  endfacet
  facet normal 0 -0.953743 0.300623
    outer loop
      vertex 20.2 2.4432 10.9907
      vertex 23 2.51141 11.2071
      vertex 20.2 2.51141 11.2071
    endloop
  endfacet
  facet normal 0 -0.953743 0.300623
    outer loop
      vertex 23 2.51141 11.2071
      vertex 20.2 2.4432 10.9907
      vertex 23 2.4432 10.9907
    endloop
  endfacet
  facet normal 0 -0.953743 0.300623
    outer loop
      vertex -26 2.4432 10.9907
      vertex -20.2 2.51141 11.2071
      vertex -26 2.51141 11.2071
    endloop
  endfacet
  facet normal 0 -0.953743 0.300623
    outer loop
      vertex -20.2 2.51141 11.2071
      vertex -26 2.4432 10.9907
      vertex -20.2 2.4432 10.9907
    endloop
  endfacet
  facet normal 0 0.97629 0.216468
    outer loop
      vertex 23 -2.51141 11.2071
      vertex 20.2 -2.5605 11.4285
      vertex 23 -2.5605 11.4285
    endloop
  endfacet
  facet normal 0 0.97629 0.216468
    outer loop
      vertex 20.2 -2.5605 11.4285
      vertex 23 -2.51141 11.2071
      vertex 20.2 -2.51141 11.2071
    endloop
  endfacet
  facet normal 0 0.97629 0.216468
    outer loop
      vertex -20.2 -2.51141 11.2071
      vertex -26 -2.5605 11.4285
      vertex -20.2 -2.5605 11.4285
    endloop
  endfacet
  facet normal 0 0.97629 0.216468
    outer loop
      vertex -26 -2.5605 11.4285
      vertex -20.2 -2.51141 11.2071
      vertex -26 -2.51141 11.2071
    endloop
  endfacet
  facet normal 0 0.537389 -0.843335
    outer loop
      vertex 20.2 -1.4913 14.0098
      vertex 23 -1.3 14.1317
      vertex 23 -1.4913 14.0098
    endloop
  endfacet
  facet normal 0 0.537389 -0.843335
    outer loop
      vertex 23 -1.3 14.1317
      vertex 20.2 -1.4913 14.0098
      vertex 20.2 -1.3 14.1317
    endloop
  endfacet
  facet normal 0 0.537389 -0.843335
    outer loop
      vertex -26 -1.4913 14.0098
      vertex -20.2 -1.3 14.1317
      vertex -20.2 -1.4913 14.0098
    endloop
  endfacet
  facet normal 0 0.537389 -0.843335
    outer loop
      vertex -20.2 -1.3 14.1317
      vertex -26 -1.4913 14.0098
      vertex -26 -1.3 14.1317
    endloop
  endfacet
  facet normal 0 0.608816 -0.793312
    outer loop
      vertex 20.2 -1.67125 13.8717
      vertex 23 -1.4913 14.0098
      vertex 23 -1.67125 13.8717
    endloop
  endfacet
  facet normal 0 0.608816 -0.793312
    outer loop
      vertex 23 -1.4913 14.0098
      vertex 20.2 -1.67125 13.8717
      vertex 20.2 -1.4913 14.0098
    endloop
  endfacet
  facet normal 0 0.608816 -0.793312
    outer loop
      vertex -26 -1.67125 13.8717
      vertex -20.2 -1.4913 14.0098
      vertex -20.2 -1.67125 13.8717
    endloop
  endfacet
  facet normal 0 0.608816 -0.793312
    outer loop
      vertex -20.2 -1.4913 14.0098
      vertex -26 -1.67125 13.8717
      vertex -26 -1.4913 14.0098
    endloop
  endfacet
  facet normal 0 -0.461739 0.887016
    outer loop
      vertex 20.2 1.3 9.62833
      vertex 23 1.09881 9.5236
      vertex 23 1.3 9.62833
    endloop
  endfacet
  facet normal 0 -0.461739 0.887016
    outer loop
      vertex 23 1.09881 9.5236
      vertex 20.2 1.3 9.62833
      vertex 20.2 1.09881 9.5236
    endloop
  endfacet
  facet normal 0 -0.461739 0.887016
    outer loop
      vertex -26 1.3 9.62833
      vertex -20.2 1.09881 9.5236
      vertex -20.2 1.3 9.62833
    endloop
  endfacet
  facet normal 0 -0.461739 0.887016
    outer loop
      vertex -20.2 1.09881 9.5236
      vertex -26 1.3 9.62833
      vertex -26 1.09881 9.5236
    endloop
  endfacet
  facet normal 0 -0.97629 -0.216468
    outer loop
      vertex 20.2 2.5605 12.3315
      vertex 23 2.51141 12.5529
      vertex 20.2 2.51141 12.5529
    endloop
  endfacet
  facet normal 0 -0.97629 -0.216468
    outer loop
      vertex 23 2.51141 12.5529
      vertex 20.2 2.5605 12.3315
      vertex 23 2.5605 12.3315
    endloop
  endfacet
  facet normal 0 -0.97629 -0.216468
    outer loop
      vertex -26 2.5605 12.3315
      vertex -20.2 2.51141 12.5529
      vertex -26 2.51141 12.5529
    endloop
  endfacet
  facet normal 0 -0.97629 -0.216468
    outer loop
      vertex -20.2 2.51141 12.5529
      vertex -26 2.5605 12.3315
      vertex -20.2 2.5605 12.3315
    endloop
  endfacet
  facet normal 0 -0.991444 -0.130532
    outer loop
      vertex 20.2 2.59011 12.1066
      vertex 23 2.5605 12.3315
      vertex 20.2 2.5605 12.3315
    endloop
  endfacet
  facet normal 0 -0.991444 -0.130532
    outer loop
      vertex 23 2.5605 12.3315
      vertex 20.2 2.59011 12.1066
      vertex 23 2.59011 12.1066
    endloop
  endfacet
  facet normal 0 -0.991444 -0.130532
    outer loop
      vertex -26 2.59011 12.1066
      vertex -20.2 2.5605 12.3315
      vertex -26 2.5605 12.3315
    endloop
  endfacet
  facet normal 0 -0.991444 -0.130532
    outer loop
      vertex -20.2 2.5605 12.3315
      vertex -26 2.59011 12.1066
      vertex -20.2 2.59011 12.1066
    endloop
  endfacet
  facet normal 0 -0.608732 0.793376
    outer loop
      vertex 20.2 1.67125 9.88828
      vertex 23 1.4913 9.75021
      vertex 23 1.67125 9.88828
    endloop
  endfacet
  facet normal 0 -0.608732 0.793376
    outer loop
      vertex 23 1.4913 9.75021
      vertex 20.2 1.67125 9.88828
      vertex 20.2 1.4913 9.75021
    endloop
  endfacet
  facet normal 0 -0.608732 0.793376
    outer loop
      vertex -26 1.67125 9.88828
      vertex -20.2 1.4913 9.75021
      vertex -20.2 1.67125 9.88828
    endloop
  endfacet
  facet normal 0 -0.608732 0.793376
    outer loop
      vertex -20.2 1.4913 9.75021
      vertex -26 1.67125 9.88828
      vertex -26 1.4913 9.75021
    endloop
  endfacet
  facet normal -0 0.30072 0.953712
    outer loop
      vertex 20.2 -0.672929 9.36859
      vertex 23 -0.889252 9.4368
      vertex 23 -0.672929 9.36859
    endloop
  endfacet
  facet normal 0 0.30072 0.953712
    outer loop
      vertex 23 -0.889252 9.4368
      vertex 20.2 -0.672929 9.36859
      vertex 20.2 -0.889252 9.4368
    endloop
  endfacet
  facet normal -0 0.300693 0.953721
    outer loop
      vertex -26 -0.799999 9.40866
      vertex -20.2 -0.889252 9.4368
      vertex -20.2 -0.799999 9.40866
    endloop
  endfacet
  facet normal 0 0.300693 0.953721
    outer loop
      vertex -20.2 -0.889252 9.4368
      vertex -26 -0.799999 9.40866
      vertex -26 -0.889252 9.4368
    endloop
  endfacet
  facet normal 0 -0.0436469 -0.999047
    outer loop
      vertex 20.2 0 14.48
      vertex 23 0.226604 14.4701
      vertex 23 0 14.48
    endloop
  endfacet
  facet normal -0 -0.0436469 -0.999047
    outer loop
      vertex 23 0.226604 14.4701
      vertex 20.2 0 14.48
      vertex 20.2 0.226604 14.4701
    endloop
  endfacet
  facet normal 0 0.0436469 -0.999047
    outer loop
      vertex 20.2 -0.226604 14.4701
      vertex 23 0 14.48
      vertex 23 -0.226604 14.4701
    endloop
  endfacet
  facet normal 0 0.0436469 -0.999047
    outer loop
      vertex 23 0 14.48
      vertex 20.2 -0.226604 14.4701
      vertex 20.2 0 14.48
    endloop
  endfacet
  facet normal 0 -0.887025 0.461721
    outer loop
      vertex 20.2 2.25167 10.58
      vertex 23 2.3564 10.7812
      vertex 20.2 2.3564 10.7812
    endloop
  endfacet
  facet normal 0 -0.887025 0.461721
    outer loop
      vertex 23 2.3564 10.7812
      vertex 20.2 2.25167 10.58
      vertex 23 2.25167 10.58
    endloop
  endfacet
  facet normal 0 -0.887025 0.461721
    outer loop
      vertex -26 2.25167 10.58
      vertex -20.2 2.3564 10.7812
      vertex -26 2.3564 10.7812
    endloop
  endfacet
  facet normal 0 -0.887025 0.461721
    outer loop
      vertex -20.2 2.3564 10.7812
      vertex -26 2.25167 10.58
      vertex -20.2 2.25167 10.58
    endloop
  endfacet
  facet normal 0 -0.843395 0.537295
    outer loop
      vertex 20.2 2.1298 10.3887
      vertex 23 2.25167 10.58
      vertex 20.2 2.25167 10.58
    endloop
  endfacet
  facet normal 0 -0.843395 0.537295
    outer loop
      vertex 23 2.25167 10.58
      vertex 20.2 2.1298 10.3887
      vertex 23 2.1298 10.3887
    endloop
  endfacet
  facet normal 0 -0.843395 0.537295
    outer loop
      vertex -26 2.1298 10.3887
      vertex -20.2 2.25167 10.58
      vertex -26 2.25167 10.58
    endloop
  endfacet
  facet normal 0 -0.843395 0.537295
    outer loop
      vertex -20.2 2.25167 10.58
      vertex -26 2.1298 10.3887
      vertex -20.2 2.1298 10.3887
    endloop
  endfacet
  facet normal 0 -0.999049 0.0436037
    outer loop
      vertex 20.2 2.59011 11.6534
      vertex 23 2.6 11.88
      vertex 20.2 2.6 11.88
    endloop
  endfacet
  facet normal 0 -0.999049 0.0436037
    outer loop
      vertex 23 2.6 11.88
      vertex 20.2 2.59011 11.6534
      vertex 23 2.59011 11.6534
    endloop
  endfacet
  facet normal 0 -0.999049 0.0436037
    outer loop
      vertex -26 2.59011 11.6534
      vertex -20.2 2.6 11.88
      vertex -26 2.6 11.88
    endloop
  endfacet
  facet normal 0 -0.999049 0.0436037
    outer loop
      vertex -20.2 2.6 11.88
      vertex -26 2.59011 11.6534
      vertex -20.2 2.59011 11.6534
    endloop
  endfacet
  facet normal 0 0.923845 -0.382767
    outer loop
      vertex 23 -2.4432 12.7693
      vertex 20.2 -2.3564 12.9788
      vertex 23 -2.3564 12.9788
    endloop
  endfacet
  facet normal 0 0.923845 -0.382767
    outer loop
      vertex 20.2 -2.3564 12.9788
      vertex 23 -2.4432 12.7693
      vertex 20.2 -2.4432 12.7693
    endloop
  endfacet
  facet normal 0 0.923845 -0.382767
    outer loop
      vertex -20.2 -2.4432 12.7693
      vertex -26 -2.3564 12.9788
      vertex -20.2 -2.3564 12.9788
    endloop
  endfacet
  facet normal 0 0.923845 -0.382767
    outer loop
      vertex -26 -2.3564 12.9788
      vertex -20.2 -2.4432 12.7693
      vertex -26 -2.4432 12.7693
    endloop
  endfacet
  facet normal 0 -0.737414 0.675441
    outer loop
      vertex 20.2 1.83848 10.0415
      vertex 23 1.99172 10.2088
      vertex 20.2 1.99172 10.2088
    endloop
  endfacet
  facet normal 0 -0.737414 0.675441
    outer loop
      vertex 23 1.99172 10.2088
      vertex 20.2 1.83848 10.0415
      vertex 23 1.83848 10.0415
    endloop
  endfacet
  facet normal 0 -0.737414 0.675441
    outer loop
      vertex -26 1.83848 10.0415
      vertex -20.2 1.99172 10.2088
      vertex -26 1.99172 10.2088
    endloop
  endfacet
  facet normal 0 -0.737414 0.675441
    outer loop
      vertex -20.2 1.99172 10.2088
      vertex -26 1.83848 10.0415
      vertex -20.2 1.83848 10.0415
    endloop
  endfacet
  facet normal 0 -0.30068 -0.953725
    outer loop
      vertex 20.2 0.672929 14.3914
      vertex 23 0.889252 14.3232
      vertex 23 0.672929 14.3914
    endloop
  endfacet
  facet normal -0 -0.30068 -0.953725
    outer loop
      vertex 23 0.889252 14.3232
      vertex 20.2 0.672929 14.3914
      vertex 20.2 0.889252 14.3232
    endloop
  endfacet
  facet normal 0 -0.300304 -0.953844
    outer loop
      vertex -26 0.799999 14.3513
      vertex -20.2 0.889252 14.3232
      vertex -20.2 0.799999 14.3513
    endloop
  endfacet
  facet normal -0 -0.300304 -0.953844
    outer loop
      vertex -20.2 0.889252 14.3232
      vertex -26 0.799999 14.3513
      vertex -26 0.889252 14.3232
    endloop
  endfacet
  facet normal 0 0.1305 -0.991448
    outer loop
      vertex 20.2 -0.451485 14.4405
      vertex 23 -0.226604 14.4701
      vertex 23 -0.451485 14.4405
    endloop
  endfacet
  facet normal 0 0.1305 -0.991448
    outer loop
      vertex 23 -0.226604 14.4701
      vertex 20.2 -0.451485 14.4405
      vertex 20.2 -0.226604 14.4701
    endloop
  endfacet
  facet normal 0 -0.999049 -0.0436037
    outer loop
      vertex 20.2 2.6 11.88
      vertex 23 2.59011 12.1066
      vertex 20.2 2.59011 12.1066
    endloop
  endfacet
  facet normal 0 -0.999049 -0.0436037
    outer loop
      vertex 23 2.59011 12.1066
      vertex 20.2 2.6 11.88
      vertex 23 2.6 11.88
    endloop
  endfacet
  facet normal 0 -0.999049 -0.0436037
    outer loop
      vertex -26 2.6 11.88
      vertex -20.2 2.59011 12.1066
      vertex -26 2.59011 12.1066
    endloop
  endfacet
  facet normal 0 -0.999049 -0.0436037
    outer loop
      vertex -20.2 2.59011 12.1066
      vertex -26 2.6 11.88
      vertex -20.2 2.6 11.88
    endloop
  endfacet
  facet normal 0 0.887025 -0.461721
    outer loop
      vertex 23 -2.3564 12.9788
      vertex 20.2 -2.25167 13.18
      vertex 23 -2.25167 13.18
    endloop
  endfacet
  facet normal 0 0.887025 -0.461721
    outer loop
      vertex 20.2 -2.25167 13.18
      vertex 23 -2.3564 12.9788
      vertex 20.2 -2.3564 12.9788
    endloop
  endfacet
  facet normal 0 0.887025 -0.461721
    outer loop
      vertex -20.2 -2.3564 12.9788
      vertex -26 -2.25167 13.18
      vertex -20.2 -2.25167 13.18
    endloop
  endfacet
  facet normal 0 0.887025 -0.461721
    outer loop
      vertex -26 -2.25167 13.18
      vertex -20.2 -2.3564 12.9788
      vertex -26 -2.3564 12.9788
    endloop
  endfacet
  facet normal 0 -0.461635 -0.88707
    outer loop
      vertex 20.2 1.09881 14.2364
      vertex 23 1.3 14.1317
      vertex 23 1.09881 14.2364
    endloop
  endfacet
  facet normal -0 -0.461635 -0.88707
    outer loop
      vertex 23 1.3 14.1317
      vertex 20.2 1.09881 14.2364
      vertex 20.2 1.3 14.1317
    endloop
  endfacet
  facet normal 0 -0.461635 -0.88707
    outer loop
      vertex -26 1.09881 14.2364
      vertex -20.2 1.3 14.1317
      vertex -20.2 1.09881 14.2364
    endloop
  endfacet
  facet normal -0 -0.461635 -0.88707
    outer loop
      vertex -20.2 1.3 14.1317
      vertex -26 1.09881 14.2364
      vertex -26 1.3 14.1317
    endloop
  endfacet
  facet normal 0 0.843395 -0.537295
    outer loop
      vertex 23 -2.25167 13.18
      vertex 20.2 -2.1298 13.3713
      vertex 23 -2.1298 13.3713
    endloop
  endfacet
  facet normal 0 0.843395 -0.537295
    outer loop
      vertex 20.2 -2.1298 13.3713
      vertex 23 -2.25167 13.18
      vertex 20.2 -2.25167 13.18
    endloop
  endfacet
  facet normal 0 0.843395 -0.537295
    outer loop
      vertex -20.2 -2.25167 13.18
      vertex -26 -2.1298 13.3713
      vertex -20.2 -2.1298 13.3713
    endloop
  endfacet
  facet normal 0 0.843395 -0.537295
    outer loop
      vertex -26 -2.1298 13.3713
      vertex -20.2 -2.25167 13.18
      vertex -26 -2.25167 13.18
    endloop
  endfacet
  facet normal 0 0.216469 -0.976289
    outer loop
      vertex 20.2 -0.672929 14.3914
      vertex 23 -0.451485 14.4405
      vertex 23 -0.672929 14.3914
    endloop
  endfacet
  facet normal 0 0.216469 -0.976289
    outer loop
      vertex 23 -0.451485 14.4405
      vertex 20.2 -0.672929 14.3914
      vertex 20.2 -0.451485 14.4405
    endloop
  endfacet
  facet normal 0 -0.1305 -0.991448
    outer loop
      vertex 20.2 0.226604 14.4701
      vertex 23 0.451485 14.4405
      vertex 23 0.226604 14.4701
    endloop
  endfacet
  facet normal -0 -0.1305 -0.991448
    outer loop
      vertex 23 0.451485 14.4405
      vertex 20.2 0.226604 14.4701
      vertex 20.2 0.451485 14.4405
    endloop
  endfacet
  facet normal 0 0.991444 -0.130532
    outer loop
      vertex 23 -2.59011 12.1066
      vertex 20.2 -2.5605 12.3315
      vertex 23 -2.5605 12.3315
    endloop
  endfacet
  facet normal 0 0.991444 -0.130532
    outer loop
      vertex 20.2 -2.5605 12.3315
      vertex 23 -2.59011 12.1066
      vertex 20.2 -2.59011 12.1066
    endloop
  endfacet
  facet normal 0 0.991444 -0.130532
    outer loop
      vertex -20.2 -2.59011 12.1066
      vertex -26 -2.5605 12.3315
      vertex -20.2 -2.5605 12.3315
    endloop
  endfacet
  facet normal 0 0.991444 -0.130532
    outer loop
      vertex -26 -2.5605 12.3315
      vertex -20.2 -2.59011 12.1066
      vertex -26 -2.59011 12.1066
    endloop
  endfacet
  facet normal 0 0.999049 -0.0436037
    outer loop
      vertex 23 -2.6 11.88
      vertex 20.2 -2.59011 12.1066
      vertex 23 -2.59011 12.1066
    endloop
  endfacet
  facet normal 0 0.999049 -0.0436037
    outer loop
      vertex 20.2 -2.59011 12.1066
      vertex 23 -2.6 11.88
      vertex 20.2 -2.6 11.88
    endloop
  endfacet
  facet normal 0 0.999049 -0.0436037
    outer loop
      vertex -20.2 -2.6 11.88
      vertex -26 -2.59011 12.1066
      vertex -20.2 -2.59011 12.1066
    endloop
  endfacet
  facet normal 0 0.999049 -0.0436037
    outer loop
      vertex -26 -2.59011 12.1066
      vertex -20.2 -2.6 11.88
      vertex -26 -2.6 11.88
    endloop
  endfacet
  facet normal -0 0.675547 0.737317
    outer loop
      vertex 20.2 -1.67125 9.88828
      vertex 23 -1.83848 10.0415
      vertex 23 -1.67125 9.88828
    endloop
  endfacet
  facet normal 0 0.675547 0.737317
    outer loop
      vertex 23 -1.83848 10.0415
      vertex 20.2 -1.67125 9.88828
      vertex 20.2 -1.83848 10.0415
    endloop
  endfacet
  facet normal -0 0.675547 0.737317
    outer loop
      vertex -26 -1.67125 9.88828
      vertex -20.2 -1.83848 10.0415
      vertex -20.2 -1.67125 9.88828
    endloop
  endfacet
  facet normal 0 0.675547 0.737317
    outer loop
      vertex -20.2 -1.83848 10.0415
      vertex -26 -1.67125 9.88828
      vertex -26 -1.83848 10.0415
    endloop
  endfacet
  facet normal 0 0.382677 -0.923882
    outer loop
      vertex 20.2 -1.09881 14.2364
      vertex 23 -0.889252 14.3232
      vertex 23 -1.09881 14.2364
    endloop
  endfacet
  facet normal 0 0.382677 -0.923882
    outer loop
      vertex 23 -0.889252 14.3232
      vertex 20.2 -1.09881 14.2364
      vertex 20.2 -0.889252 14.3232
    endloop
  endfacet
  facet normal 0 0.382677 -0.923882
    outer loop
      vertex -26 -1.09881 14.2364
      vertex -20.2 -0.889252 14.3232
      vertex -20.2 -1.09881 14.2364
    endloop
  endfacet
  facet normal 0 0.382677 -0.923882
    outer loop
      vertex -20.2 -0.889252 14.3232
      vertex -26 -1.09881 14.2364
      vertex -26 -0.889252 14.3232
    endloop
  endfacet
  facet normal -0 0.537326 0.843375
    outer loop
      vertex 20.2 -1.3 9.62833
      vertex 23 -1.4913 9.75021
      vertex 23 -1.3 9.62833
    endloop
  endfacet
  facet normal 0 0.537326 0.843375
    outer loop
      vertex 23 -1.4913 9.75021
      vertex 20.2 -1.3 9.62833
      vertex 20.2 -1.4913 9.75021
    endloop
  endfacet
  facet normal -0 0.537326 0.843375
    outer loop
      vertex -26 -1.3 9.62833
      vertex -20.2 -1.4913 9.75021
      vertex -20.2 -1.3 9.62833
    endloop
  endfacet
  facet normal 0 0.537326 0.843375
    outer loop
      vertex -20.2 -1.4913 9.75021
      vertex -26 -1.3 9.62833
      vertex -26 -1.4913 9.75021
    endloop
  endfacet
  facet normal 0 0.953743 -0.300623
    outer loop
      vertex 23 -2.51141 12.5529
      vertex 20.2 -2.4432 12.7693
      vertex 23 -2.4432 12.7693
    endloop
  endfacet
  facet normal 0 0.953743 -0.300623
    outer loop
      vertex 20.2 -2.4432 12.7693
      vertex 23 -2.51141 12.5529
      vertex 20.2 -2.51141 12.5529
    endloop
  endfacet
  facet normal 0 0.953743 -0.300623
    outer loop
      vertex -20.2 -2.51141 12.5529
      vertex -26 -2.4432 12.7693
      vertex -20.2 -2.4432 12.7693
    endloop
  endfacet
  facet normal 0 0.953743 -0.300623
    outer loop
      vertex -26 -2.4432 12.7693
      vertex -20.2 -2.51141 12.5529
      vertex -26 -2.51141 12.5529
    endloop
  endfacet
  facet normal 0 0.793273 0.608867
    outer loop
      vertex 23 -1.99172 10.2088
      vertex 20.2 -2.1298 10.3887
      vertex 23 -2.1298 10.3887
    endloop
  endfacet
  facet normal 0 0.793273 0.608867
    outer loop
      vertex 20.2 -2.1298 10.3887
      vertex 23 -1.99172 10.2088
      vertex 20.2 -1.99172 10.2088
    endloop
  endfacet
  facet normal 0 0.793273 0.608867
    outer loop
      vertex -20.2 -1.99172 10.2088
      vertex -26 -2.1298 10.3887
      vertex -20.2 -2.1298 10.3887
    endloop
  endfacet
  facet normal 0 0.793273 0.608867
    outer loop
      vertex -26 -2.1298 10.3887
      vertex -20.2 -1.99172 10.2088
      vertex -26 -1.99172 10.2088
    endloop
  endfacet
  facet normal 0 0.737414 0.675441
    outer loop
      vertex 23 -1.83848 10.0415
      vertex 20.2 -1.99172 10.2088
      vertex 23 -1.99172 10.2088
    endloop
  endfacet
  facet normal 0 0.737414 0.675441
    outer loop
      vertex 20.2 -1.99172 10.2088
      vertex 23 -1.83848 10.0415
      vertex 20.2 -1.83848 10.0415
    endloop
  endfacet
  facet normal 0 0.737414 0.675441
    outer loop
      vertex -20.2 -1.83848 10.0415
      vertex -26 -1.99172 10.2088
      vertex -20.2 -1.99172 10.2088
    endloop
  endfacet
  facet normal 0 0.737414 0.675441
    outer loop
      vertex -26 -1.99172 10.2088
      vertex -20.2 -1.83848 10.0415
      vertex -26 -1.83848 10.0415
    endloop
  endfacet
  facet normal 0 -0.382677 -0.923882
    outer loop
      vertex 20.2 0.889252 14.3232
      vertex 23 1.09881 14.2364
      vertex 23 0.889252 14.3232
    endloop
  endfacet
  facet normal -0 -0.382677 -0.923882
    outer loop
      vertex 23 1.09881 14.2364
      vertex 20.2 0.889252 14.3232
      vertex 20.2 1.09881 14.2364
    endloop
  endfacet
  facet normal 0 -0.382677 -0.923882
    outer loop
      vertex -26 0.889252 14.3232
      vertex -20.2 1.09881 14.2364
      vertex -20.2 0.889252 14.3232
    endloop
  endfacet
  facet normal -0 -0.382677 -0.923882
    outer loop
      vertex -20.2 1.09881 14.2364
      vertex -26 0.889252 14.3232
      vertex -26 1.09881 14.2364
    endloop
  endfacet
  facet normal 0 0.793273 -0.608867
    outer loop
      vertex 23 -2.1298 13.3713
      vertex 20.2 -1.99172 13.5512
      vertex 23 -1.99172 13.5512
    endloop
  endfacet
  facet normal 0 0.793273 -0.608867
    outer loop
      vertex 20.2 -1.99172 13.5512
      vertex 23 -2.1298 13.3713
      vertex 20.2 -2.1298 13.3713
    endloop
  endfacet
  facet normal 0 0.793273 -0.608867
    outer loop
      vertex -20.2 -2.1298 13.3713
      vertex -26 -1.99172 13.5512
      vertex -20.2 -1.99172 13.5512
    endloop
  endfacet
  facet normal 0 0.793273 -0.608867
    outer loop
      vertex -26 -1.99172 13.5512
      vertex -20.2 -2.1298 13.3713
      vertex -26 -2.1298 13.3713
    endloop
  endfacet
  facet normal 0 0.30068 -0.953725
    outer loop
      vertex 20.2 -0.889252 14.3232
      vertex 23 -0.672929 14.3914
      vertex 23 -0.889252 14.3232
    endloop
  endfacet
  facet normal 0 0.30068 -0.953725
    outer loop
      vertex 23 -0.672929 14.3914
      vertex 20.2 -0.889252 14.3232
      vertex 20.2 -0.672929 14.3914
    endloop
  endfacet
  facet normal 0 0.300304 -0.953844
    outer loop
      vertex -26 -0.889252 14.3232
      vertex -20.2 -0.799999 14.3513
      vertex -20.2 -0.889252 14.3232
    endloop
  endfacet
  facet normal 0 0.300304 -0.953844
    outer loop
      vertex -20.2 -0.799999 14.3513
      vertex -26 -0.889252 14.3232
      vertex -26 -0.799999 14.3513
    endloop
  endfacet
  facet normal 0 1 -0
    outer loop
      vertex 26 -4.7 9.16645
      vertex 23 -4.7 14.5935
      vertex 26 -4.7 14.5935
    endloop
  endfacet
  facet normal 0 1 0
    outer loop
      vertex 23 -4.7 14.5935
      vertex 26 -4.7 9.16645
      vertex 23 -4.7 9.16645
    endloop
  endfacet
  facet normal -0 0.499999 0.866026
    outer loop
      vertex 23 0 6.45291
      vertex 26 -4.7 9.16645
      vertex 26 0 6.45291
    endloop
  endfacet
  facet normal 0 0.499999 0.866026
    outer loop
      vertex 26 -4.7 9.16645
      vertex 23 0 6.45291
      vertex 23 -4.7 9.16645
    endloop
  endfacet
  facet normal 0 -1 0
    outer loop
      vertex 23 4.7 9.16645
      vertex 26 4.7 14.5935
      vertex 23 4.7 14.5935
    endloop
  endfacet
  facet normal 0 -1 -0
    outer loop
      vertex 26 4.7 14.5935
      vertex 23 4.7 9.16645
      vertex 26 4.7 9.16645
    endloop
  endfacet
  facet normal 0 -0.499999 0.866026
    outer loop
      vertex 23 4.7 9.16645
      vertex 26 0 6.45291
      vertex 26 4.7 9.16645
    endloop
  endfacet
  facet normal 0 -0.499999 0.866026
    outer loop
      vertex 26 0 6.45291
      vertex 23 4.7 9.16645
      vertex 23 0 6.45291
    endloop
  endfacet
  facet normal 0 -0.500007 -0.866021
    outer loop
      vertex 23 0 17.3071
      vertex 26 4.7 14.5935
      vertex 26 0 17.3071
    endloop
  endfacet
  facet normal -0 -0.500007 -0.866021
    outer loop
      vertex 26 4.7 14.5935
      vertex 23 0 17.3071
      vertex 23 4.7 14.5935
    endloop
  endfacet
  facet normal 0 0.500007 -0.866021
    outer loop
      vertex 23 -4.7 14.5935
      vertex 26 0 17.3071
      vertex 26 -4.7 14.5935
    endloop
  endfacet
  facet normal 0 0.500007 -0.866021
    outer loop
      vertex 26 0 17.3071
      vertex 23 -4.7 14.5935
      vertex 23 0 17.3071
    endloop
  endfacet
  facet normal 1 0 0
    outer loop
      vertex 23 4.7 14.5935
      vertex 23 2.6 11.88
      vertex 23 4.7 9.16645
    endloop
  endfacet
  facet normal 1 0 0
    outer loop
      vertex 23 4.7 14.5935
      vertex 23 2.59011 12.1066
      vertex 23 2.6 11.88
    endloop
  endfacet
  facet normal 1 0 0
    outer loop
      vertex 23 4.7 14.5935
      vertex 23 2.5605 12.3315
      vertex 23 2.59011 12.1066
    endloop
  endfacet
  facet normal 1 0 0
    outer loop
      vertex 23 4.7 14.5935
      vertex 23 2.51141 12.5529
      vertex 23 2.5605 12.3315
    endloop
  endfacet
  facet normal 1 0 0
    outer loop
      vertex 23 4.7 14.5935
      vertex 23 2.4432 12.7693
      vertex 23 2.51141 12.5529
    endloop
  endfacet
  facet normal 1 0 0
    outer loop
      vertex 23 4.7 14.5935
      vertex 23 2.3564 12.9788
      vertex 23 2.4432 12.7693
    endloop
  endfacet
  facet normal 1 0 0
    outer loop
      vertex 23 4.7 14.5935
      vertex 23 2.25167 13.18
      vertex 23 2.3564 12.9788
    endloop
  endfacet
  facet normal 1 0 0
    outer loop
      vertex 23 4.7 14.5935
      vertex 23 2.1298 13.3713
      vertex 23 2.25167 13.18
    endloop
  endfacet
  facet normal 1 0 0
    outer loop
      vertex 23 4.7 14.5935
      vertex 23 1.99172 13.5512
      vertex 23 2.1298 13.3713
    endloop
  endfacet
  facet normal 1 0 0
    outer loop
      vertex 23 4.7 14.5935
      vertex 23 1.83848 13.7185
      vertex 23 1.99172 13.5512
    endloop
  endfacet
  facet normal 1 0 0
    outer loop
      vertex 23 4.7 14.5935
      vertex 23 1.67125 13.8717
      vertex 23 1.83848 13.7185
    endloop
  endfacet
  facet normal 1 0 0
    outer loop
      vertex 23 4.7 14.5935
      vertex 23 1.4913 14.0098
      vertex 23 1.67125 13.8717
    endloop
  endfacet
  facet normal 1 0 0
    outer loop
      vertex 23 4.7 14.5935
      vertex 23 1.3 14.1317
      vertex 23 1.4913 14.0098
    endloop
  endfacet
  facet normal 1 0 0
    outer loop
      vertex 23 0 17.3071
      vertex 23 1.3 14.1317
      vertex 23 4.7 14.5935
    endloop
  endfacet
  facet normal 1 0 0
    outer loop
      vertex 23 1.3 14.1317
      vertex 23 0 17.3071
      vertex 23 1.09881 14.2364
    endloop
  endfacet
  facet normal 1 0 0
    outer loop
      vertex 23 1.09881 14.2364
      vertex 23 0 17.3071
      vertex 23 0.889252 14.3232
    endloop
  endfacet
  facet normal 1 0 0
    outer loop
      vertex 23 0.889252 14.3232
      vertex 23 0 17.3071
      vertex 23 0.672929 14.3914
    endloop
  endfacet
  facet normal 1 0 0
    outer loop
      vertex 23 0.672929 14.3914
      vertex 23 0 17.3071
      vertex 23 0.451485 14.4405
    endloop
  endfacet
  facet normal 1 0 0
    outer loop
      vertex 23 0.451485 14.4405
      vertex 23 0 17.3071
      vertex 23 0.226604 14.4701
    endloop
  endfacet
  facet normal 1 0 0
    outer loop
      vertex 23 0 17.3071
      vertex 23 0 14.48
      vertex 23 0.226604 14.4701
    endloop
  endfacet
  facet normal 1 0 0
    outer loop
      vertex 23 0 17.3071
      vertex 23 -0.226604 14.4701
      vertex 23 0 14.48
    endloop
  endfacet
  facet normal 1 0 0
    outer loop
      vertex 23 0 17.3071
      vertex 23 -0.451485 14.4405
      vertex 23 -0.226604 14.4701
    endloop
  endfacet
  facet normal 1 0 0
    outer loop
      vertex 23 0 17.3071
      vertex 23 -0.672929 14.3914
      vertex 23 -0.451485 14.4405
    endloop
  endfacet
  facet normal 1 0 0
    outer loop
      vertex 23 0 17.3071
      vertex 23 -0.889252 14.3232
      vertex 23 -0.672929 14.3914
    endloop
  endfacet
  facet normal 1 0 0
    outer loop
      vertex 23 0 17.3071
      vertex 23 -1.09881 14.2364
      vertex 23 -0.889252 14.3232
    endloop
  endfacet
  facet normal 1 0 0
    outer loop
      vertex 23 0 17.3071
      vertex 23 -1.3 14.1317
      vertex 23 -1.09881 14.2364
    endloop
  endfacet
  facet normal 1 -0 0
    outer loop
      vertex 23 -4.7 14.5935
      vertex 23 -1.3 14.1317
      vertex 23 0 17.3071
    endloop
  endfacet
  facet normal 1 0 0
    outer loop
      vertex 23 -1.3 14.1317
      vertex 23 -4.7 14.5935
      vertex 23 -1.4913 14.0098
    endloop
  endfacet
  facet normal 1 0 0
    outer loop
      vertex 23 -1.4913 14.0098
      vertex 23 -4.7 14.5935
      vertex 23 -1.67125 13.8717
    endloop
  endfacet
  facet normal 1 0 0
    outer loop
      vertex 23 -1.67125 13.8717
      vertex 23 -4.7 14.5935
      vertex 23 -1.83848 13.7185
    endloop
  endfacet
  facet normal 1 0 0
    outer loop
      vertex 23 -1.83848 13.7185
      vertex 23 -4.7 14.5935
      vertex 23 -1.99172 13.5512
    endloop
  endfacet
  facet normal 1 0 0
    outer loop
      vertex 23 -1.99172 13.5512
      vertex 23 -4.7 14.5935
      vertex 23 -2.1298 13.3713
    endloop
  endfacet
  facet normal 1 0 0
    outer loop
      vertex 23 -2.59011 12.1066
      vertex 23 -4.7 14.5935
      vertex 23 -2.6 11.88
    endloop
  endfacet
  facet normal 1 0 0
    outer loop
      vertex 23 -2.5605 12.3315
      vertex 23 -4.7 14.5935
      vertex 23 -2.59011 12.1066
    endloop
  endfacet
  facet normal 1 0 0
    outer loop
      vertex 23 -2.51141 12.5529
      vertex 23 -4.7 14.5935
      vertex 23 -2.5605 12.3315
    endloop
  endfacet
  facet normal 1 0 0
    outer loop
      vertex 23 -2.4432 12.7693
      vertex 23 -4.7 14.5935
      vertex 23 -2.51141 12.5529
    endloop
  endfacet
  facet normal 1 0 0
    outer loop
      vertex 23 -2.3564 12.9788
      vertex 23 -4.7 14.5935
      vertex 23 -2.4432 12.7693
    endloop
  endfacet
  facet normal 1 0 0
    outer loop
      vertex 23 -2.25167 13.18
      vertex 23 -4.7 14.5935
      vertex 23 -2.3564 12.9788
    endloop
  endfacet
  facet normal 1 0 0
    outer loop
      vertex 23 -2.1298 13.3713
      vertex 23 -4.7 14.5935
      vertex 23 -2.25167 13.18
    endloop
  endfacet
  facet normal 1 -0 0
    outer loop
      vertex 23 2.59011 11.6534
      vertex 23 4.7 9.16645
      vertex 23 2.6 11.88
    endloop
  endfacet
  facet normal 1 -0 0
    outer loop
      vertex 23 2.5605 11.4285
      vertex 23 4.7 9.16645
      vertex 23 2.59011 11.6534
    endloop
  endfacet
  facet normal 1 -0 0
    outer loop
      vertex 23 2.51141 11.2071
      vertex 23 4.7 9.16645
      vertex 23 2.5605 11.4285
    endloop
  endfacet
  facet normal 1 -0 0
    outer loop
      vertex 23 2.4432 10.9907
      vertex 23 4.7 9.16645
      vertex 23 2.51141 11.2071
    endloop
  endfacet
  facet normal 1 -0 0
    outer loop
      vertex 23 2.3564 10.7812
      vertex 23 4.7 9.16645
      vertex 23 2.4432 10.9907
    endloop
  endfacet
  facet normal 1 -0 0
    outer loop
      vertex 23 2.25167 10.58
      vertex 23 4.7 9.16645
      vertex 23 2.3564 10.7812
    endloop
  endfacet
  facet normal 1 -0 0
    outer loop
      vertex 23 2.1298 10.3887
      vertex 23 4.7 9.16645
      vertex 23 2.25167 10.58
    endloop
  endfacet
  facet normal 1 -0 0
    outer loop
      vertex 23 1.99172 10.2088
      vertex 23 4.7 9.16645
      vertex 23 2.1298 10.3887
    endloop
  endfacet
  facet normal 1 -0 0
    outer loop
      vertex 23 1.83848 10.0415
      vertex 23 4.7 9.16645
      vertex 23 1.99172 10.2088
    endloop
  endfacet
  facet normal 1 -0 0
    outer loop
      vertex 23 1.67125 9.88828
      vertex 23 4.7 9.16645
      vertex 23 1.83848 10.0415
    endloop
  endfacet
  facet normal 1 -0 0
    outer loop
      vertex 23 1.4913 9.75021
      vertex 23 4.7 9.16645
      vertex 23 1.67125 9.88828
    endloop
  endfacet
  facet normal 1 -0 0
    outer loop
      vertex 23 1.3 9.62833
      vertex 23 4.7 9.16645
      vertex 23 1.4913 9.75021
    endloop
  endfacet
  facet normal 1 0 0
    outer loop
      vertex 23 0 6.45291
      vertex 23 1.3 9.62833
      vertex 23 1.09881 9.5236
    endloop
  endfacet
  facet normal 1 0 0
    outer loop
      vertex 23 0 6.45291
      vertex 23 1.09881 9.5236
      vertex 23 0.889252 9.4368
    endloop
  endfacet
  facet normal 1 0 0
    outer loop
      vertex 23 0 6.45291
      vertex 23 0.889252 9.4368
      vertex 23 0.672929 9.36859
    endloop
  endfacet
  facet normal 1 0 0
    outer loop
      vertex 23 0 6.45291
      vertex 23 0.672929 9.36859
      vertex 23 0.451485 9.3195
    endloop
  endfacet
  facet normal 1 0 0
    outer loop
      vertex 23 0 6.45291
      vertex 23 0.451485 9.3195
      vertex 23 0.226604 9.28989
    endloop
  endfacet
  facet normal 1 0 0
    outer loop
      vertex 23 0 6.45291
      vertex 23 0.226604 9.28989
      vertex 23 0 9.28
    endloop
  endfacet
  facet normal 1 0 0
    outer loop
      vertex 23 1.3 9.62833
      vertex 23 0 6.45291
      vertex 23 4.7 9.16645
    endloop
  endfacet
  facet normal 1 0 0
    outer loop
      vertex 23 -0.226604 9.28989
      vertex 23 0 6.45291
      vertex 23 0 9.28
    endloop
  endfacet
  facet normal 1 0 0
    outer loop
      vertex 23 -0.451485 9.3195
      vertex 23 0 6.45291
      vertex 23 -0.226604 9.28989
    endloop
  endfacet
  facet normal 1 0 0
    outer loop
      vertex 23 -0.672929 9.36859
      vertex 23 0 6.45291
      vertex 23 -0.451485 9.3195
    endloop
  endfacet
  facet normal 1 0 0
    outer loop
      vertex 23 -0.889252 9.4368
      vertex 23 0 6.45291
      vertex 23 -0.672929 9.36859
    endloop
  endfacet
  facet normal 1 0 0
    outer loop
      vertex 23 -1.09881 9.5236
      vertex 23 0 6.45291
      vertex 23 -0.889252 9.4368
    endloop
  endfacet
  facet normal 1 0 0
    outer loop
      vertex 23 -1.3 9.62833
      vertex 23 0 6.45291
      vertex 23 -1.09881 9.5236
    endloop
  endfacet
  facet normal 1 0 0
    outer loop
      vertex 23 -4.7 9.16645
      vertex 23 -1.3 9.62833
      vertex 23 -1.4913 9.75021
    endloop
  endfacet
  facet normal 1 0 0
    outer loop
      vertex 23 -4.7 9.16645
      vertex 23 -1.4913 9.75021
      vertex 23 -1.67125 9.88828
    endloop
  endfacet
  facet normal 1 0 0
    outer loop
      vertex 23 -4.7 9.16645
      vertex 23 -1.67125 9.88828
      vertex 23 -1.83848 10.0415
    endloop
  endfacet
  facet normal 1 0 0
    outer loop
      vertex 23 -4.7 9.16645
      vertex 23 -1.83848 10.0415
      vertex 23 -1.99172 10.2088
    endloop
  endfacet
  facet normal 1 0 0
    outer loop
      vertex 23 -4.7 9.16645
      vertex 23 -1.99172 10.2088
      vertex 23 -2.1298 10.3887
    endloop
  endfacet
  facet normal 1 0 0
    outer loop
      vertex 23 -4.7 9.16645
      vertex 23 -2.1298 10.3887
      vertex 23 -2.25167 10.58
    endloop
  endfacet
  facet normal 1 0 0
    outer loop
      vertex 23 -4.7 9.16645
      vertex 23 -2.6 11.88
      vertex 23 -4.7 14.5935
    endloop
  endfacet
  facet normal 1 0 0
    outer loop
      vertex 23 -2.6 11.88
      vertex 23 -4.7 9.16645
      vertex 23 -2.59011 11.6534
    endloop
  endfacet
  facet normal 1 0 0
    outer loop
      vertex 23 -2.59011 11.6534
      vertex 23 -4.7 9.16645
      vertex 23 -2.5605 11.4285
    endloop
  endfacet
  facet normal 1 0 0
    outer loop
      vertex 23 -2.5605 11.4285
      vertex 23 -4.7 9.16645
      vertex 23 -2.51141 11.2071
    endloop
  endfacet
  facet normal 1 0 0
    outer loop
      vertex 23 -2.51141 11.2071
      vertex 23 -4.7 9.16645
      vertex 23 -2.4432 10.9907
    endloop
  endfacet
  facet normal 1 0 0
    outer loop
      vertex 23 -2.4432 10.9907
      vertex 23 -4.7 9.16645
      vertex 23 -2.3564 10.7812
    endloop
  endfacet
  facet normal 1 0 0
    outer loop
      vertex 23 -2.3564 10.7812
      vertex 23 -4.7 9.16645
      vertex 23 -2.25167 10.58
    endloop
  endfacet
  facet normal 1 0 0
    outer loop
      vertex 23 -1.3 9.62833
      vertex 23 -4.7 9.16645
      vertex 23 0 6.45291
    endloop
  endfacet
  facet normal 0 -0.1305 0.991448
    outer loop
      vertex 20.2 0.451485 29.5595
      vertex 23 0.226604 29.5299
      vertex 23 0.451485 29.5595
    endloop
  endfacet
  facet normal 0 -0.1305 0.991448
    outer loop
      vertex 23 0.226604 29.5299
      vertex 20.2 0.451485 29.5595
      vertex 20.2 0.226604 29.5299
    endloop
  endfacet
  facet normal 0 -0.0436469 0.999047
    outer loop
      vertex 20.2 0.226604 29.5299
      vertex 23 0 29.52
      vertex 23 0.226604 29.5299
    endloop
  endfacet
  facet normal 0 -0.0436469 0.999047
    outer loop
      vertex 23 0 29.52
      vertex 20.2 0.226604 29.5299
      vertex 20.2 0 29.52
    endloop
  endfacet
  facet normal 0 -0.216469 0.976289
    outer loop
      vertex 20.2 0.672929 29.6086
      vertex 23 0.451485 29.5595
      vertex 23 0.672929 29.6086
    endloop
  endfacet
  facet normal 0 -0.216469 0.976289
    outer loop
      vertex 23 0.451485 29.5595
      vertex 20.2 0.672929 29.6086
      vertex 20.2 0.451485 29.5595
    endloop
  endfacet
  facet normal -0 0.0436469 0.999047
    outer loop
      vertex 20.2 0 29.52
      vertex 23 -0.226604 29.5299
      vertex 23 0 29.52
    endloop
  endfacet
  facet normal 0 0.0436469 0.999047
    outer loop
      vertex 23 -0.226604 29.5299
      vertex 20.2 0 29.52
      vertex 20.2 -0.226604 29.5299
    endloop
  endfacet
  facet normal 0 -0.991444 0.130532
    outer loop
      vertex 20.2 2.5605 31.6685
      vertex 23 2.59011 31.8934
      vertex 20.2 2.59011 31.8934
    endloop
  endfacet
  facet normal 0 -0.991444 0.130532
    outer loop
      vertex 23 2.59011 31.8934
      vertex 20.2 2.5605 31.6685
      vertex 23 2.5605 31.6685
    endloop
  endfacet
  facet normal 0 -0.991444 0.130532
    outer loop
      vertex -26 2.5605 31.6685
      vertex -20.2 2.59011 31.8934
      vertex -26 2.59011 31.8934
    endloop
  endfacet
  facet normal 0 -0.991444 0.130532
    outer loop
      vertex -20.2 2.59011 31.8934
      vertex -26 2.5605 31.6685
      vertex -20.2 2.5605 31.6685
    endloop
  endfacet
  facet normal 0 -0.216469 -0.976289
    outer loop
      vertex 20.2 0.451485 34.6805
      vertex 23 0.672929 34.6314
      vertex 23 0.451485 34.6805
    endloop
  endfacet
  facet normal -0 -0.216469 -0.976289
    outer loop
      vertex 23 0.672929 34.6314
      vertex 20.2 0.451485 34.6805
      vertex 20.2 0.672929 34.6314
    endloop
  endfacet
  facet normal 0 -0.675499 0.737361
    outer loop
      vertex 20.2 1.83848 30.2815
      vertex 23 1.67125 30.1283
      vertex 23 1.83848 30.2815
    endloop
  endfacet
  facet normal 0 -0.675499 0.737361
    outer loop
      vertex 23 1.67125 30.1283
      vertex 20.2 1.83848 30.2815
      vertex 20.2 1.67125 30.1283
    endloop
  endfacet
  facet normal 0 -0.675499 0.737361
    outer loop
      vertex -26 1.83848 30.2815
      vertex -20.2 1.67125 30.1283
      vertex -20.2 1.83848 30.2815
    endloop
  endfacet
  facet normal 0 -0.675499 0.737361
    outer loop
      vertex -20.2 1.67125 30.1283
      vertex -26 1.83848 30.2815
      vertex -26 1.67125 30.1283
    endloop
  endfacet
  facet normal 0 0.461635 -0.88707
    outer loop
      vertex 20.2 -1.3 34.3717
      vertex 23 -1.09881 34.4764
      vertex 23 -1.3 34.3717
    endloop
  endfacet
  facet normal 0 0.461635 -0.88707
    outer loop
      vertex 23 -1.09881 34.4764
      vertex 20.2 -1.3 34.3717
      vertex 20.2 -1.09881 34.4764
    endloop
  endfacet
  facet normal 0 0.461635 -0.88707
    outer loop
      vertex -26 -1.3 34.3717
      vertex -20.2 -1.09881 34.4764
      vertex -20.2 -1.3 34.3717
    endloop
  endfacet
  facet normal 0 0.461635 -0.88707
    outer loop
      vertex -20.2 -1.09881 34.4764
      vertex -26 -1.3 34.3717
      vertex -26 -1.09881 34.4764
    endloop
  endfacet
  facet normal 0 0.675499 -0.737361
    outer loop
      vertex 20.2 -1.83848 33.9585
      vertex 23 -1.67125 34.1117
      vertex 23 -1.83848 33.9585
    endloop
  endfacet
  facet normal 0 0.675499 -0.737361
    outer loop
      vertex 23 -1.67125 34.1117
      vertex 20.2 -1.83848 33.9585
      vertex 20.2 -1.67125 34.1117
    endloop
  endfacet
  facet normal 0 0.675499 -0.737361
    outer loop
      vertex -26 -1.83848 33.9585
      vertex -20.2 -1.67125 34.1117
      vertex -20.2 -1.83848 33.9585
    endloop
  endfacet
  facet normal 0 0.675499 -0.737361
    outer loop
      vertex -20.2 -1.67125 34.1117
      vertex -26 -1.83848 33.9585
      vertex -26 -1.67125 34.1117
    endloop
  endfacet
  facet normal 0 0.97629 -0.216468
    outer loop
      vertex 23 -2.5605 32.5715
      vertex 20.2 -2.51141 32.7929
      vertex 23 -2.51141 32.7929
    endloop
  endfacet
  facet normal 0 0.97629 -0.216468
    outer loop
      vertex 20.2 -2.51141 32.7929
      vertex 23 -2.5605 32.5715
      vertex 20.2 -2.5605 32.5715
    endloop
  endfacet
  facet normal 0 0.97629 -0.216468
    outer loop
      vertex -20.2 -2.5605 32.5715
      vertex -26 -2.51141 32.7929
      vertex -20.2 -2.51141 32.7929
    endloop
  endfacet
  facet normal 0 0.97629 -0.216468
    outer loop
      vertex -26 -2.51141 32.7929
      vertex -20.2 -2.5605 32.5715
      vertex -26 -2.5605 32.5715
    endloop
  endfacet
  facet normal -0 0.461635 0.88707
    outer loop
      vertex 20.2 -1.09881 29.7636
      vertex 23 -1.3 29.8683
      vertex 23 -1.09881 29.7636
    endloop
  endfacet
  facet normal 0 0.461635 0.88707
    outer loop
      vertex 23 -1.3 29.8683
      vertex 20.2 -1.09881 29.7636
      vertex 20.2 -1.3 29.8683
    endloop
  endfacet
  facet normal -0 0.461635 0.88707
    outer loop
      vertex -26 -1.09881 29.7636
      vertex -20.2 -1.3 29.8683
      vertex -20.2 -1.09881 29.7636
    endloop
  endfacet
  facet normal 0 0.461635 0.88707
    outer loop
      vertex -20.2 -1.3 29.8683
      vertex -26 -1.09881 29.7636
      vertex -26 -1.3 29.8683
    endloop
  endfacet
  facet normal -0 0.1305 0.991448
    outer loop
      vertex 20.2 -0.226604 29.5299
      vertex 23 -0.451485 29.5595
      vertex 23 -0.226604 29.5299
    endloop
  endfacet
  facet normal 0 0.1305 0.991448
    outer loop
      vertex 23 -0.451485 29.5595
      vertex 20.2 -0.226604 29.5299
      vertex 20.2 -0.451485 29.5595
    endloop
  endfacet
  facet normal 0 -0.675499 -0.737361
    outer loop
      vertex 20.2 1.67125 34.1117
      vertex 23 1.83848 33.9585
      vertex 23 1.67125 34.1117
    endloop
  endfacet
  facet normal -0 -0.675499 -0.737361
    outer loop
      vertex 23 1.83848 33.9585
      vertex 20.2 1.67125 34.1117
      vertex 20.2 1.83848 33.9585
    endloop
  endfacet
  facet normal 0 -0.675499 -0.737361
    outer loop
      vertex -26 1.67125 34.1117
      vertex -20.2 1.83848 33.9585
      vertex -20.2 1.67125 34.1117
    endloop
  endfacet
  facet normal -0 -0.675499 -0.737361
    outer loop
      vertex -20.2 1.83848 33.9585
      vertex -26 1.67125 34.1117
      vertex -26 1.83848 33.9585
    endloop
  endfacet
  facet normal 0 -0.97629 0.216468
    outer loop
      vertex 20.2 2.51141 31.4471
      vertex 23 2.5605 31.6685
      vertex 20.2 2.5605 31.6685
    endloop
  endfacet
  facet normal 0 -0.97629 0.216468
    outer loop
      vertex 23 2.5605 31.6685
      vertex 20.2 2.51141 31.4471
      vertex 23 2.51141 31.4471
    endloop
  endfacet
  facet normal 0 -0.97629 0.216468
    outer loop
      vertex -26 2.51141 31.4471
      vertex -20.2 2.5605 31.6685
      vertex -26 2.5605 31.6685
    endloop
  endfacet
  facet normal 0 -0.97629 0.216468
    outer loop
      vertex -20.2 2.5605 31.6685
      vertex -26 2.51141 31.4471
      vertex -20.2 2.51141 31.4471
    endloop
  endfacet
  facet normal 0 0.887025 0.461721
    outer loop
      vertex 23 -2.25167 30.82
      vertex 20.2 -2.3564 31.0212
      vertex 23 -2.3564 31.0212
    endloop
  endfacet
  facet normal 0 0.887025 0.461721
    outer loop
      vertex 20.2 -2.3564 31.0212
      vertex 23 -2.25167 30.82
      vertex 20.2 -2.25167 30.82
    endloop
  endfacet
  facet normal 0 0.887025 0.461721
    outer loop
      vertex -20.2 -2.25167 30.82
      vertex -26 -2.3564 31.0212
      vertex -20.2 -2.3564 31.0212
    endloop
  endfacet
  facet normal 0 0.887025 0.461721
    outer loop
      vertex -26 -2.3564 31.0212
      vertex -20.2 -2.25167 30.82
      vertex -26 -2.25167 30.82
    endloop
  endfacet
  facet normal 0 0.737414 -0.675441
    outer loop
      vertex 23 -1.99172 33.7912
      vertex 20.2 -1.83848 33.9585
      vertex 23 -1.83848 33.9585
    endloop
  endfacet
  facet normal 0 0.737414 -0.675441
    outer loop
      vertex 20.2 -1.83848 33.9585
      vertex 23 -1.99172 33.7912
      vertex 20.2 -1.99172 33.7912
    endloop
  endfacet
  facet normal 0 0.737414 -0.675441
    outer loop
      vertex -20.2 -1.99172 33.7912
      vertex -26 -1.83848 33.9585
      vertex -20.2 -1.83848 33.9585
    endloop
  endfacet
  facet normal 0 0.737414 -0.675441
    outer loop
      vertex -26 -1.83848 33.9585
      vertex -20.2 -1.99172 33.7912
      vertex -26 -1.99172 33.7912
    endloop
  endfacet
  facet normal 0 -0.953743 -0.300623
    outer loop
      vertex 20.2 2.51141 32.7929
      vertex 23 2.4432 33.0093
      vertex 20.2 2.4432 33.0093
    endloop
  endfacet
  facet normal 0 -0.953743 -0.300623
    outer loop
      vertex 23 2.4432 33.0093
      vertex 20.2 2.51141 32.7929
      vertex 23 2.51141 32.7929
    endloop
  endfacet
  facet normal 0 -0.953743 -0.300623
    outer loop
      vertex -26 2.51141 32.7929
      vertex -20.2 2.4432 33.0093
      vertex -26 2.4432 33.0093
    endloop
  endfacet
  facet normal 0 -0.953743 -0.300623
    outer loop
      vertex -20.2 2.4432 33.0093
      vertex -26 2.51141 32.7929
      vertex -20.2 2.51141 32.7929
    endloop
  endfacet
  facet normal 0 -0.30068 0.953725
    outer loop
      vertex 20.2 0.889252 29.6768
      vertex 23 0.672929 29.6086
      vertex 23 0.889252 29.6768
    endloop
  endfacet
  facet normal 0 -0.30068 0.953725
    outer loop
      vertex 23 0.672929 29.6086
      vertex 20.2 0.889252 29.6768
      vertex 20.2 0.672929 29.6086
    endloop
  endfacet
  facet normal 0 -0.300304 0.953844
    outer loop
      vertex -26 0.889252 29.6768
      vertex -20.2 0.799999 29.6487
      vertex -20.2 0.889252 29.6768
    endloop
  endfacet
  facet normal 0 -0.300304 0.953844
    outer loop
      vertex -20.2 0.799999 29.6487
      vertex -26 0.889252 29.6768
      vertex -26 0.799999 29.6487
    endloop
  endfacet
  facet normal 0 -0.537389 -0.843335
    outer loop
      vertex 20.2 1.3 34.3717
      vertex 23 1.4913 34.2498
      vertex 23 1.3 34.3717
    endloop
  endfacet
  facet normal -0 -0.537389 -0.843335
    outer loop
      vertex 23 1.4913 34.2498
      vertex 20.2 1.3 34.3717
      vertex 20.2 1.4913 34.2498
    endloop
  endfacet
  facet normal 0 -0.537389 -0.843335
    outer loop
      vertex -26 1.3 34.3717
      vertex -20.2 1.4913 34.2498
      vertex -20.2 1.3 34.3717
    endloop
  endfacet
  facet normal -0 -0.537389 -0.843335
    outer loop
      vertex -20.2 1.4913 34.2498
      vertex -26 1.3 34.3717
      vertex -26 1.4913 34.2498
    endloop
  endfacet
  facet normal 0 -0.843395 -0.537295
    outer loop
      vertex 20.2 2.25167 33.42
      vertex 23 2.1298 33.6113
      vertex 20.2 2.1298 33.6113
    endloop
  endfacet
  facet normal 0 -0.843395 -0.537295
    outer loop
      vertex 23 2.1298 33.6113
      vertex 20.2 2.25167 33.42
      vertex 23 2.25167 33.42
    endloop
  endfacet
  facet normal 0 -0.843395 -0.537295
    outer loop
      vertex -26 2.25167 33.42
      vertex -20.2 2.1298 33.6113
      vertex -26 2.1298 33.6113
    endloop
  endfacet
  facet normal 0 -0.843395 -0.537295
    outer loop
      vertex -20.2 2.1298 33.6113
      vertex -26 2.25167 33.42
      vertex -20.2 2.25167 33.42
    endloop
  endfacet
  facet normal -0 0.216469 0.976289
    outer loop
      vertex 20.2 -0.451485 29.5595
      vertex 23 -0.672929 29.6086
      vertex 23 -0.451485 29.5595
    endloop
  endfacet
  facet normal 0 0.216469 0.976289
    outer loop
      vertex 23 -0.672929 29.6086
      vertex 20.2 -0.451485 29.5595
      vertex 20.2 -0.672929 29.6086
    endloop
  endfacet
  facet normal 0 0.923845 0.382767
    outer loop
      vertex 23 -2.3564 31.0212
      vertex 20.2 -2.4432 31.2307
      vertex 23 -2.4432 31.2307
    endloop
  endfacet
  facet normal 0 0.923845 0.382767
    outer loop
      vertex 20.2 -2.4432 31.2307
      vertex 23 -2.3564 31.0212
      vertex 20.2 -2.3564 31.0212
    endloop
  endfacet
  facet normal 0 0.923845 0.382767
    outer loop
      vertex -20.2 -2.3564 31.0212
      vertex -26 -2.4432 31.2307
      vertex -20.2 -2.4432 31.2307
    endloop
  endfacet
  facet normal 0 0.923845 0.382767
    outer loop
      vertex -26 -2.4432 31.2307
      vertex -20.2 -2.3564 31.0212
      vertex -26 -2.3564 31.0212
    endloop
  endfacet
  facet normal 0 0.843395 0.537295
    outer loop
      vertex 23 -2.1298 30.6287
      vertex 20.2 -2.25167 30.82
      vertex 23 -2.25167 30.82
    endloop
  endfacet
  facet normal 0 0.843395 0.537295
    outer loop
      vertex 20.2 -2.25167 30.82
      vertex 23 -2.1298 30.6287
      vertex 20.2 -2.1298 30.6287
    endloop
  endfacet
  facet normal 0 0.843395 0.537295
    outer loop
      vertex -20.2 -2.1298 30.6287
      vertex -26 -2.25167 30.82
      vertex -20.2 -2.25167 30.82
    endloop
  endfacet
  facet normal 0 0.843395 0.537295
    outer loop
      vertex -26 -2.25167 30.82
      vertex -20.2 -2.1298 30.6287
      vertex -26 -2.1298 30.6287
    endloop
  endfacet
  facet normal 0 -0.382677 0.923882
    outer loop
      vertex 20.2 1.09881 29.7636
      vertex 23 0.889252 29.6768
      vertex 23 1.09881 29.7636
    endloop
  endfacet
  facet normal 0 -0.382677 0.923882
    outer loop
      vertex 23 0.889252 29.6768
      vertex 20.2 1.09881 29.7636
      vertex 20.2 0.889252 29.6768
    endloop
  endfacet
  facet normal 0 -0.382677 0.923882
    outer loop
      vertex -26 1.09881 29.7636
      vertex -20.2 0.889252 29.6768
      vertex -20.2 1.09881 29.7636
    endloop
  endfacet
  facet normal 0 -0.382677 0.923882
    outer loop
      vertex -20.2 0.889252 29.6768
      vertex -26 1.09881 29.7636
      vertex -26 0.889252 29.6768
    endloop
  endfacet
  facet normal 0 -0.923845 0.382767
    outer loop
      vertex 20.2 2.3564 31.0212
      vertex 23 2.4432 31.2307
      vertex 20.2 2.4432 31.2307
    endloop
  endfacet
  facet normal 0 -0.923845 0.382767
    outer loop
      vertex 23 2.4432 31.2307
      vertex 20.2 2.3564 31.0212
      vertex 23 2.3564 31.0212
    endloop
  endfacet
  facet normal 0 -0.923845 0.382767
    outer loop
      vertex -26 2.3564 31.0212
      vertex -20.2 2.4432 31.2307
      vertex -26 2.4432 31.2307
    endloop
  endfacet
  facet normal 0 -0.923845 0.382767
    outer loop
      vertex -20.2 2.4432 31.2307
      vertex -26 2.3564 31.0212
      vertex -20.2 2.3564 31.0212
    endloop
  endfacet
  facet normal 0 0.999049 0.0436037
    outer loop
      vertex 23 -2.59011 31.8934
      vertex 20.2 -2.6 32.12
      vertex 23 -2.6 32.12
    endloop
  endfacet
  facet normal 0 0.999049 0.0436037
    outer loop
      vertex 20.2 -2.6 32.12
      vertex 23 -2.59011 31.8934
      vertex 20.2 -2.59011 31.8934
    endloop
  endfacet
  facet normal 0 0.999049 0.0436037
    outer loop
      vertex -20.2 -2.59011 31.8934
      vertex -26 -2.6 32.12
      vertex -20.2 -2.6 32.12
    endloop
  endfacet
  facet normal 0 0.999049 0.0436037
    outer loop
      vertex -26 -2.6 32.12
      vertex -20.2 -2.59011 31.8934
      vertex -26 -2.59011 31.8934
    endloop
  endfacet
  facet normal 0 -0.737414 -0.675441
    outer loop
      vertex 20.2 1.99172 33.7912
      vertex 23 1.83848 33.9585
      vertex 20.2 1.83848 33.9585
    endloop
  endfacet
  facet normal 0 -0.737414 -0.675441
    outer loop
      vertex 23 1.83848 33.9585
      vertex 20.2 1.99172 33.7912
      vertex 23 1.99172 33.7912
    endloop
  endfacet
  facet normal 0 -0.737414 -0.675441
    outer loop
      vertex -26 1.99172 33.7912
      vertex -20.2 1.83848 33.9585
      vertex -26 1.83848 33.9585
    endloop
  endfacet
  facet normal 0 -0.737414 -0.675441
    outer loop
      vertex -20.2 1.83848 33.9585
      vertex -26 1.99172 33.7912
      vertex -20.2 1.99172 33.7912
    endloop
  endfacet
  facet normal 0 0.991444 0.130532
    outer loop
      vertex 23 -2.5605 31.6685
      vertex 20.2 -2.59011 31.8934
      vertex 23 -2.59011 31.8934
    endloop
  endfacet
  facet normal 0 0.991444 0.130532
    outer loop
      vertex 20.2 -2.59011 31.8934
      vertex 23 -2.5605 31.6685
      vertex 20.2 -2.5605 31.6685
    endloop
  endfacet
  facet normal 0 0.991444 0.130532
    outer loop
      vertex -20.2 -2.5605 31.6685
      vertex -26 -2.59011 31.8934
      vertex -20.2 -2.59011 31.8934
    endloop
  endfacet
  facet normal 0 0.991444 0.130532
    outer loop
      vertex -26 -2.59011 31.8934
      vertex -20.2 -2.5605 31.6685
      vertex -26 -2.5605 31.6685
    endloop
  endfacet
  facet normal 0 -0.608816 -0.793312
    outer loop
      vertex 20.2 1.4913 34.2498
      vertex 23 1.67125 34.1117
      vertex 23 1.4913 34.2498
    endloop
  endfacet
  facet normal -0 -0.608816 -0.793312
    outer loop
      vertex 23 1.67125 34.1117
      vertex 20.2 1.4913 34.2498
      vertex 20.2 1.67125 34.1117
    endloop
  endfacet
  facet normal 0 -0.608816 -0.793312
    outer loop
      vertex -26 1.4913 34.2498
      vertex -20.2 1.67125 34.1117
      vertex -20.2 1.4913 34.2498
    endloop
  endfacet
  facet normal -0 -0.608816 -0.793312
    outer loop
      vertex -20.2 1.67125 34.1117
      vertex -26 1.4913 34.2498
      vertex -26 1.67125 34.1117
    endloop
  endfacet
  facet normal 0 -0.793273 -0.608867
    outer loop
      vertex 20.2 2.1298 33.6113
      vertex 23 1.99172 33.7912
      vertex 20.2 1.99172 33.7912
    endloop
  endfacet
  facet normal 0 -0.793273 -0.608867
    outer loop
      vertex 23 1.99172 33.7912
      vertex 20.2 2.1298 33.6113
      vertex 23 2.1298 33.6113
    endloop
  endfacet
  facet normal 0 -0.793273 -0.608867
    outer loop
      vertex -26 2.1298 33.6113
      vertex -20.2 1.99172 33.7912
      vertex -26 1.99172 33.7912
    endloop
  endfacet
  facet normal 0 -0.793273 -0.608867
    outer loop
      vertex -20.2 1.99172 33.7912
      vertex -26 2.1298 33.6113
      vertex -20.2 2.1298 33.6113
    endloop
  endfacet
  facet normal 0 -0.923845 -0.382767
    outer loop
      vertex 20.2 2.4432 33.0093
      vertex 23 2.3564 33.2188
      vertex 20.2 2.3564 33.2188
    endloop
  endfacet
  facet normal 0 -0.923845 -0.382767
    outer loop
      vertex 23 2.3564 33.2188
      vertex 20.2 2.4432 33.0093
      vertex 23 2.4432 33.0093
    endloop
  endfacet
  facet normal 0 -0.923845 -0.382767
    outer loop
      vertex -26 2.4432 33.0093
      vertex -20.2 2.3564 33.2188
      vertex -26 2.3564 33.2188
    endloop
  endfacet
  facet normal 0 -0.923845 -0.382767
    outer loop
      vertex -20.2 2.3564 33.2188
      vertex -26 2.4432 33.0093
      vertex -20.2 2.4432 33.0093
    endloop
  endfacet
  facet normal -0 0.382677 0.923882
    outer loop
      vertex 20.2 -0.889252 29.6768
      vertex 23 -1.09881 29.7636
      vertex 23 -0.889252 29.6768
    endloop
  endfacet
  facet normal 0 0.382677 0.923882
    outer loop
      vertex 23 -1.09881 29.7636
      vertex 20.2 -0.889252 29.6768
      vertex 20.2 -1.09881 29.7636
    endloop
  endfacet
  facet normal -0 0.382677 0.923882
    outer loop
      vertex -26 -0.889252 29.6768
      vertex -20.2 -1.09881 29.7636
      vertex -20.2 -0.889252 29.6768
    endloop
  endfacet
  facet normal 0 0.382677 0.923882
    outer loop
      vertex -20.2 -1.09881 29.7636
      vertex -26 -0.889252 29.6768
      vertex -26 -1.09881 29.7636
    endloop
  endfacet
  facet normal -0 0.608816 0.793312
    outer loop
      vertex 20.2 -1.4913 29.9902
      vertex 23 -1.67125 30.1283
      vertex 23 -1.4913 29.9902
    endloop
  endfacet
  facet normal 0 0.608816 0.793312
    outer loop
      vertex 23 -1.67125 30.1283
      vertex 20.2 -1.4913 29.9902
      vertex 20.2 -1.67125 30.1283
    endloop
  endfacet
  facet normal -0 0.608816 0.793312
    outer loop
      vertex -26 -1.4913 29.9902
      vertex -20.2 -1.67125 30.1283
      vertex -20.2 -1.4913 29.9902
    endloop
  endfacet
  facet normal 0 0.608816 0.793312
    outer loop
      vertex -20.2 -1.67125 30.1283
      vertex -26 -1.4913 29.9902
      vertex -26 -1.67125 30.1283
    endloop
  endfacet
  facet normal 0 -0.793273 0.608867
    outer loop
      vertex 20.2 1.99172 30.4488
      vertex 23 2.1298 30.6287
      vertex 20.2 2.1298 30.6287
    endloop
  endfacet
  facet normal 0 -0.793273 0.608867
    outer loop
      vertex 23 2.1298 30.6287
      vertex 20.2 1.99172 30.4488
      vertex 23 1.99172 30.4488
    endloop
  endfacet
  facet normal 0 -0.793273 0.608867
    outer loop
      vertex -26 1.99172 30.4488
      vertex -20.2 2.1298 30.6287
      vertex -26 2.1298 30.6287
    endloop
  endfacet
  facet normal 0 -0.793273 0.608867
    outer loop
      vertex -20.2 2.1298 30.6287
      vertex -26 1.99172 30.4488
      vertex -20.2 1.99172 30.4488
    endloop
  endfacet
  facet normal 0 -0.887025 -0.461721
    outer loop
      vertex 20.2 2.3564 33.2188
      vertex 23 2.25167 33.42
      vertex 20.2 2.25167 33.42
    endloop
  endfacet
  facet normal 0 -0.887025 -0.461721
    outer loop
      vertex 23 2.25167 33.42
      vertex 20.2 2.3564 33.2188
      vertex 23 2.3564 33.2188
    endloop
  endfacet
  facet normal 0 -0.887025 -0.461721
    outer loop
      vertex -26 2.3564 33.2188
      vertex -20.2 2.25167 33.42
      vertex -26 2.25167 33.42
    endloop
  endfacet
  facet normal 0 -0.887025 -0.461721
    outer loop
      vertex -20.2 2.25167 33.42
      vertex -26 2.3564 33.2188
      vertex -20.2 2.3564 33.2188
    endloop
  endfacet
  facet normal 0 0.953743 0.300623
    outer loop
      vertex 23 -2.4432 31.2307
      vertex 20.2 -2.51141 31.4471
      vertex 23 -2.51141 31.4471
    endloop
  endfacet
  facet normal 0 0.953743 0.300623
    outer loop
      vertex 20.2 -2.51141 31.4471
      vertex 23 -2.4432 31.2307
      vertex 20.2 -2.4432 31.2307
    endloop
  endfacet
  facet normal 0 0.953743 0.300623
    outer loop
      vertex -20.2 -2.4432 31.2307
      vertex -26 -2.51141 31.4471
      vertex -20.2 -2.51141 31.4471
    endloop
  endfacet
  facet normal 0 0.953743 0.300623
    outer loop
      vertex -26 -2.51141 31.4471
      vertex -20.2 -2.4432 31.2307
      vertex -26 -2.4432 31.2307
    endloop
  endfacet
  facet normal 0 -0.537389 0.843335
    outer loop
      vertex 20.2 1.4913 29.9902
      vertex 23 1.3 29.8683
      vertex 23 1.4913 29.9902
    endloop
  endfacet
  facet normal 0 -0.537389 0.843335
    outer loop
      vertex 23 1.3 29.8683
      vertex 20.2 1.4913 29.9902
      vertex 20.2 1.3 29.8683
    endloop
  endfacet
  facet normal 0 -0.537389 0.843335
    outer loop
      vertex -26 1.4913 29.9902
      vertex -20.2 1.3 29.8683
      vertex -20.2 1.4913 29.9902
    endloop
  endfacet
  facet normal 0 -0.537389 0.843335
    outer loop
      vertex -20.2 1.3 29.8683
      vertex -26 1.4913 29.9902
      vertex -26 1.3 29.8683
    endloop
  endfacet
  facet normal 0 -0.953743 0.300623
    outer loop
      vertex 20.2 2.4432 31.2307
      vertex 23 2.51141 31.4471
      vertex 20.2 2.51141 31.4471
    endloop
  endfacet
  facet normal 0 -0.953743 0.300623
    outer loop
      vertex 23 2.51141 31.4471
      vertex 20.2 2.4432 31.2307
      vertex 23 2.4432 31.2307
    endloop
  endfacet
  facet normal 0 -0.953743 0.300623
    outer loop
      vertex -26 2.4432 31.2307
      vertex -20.2 2.51141 31.4471
      vertex -26 2.51141 31.4471
    endloop
  endfacet
  facet normal 0 -0.953743 0.300623
    outer loop
      vertex -20.2 2.51141 31.4471
      vertex -26 2.4432 31.2307
      vertex -20.2 2.4432 31.2307
    endloop
  endfacet
  facet normal 0 0.97629 0.216468
    outer loop
      vertex 23 -2.51141 31.4471
      vertex 20.2 -2.5605 31.6685
      vertex 23 -2.5605 31.6685
    endloop
  endfacet
  facet normal 0 0.97629 0.216468
    outer loop
      vertex 20.2 -2.5605 31.6685
      vertex 23 -2.51141 31.4471
      vertex 20.2 -2.51141 31.4471
    endloop
  endfacet
  facet normal 0 0.97629 0.216468
    outer loop
      vertex -20.2 -2.51141 31.4471
      vertex -26 -2.5605 31.6685
      vertex -20.2 -2.5605 31.6685
    endloop
  endfacet
  facet normal 0 0.97629 0.216468
    outer loop
      vertex -26 -2.5605 31.6685
      vertex -20.2 -2.51141 31.4471
      vertex -26 -2.51141 31.4471
    endloop
  endfacet
  facet normal 0 0.537389 -0.843335
    outer loop
      vertex 20.2 -1.4913 34.2498
      vertex 23 -1.3 34.3717
      vertex 23 -1.4913 34.2498
    endloop
  endfacet
  facet normal 0 0.537389 -0.843335
    outer loop
      vertex 23 -1.3 34.3717
      vertex 20.2 -1.4913 34.2498
      vertex 20.2 -1.3 34.3717
    endloop
  endfacet
  facet normal 0 0.537389 -0.843335
    outer loop
      vertex -26 -1.4913 34.2498
      vertex -20.2 -1.3 34.3717
      vertex -20.2 -1.4913 34.2498
    endloop
  endfacet
  facet normal 0 0.537389 -0.843335
    outer loop
      vertex -20.2 -1.3 34.3717
      vertex -26 -1.4913 34.2498
      vertex -26 -1.3 34.3717
    endloop
  endfacet
  facet normal 0 0.608816 -0.793312
    outer loop
      vertex 20.2 -1.67125 34.1117
      vertex 23 -1.4913 34.2498
      vertex 23 -1.67125 34.1117
    endloop
  endfacet
  facet normal 0 0.608816 -0.793312
    outer loop
      vertex 23 -1.4913 34.2498
      vertex 20.2 -1.67125 34.1117
      vertex 20.2 -1.4913 34.2498
    endloop
  endfacet
  facet normal 0 0.608816 -0.793312
    outer loop
      vertex -26 -1.67125 34.1117
      vertex -20.2 -1.4913 34.2498
      vertex -20.2 -1.67125 34.1117
    endloop
  endfacet
  facet normal 0 0.608816 -0.793312
    outer loop
      vertex -20.2 -1.4913 34.2498
      vertex -26 -1.67125 34.1117
      vertex -26 -1.4913 34.2498
    endloop
  endfacet
  facet normal 0 -0.461635 0.88707
    outer loop
      vertex 20.2 1.3 29.8683
      vertex 23 1.09881 29.7636
      vertex 23 1.3 29.8683
    endloop
  endfacet
  facet normal 0 -0.461635 0.88707
    outer loop
      vertex 23 1.09881 29.7636
      vertex 20.2 1.3 29.8683
      vertex 20.2 1.09881 29.7636
    endloop
  endfacet
  facet normal 0 -0.461635 0.88707
    outer loop
      vertex -26 1.3 29.8683
      vertex -20.2 1.09881 29.7636
      vertex -20.2 1.3 29.8683
    endloop
  endfacet
  facet normal 0 -0.461635 0.88707
    outer loop
      vertex -20.2 1.09881 29.7636
      vertex -26 1.3 29.8683
      vertex -26 1.09881 29.7636
    endloop
  endfacet
  facet normal 0 -0.97629 -0.216468
    outer loop
      vertex 20.2 2.5605 32.5715
      vertex 23 2.51141 32.7929
      vertex 20.2 2.51141 32.7929
    endloop
  endfacet
  facet normal 0 -0.97629 -0.216468
    outer loop
      vertex 23 2.51141 32.7929
      vertex 20.2 2.5605 32.5715
      vertex 23 2.5605 32.5715
    endloop
  endfacet
  facet normal 0 -0.97629 -0.216468
    outer loop
      vertex -26 2.5605 32.5715
      vertex -20.2 2.51141 32.7929
      vertex -26 2.51141 32.7929
    endloop
  endfacet
  facet normal 0 -0.97629 -0.216468
    outer loop
      vertex -20.2 2.51141 32.7929
      vertex -26 2.5605 32.5715
      vertex -20.2 2.5605 32.5715
    endloop
  endfacet
  facet normal 0 -0.991444 -0.130532
    outer loop
      vertex 20.2 2.59011 32.3466
      vertex 23 2.5605 32.5715
      vertex 20.2 2.5605 32.5715
    endloop
  endfacet
  facet normal 0 -0.991444 -0.130532
    outer loop
      vertex 23 2.5605 32.5715
      vertex 20.2 2.59011 32.3466
      vertex 23 2.59011 32.3466
    endloop
  endfacet
  facet normal 0 -0.991444 -0.130532
    outer loop
      vertex -26 2.59011 32.3466
      vertex -20.2 2.5605 32.5715
      vertex -26 2.5605 32.5715
    endloop
  endfacet
  facet normal 0 -0.991444 -0.130532
    outer loop
      vertex -20.2 2.5605 32.5715
      vertex -26 2.59011 32.3466
      vertex -20.2 2.59011 32.3466
    endloop
  endfacet
  facet normal 0 -0.608816 0.793312
    outer loop
      vertex 20.2 1.67125 30.1283
      vertex 23 1.4913 29.9902
      vertex 23 1.67125 30.1283
    endloop
  endfacet
  facet normal 0 -0.608816 0.793312
    outer loop
      vertex 23 1.4913 29.9902
      vertex 20.2 1.67125 30.1283
      vertex 20.2 1.4913 29.9902
    endloop
  endfacet
  facet normal 0 -0.608816 0.793312
    outer loop
      vertex -26 1.67125 30.1283
      vertex -20.2 1.4913 29.9902
      vertex -20.2 1.67125 30.1283
    endloop
  endfacet
  facet normal 0 -0.608816 0.793312
    outer loop
      vertex -20.2 1.4913 29.9902
      vertex -26 1.67125 30.1283
      vertex -26 1.4913 29.9902
    endloop
  endfacet
  facet normal -0 0.30068 0.953725
    outer loop
      vertex 20.2 -0.672929 29.6086
      vertex 23 -0.889252 29.6768
      vertex 23 -0.672929 29.6086
    endloop
  endfacet
  facet normal 0 0.30068 0.953725
    outer loop
      vertex 23 -0.889252 29.6768
      vertex 20.2 -0.672929 29.6086
      vertex 20.2 -0.889252 29.6768
    endloop
  endfacet
  facet normal -0 0.300304 0.953844
    outer loop
      vertex -26 -0.799999 29.6487
      vertex -20.2 -0.889252 29.6768
      vertex -20.2 -0.799999 29.6487
    endloop
  endfacet
  facet normal 0 0.300304 0.953844
    outer loop
      vertex -20.2 -0.889252 29.6768
      vertex -26 -0.799999 29.6487
      vertex -26 -0.889252 29.6768
    endloop
  endfacet
  facet normal 0 -0.0436469 -0.999047
    outer loop
      vertex 20.2 0 34.72
      vertex 23 0.226604 34.7101
      vertex 23 0 34.72
    endloop
  endfacet
  facet normal -0 -0.0436469 -0.999047
    outer loop
      vertex 23 0.226604 34.7101
      vertex 20.2 0 34.72
      vertex 20.2 0.226604 34.7101
    endloop
  endfacet
  facet normal 0 0.0436469 -0.999047
    outer loop
      vertex 20.2 -0.226604 34.7101
      vertex 23 0 34.72
      vertex 23 -0.226604 34.7101
    endloop
  endfacet
  facet normal 0 0.0436469 -0.999047
    outer loop
      vertex 23 0 34.72
      vertex 20.2 -0.226604 34.7101
      vertex 20.2 0 34.72
    endloop
  endfacet
  facet normal 0 -0.887025 0.461721
    outer loop
      vertex 20.2 2.25167 30.82
      vertex 23 2.3564 31.0212
      vertex 20.2 2.3564 31.0212
    endloop
  endfacet
  facet normal 0 -0.887025 0.461721
    outer loop
      vertex 23 2.3564 31.0212
      vertex 20.2 2.25167 30.82
      vertex 23 2.25167 30.82
    endloop
  endfacet
  facet normal 0 -0.887025 0.461721
    outer loop
      vertex -26 2.25167 30.82
      vertex -20.2 2.3564 31.0212
      vertex -26 2.3564 31.0212
    endloop
  endfacet
  facet normal 0 -0.887025 0.461721
    outer loop
      vertex -20.2 2.3564 31.0212
      vertex -26 2.25167 30.82
      vertex -20.2 2.25167 30.82
    endloop
  endfacet
  facet normal 0 -0.843395 0.537295
    outer loop
      vertex 20.2 2.1298 30.6287
      vertex 23 2.25167 30.82
      vertex 20.2 2.25167 30.82
    endloop
  endfacet
  facet normal 0 -0.843395 0.537295
    outer loop
      vertex 23 2.25167 30.82
      vertex 20.2 2.1298 30.6287
      vertex 23 2.1298 30.6287
    endloop
  endfacet
  facet normal 0 -0.843395 0.537295
    outer loop
      vertex -26 2.1298 30.6287
      vertex -20.2 2.25167 30.82
      vertex -26 2.25167 30.82
    endloop
  endfacet
  facet normal 0 -0.843395 0.537295
    outer loop
      vertex -20.2 2.25167 30.82
      vertex -26 2.1298 30.6287
      vertex -20.2 2.1298 30.6287
    endloop
  endfacet
  facet normal 0 -0.999049 0.0436037
    outer loop
      vertex 20.2 2.59011 31.8934
      vertex 23 2.6 32.12
      vertex 20.2 2.6 32.12
    endloop
  endfacet
  facet normal 0 -0.999049 0.0436037
    outer loop
      vertex 23 2.6 32.12
      vertex 20.2 2.59011 31.8934
      vertex 23 2.59011 31.8934
    endloop
  endfacet
  facet normal 0 -0.999049 0.0436037
    outer loop
      vertex -26 2.59011 31.8934
      vertex -20.2 2.6 32.12
      vertex -26 2.6 32.12
    endloop
  endfacet
  facet normal 0 -0.999049 0.0436037
    outer loop
      vertex -20.2 2.6 32.12
      vertex -26 2.59011 31.8934
      vertex -20.2 2.59011 31.8934
    endloop
  endfacet
  facet normal 0 0.923845 -0.382767
    outer loop
      vertex 23 -2.4432 33.0093
      vertex 20.2 -2.3564 33.2188
      vertex 23 -2.3564 33.2188
    endloop
  endfacet
  facet normal 0 0.923845 -0.382767
    outer loop
      vertex 20.2 -2.3564 33.2188
      vertex 23 -2.4432 33.0093
      vertex 20.2 -2.4432 33.0093
    endloop
  endfacet
  facet normal 0 0.923845 -0.382767
    outer loop
      vertex -20.2 -2.4432 33.0093
      vertex -26 -2.3564 33.2188
      vertex -20.2 -2.3564 33.2188
    endloop
  endfacet
  facet normal 0 0.923845 -0.382767
    outer loop
      vertex -26 -2.3564 33.2188
      vertex -20.2 -2.4432 33.0093
      vertex -26 -2.4432 33.0093
    endloop
  endfacet
  facet normal 0 -0.737414 0.675441
    outer loop
      vertex 20.2 1.83848 30.2815
      vertex 23 1.99172 30.4488
      vertex 20.2 1.99172 30.4488
    endloop
  endfacet
  facet normal 0 -0.737414 0.675441
    outer loop
      vertex 23 1.99172 30.4488
      vertex 20.2 1.83848 30.2815
      vertex 23 1.83848 30.2815
    endloop
  endfacet
  facet normal 0 -0.737414 0.675441
    outer loop
      vertex -26 1.83848 30.2815
      vertex -20.2 1.99172 30.4488
      vertex -26 1.99172 30.4488
    endloop
  endfacet
  facet normal 0 -0.737414 0.675441
    outer loop
      vertex -20.2 1.99172 30.4488
      vertex -26 1.83848 30.2815
      vertex -20.2 1.83848 30.2815
    endloop
  endfacet
  facet normal 0 -0.30068 -0.953725
    outer loop
      vertex 20.2 0.672929 34.6314
      vertex 23 0.889252 34.5632
      vertex 23 0.672929 34.6314
    endloop
  endfacet
  facet normal -0 -0.30068 -0.953725
    outer loop
      vertex 23 0.889252 34.5632
      vertex 20.2 0.672929 34.6314
      vertex 20.2 0.889252 34.5632
    endloop
  endfacet
  facet normal 0 -0.300304 -0.953844
    outer loop
      vertex -26 0.799999 34.5913
      vertex -20.2 0.889252 34.5632
      vertex -20.2 0.799999 34.5913
    endloop
  endfacet
  facet normal -0 -0.300304 -0.953844
    outer loop
      vertex -20.2 0.889252 34.5632
      vertex -26 0.799999 34.5913
      vertex -26 0.889252 34.5632
    endloop
  endfacet
  facet normal 0 0.1305 -0.991448
    outer loop
      vertex 20.2 -0.451485 34.6805
      vertex 23 -0.226604 34.7101
      vertex 23 -0.451485 34.6805
    endloop
  endfacet
  facet normal 0 0.1305 -0.991448
    outer loop
      vertex 23 -0.226604 34.7101
      vertex 20.2 -0.451485 34.6805
      vertex 20.2 -0.226604 34.7101
    endloop
  endfacet
  facet normal 0 -0.999049 -0.0436037
    outer loop
      vertex 20.2 2.6 32.12
      vertex 23 2.59011 32.3466
      vertex 20.2 2.59011 32.3466
    endloop
  endfacet
  facet normal 0 -0.999049 -0.0436037
    outer loop
      vertex 23 2.59011 32.3466
      vertex 20.2 2.6 32.12
      vertex 23 2.6 32.12
    endloop
  endfacet
  facet normal 0 -0.999049 -0.0436037
    outer loop
      vertex -26 2.6 32.12
      vertex -20.2 2.59011 32.3466
      vertex -26 2.59011 32.3466
    endloop
  endfacet
  facet normal 0 -0.999049 -0.0436037
    outer loop
      vertex -20.2 2.59011 32.3466
      vertex -26 2.6 32.12
      vertex -20.2 2.6 32.12
    endloop
  endfacet
  facet normal 0 0.887025 -0.461721
    outer loop
      vertex 23 -2.3564 33.2188
      vertex 20.2 -2.25167 33.42
      vertex 23 -2.25167 33.42
    endloop
  endfacet
  facet normal 0 0.887025 -0.461721
    outer loop
      vertex 20.2 -2.25167 33.42
      vertex 23 -2.3564 33.2188
      vertex 20.2 -2.3564 33.2188
    endloop
  endfacet
  facet normal 0 0.887025 -0.461721
    outer loop
      vertex -20.2 -2.3564 33.2188
      vertex -26 -2.25167 33.42
      vertex -20.2 -2.25167 33.42
    endloop
  endfacet
  facet normal 0 0.887025 -0.461721
    outer loop
      vertex -26 -2.25167 33.42
      vertex -20.2 -2.3564 33.2188
      vertex -26 -2.3564 33.2188
    endloop
  endfacet
  facet normal 0 -0.461635 -0.88707
    outer loop
      vertex 20.2 1.09881 34.4764
      vertex 23 1.3 34.3717
      vertex 23 1.09881 34.4764
    endloop
  endfacet
  facet normal -0 -0.461635 -0.88707
    outer loop
      vertex 23 1.3 34.3717
      vertex 20.2 1.09881 34.4764
      vertex 20.2 1.3 34.3717
    endloop
  endfacet
  facet normal 0 -0.461635 -0.88707
    outer loop
      vertex -26 1.09881 34.4764
      vertex -20.2 1.3 34.3717
      vertex -20.2 1.09881 34.4764
    endloop
  endfacet
  facet normal -0 -0.461635 -0.88707
    outer loop
      vertex -20.2 1.3 34.3717
      vertex -26 1.09881 34.4764
      vertex -26 1.3 34.3717
    endloop
  endfacet
  facet normal 0 0.843395 -0.537295
    outer loop
      vertex 23 -2.25167 33.42
      vertex 20.2 -2.1298 33.6113
      vertex 23 -2.1298 33.6113
    endloop
  endfacet
  facet normal 0 0.843395 -0.537295
    outer loop
      vertex 20.2 -2.1298 33.6113
      vertex 23 -2.25167 33.42
      vertex 20.2 -2.25167 33.42
    endloop
  endfacet
  facet normal 0 0.843395 -0.537295
    outer loop
      vertex -20.2 -2.25167 33.42
      vertex -26 -2.1298 33.6113
      vertex -20.2 -2.1298 33.6113
    endloop
  endfacet
  facet normal 0 0.843395 -0.537295
    outer loop
      vertex -26 -2.1298 33.6113
      vertex -20.2 -2.25167 33.42
      vertex -26 -2.25167 33.42
    endloop
  endfacet
  facet normal 0 0.216469 -0.976289
    outer loop
      vertex 20.2 -0.672929 34.6314
      vertex 23 -0.451485 34.6805
      vertex 23 -0.672929 34.6314
    endloop
  endfacet
  facet normal 0 0.216469 -0.976289
    outer loop
      vertex 23 -0.451485 34.6805
      vertex 20.2 -0.672929 34.6314
      vertex 20.2 -0.451485 34.6805
    endloop
  endfacet
  facet normal 0 -0.1305 -0.991448
    outer loop
      vertex 20.2 0.226604 34.7101
      vertex 23 0.451485 34.6805
      vertex 23 0.226604 34.7101
    endloop
  endfacet
  facet normal -0 -0.1305 -0.991448
    outer loop
      vertex 23 0.451485 34.6805
      vertex 20.2 0.226604 34.7101
      vertex 20.2 0.451485 34.6805
    endloop
  endfacet
  facet normal 0 0.991444 -0.130532
    outer loop
      vertex 23 -2.59011 32.3466
      vertex 20.2 -2.5605 32.5715
      vertex 23 -2.5605 32.5715
    endloop
  endfacet
  facet normal 0 0.991444 -0.130532
    outer loop
      vertex 20.2 -2.5605 32.5715
      vertex 23 -2.59011 32.3466
      vertex 20.2 -2.59011 32.3466
    endloop
  endfacet
  facet normal 0 0.991444 -0.130532
    outer loop
      vertex -20.2 -2.59011 32.3466
      vertex -26 -2.5605 32.5715
      vertex -20.2 -2.5605 32.5715
    endloop
  endfacet
  facet normal 0 0.991444 -0.130532
    outer loop
      vertex -26 -2.5605 32.5715
      vertex -20.2 -2.59011 32.3466
      vertex -26 -2.59011 32.3466
    endloop
  endfacet
  facet normal 0 0.999049 -0.0436037
    outer loop
      vertex 23 -2.6 32.12
      vertex 20.2 -2.59011 32.3466
      vertex 23 -2.59011 32.3466
    endloop
  endfacet
  facet normal 0 0.999049 -0.0436037
    outer loop
      vertex 20.2 -2.59011 32.3466
      vertex 23 -2.6 32.12
      vertex 20.2 -2.6 32.12
    endloop
  endfacet
  facet normal 0 0.999049 -0.0436037
    outer loop
      vertex -20.2 -2.6 32.12
      vertex -26 -2.59011 32.3466
      vertex -20.2 -2.59011 32.3466
    endloop
  endfacet
  facet normal 0 0.999049 -0.0436037
    outer loop
      vertex -26 -2.59011 32.3466
      vertex -20.2 -2.6 32.12
      vertex -26 -2.6 32.12
    endloop
  endfacet
  facet normal -0 0.675499 0.737361
    outer loop
      vertex 20.2 -1.67125 30.1283
      vertex 23 -1.83848 30.2815
      vertex 23 -1.67125 30.1283
    endloop
  endfacet
  facet normal 0 0.675499 0.737361
    outer loop
      vertex 23 -1.83848 30.2815
      vertex 20.2 -1.67125 30.1283
      vertex 20.2 -1.83848 30.2815
    endloop
  endfacet
  facet normal -0 0.675499 0.737361
    outer loop
      vertex -26 -1.67125 30.1283
      vertex -20.2 -1.83848 30.2815
      vertex -20.2 -1.67125 30.1283
    endloop
  endfacet
  facet normal 0 0.675499 0.737361
    outer loop
      vertex -20.2 -1.83848 30.2815
      vertex -26 -1.67125 30.1283
      vertex -26 -1.83848 30.2815
    endloop
  endfacet
  facet normal 0 0.382677 -0.923882
    outer loop
      vertex 20.2 -1.09881 34.4764
      vertex 23 -0.889252 34.5632
      vertex 23 -1.09881 34.4764
    endloop
  endfacet
  facet normal 0 0.382677 -0.923882
    outer loop
      vertex 23 -0.889252 34.5632
      vertex 20.2 -1.09881 34.4764
      vertex 20.2 -0.889252 34.5632
    endloop
  endfacet
  facet normal 0 0.382677 -0.923882
    outer loop
      vertex -26 -1.09881 34.4764
      vertex -20.2 -0.889252 34.5632
      vertex -20.2 -1.09881 34.4764
    endloop
  endfacet
  facet normal 0 0.382677 -0.923882
    outer loop
      vertex -20.2 -0.889252 34.5632
      vertex -26 -1.09881 34.4764
      vertex -26 -0.889252 34.5632
    endloop
  endfacet
  facet normal -0 0.537389 0.843335
    outer loop
      vertex 20.2 -1.3 29.8683
      vertex 23 -1.4913 29.9902
      vertex 23 -1.3 29.8683
    endloop
  endfacet
  facet normal 0 0.537389 0.843335
    outer loop
      vertex 23 -1.4913 29.9902
      vertex 20.2 -1.3 29.8683
      vertex 20.2 -1.4913 29.9902
    endloop
  endfacet
  facet normal -0 0.537389 0.843335
    outer loop
      vertex -26 -1.3 29.8683
      vertex -20.2 -1.4913 29.9902
      vertex -20.2 -1.3 29.8683
    endloop
  endfacet
  facet normal 0 0.537389 0.843335
    outer loop
      vertex -20.2 -1.4913 29.9902
      vertex -26 -1.3 29.8683
      vertex -26 -1.4913 29.9902
    endloop
  endfacet
  facet normal 0 0.953743 -0.300623
    outer loop
      vertex 23 -2.51141 32.7929
      vertex 20.2 -2.4432 33.0093
      vertex 23 -2.4432 33.0093
    endloop
  endfacet
  facet normal 0 0.953743 -0.300623
    outer loop
      vertex 20.2 -2.4432 33.0093
      vertex 23 -2.51141 32.7929
      vertex 20.2 -2.51141 32.7929
    endloop
  endfacet
  facet normal 0 0.953743 -0.300623
    outer loop
      vertex -20.2 -2.51141 32.7929
      vertex -26 -2.4432 33.0093
      vertex -20.2 -2.4432 33.0093
    endloop
  endfacet
  facet normal 0 0.953743 -0.300623
    outer loop
      vertex -26 -2.4432 33.0093
      vertex -20.2 -2.51141 32.7929
      vertex -26 -2.51141 32.7929
    endloop
  endfacet
  facet normal 0 0.793273 0.608867
    outer loop
      vertex 23 -1.99172 30.4488
      vertex 20.2 -2.1298 30.6287
      vertex 23 -2.1298 30.6287
    endloop
  endfacet
  facet normal 0 0.793273 0.608867
    outer loop
      vertex 20.2 -2.1298 30.6287
      vertex 23 -1.99172 30.4488
      vertex 20.2 -1.99172 30.4488
    endloop
  endfacet
  facet normal 0 0.793273 0.608867
    outer loop
      vertex -20.2 -1.99172 30.4488
      vertex -26 -2.1298 30.6287
      vertex -20.2 -2.1298 30.6287
    endloop
  endfacet
  facet normal 0 0.793273 0.608867
    outer loop
      vertex -26 -2.1298 30.6287
      vertex -20.2 -1.99172 30.4488
      vertex -26 -1.99172 30.4488
    endloop
  endfacet
  facet normal 0 0.737414 0.675441
    outer loop
      vertex 23 -1.83848 30.2815
      vertex 20.2 -1.99172 30.4488
      vertex 23 -1.99172 30.4488
    endloop
  endfacet
  facet normal 0 0.737414 0.675441
    outer loop
      vertex 20.2 -1.99172 30.4488
      vertex 23 -1.83848 30.2815
      vertex 20.2 -1.83848 30.2815
    endloop
  endfacet
  facet normal 0 0.737414 0.675441
    outer loop
      vertex -20.2 -1.83848 30.2815
      vertex -26 -1.99172 30.4488
      vertex -20.2 -1.99172 30.4488
    endloop
  endfacet
  facet normal 0 0.737414 0.675441
    outer loop
      vertex -26 -1.99172 30.4488
      vertex -20.2 -1.83848 30.2815
      vertex -26 -1.83848 30.2815
    endloop
  endfacet
  facet normal 0 -0.382677 -0.923882
    outer loop
      vertex 20.2 0.889252 34.5632
      vertex 23 1.09881 34.4764
      vertex 23 0.889252 34.5632
    endloop
  endfacet
  facet normal -0 -0.382677 -0.923882
    outer loop
      vertex 23 1.09881 34.4764
      vertex 20.2 0.889252 34.5632
      vertex 20.2 1.09881 34.4764
    endloop
  endfacet
  facet normal 0 -0.382677 -0.923882
    outer loop
      vertex -26 0.889252 34.5632
      vertex -20.2 1.09881 34.4764
      vertex -20.2 0.889252 34.5632
    endloop
  endfacet
  facet normal -0 -0.382677 -0.923882
    outer loop
      vertex -20.2 1.09881 34.4764
      vertex -26 0.889252 34.5632
      vertex -26 1.09881 34.4764
    endloop
  endfacet
  facet normal 0 0.793273 -0.608867
    outer loop
      vertex 23 -2.1298 33.6113
      vertex 20.2 -1.99172 33.7912
      vertex 23 -1.99172 33.7912
    endloop
  endfacet
  facet normal 0 0.793273 -0.608867
    outer loop
      vertex 20.2 -1.99172 33.7912
      vertex 23 -2.1298 33.6113
      vertex 20.2 -2.1298 33.6113
    endloop
  endfacet
  facet normal 0 0.793273 -0.608867
    outer loop
      vertex -20.2 -2.1298 33.6113
      vertex -26 -1.99172 33.7912
      vertex -20.2 -1.99172 33.7912
    endloop
  endfacet
  facet normal 0 0.793273 -0.608867
    outer loop
      vertex -26 -1.99172 33.7912
      vertex -20.2 -2.1298 33.6113
      vertex -26 -2.1298 33.6113
    endloop
  endfacet
  facet normal 0 0.30068 -0.953725
    outer loop
      vertex 20.2 -0.889252 34.5632
      vertex 23 -0.672929 34.6314
      vertex 23 -0.889252 34.5632
    endloop
  endfacet
  facet normal 0 0.30068 -0.953725
    outer loop
      vertex 23 -0.672929 34.6314
      vertex 20.2 -0.889252 34.5632
      vertex 20.2 -0.672929 34.6314
    endloop
  endfacet
  facet normal 0 0.300304 -0.953844
    outer loop
      vertex -26 -0.889252 34.5632
      vertex -20.2 -0.799999 34.5913
      vertex -20.2 -0.889252 34.5632
    endloop
  endfacet
  facet normal 0 0.300304 -0.953844
    outer loop
      vertex -20.2 -0.799999 34.5913
      vertex -26 -0.889252 34.5632
      vertex -26 -0.799999 34.5913
    endloop
  endfacet
  facet normal 0 1 -0
    outer loop
      vertex 26 -4.7 29.4065
      vertex 23 -4.7 34.8335
      vertex 26 -4.7 34.8335
    endloop
  endfacet
  facet normal 0 1 0
    outer loop
      vertex 23 -4.7 34.8335
      vertex 26 -4.7 29.4065
      vertex 23 -4.7 29.4065
    endloop
  endfacet
  facet normal -0 0.500007 0.866021
    outer loop
      vertex 23 0 26.6929
      vertex 26 -4.7 29.4065
      vertex 26 0 26.6929
    endloop
  endfacet
  facet normal 0 0.500007 0.866021
    outer loop
      vertex 26 -4.7 29.4065
      vertex 23 0 26.6929
      vertex 23 -4.7 29.4065
    endloop
  endfacet
  facet normal 0 -1 0
    outer loop
      vertex 23 4.7 29.4065
      vertex 26 4.7 34.8335
      vertex 23 4.7 34.8335
    endloop
  endfacet
  facet normal 0 -1 -0
    outer loop
      vertex 26 4.7 34.8335
      vertex 23 4.7 29.4065
      vertex 26 4.7 29.4065
    endloop
  endfacet
  facet normal 0 -0.500007 0.866021
    outer loop
      vertex 23 4.7 29.4065
      vertex 26 0 26.6929
      vertex 26 4.7 29.4065
    endloop
  endfacet
  facet normal 0 -0.500007 0.866021
    outer loop
      vertex 26 0 26.6929
      vertex 23 4.7 29.4065
      vertex 23 0 26.6929
    endloop
  endfacet
  facet normal 0 -0.500007 -0.866021
    outer loop
      vertex 23 0 37.5471
      vertex 26 4.7 34.8335
      vertex 26 0 37.5471
    endloop
  endfacet
  facet normal -0 -0.500007 -0.866021
    outer loop
      vertex 26 4.7 34.8335
      vertex 23 0 37.5471
      vertex 23 4.7 34.8335
    endloop
  endfacet
  facet normal 0 0.500007 -0.866021
    outer loop
      vertex 23 -4.7 34.8335
      vertex 26 0 37.5471
      vertex 26 -4.7 34.8335
    endloop
  endfacet
  facet normal 0 0.500007 -0.866021
    outer loop
      vertex 26 0 37.5471
      vertex 23 -4.7 34.8335
      vertex 23 0 37.5471
    endloop
  endfacet
  facet normal 1 0 0
    outer loop
      vertex 23 4.7 34.8335
      vertex 23 2.6 32.12
      vertex 23 4.7 29.4065
    endloop
  endfacet
  facet normal 1 0 0
    outer loop
      vertex 23 4.7 34.8335
      vertex 23 2.59011 32.3466
      vertex 23 2.6 32.12
    endloop
  endfacet
  facet normal 1 0 0
    outer loop
      vertex 23 4.7 34.8335
      vertex 23 2.5605 32.5715
      vertex 23 2.59011 32.3466
    endloop
  endfacet
  facet normal 1 0 0
    outer loop
      vertex 23 4.7 34.8335
      vertex 23 2.51141 32.7929
      vertex 23 2.5605 32.5715
    endloop
  endfacet
  facet normal 1 0 0
    outer loop
      vertex 23 4.7 34.8335
      vertex 23 2.4432 33.0093
      vertex 23 2.51141 32.7929
    endloop
  endfacet
  facet normal 1 0 0
    outer loop
      vertex 23 4.7 34.8335
      vertex 23 2.3564 33.2188
      vertex 23 2.4432 33.0093
    endloop
  endfacet
  facet normal 1 0 0
    outer loop
      vertex 23 4.7 34.8335
      vertex 23 2.25167 33.42
      vertex 23 2.3564 33.2188
    endloop
  endfacet
  facet normal 1 0 0
    outer loop
      vertex 23 4.7 34.8335
      vertex 23 2.1298 33.6113
      vertex 23 2.25167 33.42
    endloop
  endfacet
  facet normal 1 0 0
    outer loop
      vertex 23 4.7 34.8335
      vertex 23 1.99172 33.7912
      vertex 23 2.1298 33.6113
    endloop
  endfacet
  facet normal 1 0 0
    outer loop
      vertex 23 4.7 34.8335
      vertex 23 1.83848 33.9585
      vertex 23 1.99172 33.7912
    endloop
  endfacet
  facet normal 1 0 0
    outer loop
      vertex 23 4.7 34.8335
      vertex 23 1.67125 34.1117
      vertex 23 1.83848 33.9585
    endloop
  endfacet
  facet normal 1 0 0
    outer loop
      vertex 23 4.7 34.8335
      vertex 23 1.4913 34.2498
      vertex 23 1.67125 34.1117
    endloop
  endfacet
  facet normal 1 0 0
    outer loop
      vertex 23 4.7 34.8335
      vertex 23 1.3 34.3717
      vertex 23 1.4913 34.2498
    endloop
  endfacet
  facet normal 1 0 0
    outer loop
      vertex 23 0 37.5471
      vertex 23 1.3 34.3717
      vertex 23 4.7 34.8335
    endloop
  endfacet
  facet normal 1 0 0
    outer loop
      vertex 23 1.3 34.3717
      vertex 23 0 37.5471
      vertex 23 1.09881 34.4764
    endloop
  endfacet
  facet normal 1 0 0
    outer loop
      vertex 23 1.09881 34.4764
      vertex 23 0 37.5471
      vertex 23 0.889252 34.5632
    endloop
  endfacet
  facet normal 1 0 0
    outer loop
      vertex 23 0.889252 34.5632
      vertex 23 0 37.5471
      vertex 23 0.672929 34.6314
    endloop
  endfacet
  facet normal 1 0 0
    outer loop
      vertex 23 0.672929 34.6314
      vertex 23 0 37.5471
      vertex 23 0.451485 34.6805
    endloop
  endfacet
  facet normal 1 0 0
    outer loop
      vertex 23 0.451485 34.6805
      vertex 23 0 37.5471
      vertex 23 0.226604 34.7101
    endloop
  endfacet
  facet normal 1 0 0
    outer loop
      vertex 23 0 37.5471
      vertex 23 0 34.72
      vertex 23 0.226604 34.7101
    endloop
  endfacet
  facet normal 1 0 0
    outer loop
      vertex 23 0 37.5471
      vertex 23 -0.226604 34.7101
      vertex 23 0 34.72
    endloop
  endfacet
  facet normal 1 0 0
    outer loop
      vertex 23 0 37.5471
      vertex 23 -0.451485 34.6805
      vertex 23 -0.226604 34.7101
    endloop
  endfacet
  facet normal 1 0 0
    outer loop
      vertex 23 0 37.5471
      vertex 23 -0.672929 34.6314
      vertex 23 -0.451485 34.6805
    endloop
  endfacet
  facet normal 1 0 0
    outer loop
      vertex 23 0 37.5471
      vertex 23 -0.889252 34.5632
      vertex 23 -0.672929 34.6314
    endloop
  endfacet
  facet normal 1 0 0
    outer loop
      vertex 23 0 37.5471
      vertex 23 -1.09881 34.4764
      vertex 23 -0.889252 34.5632
    endloop
  endfacet
  facet normal 1 0 0
    outer loop
      vertex 23 0 37.5471
      vertex 23 -1.3 34.3717
      vertex 23 -1.09881 34.4764
    endloop
  endfacet
  facet normal 1 -0 0
    outer loop
      vertex 23 -4.7 34.8335
      vertex 23 -1.3 34.3717
      vertex 23 0 37.5471
    endloop
  endfacet
  facet normal 1 0 0
    outer loop
      vertex 23 -1.3 34.3717
      vertex 23 -4.7 34.8335
      vertex 23 -1.4913 34.2498
    endloop
  endfacet
  facet normal 1 0 0
    outer loop
      vertex 23 -1.4913 34.2498
      vertex 23 -4.7 34.8335
      vertex 23 -1.67125 34.1117
    endloop
  endfacet
  facet normal 1 0 0
    outer loop
      vertex 23 -1.67125 34.1117
      vertex 23 -4.7 34.8335
      vertex 23 -1.83848 33.9585
    endloop
  endfacet
  facet normal 1 0 0
    outer loop
      vertex 23 -1.83848 33.9585
      vertex 23 -4.7 34.8335
      vertex 23 -1.99172 33.7912
    endloop
  endfacet
  facet normal 1 0 0
    outer loop
      vertex 23 -1.99172 33.7912
      vertex 23 -4.7 34.8335
      vertex 23 -2.1298 33.6113
    endloop
  endfacet
  facet normal 1 0 0
    outer loop
      vertex 23 -2.59011 32.3466
      vertex 23 -4.7 34.8335
      vertex 23 -2.6 32.12
    endloop
  endfacet
  facet normal 1 0 0
    outer loop
      vertex 23 -2.5605 32.5715
      vertex 23 -4.7 34.8335
      vertex 23 -2.59011 32.3466
    endloop
  endfacet
  facet normal 1 0 0
    outer loop
      vertex 23 -2.51141 32.7929
      vertex 23 -4.7 34.8335
      vertex 23 -2.5605 32.5715
    endloop
  endfacet
  facet normal 1 0 0
    outer loop
      vertex 23 -2.4432 33.0093
      vertex 23 -4.7 34.8335
      vertex 23 -2.51141 32.7929
    endloop
  endfacet
  facet normal 1 0 0
    outer loop
      vertex 23 -2.3564 33.2188
      vertex 23 -4.7 34.8335
      vertex 23 -2.4432 33.0093
    endloop
  endfacet
  facet normal 1 0 0
    outer loop
      vertex 23 -2.25167 33.42
      vertex 23 -4.7 34.8335
      vertex 23 -2.3564 33.2188
    endloop
  endfacet
  facet normal 1 0 0
    outer loop
      vertex 23 -2.1298 33.6113
      vertex 23 -4.7 34.8335
      vertex 23 -2.25167 33.42
    endloop
  endfacet
  facet normal 1 -0 0
    outer loop
      vertex 23 2.59011 31.8934
      vertex 23 4.7 29.4065
      vertex 23 2.6 32.12
    endloop
  endfacet
  facet normal 1 -0 0
    outer loop
      vertex 23 2.5605 31.6685
      vertex 23 4.7 29.4065
      vertex 23 2.59011 31.8934
    endloop
  endfacet
  facet normal 1 -0 0
    outer loop
      vertex 23 2.51141 31.4471
      vertex 23 4.7 29.4065
      vertex 23 2.5605 31.6685
    endloop
  endfacet
  facet normal 1 -0 0
    outer loop
      vertex 23 2.4432 31.2307
      vertex 23 4.7 29.4065
      vertex 23 2.51141 31.4471
    endloop
  endfacet
  facet normal 1 -0 0
    outer loop
      vertex 23 2.3564 31.0212
      vertex 23 4.7 29.4065
      vertex 23 2.4432 31.2307
    endloop
  endfacet
  facet normal 1 -0 0
    outer loop
      vertex 23 2.25167 30.82
      vertex 23 4.7 29.4065
      vertex 23 2.3564 31.0212
    endloop
  endfacet
  facet normal 1 -0 0
    outer loop
      vertex 23 2.1298 30.6287
      vertex 23 4.7 29.4065
      vertex 23 2.25167 30.82
    endloop
  endfacet
  facet normal 1 -0 0
    outer loop
      vertex 23 1.99172 30.4488
      vertex 23 4.7 29.4065
      vertex 23 2.1298 30.6287
    endloop
  endfacet
  facet normal 1 -0 0
    outer loop
      vertex 23 1.83848 30.2815
      vertex 23 4.7 29.4065
      vertex 23 1.99172 30.4488
    endloop
  endfacet
  facet normal 1 -0 0
    outer loop
      vertex 23 1.67125 30.1283
      vertex 23 4.7 29.4065
      vertex 23 1.83848 30.2815
    endloop
  endfacet
  facet normal 1 -0 0
    outer loop
      vertex 23 1.4913 29.9902
      vertex 23 4.7 29.4065
      vertex 23 1.67125 30.1283
    endloop
  endfacet
  facet normal 1 -0 0
    outer loop
      vertex 23 1.3 29.8683
      vertex 23 4.7 29.4065
      vertex 23 1.4913 29.9902
    endloop
  endfacet
  facet normal 1 0 0
    outer loop
      vertex 23 0 26.6929
      vertex 23 1.3 29.8683
      vertex 23 1.09881 29.7636
    endloop
  endfacet
  facet normal 1 0 0
    outer loop
      vertex 23 0 26.6929
      vertex 23 1.09881 29.7636
      vertex 23 0.889252 29.6768
    endloop
  endfacet
  facet normal 1 0 0
    outer loop
      vertex 23 0 26.6929
      vertex 23 0.889252 29.6768
      vertex 23 0.672929 29.6086
    endloop
  endfacet
  facet normal 1 0 0
    outer loop
      vertex 23 0 26.6929
      vertex 23 0.672929 29.6086
      vertex 23 0.451485 29.5595
    endloop
  endfacet
  facet normal 1 0 0
    outer loop
      vertex 23 0 26.6929
      vertex 23 0.451485 29.5595
      vertex 23 0.226604 29.5299
    endloop
  endfacet
  facet normal 1 0 0
    outer loop
      vertex 23 0 26.6929
      vertex 23 0.226604 29.5299
      vertex 23 0 29.52
    endloop
  endfacet
  facet normal 1 0 0
    outer loop
      vertex 23 1.3 29.8683
      vertex 23 0 26.6929
      vertex 23 4.7 29.4065
    endloop
  endfacet
  facet normal 1 0 0
    outer loop
      vertex 23 -0.226604 29.5299
      vertex 23 0 26.6929
      vertex 23 0 29.52
    endloop
  endfacet
  facet normal 1 0 0
    outer loop
      vertex 23 -0.451485 29.5595
      vertex 23 0 26.6929
      vertex 23 -0.226604 29.5299
    endloop
  endfacet
  facet normal 1 0 0
    outer loop
      vertex 23 -0.672929 29.6086
      vertex 23 0 26.6929
      vertex 23 -0.451485 29.5595
    endloop
  endfacet
  facet normal 1 0 0
    outer loop
      vertex 23 -0.889252 29.6768
      vertex 23 0 26.6929
      vertex 23 -0.672929 29.6086
    endloop
  endfacet
  facet normal 1 0 0
    outer loop
      vertex 23 -1.09881 29.7636
      vertex 23 0 26.6929
      vertex 23 -0.889252 29.6768
    endloop
  endfacet
  facet normal 1 0 0
    outer loop
      vertex 23 -1.3 29.8683
      vertex 23 0 26.6929
      vertex 23 -1.09881 29.7636
    endloop
  endfacet
  facet normal 1 0 0
    outer loop
      vertex 23 -4.7 29.4065
      vertex 23 -1.3 29.8683
      vertex 23 -1.4913 29.9902
    endloop
  endfacet
  facet normal 1 0 0
    outer loop
      vertex 23 -4.7 29.4065
      vertex 23 -1.4913 29.9902
      vertex 23 -1.67125 30.1283
    endloop
  endfacet
  facet normal 1 0 0
    outer loop
      vertex 23 -4.7 29.4065
      vertex 23 -1.67125 30.1283
      vertex 23 -1.83848 30.2815
    endloop
  endfacet
  facet normal 1 0 0
    outer loop
      vertex 23 -4.7 29.4065
      vertex 23 -1.83848 30.2815
      vertex 23 -1.99172 30.4488
    endloop
  endfacet
  facet normal 1 0 0
    outer loop
      vertex 23 -4.7 29.4065
      vertex 23 -1.99172 30.4488
      vertex 23 -2.1298 30.6287
    endloop
  endfacet
  facet normal 1 0 0
    outer loop
      vertex 23 -4.7 29.4065
      vertex 23 -2.1298 30.6287
      vertex 23 -2.25167 30.82
    endloop
  endfacet
  facet normal 1 0 0
    outer loop
      vertex 23 -4.7 29.4065
      vertex 23 -2.6 32.12
      vertex 23 -4.7 34.8335
    endloop
  endfacet
  facet normal 1 0 0
    outer loop
      vertex 23 -2.6 32.12
      vertex 23 -4.7 29.4065
      vertex 23 -2.59011 31.8934
    endloop
  endfacet
  facet normal 1 0 0
    outer loop
      vertex 23 -2.59011 31.8934
      vertex 23 -4.7 29.4065
      vertex 23 -2.5605 31.6685
    endloop
  endfacet
  facet normal 1 0 0
    outer loop
      vertex 23 -2.5605 31.6685
      vertex 23 -4.7 29.4065
      vertex 23 -2.51141 31.4471
    endloop
  endfacet
  facet normal 1 0 0
    outer loop
      vertex 23 -2.51141 31.4471
      vertex 23 -4.7 29.4065
      vertex 23 -2.4432 31.2307
    endloop
  endfacet
  facet normal 1 0 0
    outer loop
      vertex 23 -2.4432 31.2307
      vertex 23 -4.7 29.4065
      vertex 23 -2.3564 31.0212
    endloop
  endfacet
  facet normal 1 0 0
    outer loop
      vertex 23 -2.3564 31.0212
      vertex 23 -4.7 29.4065
      vertex 23 -2.25167 30.82
    endloop
  endfacet
  facet normal 1 0 0
    outer loop
      vertex 23 -1.3 29.8683
      vertex 23 -4.7 29.4065
      vertex 23 0 26.6929
    endloop
  endfacet
  facet normal 0.130459 0 0.991454
    outer loop
      vertex -0.729321 -20.2 17.8638
      vertex -0.366054 -23 17.816
      vertex -0.366054 -20.2 17.816
    endloop
  endfacet
  facet normal 0.130459 0 0.991454
    outer loop
      vertex -0.366054 -23 17.816
      vertex -0.729321 -20.2 17.8638
      vertex -0.729321 -23 17.8638
    endloop
  endfacet
  facet normal 0.130459 0 0.991454
    outer loop
      vertex -0.729321 26 17.8638
      vertex -0.366054 20.2 17.816
      vertex -0.366054 26 17.816
    endloop
  endfacet
  facet normal 0.130459 0 0.991454
    outer loop
      vertex -0.366054 20.2 17.816
      vertex -0.729321 26 17.8638
      vertex -0.729321 20.2 17.8638
    endloop
  endfacet
  facet normal -0.99144 0 -0.130563
    outer loop
      vertex 4.18402 -23 22.3661
      vertex 4.13619 -20.2 22.7293
      vertex 4.18402 -20.2 22.3661
    endloop
  endfacet
  facet normal -0.99144 -0 -0.130563
    outer loop
      vertex 4.13619 -20.2 22.7293
      vertex 4.18402 -23 22.3661
      vertex 4.13619 -23 22.7293
    endloop
  endfacet
  facet normal -0.99144 0 -0.130563
    outer loop
      vertex 4.18402 20.2 22.3661
      vertex 4.13619 26 22.7293
      vertex 4.18402 26 22.3661
    endloop
  endfacet
  facet normal -0.99144 -0 -0.130563
    outer loop
      vertex 4.13619 26 22.7293
      vertex 4.18402 20.2 22.3661
      vertex 4.13619 20.2 22.7293
    endloop
  endfacet
  facet normal -0.999049 0 -0.0436078
    outer loop
      vertex 4.2 -23 22
      vertex 4.18402 -20.2 22.3661
      vertex 4.2 -20.2 22
    endloop
  endfacet
  facet normal -0.999049 -0 -0.0436078
    outer loop
      vertex 4.18402 -20.2 22.3661
      vertex 4.2 -23 22
      vertex 4.18402 -23 22.3661
    endloop
  endfacet
  facet normal -0.999049 0 -0.0436078
    outer loop
      vertex 4.2 20.2 22
      vertex 4.18402 26 22.3661
      vertex 4.2 26 22
    endloop
  endfacet
  facet normal -0.999049 -0 -0.0436078
    outer loop
      vertex 4.18402 26 22.3661
      vertex 4.2 20.2 22
      vertex 4.18402 20.2 22.3661
    endloop
  endfacet
  facet normal 0.793369 0 -0.608741
    outer loop
      vertex -3.21739 -23 24.6997
      vertex -3.44044 -20.2 24.409
      vertex -3.21739 -20.2 24.6997
    endloop
  endfacet
  facet normal 0.793369 0 -0.608741
    outer loop
      vertex -3.44044 -20.2 24.409
      vertex -3.21739 -23 24.6997
      vertex -3.44044 -23 24.409
    endloop
  endfacet
  facet normal 0.793369 0 -0.608741
    outer loop
      vertex -3.21739 20.2 24.6997
      vertex -3.44044 26 24.409
      vertex -3.21739 26 24.6997
    endloop
  endfacet
  facet normal 0.793369 0 -0.608741
    outer loop
      vertex -3.44044 26 24.409
      vertex -3.21739 20.2 24.6997
      vertex -3.44044 20.2 24.409
    endloop
  endfacet
  facet normal -0.382638 0 0.923898
    outer loop
      vertex 1.43648 -20.2 18.0533
      vertex 1.775 -23 18.1935
      vertex 1.775 -20.2 18.1935
    endloop
  endfacet
  facet normal -0.382638 0 0.923898
    outer loop
      vertex 1.775 -23 18.1935
      vertex 1.43648 -20.2 18.0533
      vertex 1.43648 -23 18.0533
    endloop
  endfacet
  facet normal -0.382638 0 0.923898
    outer loop
      vertex 1.43648 26 18.0533
      vertex 1.775 20.2 18.1935
      vertex 1.775 26 18.1935
    endloop
  endfacet
  facet normal -0.382638 0 0.923898
    outer loop
      vertex 1.775 20.2 18.1935
      vertex 1.43648 26 18.0533
      vertex 1.43648 20.2 18.0533
    endloop
  endfacet
  facet normal -0.130459 0 -0.991454
    outer loop
      vertex 0.366054 -23 26.184
      vertex 0.729321 -20.2 26.1362
      vertex 0.729321 -23 26.1362
    endloop
  endfacet
  facet normal -0.130459 0 -0.991454
    outer loop
      vertex 0.729321 -20.2 26.1362
      vertex 0.366054 -23 26.184
      vertex 0.366054 -20.2 26.184
    endloop
  endfacet
  facet normal -0.130459 0 -0.991454
    outer loop
      vertex 0.366054 20.2 26.184
      vertex 0.729321 26 26.1362
      vertex 0.729321 20.2 26.1362
    endloop
  endfacet
  facet normal -0.130459 0 -0.991454
    outer loop
      vertex 0.729321 26 26.1362
      vertex 0.366054 20.2 26.184
      vertex 0.366054 26 26.184
    endloop
  endfacet
  facet normal 0.608668 0 0.793425
    outer loop
      vertex -2.69971 -20.2 18.7826
      vertex -2.40902 -23 18.5596
      vertex -2.40902 -20.2 18.5596
    endloop
  endfacet
  facet normal 0.608668 0 0.793425
    outer loop
      vertex -2.40902 -23 18.5596
      vertex -2.69971 -20.2 18.7826
      vertex -2.69971 -23 18.7826
    endloop
  endfacet
  facet normal 0.608668 0 0.793425
    outer loop
      vertex -2.69971 26 18.7826
      vertex -2.40902 20.2 18.5596
      vertex -2.40902 26 18.5596
    endloop
  endfacet
  facet normal 0.608668 0 0.793425
    outer loop
      vertex -2.40902 20.2 18.5596
      vertex -2.69971 26 18.7826
      vertex -2.69971 20.2 18.7826
    endloop
  endfacet
  facet normal -0.737224 0 0.675648
    outer loop
      vertex 2.96985 -23 19.0302
      vertex 3.21739 -20.2 19.3003
      vertex 2.96985 -20.2 19.0302
    endloop
  endfacet
  facet normal -0.737224 0 0.675648
    outer loop
      vertex 3.21739 -20.2 19.3003
      vertex 2.96985 -23 19.0302
      vertex 3.21739 -23 19.3003
    endloop
  endfacet
  facet normal -0.737224 0 0.675648
    outer loop
      vertex 2.96985 20.2 19.0302
      vertex 3.21739 26 19.3003
      vertex 2.96985 26 19.0302
    endloop
  endfacet
  facet normal -0.737224 0 0.675648
    outer loop
      vertex 3.21739 26 19.3003
      vertex 2.96985 20.2 19.0302
      vertex 3.21739 20.2 19.3003
    endloop
  endfacet
  facet normal 0.923871 0 -0.382704
    outer loop
      vertex -3.80649 -23 23.775
      vertex -3.94671 -20.2 23.4365
      vertex -3.80649 -20.2 23.775
    endloop
  endfacet
  facet normal 0.923871 0 -0.382704
    outer loop
      vertex -3.94671 -20.2 23.4365
      vertex -3.80649 -23 23.775
      vertex -3.94671 -23 23.4365
    endloop
  endfacet
  facet normal 0.923871 0 -0.382704
    outer loop
      vertex -3.80649 20.2 23.775
      vertex -3.94671 26 23.4365
      vertex -3.80649 26 23.775
    endloop
  endfacet
  facet normal 0.923871 0 -0.382704
    outer loop
      vertex -3.94671 26 23.4365
      vertex -3.80649 20.2 23.775
      vertex -3.94671 20.2 23.4365
    endloop
  endfacet
  facet normal 0.216428 0 -0.976299
    outer loop
      vertex -1.08704 -23 26.0569
      vertex -0.729321 -20.2 26.1362
      vertex -0.729321 -23 26.1362
    endloop
  endfacet
  facet normal 0.216428 0 -0.976299
    outer loop
      vertex -0.729321 -20.2 26.1362
      vertex -1.08704 -23 26.0569
      vertex -1.08704 -20.2 26.0569
    endloop
  endfacet
  facet normal 0.216428 0 -0.976299
    outer loop
      vertex -1.08704 20.2 26.0569
      vertex -0.729321 26 26.1362
      vertex -0.729321 20.2 26.1362
    endloop
  endfacet
  facet normal 0.216428 0 -0.976299
    outer loop
      vertex -0.729321 26 26.1362
      vertex -1.08704 20.2 26.0569
      vertex -1.08704 26 26.0569
    endloop
  endfacet
  facet normal -0.130459 0 0.991454
    outer loop
      vertex 0.366054 -20.2 17.816
      vertex 0.729321 -23 17.8638
      vertex 0.729321 -20.2 17.8638
    endloop
  endfacet
  facet normal -0.130459 0 0.991454
    outer loop
      vertex 0.729321 -23 17.8638
      vertex 0.366054 -20.2 17.816
      vertex 0.366054 -23 17.816
    endloop
  endfacet
  facet normal -0.130459 0 0.991454
    outer loop
      vertex 0.366054 26 17.816
      vertex 0.729321 20.2 17.8638
      vertex 0.729321 26 17.8638
    endloop
  endfacet
  facet normal -0.130459 0 0.991454
    outer loop
      vertex 0.729321 20.2 17.8638
      vertex 0.366054 26 17.816
      vertex 0.366054 20.2 17.816
    endloop
  endfacet
  facet normal 0.887016 0 -0.461739
    outer loop
      vertex -3.63731 -23 24.1
      vertex -3.80649 -20.2 23.775
      vertex -3.63731 -20.2 24.1
    endloop
  endfacet
  facet normal 0.887016 0 -0.461739
    outer loop
      vertex -3.80649 -20.2 23.775
      vertex -3.63731 -23 24.1
      vertex -3.80649 -23 23.775
    endloop
  endfacet
  facet normal 0.887016 0 -0.461739
    outer loop
      vertex -3.63731 20.2 24.1
      vertex -3.80649 26 23.775
      vertex -3.63731 26 24.1
    endloop
  endfacet
  facet normal 0.887016 0 -0.461739
    outer loop
      vertex -3.80649 26 23.775
      vertex -3.63731 20.2 24.1
      vertex -3.80649 20.2 23.775
    endloop
  endfacet
  facet normal -0.95373 0 -0.300664
    outer loop
      vertex 4.05689 -23 23.087
      vertex 3.94671 -20.2 23.4365
      vertex 4.05689 -20.2 23.087
    endloop
  endfacet
  facet normal -0.95373 -0 -0.300664
    outer loop
      vertex 3.94671 -20.2 23.4365
      vertex 4.05689 -23 23.087
      vertex 3.94671 -23 23.4365
    endloop
  endfacet
  facet normal -0.95373 0 -0.300664
    outer loop
      vertex 4.05689 20.2 23.087
      vertex 3.94671 26 23.4365
      vertex 4.05689 26 23.087
    endloop
  endfacet
  facet normal -0.95373 -0 -0.300664
    outer loop
      vertex 3.94671 26 23.4365
      vertex 4.05689 20.2 23.087
      vertex 3.94671 20.2 23.4365
    endloop
  endfacet
  facet normal 0.537363 0 -0.843351
    outer loop
      vertex -2.40902 -23 25.4404
      vertex -2.1 -20.2 25.6373
      vertex -2.1 -23 25.6373
    endloop
  endfacet
  facet normal 0.537363 0 -0.843351
    outer loop
      vertex -2.1 -20.2 25.6373
      vertex -2.40902 -23 25.4404
      vertex -2.40902 -20.2 25.4404
    endloop
  endfacet
  facet normal 0.537363 0 -0.843351
    outer loop
      vertex -2.40902 20.2 25.4404
      vertex -2.1 26 25.6373
      vertex -2.1 20.2 25.6373
    endloop
  endfacet
  facet normal 0.537363 0 -0.843351
    outer loop
      vertex -2.1 26 25.6373
      vertex -2.40902 20.2 25.4404
      vertex -2.40902 26 25.4404
    endloop
  endfacet
  facet normal -0.608668 0 -0.793425
    outer loop
      vertex 2.40902 -23 25.4404
      vertex 2.69971 -20.2 25.2174
      vertex 2.69971 -23 25.2174
    endloop
  endfacet
  facet normal -0.608668 0 -0.793425
    outer loop
      vertex 2.69971 -20.2 25.2174
      vertex 2.40902 -23 25.4404
      vertex 2.40902 -20.2 25.4404
    endloop
  endfacet
  facet normal -0.608668 0 -0.793425
    outer loop
      vertex 2.40902 20.2 25.4404
      vertex 2.69971 26 25.2174
      vertex 2.69971 20.2 25.2174
    endloop
  endfacet
  facet normal -0.608668 0 -0.793425
    outer loop
      vertex 2.69971 26 25.2174
      vertex 2.40902 20.2 25.4404
      vertex 2.40902 26 25.4404
    endloop
  endfacet
  facet normal 0.95373 -0 0.300664
    outer loop
      vertex -4.05689 -23 20.913
      vertex -3.94671 -20.2 20.5635
      vertex -4.05689 -20.2 20.913
    endloop
  endfacet
  facet normal 0.95373 0 0.300664
    outer loop
      vertex -3.94671 -20.2 20.5635
      vertex -4.05689 -23 20.913
      vertex -3.94671 -23 20.5635
    endloop
  endfacet
  facet normal 0.95373 -0 0.300664
    outer loop
      vertex -4.05689 20.2 20.913
      vertex -3.94671 26 20.5635
      vertex -4.05689 26 20.913
    endloop
  endfacet
  facet normal 0.95373 0 0.300664
    outer loop
      vertex -3.94671 26 20.5635
      vertex -4.05689 20.2 20.913
      vertex -3.94671 20.2 20.5635
    endloop
  endfacet
  facet normal -0.793369 0 0.608741
    outer loop
      vertex 3.21739 -23 19.3003
      vertex 3.44044 -20.2 19.591
      vertex 3.21739 -20.2 19.3003
    endloop
  endfacet
  facet normal -0.793369 0 0.608741
    outer loop
      vertex 3.44044 -20.2 19.591
      vertex 3.21739 -23 19.3003
      vertex 3.44044 -23 19.591
    endloop
  endfacet
  facet normal -0.793369 0 0.608741
    outer loop
      vertex 3.21739 20.2 19.3003
      vertex 3.44044 26 19.591
      vertex 3.21739 26 19.3003
    endloop
  endfacet
  facet normal -0.793369 0 0.608741
    outer loop
      vertex 3.44044 26 19.591
      vertex 3.21739 20.2 19.3003
      vertex 3.44044 20.2 19.591
    endloop
  endfacet
  facet normal -0.793369 0 -0.608741
    outer loop
      vertex 3.44044 -23 24.409
      vertex 3.21739 -20.2 24.6997
      vertex 3.44044 -20.2 24.409
    endloop
  endfacet
  facet normal -0.793369 -0 -0.608741
    outer loop
      vertex 3.21739 -20.2 24.6997
      vertex 3.44044 -23 24.409
      vertex 3.21739 -23 24.6997
    endloop
  endfacet
  facet normal -0.793369 0 -0.608741
    outer loop
      vertex 3.44044 20.2 24.409
      vertex 3.21739 26 24.6997
      vertex 3.44044 26 24.409
    endloop
  endfacet
  facet normal -0.793369 -0 -0.608741
    outer loop
      vertex 3.21739 26 24.6997
      vertex 3.44044 20.2 24.409
      vertex 3.21739 20.2 24.6997
    endloop
  endfacet
  facet normal 0.461782 0 -0.886993
    outer loop
      vertex -2.1 -23 25.6373
      vertex -1.775 -20.2 25.8065
      vertex -1.775 -23 25.8065
    endloop
  endfacet
  facet normal 0.461782 0 -0.886993
    outer loop
      vertex -1.775 -20.2 25.8065
      vertex -2.1 -23 25.6373
      vertex -2.1 -20.2 25.6373
    endloop
  endfacet
  facet normal 0.461782 0 -0.886993
    outer loop
      vertex -2.1 20.2 25.6373
      vertex -1.775 26 25.8065
      vertex -1.775 20.2 25.8065
    endloop
  endfacet
  facet normal 0.461782 0 -0.886993
    outer loop
      vertex -1.775 26 25.8065
      vertex -2.1 20.2 25.6373
      vertex -2.1 26 25.6373
    endloop
  endfacet
  facet normal -0.976296 0 0.216439
    outer loop
      vertex 4.05689 -23 20.913
      vertex 4.13619 -20.2 21.2707
      vertex 4.05689 -20.2 20.913
    endloop
  endfacet
  facet normal -0.976296 0 0.216439
    outer loop
      vertex 4.13619 -20.2 21.2707
      vertex 4.05689 -23 20.913
      vertex 4.13619 -23 21.2707
    endloop
  endfacet
  facet normal -0.976296 0 0.216439
    outer loop
      vertex 4.05689 20.2 20.913
      vertex 4.13619 26 21.2707
      vertex 4.05689 26 20.913
    endloop
  endfacet
  facet normal -0.976296 0 0.216439
    outer loop
      vertex 4.13619 26 21.2707
      vertex 4.05689 20.2 20.913
      vertex 4.13619 20.2 21.2707
    endloop
  endfacet
  facet normal 0.30076 0 0.9537
    outer loop
      vertex -1.43648 -20.2 18.0533
      vertex -1.08704 -23 17.9431
      vertex -1.08704 -20.2 17.9431
    endloop
  endfacet
  facet normal 0.30076 0 0.9537
    outer loop
      vertex -1.08704 -23 17.9431
      vertex -1.43648 -20.2 18.0533
      vertex -1.43648 -23 18.0533
    endloop
  endfacet
  facet normal 0.30076 0 0.9537
    outer loop
      vertex -1.43648 26 18.0533
      vertex -1.08704 20.2 17.9431
      vertex -1.08704 26 17.9431
    endloop
  endfacet
  facet normal 0.30076 0 0.9537
    outer loop
      vertex -1.08704 20.2 17.9431
      vertex -1.43648 26 18.0533
      vertex -1.43648 20.2 18.0533
    endloop
  endfacet
  facet normal -0.675683 0 0.737193
    outer loop
      vertex 2.69971 -20.2 18.7826
      vertex 2.96985 -23 19.0302
      vertex 2.96985 -20.2 19.0302
    endloop
  endfacet
  facet normal -0.675683 0 0.737193
    outer loop
      vertex 2.96985 -23 19.0302
      vertex 2.69971 -20.2 18.7826
      vertex 2.69971 -23 18.7826
    endloop
  endfacet
  facet normal -0.675683 0 0.737193
    outer loop
      vertex 2.69971 26 18.7826
      vertex 2.96985 20.2 19.0302
      vertex 2.96985 26 19.0302
    endloop
  endfacet
  facet normal -0.675683 0 0.737193
    outer loop
      vertex 2.96985 20.2 19.0302
      vertex 2.69971 26 18.7826
      vertex 2.69971 20.2 18.7826
    endloop
  endfacet
  facet normal 0.793369 -0 0.608741
    outer loop
      vertex -3.44044 -23 19.591
      vertex -3.21739 -20.2 19.3003
      vertex -3.44044 -20.2 19.591
    endloop
  endfacet
  facet normal 0.793369 0 0.608741
    outer loop
      vertex -3.21739 -20.2 19.3003
      vertex -3.44044 -23 19.591
      vertex -3.21739 -23 19.3003
    endloop
  endfacet
  facet normal 0.793369 -0 0.608741
    outer loop
      vertex -3.44044 20.2 19.591
      vertex -3.21739 26 19.3003
      vertex -3.44044 26 19.591
    endloop
  endfacet
  facet normal 0.793369 0 0.608741
    outer loop
      vertex -3.21739 26 19.3003
      vertex -3.44044 20.2 19.591
      vertex -3.21739 20.2 19.3003
    endloop
  endfacet
  facet normal -0.461782 0 -0.886993
    outer loop
      vertex 1.775 -23 25.8065
      vertex 2.1 -20.2 25.6373
      vertex 2.1 -23 25.6373
    endloop
  endfacet
  facet normal -0.461782 0 -0.886993
    outer loop
      vertex 2.1 -20.2 25.6373
      vertex 1.775 -23 25.8065
      vertex 1.775 -20.2 25.8065
    endloop
  endfacet
  facet normal -0.461782 0 -0.886993
    outer loop
      vertex 1.775 20.2 25.8065
      vertex 2.1 26 25.6373
      vertex 2.1 20.2 25.6373
    endloop
  endfacet
  facet normal -0.461782 0 -0.886993
    outer loop
      vertex 2.1 26 25.6373
      vertex 1.775 20.2 25.8065
      vertex 1.775 26 25.8065
    endloop
  endfacet
  facet normal -0.537363 0 -0.843351
    outer loop
      vertex 2.1 -23 25.6373
      vertex 2.40902 -20.2 25.4404
      vertex 2.40902 -23 25.4404
    endloop
  endfacet
  facet normal -0.537363 0 -0.843351
    outer loop
      vertex 2.40902 -20.2 25.4404
      vertex 2.1 -23 25.6373
      vertex 2.1 -20.2 25.6373
    endloop
  endfacet
  facet normal -0.537363 0 -0.843351
    outer loop
      vertex 2.1 20.2 25.6373
      vertex 2.40902 26 25.4404
      vertex 2.40902 20.2 25.4404
    endloop
  endfacet
  facet normal -0.537363 0 -0.843351
    outer loop
      vertex 2.40902 26 25.4404
      vertex 2.1 20.2 25.6373
      vertex 2.1 26 25.6373
    endloop
  endfacet
  facet normal 0.608668 0 -0.793425
    outer loop
      vertex -2.69971 -23 25.2174
      vertex -2.40902 -20.2 25.4404
      vertex -2.40902 -23 25.4404
    endloop
  endfacet
  facet normal 0.608668 0 -0.793425
    outer loop
      vertex -2.40902 -20.2 25.4404
      vertex -2.69971 -23 25.2174
      vertex -2.69971 -20.2 25.2174
    endloop
  endfacet
  facet normal 0.608668 0 -0.793425
    outer loop
      vertex -2.69971 20.2 25.2174
      vertex -2.40902 26 25.4404
      vertex -2.40902 20.2 25.4404
    endloop
  endfacet
  facet normal 0.608668 0 -0.793425
    outer loop
      vertex -2.40902 26 25.4404
      vertex -2.69971 20.2 25.2174
      vertex -2.69971 26 25.2174
    endloop
  endfacet
  facet normal -0.923871 0 -0.382704
    outer loop
      vertex 3.94671 -23 23.4365
      vertex 3.80649 -20.2 23.775
      vertex 3.94671 -20.2 23.4365
    endloop
  endfacet
  facet normal -0.923871 -0 -0.382704
    outer loop
      vertex 3.80649 -20.2 23.775
      vertex 3.94671 -23 23.4365
      vertex 3.80649 -23 23.775
    endloop
  endfacet
  facet normal -0.923871 0 -0.382704
    outer loop
      vertex 3.94671 20.2 23.4365
      vertex 3.80649 26 23.775
      vertex 3.94671 26 23.4365
    endloop
  endfacet
  facet normal -0.923871 -0 -0.382704
    outer loop
      vertex 3.80649 26 23.775
      vertex 3.94671 20.2 23.4365
      vertex 3.80649 20.2 23.775
    endloop
  endfacet
  facet normal 0.537363 0 0.843351
    outer loop
      vertex -2.40902 -20.2 18.5596
      vertex -2.1 -23 18.3627
      vertex -2.1 -20.2 18.3627
    endloop
  endfacet
  facet normal 0.537363 0 0.843351
    outer loop
      vertex -2.1 -23 18.3627
      vertex -2.40902 -20.2 18.5596
      vertex -2.40902 -23 18.5596
    endloop
  endfacet
  facet normal 0.537363 0 0.843351
    outer loop
      vertex -2.40902 26 18.5596
      vertex -2.1 20.2 18.3627
      vertex -2.1 26 18.3627
    endloop
  endfacet
  facet normal 0.537363 0 0.843351
    outer loop
      vertex -2.1 20.2 18.3627
      vertex -2.40902 26 18.5596
      vertex -2.40902 20.2 18.5596
    endloop
  endfacet
  facet normal -0.923871 0 0.382704
    outer loop
      vertex 3.80649 -23 20.225
      vertex 3.94671 -20.2 20.5635
      vertex 3.80649 -20.2 20.225
    endloop
  endfacet
  facet normal -0.923871 0 0.382704
    outer loop
      vertex 3.94671 -20.2 20.5635
      vertex 3.80649 -23 20.225
      vertex 3.94671 -23 20.5635
    endloop
  endfacet
  facet normal -0.923871 0 0.382704
    outer loop
      vertex 3.80649 20.2 20.225
      vertex 3.94671 26 20.5635
      vertex 3.80649 26 20.225
    endloop
  endfacet
  facet normal -0.923871 0 0.382704
    outer loop
      vertex 3.94671 26 20.5635
      vertex 3.80649 20.2 20.225
      vertex 3.94671 20.2 20.5635
    endloop
  endfacet
  facet normal -0.382638 0 -0.923898
    outer loop
      vertex 1.43648 -23 25.9467
      vertex 1.775 -20.2 25.8065
      vertex 1.775 -23 25.8065
    endloop
  endfacet
  facet normal -0.382638 0 -0.923898
    outer loop
      vertex 1.775 -20.2 25.8065
      vertex 1.43648 -23 25.9467
      vertex 1.43648 -20.2 25.9467
    endloop
  endfacet
  facet normal -0.382638 0 -0.923898
    outer loop
      vertex 1.43648 20.2 25.9467
      vertex 1.775 26 25.8065
      vertex 1.775 20.2 25.8065
    endloop
  endfacet
  facet normal -0.382638 0 -0.923898
    outer loop
      vertex 1.775 26 25.8065
      vertex 1.43648 20.2 25.9467
      vertex 1.43648 26 25.9467
    endloop
  endfacet
  facet normal -0.99144 0 0.130563
    outer loop
      vertex 4.13619 -23 21.2707
      vertex 4.18402 -20.2 21.6339
      vertex 4.13619 -20.2 21.2707
    endloop
  endfacet
  facet normal -0.99144 0 0.130563
    outer loop
      vertex 4.18402 -20.2 21.6339
      vertex 4.13619 -23 21.2707
      vertex 4.18402 -23 21.6339
    endloop
  endfacet
  facet normal -0.99144 0 0.130563
    outer loop
      vertex 4.13619 20.2 21.2707
      vertex 4.18402 26 21.6339
      vertex 4.13619 26 21.2707
    endloop
  endfacet
  facet normal -0.99144 0 0.130563
    outer loop
      vertex 4.18402 26 21.6339
      vertex 4.13619 20.2 21.2707
      vertex 4.18402 20.2 21.6339
    endloop
  endfacet
  facet normal -0.999049 0 0.0436078
    outer loop
      vertex 4.18402 -23 21.6339
      vertex 4.2 -20.2 22
      vertex 4.18402 -20.2 21.6339
    endloop
  endfacet
  facet normal -0.999049 0 0.0436078
    outer loop
      vertex 4.2 -20.2 22
      vertex 4.18402 -23 21.6339
      vertex 4.2 -23 22
    endloop
  endfacet
  facet normal -0.999049 0 0.0436078
    outer loop
      vertex 4.18402 20.2 21.6339
      vertex 4.2 26 22
      vertex 4.18402 26 21.6339
    endloop
  endfacet
  facet normal -0.999049 0 0.0436078
    outer loop
      vertex 4.2 26 22
      vertex 4.18402 20.2 21.6339
      vertex 4.2 20.2 22
    endloop
  endfacet
  facet normal -0.737224 0 -0.675648
    outer loop
      vertex 3.21739 -23 24.6997
      vertex 2.96985 -20.2 24.9698
      vertex 3.21739 -20.2 24.6997
    endloop
  endfacet
  facet normal -0.737224 -0 -0.675648
    outer loop
      vertex 2.96985 -20.2 24.9698
      vertex 3.21739 -23 24.6997
      vertex 2.96985 -23 24.9698
    endloop
  endfacet
  facet normal -0.737224 0 -0.675648
    outer loop
      vertex 3.21739 20.2 24.6997
      vertex 2.96985 26 24.9698
      vertex 3.21739 26 24.6997
    endloop
  endfacet
  facet normal -0.737224 -0 -0.675648
    outer loop
      vertex 2.96985 26 24.9698
      vertex 3.21739 20.2 24.6997
      vertex 2.96985 20.2 24.9698
    endloop
  endfacet
  facet normal 0.737224 0 -0.675648
    outer loop
      vertex -2.96985 -23 24.9698
      vertex -3.21739 -20.2 24.6997
      vertex -2.96985 -20.2 24.9698
    endloop
  endfacet
  facet normal 0.737224 0 -0.675648
    outer loop
      vertex -3.21739 -20.2 24.6997
      vertex -2.96985 -23 24.9698
      vertex -3.21739 -23 24.6997
    endloop
  endfacet
  facet normal 0.737224 0 -0.675648
    outer loop
      vertex -2.96985 20.2 24.9698
      vertex -3.21739 26 24.6997
      vertex -2.96985 26 24.9698
    endloop
  endfacet
  facet normal 0.737224 0 -0.675648
    outer loop
      vertex -3.21739 26 24.6997
      vertex -2.96985 20.2 24.9698
      vertex -3.21739 20.2 24.6997
    endloop
  endfacet
  facet normal -0.461782 0 0.886993
    outer loop
      vertex 1.775 -20.2 18.1935
      vertex 2.1 -23 18.3627
      vertex 2.1 -20.2 18.3627
    endloop
  endfacet
  facet normal -0.461782 0 0.886993
    outer loop
      vertex 2.1 -23 18.3627
      vertex 1.775 -20.2 18.1935
      vertex 1.775 -23 18.1935
    endloop
  endfacet
  facet normal -0.461782 0 0.886993
    outer loop
      vertex 1.775 26 18.1935
      vertex 2.1 20.2 18.3627
      vertex 2.1 26 18.3627
    endloop
  endfacet
  facet normal -0.461782 0 0.886993
    outer loop
      vertex 2.1 20.2 18.3627
      vertex 1.775 26 18.1935
      vertex 1.775 20.2 18.1935
    endloop
  endfacet
  facet normal -0.537363 0 0.843351
    outer loop
      vertex 2.1 -20.2 18.3627
      vertex 2.40902 -23 18.5596
      vertex 2.40902 -20.2 18.5596
    endloop
  endfacet
  facet normal -0.537363 0 0.843351
    outer loop
      vertex 2.40902 -23 18.5596
      vertex 2.1 -20.2 18.3627
      vertex 2.1 -23 18.3627
    endloop
  endfacet
  facet normal -0.537363 0 0.843351
    outer loop
      vertex 2.1 26 18.3627
      vertex 2.40902 20.2 18.5596
      vertex 2.40902 26 18.5596
    endloop
  endfacet
  facet normal -0.537363 0 0.843351
    outer loop
      vertex 2.40902 20.2 18.5596
      vertex 2.1 26 18.3627
      vertex 2.1 20.2 18.3627
    endloop
  endfacet
  facet normal -0.0436677 0 0.999046
    outer loop
      vertex 0 -20.2 17.8
      vertex 0.366054 -23 17.816
      vertex 0.366054 -20.2 17.816
    endloop
  endfacet
  facet normal -0.0436677 0 0.999046
    outer loop
      vertex 0.366054 -23 17.816
      vertex 0 -20.2 17.8
      vertex 0 -23 17.8
    endloop
  endfacet
  facet normal -0.0436677 0 0.999046
    outer loop
      vertex 0 26 17.8
      vertex 0.366054 20.2 17.816
      vertex 0.366054 26 17.816
    endloop
  endfacet
  facet normal -0.0436677 0 0.999046
    outer loop
      vertex 0.366054 20.2 17.816
      vertex 0 26 17.8
      vertex 0 20.2 17.8
    endloop
  endfacet
  facet normal -0.30076 0 0.9537
    outer loop
      vertex 1.08704 -20.2 17.9431
      vertex 1.43648 -23 18.0533
      vertex 1.43648 -20.2 18.0533
    endloop
  endfacet
  facet normal -0.30076 0 0.9537
    outer loop
      vertex 1.43648 -23 18.0533
      vertex 1.08704 -20.2 17.9431
      vertex 1.08704 -23 17.9431
    endloop
  endfacet
  facet normal -0.30076 0 0.9537
    outer loop
      vertex 1.08704 26 17.9431
      vertex 1.43648 20.2 18.0533
      vertex 1.43648 26 18.0533
    endloop
  endfacet
  facet normal -0.30076 0 0.9537
    outer loop
      vertex 1.43648 20.2 18.0533
      vertex 1.08704 26 17.9431
      vertex 1.08704 20.2 17.9431
    endloop
  endfacet
  facet normal -0.95373 0 0.300664
    outer loop
      vertex 3.94671 -23 20.5635
      vertex 4.05689 -20.2 20.913
      vertex 3.94671 -20.2 20.5635
    endloop
  endfacet
  facet normal -0.95373 0 0.300664
    outer loop
      vertex 4.05689 -20.2 20.913
      vertex 3.94671 -23 20.5635
      vertex 4.05689 -23 20.913
    endloop
  endfacet
  facet normal -0.95373 0 0.300664
    outer loop
      vertex 3.94671 20.2 20.5635
      vertex 4.05689 26 20.913
      vertex 3.94671 26 20.5635
    endloop
  endfacet
  facet normal -0.95373 0 0.300664
    outer loop
      vertex 4.05689 26 20.913
      vertex 3.94671 20.2 20.5635
      vertex 4.05689 20.2 20.913
    endloop
  endfacet
  facet normal -0.843373 0 0.537329
    outer loop
      vertex 3.44044 -23 19.591
      vertex 3.63731 -20.2 19.9
      vertex 3.44044 -20.2 19.591
    endloop
  endfacet
  facet normal -0.843373 0 0.537329
    outer loop
      vertex 3.63731 -20.2 19.9
      vertex 3.44044 -23 19.591
      vertex 3.63731 -23 19.9
    endloop
  endfacet
  facet normal -0.843373 0 0.537329
    outer loop
      vertex 3.44044 20.2 19.591
      vertex 3.63731 26 19.9
      vertex 3.44044 26 19.591
    endloop
  endfacet
  facet normal -0.843373 0 0.537329
    outer loop
      vertex 3.63731 26 19.9
      vertex 3.44044 20.2 19.591
      vertex 3.63731 20.2 19.9
    endloop
  endfacet
  facet normal 0.843373 -0 0.537329
    outer loop
      vertex -3.63731 -23 19.9
      vertex -3.44044 -20.2 19.591
      vertex -3.63731 -20.2 19.9
    endloop
  endfacet
  facet normal 0.843373 0 0.537329
    outer loop
      vertex -3.44044 -20.2 19.591
      vertex -3.63731 -23 19.9
      vertex -3.44044 -23 19.591
    endloop
  endfacet
  facet normal 0.843373 -0 0.537329
    outer loop
      vertex -3.63731 20.2 19.9
      vertex -3.44044 26 19.591
      vertex -3.63731 26 19.9
    endloop
  endfacet
  facet normal 0.843373 0 0.537329
    outer loop
      vertex -3.44044 26 19.591
      vertex -3.63731 20.2 19.9
      vertex -3.44044 20.2 19.591
    endloop
  endfacet
  facet normal 0.130459 0 -0.991454
    outer loop
      vertex -0.729321 -23 26.1362
      vertex -0.366054 -20.2 26.184
      vertex -0.366054 -23 26.184
    endloop
  endfacet
  facet normal 0.130459 0 -0.991454
    outer loop
      vertex -0.366054 -20.2 26.184
      vertex -0.729321 -23 26.1362
      vertex -0.729321 -20.2 26.1362
    endloop
  endfacet
  facet normal 0.130459 0 -0.991454
    outer loop
      vertex -0.729321 20.2 26.1362
      vertex -0.366054 26 26.184
      vertex -0.366054 20.2 26.184
    endloop
  endfacet
  facet normal 0.130459 0 -0.991454
    outer loop
      vertex -0.366054 26 26.184
      vertex -0.729321 20.2 26.1362
      vertex -0.729321 26 26.1362
    endloop
  endfacet
  facet normal -0.608668 0 0.793425
    outer loop
      vertex 2.40902 -20.2 18.5596
      vertex 2.69971 -23 18.7826
      vertex 2.69971 -20.2 18.7826
    endloop
  endfacet
  facet normal -0.608668 0 0.793425
    outer loop
      vertex 2.69971 -23 18.7826
      vertex 2.40902 -20.2 18.5596
      vertex 2.40902 -23 18.5596
    endloop
  endfacet
  facet normal -0.608668 0 0.793425
    outer loop
      vertex 2.40902 26 18.5596
      vertex 2.69971 20.2 18.7826
      vertex 2.69971 26 18.7826
    endloop
  endfacet
  facet normal -0.608668 0 0.793425
    outer loop
      vertex 2.69971 20.2 18.7826
      vertex 2.40902 26 18.5596
      vertex 2.40902 20.2 18.5596
    endloop
  endfacet
  facet normal 0.0436677 0 0.999046
    outer loop
      vertex -0.366054 -20.2 17.816
      vertex 0 -23 17.8
      vertex 0 -20.2 17.8
    endloop
  endfacet
  facet normal 0.0436677 0 0.999046
    outer loop
      vertex 0 -23 17.8
      vertex -0.366054 -20.2 17.816
      vertex -0.366054 -23 17.816
    endloop
  endfacet
  facet normal 0.0436677 0 0.999046
    outer loop
      vertex -0.366054 26 17.816
      vertex 0 20.2 17.8
      vertex 0 26 17.8
    endloop
  endfacet
  facet normal 0.0436677 0 0.999046
    outer loop
      vertex 0 20.2 17.8
      vertex -0.366054 26 17.816
      vertex -0.366054 20.2 17.816
    endloop
  endfacet
  facet normal 0.976296 -0 0.216439
    outer loop
      vertex -4.13619 -23 21.2707
      vertex -4.05689 -20.2 20.913
      vertex -4.13619 -20.2 21.2707
    endloop
  endfacet
  facet normal 0.976296 0 0.216439
    outer loop
      vertex -4.05689 -20.2 20.913
      vertex -4.13619 -23 21.2707
      vertex -4.05689 -23 20.913
    endloop
  endfacet
  facet normal 0.976296 -0 0.216439
    outer loop
      vertex -4.13619 20.2 21.2707
      vertex -4.05689 26 20.913
      vertex -4.13619 26 21.2707
    endloop
  endfacet
  facet normal 0.976296 0 0.216439
    outer loop
      vertex -4.05689 26 20.913
      vertex -4.13619 20.2 21.2707
      vertex -4.05689 20.2 20.913
    endloop
  endfacet
  facet normal -0.887016 0 -0.461739
    outer loop
      vertex 3.80649 -23 23.775
      vertex 3.63731 -20.2 24.1
      vertex 3.80649 -20.2 23.775
    endloop
  endfacet
  facet normal -0.887016 -0 -0.461739
    outer loop
      vertex 3.63731 -20.2 24.1
      vertex 3.80649 -23 23.775
      vertex 3.63731 -23 24.1
    endloop
  endfacet
  facet normal -0.887016 0 -0.461739
    outer loop
      vertex 3.80649 20.2 23.775
      vertex 3.63731 26 24.1
      vertex 3.80649 26 23.775
    endloop
  endfacet
  facet normal -0.887016 -0 -0.461739
    outer loop
      vertex 3.63731 26 24.1
      vertex 3.80649 20.2 23.775
      vertex 3.63731 20.2 24.1
    endloop
  endfacet
  facet normal 0.887016 -0 0.461739
    outer loop
      vertex -3.80649 -23 20.225
      vertex -3.63731 -20.2 19.9
      vertex -3.80649 -20.2 20.225
    endloop
  endfacet
  facet normal 0.887016 0 0.461739
    outer loop
      vertex -3.63731 -20.2 19.9
      vertex -3.80649 -23 20.225
      vertex -3.63731 -23 19.9
    endloop
  endfacet
  facet normal 0.887016 -0 0.461739
    outer loop
      vertex -3.80649 20.2 20.225
      vertex -3.63731 26 19.9
      vertex -3.80649 26 20.225
    endloop
  endfacet
  facet normal 0.887016 0 0.461739
    outer loop
      vertex -3.63731 26 19.9
      vertex -3.80649 20.2 20.225
      vertex -3.63731 20.2 19.9
    endloop
  endfacet
  facet normal -0.843373 0 -0.537329
    outer loop
      vertex 3.63731 -23 24.1
      vertex 3.44044 -20.2 24.409
      vertex 3.63731 -20.2 24.1
    endloop
  endfacet
  facet normal -0.843373 -0 -0.537329
    outer loop
      vertex 3.44044 -20.2 24.409
      vertex 3.63731 -23 24.1
      vertex 3.44044 -23 24.409
    endloop
  endfacet
  facet normal -0.843373 0 -0.537329
    outer loop
      vertex 3.63731 20.2 24.1
      vertex 3.44044 26 24.409
      vertex 3.63731 26 24.1
    endloop
  endfacet
  facet normal -0.843373 -0 -0.537329
    outer loop
      vertex 3.44044 26 24.409
      vertex 3.63731 20.2 24.1
      vertex 3.44044 20.2 24.409
    endloop
  endfacet
  facet normal -0.0436677 0 -0.999046
    outer loop
      vertex 0 -23 26.2
      vertex 0.366054 -20.2 26.184
      vertex 0.366054 -23 26.184
    endloop
  endfacet
  facet normal -0.0436677 0 -0.999046
    outer loop
      vertex 0.366054 -20.2 26.184
      vertex 0 -23 26.2
      vertex 0 -20.2 26.2
    endloop
  endfacet
  facet normal -0.0436677 0 -0.999046
    outer loop
      vertex 0 20.2 26.2
      vertex 0.366054 26 26.184
      vertex 0.366054 20.2 26.184
    endloop
  endfacet
  facet normal -0.0436677 0 -0.999046
    outer loop
      vertex 0.366054 26 26.184
      vertex 0 20.2 26.2
      vertex 0 26 26.2
    endloop
  endfacet
  facet normal 0.675683 0 -0.737193
    outer loop
      vertex -2.96985 -23 24.9698
      vertex -2.69971 -20.2 25.2174
      vertex -2.69971 -23 25.2174
    endloop
  endfacet
  facet normal 0.675683 0 -0.737193
    outer loop
      vertex -2.69971 -20.2 25.2174
      vertex -2.96985 -23 24.9698
      vertex -2.96985 -20.2 24.9698
    endloop
  endfacet
  facet normal 0.675683 0 -0.737193
    outer loop
      vertex -2.96985 20.2 24.9698
      vertex -2.69971 26 25.2174
      vertex -2.69971 20.2 25.2174
    endloop
  endfacet
  facet normal 0.675683 0 -0.737193
    outer loop
      vertex -2.69971 26 25.2174
      vertex -2.96985 20.2 24.9698
      vertex -2.96985 26 24.9698
    endloop
  endfacet
  facet normal 0.843373 0 -0.537329
    outer loop
      vertex -3.44044 -23 24.409
      vertex -3.63731 -20.2 24.1
      vertex -3.44044 -20.2 24.409
    endloop
  endfacet
  facet normal 0.843373 0 -0.537329
    outer loop
      vertex -3.63731 -20.2 24.1
      vertex -3.44044 -23 24.409
      vertex -3.63731 -23 24.1
    endloop
  endfacet
  facet normal 0.843373 0 -0.537329
    outer loop
      vertex -3.44044 20.2 24.409
      vertex -3.63731 26 24.1
      vertex -3.44044 26 24.409
    endloop
  endfacet
  facet normal 0.843373 0 -0.537329
    outer loop
      vertex -3.63731 26 24.1
      vertex -3.44044 20.2 24.409
      vertex -3.63731 20.2 24.1
    endloop
  endfacet
  facet normal 0.30076 0 -0.9537
    outer loop
      vertex -1.43648 -23 25.9467
      vertex -1.08704 -20.2 26.0569
      vertex -1.08704 -23 26.0569
    endloop
  endfacet
  facet normal 0.30076 0 -0.9537
    outer loop
      vertex -1.08704 -20.2 26.0569
      vertex -1.43648 -23 25.9467
      vertex -1.43648 -20.2 25.9467
    endloop
  endfacet
  facet normal 0.30076 0 -0.9537
    outer loop
      vertex -1.43648 20.2 25.9467
      vertex -1.08704 26 26.0569
      vertex -1.08704 20.2 26.0569
    endloop
  endfacet
  facet normal 0.30076 0 -0.9537
    outer loop
      vertex -1.08704 26 26.0569
      vertex -1.43648 20.2 25.9467
      vertex -1.43648 26 25.9467
    endloop
  endfacet
  facet normal 0.999049 -0 0.0436078
    outer loop
      vertex -4.2 -23 22
      vertex -4.18402 -20.2 21.6339
      vertex -4.2 -20.2 22
    endloop
  endfacet
  facet normal 0.999049 0 0.0436078
    outer loop
      vertex -4.18402 -20.2 21.6339
      vertex -4.2 -23 22
      vertex -4.18402 -23 21.6339
    endloop
  endfacet
  facet normal 0.999049 -0 0.0436078
    outer loop
      vertex -4.2 20.2 22
      vertex -4.18402 26 21.6339
      vertex -4.2 26 22
    endloop
  endfacet
  facet normal 0.999049 0 0.0436078
    outer loop
      vertex -4.18402 26 21.6339
      vertex -4.2 20.2 22
      vertex -4.18402 20.2 21.6339
    endloop
  endfacet
  facet normal 0.216428 0 0.976299
    outer loop
      vertex -1.08704 -20.2 17.9431
      vertex -0.729321 -23 17.8638
      vertex -0.729321 -20.2 17.8638
    endloop
  endfacet
  facet normal 0.216428 0 0.976299
    outer loop
      vertex -0.729321 -23 17.8638
      vertex -1.08704 -20.2 17.9431
      vertex -1.08704 -23 17.9431
    endloop
  endfacet
  facet normal 0.216428 0 0.976299
    outer loop
      vertex -1.08704 26 17.9431
      vertex -0.729321 20.2 17.8638
      vertex -0.729321 26 17.8638
    endloop
  endfacet
  facet normal 0.216428 0 0.976299
    outer loop
      vertex -0.729321 20.2 17.8638
      vertex -1.08704 26 17.9431
      vertex -1.08704 20.2 17.9431
    endloop
  endfacet
  facet normal 0.0436677 0 -0.999046
    outer loop
      vertex -0.366054 -23 26.184
      vertex 0 -20.2 26.2
      vertex 0 -23 26.2
    endloop
  endfacet
  facet normal 0.0436677 0 -0.999046
    outer loop
      vertex 0 -20.2 26.2
      vertex -0.366054 -23 26.184
      vertex -0.366054 -20.2 26.184
    endloop
  endfacet
  facet normal 0.0436677 0 -0.999046
    outer loop
      vertex -0.366054 20.2 26.184
      vertex 0 26 26.2
      vertex 0 20.2 26.2
    endloop
  endfacet
  facet normal 0.0436677 0 -0.999046
    outer loop
      vertex 0 26 26.2
      vertex -0.366054 20.2 26.184
      vertex -0.366054 26 26.184
    endloop
  endfacet
  facet normal -0.216428 0 -0.976299
    outer loop
      vertex 0.729321 -23 26.1362
      vertex 1.08704 -20.2 26.0569
      vertex 1.08704 -23 26.0569
    endloop
  endfacet
  facet normal -0.216428 0 -0.976299
    outer loop
      vertex 1.08704 -20.2 26.0569
      vertex 0.729321 -23 26.1362
      vertex 0.729321 -20.2 26.1362
    endloop
  endfacet
  facet normal -0.216428 0 -0.976299
    outer loop
      vertex 0.729321 20.2 26.1362
      vertex 1.08704 26 26.0569
      vertex 1.08704 20.2 26.0569
    endloop
  endfacet
  facet normal -0.216428 0 -0.976299
    outer loop
      vertex 1.08704 26 26.0569
      vertex 0.729321 20.2 26.1362
      vertex 0.729321 26 26.1362
    endloop
  endfacet
  facet normal -0.30076 0 -0.9537
    outer loop
      vertex 1.08704 -23 26.0569
      vertex 1.43648 -20.2 25.9467
      vertex 1.43648 -23 25.9467
    endloop
  endfacet
  facet normal -0.30076 0 -0.9537
    outer loop
      vertex 1.43648 -20.2 25.9467
      vertex 1.08704 -23 26.0569
      vertex 1.08704 -20.2 26.0569
    endloop
  endfacet
  facet normal -0.30076 0 -0.9537
    outer loop
      vertex 1.08704 20.2 26.0569
      vertex 1.43648 26 25.9467
      vertex 1.43648 20.2 25.9467
    endloop
  endfacet
  facet normal -0.30076 0 -0.9537
    outer loop
      vertex 1.43648 26 25.9467
      vertex 1.08704 20.2 26.0569
      vertex 1.08704 26 26.0569
    endloop
  endfacet
  facet normal -0.216428 0 0.976299
    outer loop
      vertex 0.729321 -20.2 17.8638
      vertex 1.08704 -23 17.9431
      vertex 1.08704 -20.2 17.9431
    endloop
  endfacet
  facet normal -0.216428 0 0.976299
    outer loop
      vertex 1.08704 -23 17.9431
      vertex 0.729321 -20.2 17.8638
      vertex 0.729321 -23 17.8638
    endloop
  endfacet
  facet normal -0.216428 0 0.976299
    outer loop
      vertex 0.729321 26 17.8638
      vertex 1.08704 20.2 17.9431
      vertex 1.08704 26 17.9431
    endloop
  endfacet
  facet normal -0.216428 0 0.976299
    outer loop
      vertex 1.08704 20.2 17.9431
      vertex 0.729321 26 17.8638
      vertex 0.729321 20.2 17.8638
    endloop
  endfacet
  facet normal 0.737224 -0 0.675648
    outer loop
      vertex -3.21739 -23 19.3003
      vertex -2.96985 -20.2 19.0302
      vertex -3.21739 -20.2 19.3003
    endloop
  endfacet
  facet normal 0.737224 0 0.675648
    outer loop
      vertex -2.96985 -20.2 19.0302
      vertex -3.21739 -23 19.3003
      vertex -2.96985 -23 19.0302
    endloop
  endfacet
  facet normal 0.737224 -0 0.675648
    outer loop
      vertex -3.21739 20.2 19.3003
      vertex -2.96985 26 19.0302
      vertex -3.21739 26 19.3003
    endloop
  endfacet
  facet normal 0.737224 0 0.675648
    outer loop
      vertex -2.96985 26 19.0302
      vertex -3.21739 20.2 19.3003
      vertex -2.96985 20.2 19.0302
    endloop
  endfacet
  facet normal 0.99144 -0 0.130563
    outer loop
      vertex -4.18402 -23 21.6339
      vertex -4.13619 -20.2 21.2707
      vertex -4.18402 -20.2 21.6339
    endloop
  endfacet
  facet normal 0.99144 0 0.130563
    outer loop
      vertex -4.13619 -20.2 21.2707
      vertex -4.18402 -23 21.6339
      vertex -4.13619 -23 21.2707
    endloop
  endfacet
  facet normal 0.99144 -0 0.130563
    outer loop
      vertex -4.18402 20.2 21.6339
      vertex -4.13619 26 21.2707
      vertex -4.18402 26 21.6339
    endloop
  endfacet
  facet normal 0.99144 0 0.130563
    outer loop
      vertex -4.13619 26 21.2707
      vertex -4.18402 20.2 21.6339
      vertex -4.13619 20.2 21.2707
    endloop
  endfacet
  facet normal 0.95373 0 -0.300664
    outer loop
      vertex -3.94671 -23 23.4365
      vertex -4.05689 -20.2 23.087
      vertex -3.94671 -20.2 23.4365
    endloop
  endfacet
  facet normal 0.95373 0 -0.300664
    outer loop
      vertex -4.05689 -20.2 23.087
      vertex -3.94671 -23 23.4365
      vertex -4.05689 -23 23.087
    endloop
  endfacet
  facet normal 0.95373 0 -0.300664
    outer loop
      vertex -3.94671 20.2 23.4365
      vertex -4.05689 26 23.087
      vertex -3.94671 26 23.4365
    endloop
  endfacet
  facet normal 0.95373 0 -0.300664
    outer loop
      vertex -4.05689 26 23.087
      vertex -3.94671 20.2 23.4365
      vertex -4.05689 20.2 23.087
    endloop
  endfacet
  facet normal 0.976296 0 -0.216439
    outer loop
      vertex -4.05689 -23 23.087
      vertex -4.13619 -20.2 22.7293
      vertex -4.05689 -20.2 23.087
    endloop
  endfacet
  facet normal 0.976296 0 -0.216439
    outer loop
      vertex -4.13619 -20.2 22.7293
      vertex -4.05689 -23 23.087
      vertex -4.13619 -23 22.7293
    endloop
  endfacet
  facet normal 0.976296 0 -0.216439
    outer loop
      vertex -4.05689 20.2 23.087
      vertex -4.13619 26 22.7293
      vertex -4.05689 26 23.087
    endloop
  endfacet
  facet normal 0.976296 0 -0.216439
    outer loop
      vertex -4.13619 26 22.7293
      vertex -4.05689 20.2 23.087
      vertex -4.13619 20.2 22.7293
    endloop
  endfacet
  facet normal 0.923871 -0 0.382704
    outer loop
      vertex -3.94671 -23 20.5635
      vertex -3.80649 -20.2 20.225
      vertex -3.94671 -20.2 20.5635
    endloop
  endfacet
  facet normal 0.923871 0 0.382704
    outer loop
      vertex -3.80649 -20.2 20.225
      vertex -3.94671 -23 20.5635
      vertex -3.80649 -23 20.225
    endloop
  endfacet
  facet normal 0.923871 -0 0.382704
    outer loop
      vertex -3.94671 20.2 20.5635
      vertex -3.80649 26 20.225
      vertex -3.94671 26 20.5635
    endloop
  endfacet
  facet normal 0.923871 0 0.382704
    outer loop
      vertex -3.80649 26 20.225
      vertex -3.94671 20.2 20.5635
      vertex -3.80649 20.2 20.225
    endloop
  endfacet
  facet normal -0.887016 0 0.461739
    outer loop
      vertex 3.63731 -23 19.9
      vertex 3.80649 -20.2 20.225
      vertex 3.63731 -20.2 19.9
    endloop
  endfacet
  facet normal -0.887016 0 0.461739
    outer loop
      vertex 3.80649 -20.2 20.225
      vertex 3.63731 -23 19.9
      vertex 3.80649 -23 20.225
    endloop
  endfacet
  facet normal -0.887016 0 0.461739
    outer loop
      vertex 3.63731 20.2 19.9
      vertex 3.80649 26 20.225
      vertex 3.63731 26 19.9
    endloop
  endfacet
  facet normal -0.887016 0 0.461739
    outer loop
      vertex 3.80649 26 20.225
      vertex 3.63731 20.2 19.9
      vertex 3.80649 20.2 20.225
    endloop
  endfacet
  facet normal -0.675683 0 -0.737193
    outer loop
      vertex 2.69971 -23 25.2174
      vertex 2.96985 -20.2 24.9698
      vertex 2.96985 -23 24.9698
    endloop
  endfacet
  facet normal -0.675683 0 -0.737193
    outer loop
      vertex 2.96985 -20.2 24.9698
      vertex 2.69971 -23 25.2174
      vertex 2.69971 -20.2 25.2174
    endloop
  endfacet
  facet normal -0.675683 0 -0.737193
    outer loop
      vertex 2.69971 20.2 25.2174
      vertex 2.96985 26 24.9698
      vertex 2.96985 20.2 24.9698
    endloop
  endfacet
  facet normal -0.675683 0 -0.737193
    outer loop
      vertex 2.96985 26 24.9698
      vertex 2.69971 20.2 25.2174
      vertex 2.69971 26 25.2174
    endloop
  endfacet
  facet normal 0.675683 0 0.737193
    outer loop
      vertex -2.96985 -20.2 19.0302
      vertex -2.69971 -23 18.7826
      vertex -2.69971 -20.2 18.7826
    endloop
  endfacet
  facet normal 0.675683 0 0.737193
    outer loop
      vertex -2.69971 -23 18.7826
      vertex -2.96985 -20.2 19.0302
      vertex -2.96985 -23 19.0302
    endloop
  endfacet
  facet normal 0.675683 0 0.737193
    outer loop
      vertex -2.96985 26 19.0302
      vertex -2.69971 20.2 18.7826
      vertex -2.69971 26 18.7826
    endloop
  endfacet
  facet normal 0.675683 0 0.737193
    outer loop
      vertex -2.69971 20.2 18.7826
      vertex -2.96985 26 19.0302
      vertex -2.96985 20.2 19.0302
    endloop
  endfacet
  facet normal -0.976296 0 -0.216439
    outer loop
      vertex 4.13619 -23 22.7293
      vertex 4.05689 -20.2 23.087
      vertex 4.13619 -20.2 22.7293
    endloop
  endfacet
  facet normal -0.976296 -0 -0.216439
    outer loop
      vertex 4.05689 -20.2 23.087
      vertex 4.13619 -23 22.7293
      vertex 4.05689 -23 23.087
    endloop
  endfacet
  facet normal -0.976296 0 -0.216439
    outer loop
      vertex 4.13619 20.2 22.7293
      vertex 4.05689 26 23.087
      vertex 4.13619 26 22.7293
    endloop
  endfacet
  facet normal -0.976296 -0 -0.216439
    outer loop
      vertex 4.05689 26 23.087
      vertex 4.13619 20.2 22.7293
      vertex 4.05689 20.2 23.087
    endloop
  endfacet
  facet normal 0.99144 0 -0.130563
    outer loop
      vertex -4.13619 -23 22.7293
      vertex -4.18402 -20.2 22.3661
      vertex -4.13619 -20.2 22.7293
    endloop
  endfacet
  facet normal 0.99144 0 -0.130563
    outer loop
      vertex -4.18402 -20.2 22.3661
      vertex -4.13619 -23 22.7293
      vertex -4.18402 -23 22.3661
    endloop
  endfacet
  facet normal 0.99144 0 -0.130563
    outer loop
      vertex -4.13619 20.2 22.7293
      vertex -4.18402 26 22.3661
      vertex -4.13619 26 22.7293
    endloop
  endfacet
  facet normal 0.99144 0 -0.130563
    outer loop
      vertex -4.18402 26 22.3661
      vertex -4.13619 20.2 22.7293
      vertex -4.18402 20.2 22.3661
    endloop
  endfacet
  facet normal 0.999049 0 -0.0436078
    outer loop
      vertex -4.18402 -23 22.3661
      vertex -4.2 -20.2 22
      vertex -4.18402 -20.2 22.3661
    endloop
  endfacet
  facet normal 0.999049 0 -0.0436078
    outer loop
      vertex -4.2 -20.2 22
      vertex -4.18402 -23 22.3661
      vertex -4.2 -23 22
    endloop
  endfacet
  facet normal 0.999049 0 -0.0436078
    outer loop
      vertex -4.18402 20.2 22.3661
      vertex -4.2 26 22
      vertex -4.18402 26 22.3661
    endloop
  endfacet
  facet normal 0.999049 0 -0.0436078
    outer loop
      vertex -4.2 26 22
      vertex -4.18402 20.2 22.3661
      vertex -4.2 20.2 22
    endloop
  endfacet
  facet normal 0.382638 0 0.923898
    outer loop
      vertex -1.775 -20.2 18.1935
      vertex -1.43648 -23 18.0533
      vertex -1.43648 -20.2 18.0533
    endloop
  endfacet
  facet normal 0.382638 0 0.923898
    outer loop
      vertex -1.43648 -23 18.0533
      vertex -1.775 -20.2 18.1935
      vertex -1.775 -23 18.1935
    endloop
  endfacet
  facet normal 0.382638 0 0.923898
    outer loop
      vertex -1.775 26 18.1935
      vertex -1.43648 20.2 18.0533
      vertex -1.43648 26 18.0533
    endloop
  endfacet
  facet normal 0.382638 0 0.923898
    outer loop
      vertex -1.43648 20.2 18.0533
      vertex -1.775 26 18.1935
      vertex -1.775 20.2 18.1935
    endloop
  endfacet
  facet normal 0.382638 0 -0.923898
    outer loop
      vertex -1.775 -23 25.8065
      vertex -1.43648 -20.2 25.9467
      vertex -1.43648 -23 25.9467
    endloop
  endfacet
  facet normal 0.382638 0 -0.923898
    outer loop
      vertex -1.43648 -20.2 25.9467
      vertex -1.775 -23 25.8065
      vertex -1.775 -20.2 25.8065
    endloop
  endfacet
  facet normal 0.382638 0 -0.923898
    outer loop
      vertex -1.775 20.2 25.8065
      vertex -1.43648 26 25.9467
      vertex -1.43648 20.2 25.9467
    endloop
  endfacet
  facet normal 0.382638 0 -0.923898
    outer loop
      vertex -1.43648 26 25.9467
      vertex -1.775 20.2 25.8065
      vertex -1.775 26 25.8065
    endloop
  endfacet
  facet normal 0.461782 0 0.886993
    outer loop
      vertex -2.1 -20.2 18.3627
      vertex -1.775 -23 18.1935
      vertex -1.775 -20.2 18.1935
    endloop
  endfacet
  facet normal 0.461782 0 0.886993
    outer loop
      vertex -1.775 -23 18.1935
      vertex -2.1 -20.2 18.3627
      vertex -2.1 -23 18.3627
    endloop
  endfacet
  facet normal 0.461782 0 0.886993
    outer loop
      vertex -2.1 26 18.3627
      vertex -1.775 20.2 18.1935
      vertex -1.775 26 18.1935
    endloop
  endfacet
  facet normal 0.461782 0 0.886993
    outer loop
      vertex -1.775 20.2 18.1935
      vertex -2.1 26 18.3627
      vertex -2.1 20.2 18.3627
    endloop
  endfacet
  facet normal -0 0 1
    outer loop
      vertex -4.18579 -23 14.75
      vertex 4.18579 -26 14.75
      vertex 4.18579 -23 14.75
    endloop
  endfacet
  facet normal 0 0 1
    outer loop
      vertex 4.18579 -26 14.75
      vertex -4.18579 -23 14.75
      vertex -4.18579 -26 14.75
    endloop
  endfacet
  facet normal -0.866025 0 0.5
    outer loop
      vertex 4.18579 -26 14.75
      vertex 8.37158 -23 22
      vertex 4.18579 -23 14.75
    endloop
  endfacet
  facet normal -0.866025 0 0.5
    outer loop
      vertex 8.37158 -23 22
      vertex 4.18579 -26 14.75
      vertex 8.37158 -26 22
    endloop
  endfacet
  facet normal 0 0 -1
    outer loop
      vertex -4.18579 -26 29.25
      vertex 4.18579 -23 29.25
      vertex 4.18579 -26 29.25
    endloop
  endfacet
  facet normal -0 0 -1
    outer loop
      vertex 4.18579 -23 29.25
      vertex -4.18579 -26 29.25
      vertex -4.18579 -23 29.25
    endloop
  endfacet
  facet normal -0.866025 0 -0.5
    outer loop
      vertex 8.37158 -26 22
      vertex 4.18579 -23 29.25
      vertex 8.37158 -23 22
    endloop
  endfacet
  facet normal -0.866025 -0 -0.5
    outer loop
      vertex 4.18579 -23 29.25
      vertex 8.37158 -26 22
      vertex 4.18579 -26 29.25
    endloop
  endfacet
  facet normal 0.866025 0 -0.5
    outer loop
      vertex -4.18579 -26 29.25
      vertex -8.37158 -23 22
      vertex -4.18579 -23 29.25
    endloop
  endfacet
  facet normal 0.866025 0 -0.5
    outer loop
      vertex -8.37158 -23 22
      vertex -4.18579 -26 29.25
      vertex -8.37158 -26 22
    endloop
  endfacet
  facet normal 0.866025 -0 0.5
    outer loop
      vertex -8.37158 -26 22
      vertex -4.18579 -23 14.75
      vertex -8.37158 -23 22
    endloop
  endfacet
  facet normal 0.866025 0 0.5
    outer loop
      vertex -4.18579 -23 14.75
      vertex -8.37158 -26 22
      vertex -4.18579 -26 14.75
    endloop
  endfacet
  facet normal 0 -1 0
    outer loop
      vertex -4.18579 -23 29.25
      vertex 0 -23 26.2
      vertex 4.18579 -23 29.25
    endloop
  endfacet
  facet normal 0 -1 0
    outer loop
      vertex -4.18579 -23 29.25
      vertex -0.366054 -23 26.184
      vertex 0 -23 26.2
    endloop
  endfacet
  facet normal 0 -1 0
    outer loop
      vertex -4.18579 -23 29.25
      vertex -0.729321 -23 26.1362
      vertex -0.366054 -23 26.184
    endloop
  endfacet
  facet normal 0 -1 0
    outer loop
      vertex -4.18579 -23 29.25
      vertex -1.08704 -23 26.0569
      vertex -0.729321 -23 26.1362
    endloop
  endfacet
  facet normal 0 -1 0
    outer loop
      vertex -4.18579 -23 29.25
      vertex -1.43648 -23 25.9467
      vertex -1.08704 -23 26.0569
    endloop
  endfacet
  facet normal 0 -1 0
    outer loop
      vertex -4.18579 -23 29.25
      vertex -1.775 -23 25.8065
      vertex -1.43648 -23 25.9467
    endloop
  endfacet
  facet normal 0 -1 0
    outer loop
      vertex -4.18579 -23 29.25
      vertex -2.1 -23 25.6373
      vertex -1.775 -23 25.8065
    endloop
  endfacet
  facet normal 0 -1 0
    outer loop
      vertex -4.18579 -23 29.25
      vertex -2.40902 -23 25.4404
      vertex -2.1 -23 25.6373
    endloop
  endfacet
  facet normal 0 -1 0
    outer loop
      vertex -4.18579 -23 29.25
      vertex -2.69971 -23 25.2174
      vertex -2.40902 -23 25.4404
    endloop
  endfacet
  facet normal 0 -1 0
    outer loop
      vertex -4.18579 -23 29.25
      vertex -2.96985 -23 24.9698
      vertex -2.69971 -23 25.2174
    endloop
  endfacet
  facet normal 0 -1 0
    outer loop
      vertex -4.18579 -23 29.25
      vertex -3.21739 -23 24.6997
      vertex -2.96985 -23 24.9698
    endloop
  endfacet
  facet normal 0 -1 0
    outer loop
      vertex -4.18579 -23 29.25
      vertex -3.44044 -23 24.409
      vertex -3.21739 -23 24.6997
    endloop
  endfacet
  facet normal 0 -1 0
    outer loop
      vertex -4.18579 -23 29.25
      vertex -3.63731 -23 24.1
      vertex -3.44044 -23 24.409
    endloop
  endfacet
  facet normal 0 -1 0
    outer loop
      vertex -8.37158 -23 22
      vertex -3.63731 -23 24.1
      vertex -4.18579 -23 29.25
    endloop
  endfacet
  facet normal 0 -1 0
    outer loop
      vertex -3.63731 -23 24.1
      vertex -8.37158 -23 22
      vertex -3.80649 -23 23.775
    endloop
  endfacet
  facet normal 0 -1 0
    outer loop
      vertex -3.80649 -23 23.775
      vertex -8.37158 -23 22
      vertex -3.94671 -23 23.4365
    endloop
  endfacet
  facet normal 0 -1 0
    outer loop
      vertex -3.94671 -23 23.4365
      vertex -8.37158 -23 22
      vertex -4.05689 -23 23.087
    endloop
  endfacet
  facet normal 0 -1 0
    outer loop
      vertex -4.05689 -23 23.087
      vertex -8.37158 -23 22
      vertex -4.13619 -23 22.7293
    endloop
  endfacet
  facet normal 0 -1 0
    outer loop
      vertex -4.13619 -23 22.7293
      vertex -8.37158 -23 22
      vertex -4.18402 -23 22.3661
    endloop
  endfacet
  facet normal 0 -1 0
    outer loop
      vertex -8.37158 -23 22
      vertex -4.2 -23 22
      vertex -4.18402 -23 22.3661
    endloop
  endfacet
  facet normal 0 -1 0
    outer loop
      vertex -8.37158 -23 22
      vertex -4.18402 -23 21.6339
      vertex -4.2 -23 22
    endloop
  endfacet
  facet normal 0 -1 0
    outer loop
      vertex -8.37158 -23 22
      vertex -4.13619 -23 21.2707
      vertex -4.18402 -23 21.6339
    endloop
  endfacet
  facet normal 0 -1 0
    outer loop
      vertex -8.37158 -23 22
      vertex -4.05689 -23 20.913
      vertex -4.13619 -23 21.2707
    endloop
  endfacet
  facet normal 0 -1 0
    outer loop
      vertex -8.37158 -23 22
      vertex -3.94671 -23 20.5635
      vertex -4.05689 -23 20.913
    endloop
  endfacet
  facet normal 0 -1 0
    outer loop
      vertex -8.37158 -23 22
      vertex -3.80649 -23 20.225
      vertex -3.94671 -23 20.5635
    endloop
  endfacet
  facet normal 0 -1 0
    outer loop
      vertex -8.37158 -23 22
      vertex -3.63731 -23 19.9
      vertex -3.80649 -23 20.225
    endloop
  endfacet
  facet normal 0 -1 0
    outer loop
      vertex -4.18579 -23 14.75
      vertex -3.63731 -23 19.9
      vertex -8.37158 -23 22
    endloop
  endfacet
  facet normal 0 -1 -0
    outer loop
      vertex -3.63731 -23 19.9
      vertex -4.18579 -23 14.75
      vertex -3.44044 -23 19.591
    endloop
  endfacet
  facet normal 0 -1 -0
    outer loop
      vertex -3.44044 -23 19.591
      vertex -4.18579 -23 14.75
      vertex -3.21739 -23 19.3003
    endloop
  endfacet
  facet normal 0 -1 -0
    outer loop
      vertex -3.21739 -23 19.3003
      vertex -4.18579 -23 14.75
      vertex -2.96985 -23 19.0302
    endloop
  endfacet
  facet normal 0 -1 -0
    outer loop
      vertex -2.96985 -23 19.0302
      vertex -4.18579 -23 14.75
      vertex -2.69971 -23 18.7826
    endloop
  endfacet
  facet normal 0 -1 -0
    outer loop
      vertex -2.69971 -23 18.7826
      vertex -4.18579 -23 14.75
      vertex -2.40902 -23 18.5596
    endloop
  endfacet
  facet normal 0 -1 -0
    outer loop
      vertex -0.366054 -23 17.816
      vertex -4.18579 -23 14.75
      vertex 0 -23 17.8
    endloop
  endfacet
  facet normal 0 -1 -0
    outer loop
      vertex -0.729321 -23 17.8638
      vertex -4.18579 -23 14.75
      vertex -0.366054 -23 17.816
    endloop
  endfacet
  facet normal 0 -1 -0
    outer loop
      vertex -1.08704 -23 17.9431
      vertex -4.18579 -23 14.75
      vertex -0.729321 -23 17.8638
    endloop
  endfacet
  facet normal 0 -1 -0
    outer loop
      vertex -1.43648 -23 18.0533
      vertex -4.18579 -23 14.75
      vertex -1.08704 -23 17.9431
    endloop
  endfacet
  facet normal 0 -1 -0
    outer loop
      vertex -1.775 -23 18.1935
      vertex -4.18579 -23 14.75
      vertex -1.43648 -23 18.0533
    endloop
  endfacet
  facet normal 0 -1 -0
    outer loop
      vertex -2.1 -23 18.3627
      vertex -4.18579 -23 14.75
      vertex -1.775 -23 18.1935
    endloop
  endfacet
  facet normal 0 -1 -0
    outer loop
      vertex -2.40902 -23 18.5596
      vertex -4.18579 -23 14.75
      vertex -2.1 -23 18.3627
    endloop
  endfacet
  facet normal 0 -1 0
    outer loop
      vertex 0.366054 -23 26.184
      vertex 4.18579 -23 29.25
      vertex 0 -23 26.2
    endloop
  endfacet
  facet normal 0 -1 0
    outer loop
      vertex 0.729321 -23 26.1362
      vertex 4.18579 -23 29.25
      vertex 0.366054 -23 26.184
    endloop
  endfacet
  facet normal 0 -1 0
    outer loop
      vertex 1.08704 -23 26.0569
      vertex 4.18579 -23 29.25
      vertex 0.729321 -23 26.1362
    endloop
  endfacet
  facet normal 0 -1 0
    outer loop
      vertex 1.43648 -23 25.9467
      vertex 4.18579 -23 29.25
      vertex 1.08704 -23 26.0569
    endloop
  endfacet
  facet normal 0 -1 0
    outer loop
      vertex 1.775 -23 25.8065
      vertex 4.18579 -23 29.25
      vertex 1.43648 -23 25.9467
    endloop
  endfacet
  facet normal 0 -1 0
    outer loop
      vertex 2.1 -23 25.6373
      vertex 4.18579 -23 29.25
      vertex 1.775 -23 25.8065
    endloop
  endfacet
  facet normal 0 -1 0
    outer loop
      vertex 2.40902 -23 25.4404
      vertex 4.18579 -23 29.25
      vertex 2.1 -23 25.6373
    endloop
  endfacet
  facet normal 0 -1 0
    outer loop
      vertex 2.69971 -23 25.2174
      vertex 4.18579 -23 29.25
      vertex 2.40902 -23 25.4404
    endloop
  endfacet
  facet normal 0 -1 0
    outer loop
      vertex 2.96985 -23 24.9698
      vertex 4.18579 -23 29.25
      vertex 2.69971 -23 25.2174
    endloop
  endfacet
  facet normal 0 -1 0
    outer loop
      vertex 3.21739 -23 24.6997
      vertex 4.18579 -23 29.25
      vertex 2.96985 -23 24.9698
    endloop
  endfacet
  facet normal 0 -1 0
    outer loop
      vertex 3.44044 -23 24.409
      vertex 4.18579 -23 29.25
      vertex 3.21739 -23 24.6997
    endloop
  endfacet
  facet normal 0 -1 0
    outer loop
      vertex 3.63731 -23 24.1
      vertex 4.18579 -23 29.25
      vertex 3.44044 -23 24.409
    endloop
  endfacet
  facet normal 0 -1 0
    outer loop
      vertex 8.37158 -23 22
      vertex 3.63731 -23 24.1
      vertex 3.80649 -23 23.775
    endloop
  endfacet
  facet normal 0 -1 0
    outer loop
      vertex 8.37158 -23 22
      vertex 3.80649 -23 23.775
      vertex 3.94671 -23 23.4365
    endloop
  endfacet
  facet normal 0 -1 0
    outer loop
      vertex 8.37158 -23 22
      vertex 3.94671 -23 23.4365
      vertex 4.05689 -23 23.087
    endloop
  endfacet
  facet normal 0 -1 0
    outer loop
      vertex 8.37158 -23 22
      vertex 4.05689 -23 23.087
      vertex 4.13619 -23 22.7293
    endloop
  endfacet
  facet normal 0 -1 0
    outer loop
      vertex 8.37158 -23 22
      vertex 4.13619 -23 22.7293
      vertex 4.18402 -23 22.3661
    endloop
  endfacet
  facet normal 0 -1 0
    outer loop
      vertex 8.37158 -23 22
      vertex 4.18402 -23 22.3661
      vertex 4.2 -23 22
    endloop
  endfacet
  facet normal 0 -1 0
    outer loop
      vertex 3.63731 -23 24.1
      vertex 8.37158 -23 22
      vertex 4.18579 -23 29.25
    endloop
  endfacet
  facet normal 0 -1 0
    outer loop
      vertex 4.18402 -23 21.6339
      vertex 8.37158 -23 22
      vertex 4.2 -23 22
    endloop
  endfacet
  facet normal 0 -1 0
    outer loop
      vertex 4.13619 -23 21.2707
      vertex 8.37158 -23 22
      vertex 4.18402 -23 21.6339
    endloop
  endfacet
  facet normal 0 -1 0
    outer loop
      vertex 4.05689 -23 20.913
      vertex 8.37158 -23 22
      vertex 4.13619 -23 21.2707
    endloop
  endfacet
  facet normal 0 -1 0
    outer loop
      vertex 3.94671 -23 20.5635
      vertex 8.37158 -23 22
      vertex 4.05689 -23 20.913
    endloop
  endfacet
  facet normal 0 -1 0
    outer loop
      vertex 3.80649 -23 20.225
      vertex 8.37158 -23 22
      vertex 3.94671 -23 20.5635
    endloop
  endfacet
  facet normal 0 -1 0
    outer loop
      vertex 3.63731 -23 19.9
      vertex 8.37158 -23 22
      vertex 3.80649 -23 20.225
    endloop
  endfacet
  facet normal 0 -1 0
    outer loop
      vertex 4.18579 -23 14.75
      vertex 3.63731 -23 19.9
      vertex 3.44044 -23 19.591
    endloop
  endfacet
  facet normal 0 -1 0
    outer loop
      vertex 4.18579 -23 14.75
      vertex 3.44044 -23 19.591
      vertex 3.21739 -23 19.3003
    endloop
  endfacet
  facet normal 0 -1 0
    outer loop
      vertex 4.18579 -23 14.75
      vertex 3.21739 -23 19.3003
      vertex 2.96985 -23 19.0302
    endloop
  endfacet
  facet normal 0 -1 0
    outer loop
      vertex 4.18579 -23 14.75
      vertex 2.96985 -23 19.0302
      vertex 2.69971 -23 18.7826
    endloop
  endfacet
  facet normal 0 -1 0
    outer loop
      vertex 4.18579 -23 14.75
      vertex 2.69971 -23 18.7826
      vertex 2.40902 -23 18.5596
    endloop
  endfacet
  facet normal 0 -1 0
    outer loop
      vertex 4.18579 -23 14.75
      vertex 2.40902 -23 18.5596
      vertex 2.1 -23 18.3627
    endloop
  endfacet
  facet normal 0 -1 0
    outer loop
      vertex 4.18579 -23 14.75
      vertex 0 -23 17.8
      vertex -4.18579 -23 14.75
    endloop
  endfacet
  facet normal 0 -1 0
    outer loop
      vertex 0 -23 17.8
      vertex 4.18579 -23 14.75
      vertex 0.366054 -23 17.816
    endloop
  endfacet
  facet normal 0 -1 0
    outer loop
      vertex 0.366054 -23 17.816
      vertex 4.18579 -23 14.75
      vertex 0.729321 -23 17.8638
    endloop
  endfacet
  facet normal 0 -1 0
    outer loop
      vertex 0.729321 -23 17.8638
      vertex 4.18579 -23 14.75
      vertex 1.08704 -23 17.9431
    endloop
  endfacet
  facet normal 0 -1 0
    outer loop
      vertex 1.08704 -23 17.9431
      vertex 4.18579 -23 14.75
      vertex 1.43648 -23 18.0533
    endloop
  endfacet
  facet normal 0 -1 0
    outer loop
      vertex 1.43648 -23 18.0533
      vertex 4.18579 -23 14.75
      vertex 1.775 -23 18.1935
    endloop
  endfacet
  facet normal 0 -1 0
    outer loop
      vertex 3.63731 -23 19.9
      vertex 4.18579 -23 14.75
      vertex 8.37158 -23 22
    endloop
  endfacet
  facet normal 0 -1 0
    outer loop
      vertex 1.775 -23 18.1935
      vertex 4.18579 -23 14.75
      vertex 2.1 -23 18.3627
    endloop
  endfacet
  facet normal 0 1 0
    outer loop
      vertex 21 26 44
      vertex 0 26 26.2
      vertex -21 26 44
    endloop
  endfacet
  facet normal 0 1 0
    outer loop
      vertex 21 26 44
      vertex 0.366054 26 26.184
      vertex 0 26 26.2
    endloop
  endfacet
  facet normal 0 1 0
    outer loop
      vertex 21 26 44
      vertex 0.729321 26 26.1362
      vertex 0.366054 26 26.184
    endloop
  endfacet
  facet normal 0 1 0
    outer loop
      vertex 21 26 44
      vertex 1.08704 26 26.0569
      vertex 0.729321 26 26.1362
    endloop
  endfacet
  facet normal 0 1 0
    outer loop
      vertex 21 26 44
      vertex 1.43648 26 25.9467
      vertex 1.08704 26 26.0569
    endloop
  endfacet
  facet normal 0 1 0
    outer loop
      vertex 21 26 44
      vertex 1.775 26 25.8065
      vertex 1.43648 26 25.9467
    endloop
  endfacet
  facet normal 0 1 0
    outer loop
      vertex 21 26 44
      vertex 2.1 26 25.6373
      vertex 1.775 26 25.8065
    endloop
  endfacet
  facet normal 0 1 0
    outer loop
      vertex 21 26 44
      vertex 2.40902 26 25.4404
      vertex 2.1 26 25.6373
    endloop
  endfacet
  facet normal 0 1 0
    outer loop
      vertex 21 26 44
      vertex 2.69971 26 25.2174
      vertex 2.40902 26 25.4404
    endloop
  endfacet
  facet normal 0 1 0
    outer loop
      vertex 21 26 44
      vertex 2.96985 26 24.9698
      vertex 2.69971 26 25.2174
    endloop
  endfacet
  facet normal 0 1 0
    outer loop
      vertex 21 26 44
      vertex 3.21739 26 24.6997
      vertex 2.96985 26 24.9698
    endloop
  endfacet
  facet normal 0 1 0
    outer loop
      vertex 21 26 44
      vertex 3.44044 26 24.409
      vertex 3.21739 26 24.6997
    endloop
  endfacet
  facet normal 0 1 0
    outer loop
      vertex 21 26 44
      vertex 3.63731 26 24.1
      vertex 3.44044 26 24.409
    endloop
  endfacet
  facet normal 0 1 0
    outer loop
      vertex 21 26 44
      vertex 3.80649 26 23.775
      vertex 3.63731 26 24.1
    endloop
  endfacet
  facet normal 0 1 0
    outer loop
      vertex 21 26 44
      vertex 3.94671 26 23.4365
      vertex 3.80649 26 23.775
    endloop
  endfacet
  facet normal 0 1 0
    outer loop
      vertex 21 26 44
      vertex 4.05689 26 23.087
      vertex 3.94671 26 23.4365
    endloop
  endfacet
  facet normal 0 1 0
    outer loop
      vertex 21 26 44
      vertex 4.13619 26 22.7293
      vertex 4.05689 26 23.087
    endloop
  endfacet
  facet normal 0 1 0
    outer loop
      vertex 21 26 44
      vertex 4.18402 26 22.3661
      vertex 4.13619 26 22.7293
    endloop
  endfacet
  facet normal 0 1 0
    outer loop
      vertex 21 26 44
      vertex 4.2 26 22
      vertex 4.18402 26 22.3661
    endloop
  endfacet
  facet normal 0 1 -0
    outer loop
      vertex 21 26 0
      vertex 4.2 26 22
      vertex 21 26 44
    endloop
  endfacet
  facet normal 0 1 0
    outer loop
      vertex 4.2 26 22
      vertex 21 26 0
      vertex 4.18402 26 21.6339
    endloop
  endfacet
  facet normal 0 1 0
    outer loop
      vertex 4.18402 26 21.6339
      vertex 21 26 0
      vertex 4.13619 26 21.2707
    endloop
  endfacet
  facet normal 0 1 0
    outer loop
      vertex 4.13619 26 21.2707
      vertex 21 26 0
      vertex 4.05689 26 20.913
    endloop
  endfacet
  facet normal 0 1 0
    outer loop
      vertex 4.05689 26 20.913
      vertex 21 26 0
      vertex 3.94671 26 20.5635
    endloop
  endfacet
  facet normal 0 1 0
    outer loop
      vertex 3.94671 26 20.5635
      vertex 21 26 0
      vertex 3.80649 26 20.225
    endloop
  endfacet
  facet normal 0 1 0
    outer loop
      vertex 3.80649 26 20.225
      vertex 21 26 0
      vertex 3.63731 26 19.9
    endloop
  endfacet
  facet normal 0 1 0
    outer loop
      vertex 0.366054 26 17.816
      vertex 21 26 0
      vertex 0 26 17.8
    endloop
  endfacet
  facet normal 0 1 0
    outer loop
      vertex 0.729321 26 17.8638
      vertex 21 26 0
      vertex 0.366054 26 17.816
    endloop
  endfacet
  facet normal 0 1 0
    outer loop
      vertex 1.08704 26 17.9431
      vertex 21 26 0
      vertex 0.729321 26 17.8638
    endloop
  endfacet
  facet normal 0 1 0
    outer loop
      vertex 1.43648 26 18.0533
      vertex 21 26 0
      vertex 1.08704 26 17.9431
    endloop
  endfacet
  facet normal 0 1 0
    outer loop
      vertex 1.775 26 18.1935
      vertex 21 26 0
      vertex 1.43648 26 18.0533
    endloop
  endfacet
  facet normal 0 1 0
    outer loop
      vertex 2.1 26 18.3627
      vertex 21 26 0
      vertex 1.775 26 18.1935
    endloop
  endfacet
  facet normal 0 1 0
    outer loop
      vertex 2.40902 26 18.5596
      vertex 21 26 0
      vertex 2.1 26 18.3627
    endloop
  endfacet
  facet normal 0 1 0
    outer loop
      vertex 2.69971 26 18.7826
      vertex 21 26 0
      vertex 2.40902 26 18.5596
    endloop
  endfacet
  facet normal 0 1 0
    outer loop
      vertex 2.96985 26 19.0302
      vertex 21 26 0
      vertex 2.69971 26 18.7826
    endloop
  endfacet
  facet normal 0 1 0
    outer loop
      vertex 3.21739 26 19.3003
      vertex 21 26 0
      vertex 2.96985 26 19.0302
    endloop
  endfacet
  facet normal 0 1 0
    outer loop
      vertex 3.44044 26 19.591
      vertex 21 26 0
      vertex 3.21739 26 19.3003
    endloop
  endfacet
  facet normal 0 1 0
    outer loop
      vertex 3.63731 26 19.9
      vertex 21 26 0
      vertex 3.44044 26 19.591
    endloop
  endfacet
  facet normal 0 1 -0
    outer loop
      vertex -0.366054 26 26.184
      vertex -21 26 44
      vertex 0 26 26.2
    endloop
  endfacet
  facet normal 0 1 -0
    outer loop
      vertex -0.729321 26 26.1362
      vertex -21 26 44
      vertex -0.366054 26 26.184
    endloop
  endfacet
  facet normal 0 1 -0
    outer loop
      vertex -1.08704 26 26.0569
      vertex -21 26 44
      vertex -0.729321 26 26.1362
    endloop
  endfacet
  facet normal 0 1 -0
    outer loop
      vertex -1.43648 26 25.9467
      vertex -21 26 44
      vertex -1.08704 26 26.0569
    endloop
  endfacet
  facet normal 0 1 -0
    outer loop
      vertex -1.775 26 25.8065
      vertex -21 26 44
      vertex -1.43648 26 25.9467
    endloop
  endfacet
  facet normal 0 1 -0
    outer loop
      vertex -2.1 26 25.6373
      vertex -21 26 44
      vertex -1.775 26 25.8065
    endloop
  endfacet
  facet normal 0 1 -0
    outer loop
      vertex -2.40902 26 25.4404
      vertex -21 26 44
      vertex -2.1 26 25.6373
    endloop
  endfacet
  facet normal 0 1 -0
    outer loop
      vertex -2.69971 26 25.2174
      vertex -21 26 44
      vertex -2.40902 26 25.4404
    endloop
  endfacet
  facet normal 0 1 -0
    outer loop
      vertex -2.96985 26 24.9698
      vertex -21 26 44
      vertex -2.69971 26 25.2174
    endloop
  endfacet
  facet normal 0 1 -0
    outer loop
      vertex -3.21739 26 24.6997
      vertex -21 26 44
      vertex -2.96985 26 24.9698
    endloop
  endfacet
  facet normal 0 1 -0
    outer loop
      vertex -3.44044 26 24.409
      vertex -21 26 44
      vertex -3.21739 26 24.6997
    endloop
  endfacet
  facet normal 0 1 -0
    outer loop
      vertex -3.63731 26 24.1
      vertex -21 26 44
      vertex -3.44044 26 24.409
    endloop
  endfacet
  facet normal 0 1 -0
    outer loop
      vertex -3.80649 26 23.775
      vertex -21 26 44
      vertex -3.63731 26 24.1
    endloop
  endfacet
  facet normal 0 1 -0
    outer loop
      vertex -3.94671 26 23.4365
      vertex -21 26 44
      vertex -3.80649 26 23.775
    endloop
  endfacet
  facet normal 0 1 -0
    outer loop
      vertex -4.05689 26 23.087
      vertex -21 26 44
      vertex -3.94671 26 23.4365
    endloop
  endfacet
  facet normal 0 1 -0
    outer loop
      vertex -4.13619 26 22.7293
      vertex -21 26 44
      vertex -4.05689 26 23.087
    endloop
  endfacet
  facet normal 0 1 -0
    outer loop
      vertex -4.18402 26 22.3661
      vertex -21 26 44
      vertex -4.13619 26 22.7293
    endloop
  endfacet
  facet normal 0 1 -0
    outer loop
      vertex -4.2 26 22
      vertex -21 26 44
      vertex -4.18402 26 22.3661
    endloop
  endfacet
  facet normal 0 1 0
    outer loop
      vertex -21 26 0
      vertex -4.2 26 22
      vertex -4.18402 26 21.6339
    endloop
  endfacet
  facet normal 0 1 0
    outer loop
      vertex -21 26 0
      vertex -4.18402 26 21.6339
      vertex -4.13619 26 21.2707
    endloop
  endfacet
  facet normal 0 1 0
    outer loop
      vertex -21 26 0
      vertex -4.13619 26 21.2707
      vertex -4.05689 26 20.913
    endloop
  endfacet
  facet normal 0 1 0
    outer loop
      vertex -21 26 0
      vertex -4.05689 26 20.913
      vertex -3.94671 26 20.5635
    endloop
  endfacet
  facet normal 0 1 0
    outer loop
      vertex -21 26 0
      vertex -3.94671 26 20.5635
      vertex -3.80649 26 20.225
    endloop
  endfacet
  facet normal 0 1 0
    outer loop
      vertex -21 26 0
      vertex -3.80649 26 20.225
      vertex -3.63731 26 19.9
    endloop
  endfacet
  facet normal 0 1 0
    outer loop
      vertex -21 26 0
      vertex -3.63731 26 19.9
      vertex -3.44044 26 19.591
    endloop
  endfacet
  facet normal 0 1 0
    outer loop
      vertex -21 26 0
      vertex 0 26 17.8
      vertex 21 26 0
    endloop
  endfacet
  facet normal 0 1 0
    outer loop
      vertex 0 26 17.8
      vertex -21 26 0
      vertex -0.366054 26 17.816
    endloop
  endfacet
  facet normal 0 1 0
    outer loop
      vertex -0.366054 26 17.816
      vertex -21 26 0
      vertex -0.729321 26 17.8638
    endloop
  endfacet
  facet normal 0 1 0
    outer loop
      vertex -0.729321 26 17.8638
      vertex -21 26 0
      vertex -1.08704 26 17.9431
    endloop
  endfacet
  facet normal 0 1 0
    outer loop
      vertex -1.08704 26 17.9431
      vertex -21 26 0
      vertex -1.43648 26 18.0533
    endloop
  endfacet
  facet normal 0 1 0
    outer loop
      vertex -1.43648 26 18.0533
      vertex -21 26 0
      vertex -1.775 26 18.1935
    endloop
  endfacet
  facet normal 0 1 0
    outer loop
      vertex -1.775 26 18.1935
      vertex -21 26 0
      vertex -2.1 26 18.3627
    endloop
  endfacet
  facet normal 0 1 0
    outer loop
      vertex -2.1 26 18.3627
      vertex -21 26 0
      vertex -2.40902 26 18.5596
    endloop
  endfacet
  facet normal 0 1 0
    outer loop
      vertex -4.2 26 22
      vertex -21 26 0
      vertex -21 26 44
    endloop
  endfacet
  facet normal 0 1 0
    outer loop
      vertex -3.21739 26 19.3003
      vertex -21 26 0
      vertex -3.44044 26 19.591
    endloop
  endfacet
  facet normal 0 1 0
    outer loop
      vertex -2.96985 26 19.0302
      vertex -21 26 0
      vertex -3.21739 26 19.3003
    endloop
  endfacet
  facet normal 0 1 0
    outer loop
      vertex -2.69971 26 18.7826
      vertex -21 26 0
      vertex -2.96985 26 19.0302
    endloop
  endfacet
  facet normal 0 1 0
    outer loop
      vertex -2.40902 26 18.5596
      vertex -21 26 0
      vertex -2.69971 26 18.7826
    endloop
  endfacet
  facet normal -0.537172 0.843473 0
    outer loop
      vertex -23.5 25.3301 0
      vertex -23.8679 25.0958 44
      vertex -23.5 25.3301 44
    endloop
  endfacet
  facet normal -0.537172 0.843473 0
    outer loop
      vertex -23.8679 25.0958 44
      vertex -23.5 25.3301 0
      vertex -23.8679 25.0958 0
    endloop
  endfacet
  facet normal 0.0435566 0.999051 -0
    outer loop
      vertex 21.4358 25.981 0
      vertex 21 26 44
      vertex 21.4358 25.981 44
    endloop
  endfacet
  facet normal 0.0435566 0.999051 0
    outer loop
      vertex 21 26 44
      vertex 21.4358 25.981 0
      vertex 21 26 0
    endloop
  endfacet
  facet normal -0.382824 -0.923821 0
    outer loop
      vertex -23.1131 -25.5315 0
      vertex -22.7101 -25.6985 44
      vertex -23.1131 -25.5315 44
    endloop
  endfacet
  facet normal -0.382824 -0.923821 -0
    outer loop
      vertex -22.7101 -25.6985 44
      vertex -23.1131 -25.5315 0
      vertex -22.7101 -25.6985 0
    endloop
  endfacet
  facet normal -0.991423 -0.130692 0
    outer loop
      vertex -25.924 -21.8682 0
      vertex -25.981 -21.4358 44
      vertex -25.981 -21.4358 0
    endloop
  endfacet
  facet normal -0.991423 -0.130692 0
    outer loop
      vertex -25.981 -21.4358 44
      vertex -25.924 -21.8682 0
      vertex -25.924 -21.8682 44
    endloop
  endfacet
  facet normal 0.999051 0.0435566 0
    outer loop
      vertex 26 21 44
      vertex 25.981 21.4358 0
      vertex 25.981 21.4358 44
    endloop
  endfacet
  facet normal 0.999051 0.0435566 0
    outer loop
      vertex 25.981 21.4358 0
      vertex 26 21 44
      vertex 26 21 0
    endloop
  endfacet
  facet normal -0.300572 -0.953759 0
    outer loop
      vertex -22.7101 -25.6985 0
      vertex -22.2941 -25.8296 44
      vertex -22.7101 -25.6985 44
    endloop
  endfacet
  facet normal -0.300572 -0.953759 -0
    outer loop
      vertex -22.2941 -25.8296 44
      vertex -22.7101 -25.6985 0
      vertex -22.2941 -25.8296 0
    endloop
  endfacet
  facet normal 0.0435566 -0.999051 0
    outer loop
      vertex 21 -26 0
      vertex 21.4358 -25.981 44
      vertex 21 -26 44
    endloop
  endfacet
  facet normal 0.0435566 -0.999051 0
    outer loop
      vertex 21.4358 -25.981 44
      vertex 21 -26 0
      vertex 21.4358 -25.981 0
    endloop
  endfacet
  facet normal 0.887018 -0.461735 0
    outer loop
      vertex 25.3301 -23.5 44
      vertex 25.5315 -23.1131 0
      vertex 25.5315 -23.1131 44
    endloop
  endfacet
  facet normal 0.887018 -0.461735 0
    outer loop
      vertex 25.5315 -23.1131 0
      vertex 25.3301 -23.5 44
      vertex 25.3301 -23.5 0
    endloop
  endfacet
  facet normal -0.608913 -0.793237 0
    outer loop
      vertex -24.2139 -24.8302 0
      vertex -23.8679 -25.0958 44
      vertex -24.2139 -24.8302 44
    endloop
  endfacet
  facet normal -0.608913 -0.793237 -0
    outer loop
      vertex -23.8679 -25.0958 44
      vertex -24.2139 -24.8302 0
      vertex -23.8679 -25.0958 0
    endloop
  endfacet
  facet normal -0.6756 -0.737268 0
    outer loop
      vertex -24.5355 -24.5355 0
      vertex -24.2139 -24.8302 44
      vertex -24.5355 -24.5355 44
    endloop
  endfacet
  facet normal -0.6756 -0.737268 -0
    outer loop
      vertex -24.2139 -24.8302 44
      vertex -24.5355 -24.5355 0
      vertex -24.2139 -24.8302 0
    endloop
  endfacet
  facet normal 0.923821 -0.382824 0
    outer loop
      vertex 25.5315 -23.1131 44
      vertex 25.6985 -22.7101 0
      vertex 25.6985 -22.7101 44
    endloop
  endfacet
  facet normal 0.923821 -0.382824 0
    outer loop
      vertex 25.6985 -22.7101 0
      vertex 25.5315 -23.1131 44
      vertex 25.5315 -23.1131 0
    endloop
  endfacet
  facet normal 0 -1 0
    outer loop
      vertex -21 -26 44
      vertex -4.18579 -26 29.25
      vertex 21 -26 44
    endloop
  endfacet
  facet normal 0 -1 0
    outer loop
      vertex -21 -26 44
      vertex -8.37158 -26 22
      vertex -4.18579 -26 29.25
    endloop
  endfacet
  facet normal 0 -1 -0
    outer loop
      vertex -4.18579 -26 14.75
      vertex -21 -26 0
      vertex 4.18579 -26 14.75
    endloop
  endfacet
  facet normal 0 -1 -0
    outer loop
      vertex -8.37158 -26 22
      vertex -21 -26 0
      vertex -4.18579 -26 14.75
    endloop
  endfacet
  facet normal 0 -1 0
    outer loop
      vertex -21 -26 0
      vertex -8.37158 -26 22
      vertex -21 -26 44
    endloop
  endfacet
  facet normal 0 -1 0
    outer loop
      vertex 4.18579 -26 29.25
      vertex 21 -26 44
      vertex -4.18579 -26 29.25
    endloop
  endfacet
  facet normal 0 -1 0
    outer loop
      vertex 8.37158 -26 22
      vertex 21 -26 44
      vertex 4.18579 -26 29.25
    endloop
  endfacet
  facet normal 0 -1 0
    outer loop
      vertex 8.37158 -26 22
      vertex 21 -26 0
      vertex 21 -26 44
    endloop
  endfacet
  facet normal 0 -1 0
    outer loop
      vertex 4.18579 -26 14.75
      vertex 21 -26 0
      vertex 8.37158 -26 22
    endloop
  endfacet
  facet normal 0 -1 0
    outer loop
      vertex 21 -26 0
      vertex 4.18579 -26 14.75
      vertex -21 -26 0
    endloop
  endfacet
  facet normal -0.461735 -0.887018 0
    outer loop
      vertex -23.5 -25.3301 0
      vertex -23.1131 -25.5315 44
      vertex -23.5 -25.3301 44
    endloop
  endfacet
  facet normal -0.461735 -0.887018 -0
    outer loop
      vertex -23.1131 -25.5315 44
      vertex -23.5 -25.3301 0
      vertex -23.1131 -25.5315 0
    endloop
  endfacet
  facet normal 0.843473 0.537172 0
    outer loop
      vertex 25.3301 23.5 44
      vertex 25.0958 23.8679 0
      vertex 25.0958 23.8679 44
    endloop
  endfacet
  facet normal 0.843473 0.537172 0
    outer loop
      vertex 25.0958 23.8679 0
      vertex 25.3301 23.5 44
      vertex 25.3301 23.5 0
    endloop
  endfacet
  facet normal 1 -0 0
    outer loop
      vertex 26 0 26.6929
      vertex 26 4.7 14.5935
      vertex 26 4.7 29.4065
    endloop
  endfacet
  facet normal 1 0 0
    outer loop
      vertex 26 0 26.6929
      vertex 26 0 17.3071
      vertex 26 4.7 14.5935
    endloop
  endfacet
  facet normal 1 0 0
    outer loop
      vertex 26 -4.7 29.4065
      vertex 26 0 17.3071
      vertex 26 0 26.6929
    endloop
  endfacet
  facet normal 1 0 0
    outer loop
      vertex 26 0 17.3071
      vertex 26 -4.7 29.4065
      vertex 26 -4.7 14.5935
    endloop
  endfacet
  facet normal 1 0 0
    outer loop
      vertex 26 4.7 29.4065
      vertex 26 21 44
      vertex 26 4.7 34.8335
    endloop
  endfacet
  facet normal 1 0 0
    outer loop
      vertex 26 21 44
      vertex 26 0 37.5471
      vertex 26 4.7 34.8335
    endloop
  endfacet
  facet normal 1 0 0
    outer loop
      vertex 26 -21 44
      vertex 26 -4.7 29.4065
      vertex 26 -4.7 34.8335
    endloop
  endfacet
  facet normal 1 0 0
    outer loop
      vertex 26 -4.7 29.4065
      vertex 26 -21 44
      vertex 26 -4.7 14.5935
    endloop
  endfacet
  facet normal 1 0 0
    outer loop
      vertex 26 -21 0
      vertex 26 -4.7 14.5935
      vertex 26 -21 44
    endloop
  endfacet
  facet normal 1 0 0
    outer loop
      vertex 26 0 37.5471
      vertex 26 -21 44
      vertex 26 -4.7 34.8335
    endloop
  endfacet
  facet normal 1 -0 0
    outer loop
      vertex 26 -21 44
      vertex 26 0 37.5471
      vertex 26 21 44
    endloop
  endfacet
  facet normal 1 0 0
    outer loop
      vertex 26 21 44
      vertex 26 4.7 29.4065
      vertex 26 21 0
    endloop
  endfacet
  facet normal 1 -0 0
    outer loop
      vertex 26 4.7 14.5935
      vertex 26 21 0
      vertex 26 4.7 29.4065
    endloop
  endfacet
  facet normal 1 -0 0
    outer loop
      vertex 26 4.7 9.16645
      vertex 26 21 0
      vertex 26 4.7 14.5935
    endloop
  endfacet
  facet normal 1 -0 0
    outer loop
      vertex 26 0 6.45291
      vertex 26 21 0
      vertex 26 4.7 9.16645
    endloop
  endfacet
  facet normal 1 0 0
    outer loop
      vertex 26 0 6.45291
      vertex 26 -21 0
      vertex 26 21 0
    endloop
  endfacet
  facet normal 1 0 0
    outer loop
      vertex 26 -4.7 9.16645
      vertex 26 -21 0
      vertex 26 0 6.45291
    endloop
  endfacet
  facet normal 1 0 0
    outer loop
      vertex 26 -4.7 14.5935
      vertex 26 -21 0
      vertex 26 -4.7 9.16645
    endloop
  endfacet
  facet normal -0.887018 0.461735 0
    outer loop
      vertex -25.5315 23.1131 0
      vertex -25.3301 23.5 44
      vertex -25.3301 23.5 0
    endloop
  endfacet
  facet normal -0.887018 0.461735 0
    outer loop
      vertex -25.3301 23.5 44
      vertex -25.5315 23.1131 0
      vertex -25.5315 23.1131 44
    endloop
  endfacet
  facet normal -1 0 0
    outer loop
      vertex -26 2.51141 12.5529
      vertex -26 21 0
      vertex -26 2.5605 12.3315
    endloop
  endfacet
  facet normal -1 0 0
    outer loop
      vertex -26 21 44
      vertex -26 2.59011 31.8934
      vertex -26 2.6 32.12
    endloop
  endfacet
  facet normal -1 0 0
    outer loop
      vertex -26 2.4432 12.7693
      vertex -26 21 0
      vertex -26 2.51141 12.5529
    endloop
  endfacet
  facet normal -1 0 0
    outer loop
      vertex -26 21 44
      vertex -26 2.5605 31.6685
      vertex -26 2.59011 31.8934
    endloop
  endfacet
  facet normal -1 0 0
    outer loop
      vertex -26 2.3564 12.9788
      vertex -26 21 0
      vertex -26 2.4432 12.7693
    endloop
  endfacet
  facet normal -1 0 0
    outer loop
      vertex -26 21 44
      vertex -26 2.51141 31.4471
      vertex -26 2.5605 31.6685
    endloop
  endfacet
  facet normal -1 0 0
    outer loop
      vertex -26 21 0
      vertex -26 2.3564 12.9788
      vertex -26 21 44
    endloop
  endfacet
  facet normal -1 0 0
    outer loop
      vertex -26 21 44
      vertex -26 2.4432 31.2307
      vertex -26 2.51141 31.4471
    endloop
  endfacet
  facet normal -1 0 0
    outer loop
      vertex -26 2.3564 31.0212
      vertex -26 21 44
      vertex -26 2.3564 12.9788
    endloop
  endfacet
  facet normal -1 0 0
    outer loop
      vertex -26 21 44
      vertex -26 2.3564 31.0212
      vertex -26 2.4432 31.2307
    endloop
  endfacet
  facet normal -1 0 0
    outer loop
      vertex -26 2.25167 13.18
      vertex -26 2.3564 31.0212
      vertex -26 2.3564 12.9788
    endloop
  endfacet
  facet normal -1 0 0
    outer loop
      vertex -26 2.25167 13.18
      vertex -26 2.25167 30.82
      vertex -26 2.3564 31.0212
    endloop
  endfacet
  facet normal -1 0 0
    outer loop
      vertex -26 2.1298 13.3713
      vertex -26 2.25167 30.82
      vertex -26 2.25167 13.18
    endloop
  endfacet
  facet normal -1 0 0
    outer loop
      vertex -26 2.1298 13.3713
      vertex -26 2.1298 30.6287
      vertex -26 2.25167 30.82
    endloop
  endfacet
  facet normal -1 0 0
    outer loop
      vertex -26 1.99172 13.5512
      vertex -26 2.1298 30.6287
      vertex -26 2.1298 13.3713
    endloop
  endfacet
  facet normal -1 0 0
    outer loop
      vertex -26 1.99172 13.5512
      vertex -26 1.99172 30.4488
      vertex -26 2.1298 30.6287
    endloop
  endfacet
  facet normal -1 0 0
    outer loop
      vertex -26 1.83848 13.7185
      vertex -26 1.99172 30.4488
      vertex -26 1.99172 13.5512
    endloop
  endfacet
  facet normal -1 0 0
    outer loop
      vertex -26 1.83848 13.7185
      vertex -26 1.83848 30.2815
      vertex -26 1.99172 30.4488
    endloop
  endfacet
  facet normal -1 0 0
    outer loop
      vertex -26 1.67125 13.8717
      vertex -26 1.83848 30.2815
      vertex -26 1.83848 13.7185
    endloop
  endfacet
  facet normal -1 0 0
    outer loop
      vertex -26 1.67125 13.8717
      vertex -26 1.67125 30.1283
      vertex -26 1.83848 30.2815
    endloop
  endfacet
  facet normal -1 0 0
    outer loop
      vertex -26 1.4913 14.0098
      vertex -26 1.67125 30.1283
      vertex -26 1.67125 13.8717
    endloop
  endfacet
  facet normal -1 0 0
    outer loop
      vertex -26 1.4913 14.0098
      vertex -26 1.4913 29.9902
      vertex -26 1.67125 30.1283
    endloop
  endfacet
  facet normal -1 0 0
    outer loop
      vertex -26 1.3 14.1317
      vertex -26 1.4913 29.9902
      vertex -26 1.4913 14.0098
    endloop
  endfacet
  facet normal -1 0 0
    outer loop
      vertex -26 1.3 14.1317
      vertex -26 1.3 29.8683
      vertex -26 1.4913 29.9902
    endloop
  endfacet
  facet normal -1 0 0
    outer loop
      vertex -26 1.09881 14.2364
      vertex -26 1.3 29.8683
      vertex -26 1.3 14.1317
    endloop
  endfacet
  facet normal -1 0 0
    outer loop
      vertex -26 1.09881 14.2364
      vertex -26 1.09881 29.7636
      vertex -26 1.3 29.8683
    endloop
  endfacet
  facet normal -1 0 0
    outer loop
      vertex -26 0.889252 14.3232
      vertex -26 1.09881 29.7636
      vertex -26 1.09881 14.2364
    endloop
  endfacet
  facet normal -1 0 0
    outer loop
      vertex -26 0.889252 14.3232
      vertex -26 0.889252 29.6768
      vertex -26 1.09881 29.7636
    endloop
  endfacet
  facet normal -1 0 0
    outer loop
      vertex -26 0.799999 14.3513
      vertex -26 0.889252 29.6768
      vertex -26 0.889252 14.3232
    endloop
  endfacet
  facet normal -1 0 0
    outer loop
      vertex -26 0.889252 29.6768
      vertex -26 0.799999 14.3513
      vertex -26 0.799999 29.6487
    endloop
  endfacet
  facet normal -1 0 0
    outer loop
      vertex -26 2.59011 12.1066
      vertex -26 21 0
      vertex -26 2.6 11.88
    endloop
  endfacet
  facet normal -1 0 0
    outer loop
      vertex -26 21 0
      vertex -26 2.59011 11.6534
      vertex -26 2.6 11.88
    endloop
  endfacet
  facet normal -1 0 0
    outer loop
      vertex -26 21 0
      vertex -26 2.5605 11.4285
      vertex -26 2.59011 11.6534
    endloop
  endfacet
  facet normal -1 0 0
    outer loop
      vertex -26 21 0
      vertex -26 2.51141 11.2071
      vertex -26 2.5605 11.4285
    endloop
  endfacet
  facet normal -1 0 0
    outer loop
      vertex -26 21 0
      vertex -26 2.4432 10.9907
      vertex -26 2.51141 11.2071
    endloop
  endfacet
  facet normal -1 0 0
    outer loop
      vertex -26 21 0
      vertex -26 2.3564 10.7812
      vertex -26 2.4432 10.9907
    endloop
  endfacet
  facet normal -1 0 0
    outer loop
      vertex -26 21 0
      vertex -26 2.25167 10.58
      vertex -26 2.3564 10.7812
    endloop
  endfacet
  facet normal -1 0 0
    outer loop
      vertex -26 21 0
      vertex -26 2.1298 10.3887
      vertex -26 2.25167 10.58
    endloop
  endfacet
  facet normal -1 0 0
    outer loop
      vertex -26 0.799999 0
      vertex -26 2.1298 10.3887
      vertex -26 21 0
    endloop
  endfacet
  facet normal -1 0 0
    outer loop
      vertex -26 2.1298 10.3887
      vertex -26 0.799999 0
      vertex -26 1.99172 10.2088
    endloop
  endfacet
  facet normal -1 0 0
    outer loop
      vertex -26 1.99172 10.2088
      vertex -26 0.799999 0
      vertex -26 1.83848 10.0415
    endloop
  endfacet
  facet normal -1 0 0
    outer loop
      vertex -26 1.83848 10.0415
      vertex -26 0.799999 0
      vertex -26 1.67125 9.88828
    endloop
  endfacet
  facet normal -1 0 0
    outer loop
      vertex -26 1.67125 9.88828
      vertex -26 0.799999 0
      vertex -26 1.4913 9.75021
    endloop
  endfacet
  facet normal -1 0 0
    outer loop
      vertex -26 1.4913 9.75021
      vertex -26 0.799999 0
      vertex -26 1.3 9.62833
    endloop
  endfacet
  facet normal -1 0 0
    outer loop
      vertex -26 1.3 9.62833
      vertex -26 0.799999 0
      vertex -26 1.09881 9.5236
    endloop
  endfacet
  facet normal -1 0 0
    outer loop
      vertex -26 1.09881 9.5236
      vertex -26 0.799999 0
      vertex -26 0.889252 9.4368
    endloop
  endfacet
  facet normal -1 0 0
    outer loop
      vertex -26 0.889252 9.4368
      vertex -26 0.799999 0
      vertex -26 0.799999 9.40866
    endloop
  endfacet
  facet normal -1 0 0
    outer loop
      vertex -26 2.5605 12.3315
      vertex -26 21 0
      vertex -26 2.59011 12.1066
    endloop
  endfacet
  facet normal -1 0 0
    outer loop
      vertex -26 2.59011 32.3466
      vertex -26 21 44
      vertex -26 2.6 32.12
    endloop
  endfacet
  facet normal -1 0 0
    outer loop
      vertex -26 2.5605 32.5715
      vertex -26 21 44
      vertex -26 2.59011 32.3466
    endloop
  endfacet
  facet normal -1 0 0
    outer loop
      vertex -26 2.51141 32.7929
      vertex -26 21 44
      vertex -26 2.5605 32.5715
    endloop
  endfacet
  facet normal -1 0 0
    outer loop
      vertex -26 2.4432 33.0093
      vertex -26 21 44
      vertex -26 2.51141 32.7929
    endloop
  endfacet
  facet normal -1 0 0
    outer loop
      vertex -26 2.3564 33.2188
      vertex -26 21 44
      vertex -26 2.4432 33.0093
    endloop
  endfacet
  facet normal -1 0 0
    outer loop
      vertex -26 2.25167 33.42
      vertex -26 21 44
      vertex -26 2.3564 33.2188
    endloop
  endfacet
  facet normal -1 0 0
    outer loop
      vertex -26 2.1298 33.6113
      vertex -26 21 44
      vertex -26 2.25167 33.42
    endloop
  endfacet
  facet normal -1 0 0
    outer loop
      vertex -26 0.799999 44
      vertex -26 2.1298 33.6113
      vertex -26 1.99172 33.7912
    endloop
  endfacet
  facet normal -1 0 0
    outer loop
      vertex -26 0.799999 44
      vertex -26 1.99172 33.7912
      vertex -26 1.83848 33.9585
    endloop
  endfacet
  facet normal -1 0 0
    outer loop
      vertex -26 0.799999 44
      vertex -26 1.83848 33.9585
      vertex -26 1.67125 34.1117
    endloop
  endfacet
  facet normal -1 0 0
    outer loop
      vertex -26 0.799999 44
      vertex -26 1.67125 34.1117
      vertex -26 1.4913 34.2498
    endloop
  endfacet
  facet normal -1 0 0
    outer loop
      vertex -26 0.799999 44
      vertex -26 1.4913 34.2498
      vertex -26 1.3 34.3717
    endloop
  endfacet
  facet normal -1 0 0
    outer loop
      vertex -26 0.799999 44
      vertex -26 1.3 34.3717
      vertex -26 1.09881 34.4764
    endloop
  endfacet
  facet normal -1 0 0
    outer loop
      vertex -26 0.799999 44
      vertex -26 1.09881 34.4764
      vertex -26 0.889252 34.5632
    endloop
  endfacet
  facet normal -1 0 0
    outer loop
      vertex -26 0.799999 44
      vertex -26 0.889252 34.5632
      vertex -26 0.799999 34.5913
    endloop
  endfacet
  facet normal -1 0 0
    outer loop
      vertex -26 2.1298 33.6113
      vertex -26 0.799999 44
      vertex -26 21 44
    endloop
  endfacet
  facet normal -1 0 0
    outer loop
      vertex -26 -0.799999 0
      vertex -26 -0.889252 9.4368
      vertex -26 -0.799999 9.40866
    endloop
  endfacet
  facet normal -1 0 0
    outer loop
      vertex -26 -0.799999 0
      vertex -26 -1.09881 9.5236
      vertex -26 -0.889252 9.4368
    endloop
  endfacet
  facet normal -1 0 0
    outer loop
      vertex -26 -0.799999 0
      vertex -26 -1.3 9.62833
      vertex -26 -1.09881 9.5236
    endloop
  endfacet
  facet normal -1 0 0
    outer loop
      vertex -26 -0.799999 0
      vertex -26 -1.4913 9.75021
      vertex -26 -1.3 9.62833
    endloop
  endfacet
  facet normal -1 0 0
    outer loop
      vertex -26 -0.799999 0
      vertex -26 -1.67125 9.88828
      vertex -26 -1.4913 9.75021
    endloop
  endfacet
  facet normal -1 0 0
    outer loop
      vertex -26 -0.799999 0
      vertex -26 -1.83848 10.0415
      vertex -26 -1.67125 9.88828
    endloop
  endfacet
  facet normal -1 0 0
    outer loop
      vertex -26 -0.799999 0
      vertex -26 -1.99172 10.2088
      vertex -26 -1.83848 10.0415
    endloop
  endfacet
  facet normal -1 0 0
    outer loop
      vertex -26 -0.799999 0
      vertex -26 -2.1298 10.3887
      vertex -26 -1.99172 10.2088
    endloop
  endfacet
  facet normal -1 0 0
    outer loop
      vertex -26 -21 0
      vertex -26 -2.1298 10.3887
      vertex -26 -0.799999 0
    endloop
  endfacet
  facet normal -1 -0 0
    outer loop
      vertex -26 -2.1298 10.3887
      vertex -26 -21 0
      vertex -26 -2.25167 10.58
    endloop
  endfacet
  facet normal -1 -0 0
    outer loop
      vertex -26 -2.25167 10.58
      vertex -26 -21 0
      vertex -26 -2.3564 10.7812
    endloop
  endfacet
  facet normal -1 -0 0
    outer loop
      vertex -26 -2.3564 10.7812
      vertex -26 -21 0
      vertex -26 -2.4432 10.9907
    endloop
  endfacet
  facet normal -1 -0 0
    outer loop
      vertex -26 -2.4432 10.9907
      vertex -26 -21 0
      vertex -26 -2.51141 11.2071
    endloop
  endfacet
  facet normal -1 0 0
    outer loop
      vertex -26 -2.5605 31.6685
      vertex -26 -21 44
      vertex -26 -2.59011 31.8934
    endloop
  endfacet
  facet normal -1 -0 0
    outer loop
      vertex -26 -2.59011 11.6534
      vertex -26 -21 0
      vertex -26 -2.6 11.88
    endloop
  endfacet
  facet normal -1 -0 0
    outer loop
      vertex -26 -2.5605 11.4285
      vertex -26 -21 0
      vertex -26 -2.59011 11.6534
    endloop
  endfacet
  facet normal -1 -0 0
    outer loop
      vertex -26 -2.51141 11.2071
      vertex -26 -21 0
      vertex -26 -2.5605 11.4285
    endloop
  endfacet
  facet normal -1 0 0
    outer loop
      vertex -26 -0.889252 14.3232
      vertex -26 -0.799999 29.6487
      vertex -26 -0.799999 14.3513
    endloop
  endfacet
  facet normal -1 0 0
    outer loop
      vertex -26 -0.889252 14.3232
      vertex -26 -0.889252 29.6768
      vertex -26 -0.799999 29.6487
    endloop
  endfacet
  facet normal -1 0 0
    outer loop
      vertex -26 -1.09881 14.2364
      vertex -26 -0.889252 29.6768
      vertex -26 -0.889252 14.3232
    endloop
  endfacet
  facet normal -1 0 0
    outer loop
      vertex -26 -1.09881 14.2364
      vertex -26 -1.09881 29.7636
      vertex -26 -0.889252 29.6768
    endloop
  endfacet
  facet normal -1 0 0
    outer loop
      vertex -26 -1.3 14.1317
      vertex -26 -1.09881 29.7636
      vertex -26 -1.09881 14.2364
    endloop
  endfacet
  facet normal -1 0 0
    outer loop
      vertex -26 -1.3 14.1317
      vertex -26 -1.3 29.8683
      vertex -26 -1.09881 29.7636
    endloop
  endfacet
  facet normal -1 0 0
    outer loop
      vertex -26 -1.4913 14.0098
      vertex -26 -1.3 29.8683
      vertex -26 -1.3 14.1317
    endloop
  endfacet
  facet normal -1 0 0
    outer loop
      vertex -26 -1.4913 14.0098
      vertex -26 -1.4913 29.9902
      vertex -26 -1.3 29.8683
    endloop
  endfacet
  facet normal -1 0 0
    outer loop
      vertex -26 -1.67125 13.8717
      vertex -26 -1.4913 29.9902
      vertex -26 -1.4913 14.0098
    endloop
  endfacet
  facet normal -1 0 0
    outer loop
      vertex -26 -1.67125 13.8717
      vertex -26 -1.67125 30.1283
      vertex -26 -1.4913 29.9902
    endloop
  endfacet
  facet normal -1 0 0
    outer loop
      vertex -26 -1.83848 13.7185
      vertex -26 -1.67125 30.1283
      vertex -26 -1.67125 13.8717
    endloop
  endfacet
  facet normal -1 0 0
    outer loop
      vertex -26 -1.83848 13.7185
      vertex -26 -1.83848 30.2815
      vertex -26 -1.67125 30.1283
    endloop
  endfacet
  facet normal -1 0 0
    outer loop
      vertex -26 -1.99172 13.5512
      vertex -26 -1.83848 30.2815
      vertex -26 -1.83848 13.7185
    endloop
  endfacet
  facet normal -1 0 0
    outer loop
      vertex -26 -1.99172 13.5512
      vertex -26 -1.99172 30.4488
      vertex -26 -1.83848 30.2815
    endloop
  endfacet
  facet normal -1 0 0
    outer loop
      vertex -26 -2.1298 13.3713
      vertex -26 -1.99172 30.4488
      vertex -26 -1.99172 13.5512
    endloop
  endfacet
  facet normal -1 0 0
    outer loop
      vertex -26 -2.1298 13.3713
      vertex -26 -2.1298 30.6287
      vertex -26 -1.99172 30.4488
    endloop
  endfacet
  facet normal -1 0 0
    outer loop
      vertex -26 -2.25167 13.18
      vertex -26 -2.1298 30.6287
      vertex -26 -2.1298 13.3713
    endloop
  endfacet
  facet normal -1 0 0
    outer loop
      vertex -26 -2.25167 13.18
      vertex -26 -2.25167 30.82
      vertex -26 -2.1298 30.6287
    endloop
  endfacet
  facet normal -1 0 0
    outer loop
      vertex -26 -2.3564 12.9788
      vertex -26 -2.25167 30.82
      vertex -26 -2.25167 13.18
    endloop
  endfacet
  facet normal -1 0 0
    outer loop
      vertex -26 -2.3564 12.9788
      vertex -26 -2.3564 31.0212
      vertex -26 -2.25167 30.82
    endloop
  endfacet
  facet normal -1 0 0
    outer loop
      vertex -26 -21 0
      vertex -26 -2.3564 12.9788
      vertex -26 -2.4432 12.7693
    endloop
  endfacet
  facet normal -1 -0 0
    outer loop
      vertex -26 -2.3564 12.9788
      vertex -26 -21 0
      vertex -26 -2.3564 31.0212
    endloop
  endfacet
  facet normal -1 0 0
    outer loop
      vertex -26 -21 0
      vertex -26 -2.4432 12.7693
      vertex -26 -2.51141 12.5529
    endloop
  endfacet
  facet normal -1 0 0
    outer loop
      vertex -26 -21 44
      vertex -26 -2.3564 31.0212
      vertex -26 -21 0
    endloop
  endfacet
  facet normal -1 0 0
    outer loop
      vertex -26 -21 0
      vertex -26 -2.51141 12.5529
      vertex -26 -2.5605 12.3315
    endloop
  endfacet
  facet normal -1 0 0
    outer loop
      vertex -26 -2.3564 31.0212
      vertex -26 -21 44
      vertex -26 -2.4432 31.2307
    endloop
  endfacet
  facet normal -1 0 0
    outer loop
      vertex -26 -21 0
      vertex -26 -2.5605 12.3315
      vertex -26 -2.59011 12.1066
    endloop
  endfacet
  facet normal -1 0 0
    outer loop
      vertex -26 -2.4432 31.2307
      vertex -26 -21 44
      vertex -26 -2.51141 31.4471
    endloop
  endfacet
  facet normal -1 0 0
    outer loop
      vertex -26 -21 0
      vertex -26 -2.59011 12.1066
      vertex -26 -2.6 11.88
    endloop
  endfacet
  facet normal -1 0 0
    outer loop
      vertex -26 -2.51141 31.4471
      vertex -26 -21 44
      vertex -26 -2.5605 31.6685
    endloop
  endfacet
  facet normal -1 0 0
    outer loop
      vertex -26 -0.889252 34.5632
      vertex -26 -0.799999 44
      vertex -26 -0.799999 34.5913
    endloop
  endfacet
  facet normal -1 0 0
    outer loop
      vertex -26 -1.09881 34.4764
      vertex -26 -0.799999 44
      vertex -26 -0.889252 34.5632
    endloop
  endfacet
  facet normal -1 0 0
    outer loop
      vertex -26 -1.3 34.3717
      vertex -26 -0.799999 44
      vertex -26 -1.09881 34.4764
    endloop
  endfacet
  facet normal -1 0 0
    outer loop
      vertex -26 -1.4913 34.2498
      vertex -26 -0.799999 44
      vertex -26 -1.3 34.3717
    endloop
  endfacet
  facet normal -1 0 0
    outer loop
      vertex -26 -1.67125 34.1117
      vertex -26 -0.799999 44
      vertex -26 -1.4913 34.2498
    endloop
  endfacet
  facet normal -1 0 0
    outer loop
      vertex -26 -1.83848 33.9585
      vertex -26 -0.799999 44
      vertex -26 -1.67125 34.1117
    endloop
  endfacet
  facet normal -1 0 0
    outer loop
      vertex -26 -1.99172 33.7912
      vertex -26 -0.799999 44
      vertex -26 -1.83848 33.9585
    endloop
  endfacet
  facet normal -1 0 0
    outer loop
      vertex -26 -2.1298 33.6113
      vertex -26 -0.799999 44
      vertex -26 -1.99172 33.7912
    endloop
  endfacet
  facet normal -1 0 0
    outer loop
      vertex -26 -21 44
      vertex -26 -2.1298 33.6113
      vertex -26 -2.25167 33.42
    endloop
  endfacet
  facet normal -1 0 0
    outer loop
      vertex -26 -21 44
      vertex -26 -2.25167 33.42
      vertex -26 -2.3564 33.2188
    endloop
  endfacet
  facet normal -1 0 0
    outer loop
      vertex -26 -21 44
      vertex -26 -2.3564 33.2188
      vertex -26 -2.4432 33.0093
    endloop
  endfacet
  facet normal -1 0 0
    outer loop
      vertex -26 -21 44
      vertex -26 -2.4432 33.0093
      vertex -26 -2.51141 32.7929
    endloop
  endfacet
  facet normal -1 0 0
    outer loop
      vertex -26 -21 44
      vertex -26 -2.51141 32.7929
      vertex -26 -2.5605 32.5715
    endloop
  endfacet
  facet normal -1 0 0
    outer loop
      vertex -26 -2.59011 31.8934
      vertex -26 -21 44
      vertex -26 -2.6 32.12
    endloop
  endfacet
  facet normal -1 0 0
    outer loop
      vertex -26 -2.6 32.12
      vertex -26 -21 44
      vertex -26 -2.59011 32.3466
    endloop
  endfacet
  facet normal -1 0 0
    outer loop
      vertex -26 -2.59011 32.3466
      vertex -26 -21 44
      vertex -26 -2.5605 32.5715
    endloop
  endfacet
  facet normal -1 0 0
    outer loop
      vertex -26 -2.1298 33.6113
      vertex -26 -21 44
      vertex -26 -0.799999 44
    endloop
  endfacet
  facet normal -0.953759 0.300572 0
    outer loop
      vertex -25.8296 22.2941 0
      vertex -25.6985 22.7101 44
      vertex -25.6985 22.7101 0
    endloop
  endfacet
  facet normal -0.953759 0.300572 0
    outer loop
      vertex -25.6985 22.7101 44
      vertex -25.8296 22.2941 0
      vertex -25.8296 22.2941 44
    endloop
  endfacet
  facet normal -0.923821 0.382824 0
    outer loop
      vertex -25.6985 22.7101 0
      vertex -25.5315 23.1131 44
      vertex -25.5315 23.1131 0
    endloop
  endfacet
  facet normal -0.923821 0.382824 0
    outer loop
      vertex -25.5315 23.1131 44
      vertex -25.6985 22.7101 0
      vertex -25.6985 22.7101 44
    endloop
  endfacet
  facet normal -0.0435566 -0.999051 0
    outer loop
      vertex -21.4358 -25.981 0
      vertex -21 -26 44
      vertex -21.4358 -25.981 44
    endloop
  endfacet
  facet normal -0.0435566 -0.999051 -0
    outer loop
      vertex -21 -26 44
      vertex -21.4358 -25.981 0
      vertex -21 -26 0
    endloop
  endfacet
  facet normal -0.537172 -0.843473 0
    outer loop
      vertex -23.8679 -25.0958 0
      vertex -23.5 -25.3301 44
      vertex -23.8679 -25.0958 44
    endloop
  endfacet
  facet normal -0.537172 -0.843473 -0
    outer loop
      vertex -23.5 -25.3301 44
      vertex -23.8679 -25.0958 0
      vertex -23.5 -25.3301 0
    endloop
  endfacet
  facet normal -0.999051 -0.0435566 0
    outer loop
      vertex -25.981 -21.4358 0
      vertex -26 -21 44
      vertex -26 -21 0
    endloop
  endfacet
  facet normal -0.999051 -0.0435566 0
    outer loop
      vertex -26 -21 44
      vertex -25.981 -21.4358 0
      vertex -25.981 -21.4358 44
    endloop
  endfacet
  facet normal -0.0435566 0.999051 0
    outer loop
      vertex -21 26 0
      vertex -21.4358 25.981 44
      vertex -21 26 44
    endloop
  endfacet
  facet normal -0.0435566 0.999051 0
    outer loop
      vertex -21.4358 25.981 44
      vertex -21 26 0
      vertex -21.4358 25.981 0
    endloop
  endfacet
  facet normal 0.737268 -0.6756 0
    outer loop
      vertex 24.5355 -24.5355 44
      vertex 24.8302 -24.2139 0
      vertex 24.8302 -24.2139 44
    endloop
  endfacet
  facet normal 0.737268 -0.6756 0
    outer loop
      vertex 24.8302 -24.2139 0
      vertex 24.5355 -24.5355 44
      vertex 24.5355 -24.5355 0
    endloop
  endfacet
  facet normal -0.382824 0.923821 0
    outer loop
      vertex -22.7101 25.6985 0
      vertex -23.1131 25.5315 44
      vertex -22.7101 25.6985 44
    endloop
  endfacet
  facet normal -0.382824 0.923821 0
    outer loop
      vertex -23.1131 25.5315 44
      vertex -22.7101 25.6985 0
      vertex -23.1131 25.5315 0
    endloop
  endfacet
  facet normal 0.976306 -0.216396 0
    outer loop
      vertex 25.8296 -22.2941 44
      vertex 25.924 -21.8682 0
      vertex 25.924 -21.8682 44
    endloop
  endfacet
  facet normal 0.976306 -0.216396 0
    outer loop
      vertex 25.924 -21.8682 0
      vertex 25.8296 -22.2941 44
      vertex 25.8296 -22.2941 0
    endloop
  endfacet
  facet normal 0.991423 -0.130692 0
    outer loop
      vertex 25.924 -21.8682 44
      vertex 25.981 -21.4358 0
      vertex 25.981 -21.4358 44
    endloop
  endfacet
  facet normal 0.991423 -0.130692 0
    outer loop
      vertex 25.981 -21.4358 0
      vertex 25.924 -21.8682 44
      vertex 25.924 -21.8682 0
    endloop
  endfacet
  facet normal -0.991423 0.130692 0
    outer loop
      vertex -25.981 21.4358 0
      vertex -25.924 21.8682 44
      vertex -25.924 21.8682 0
    endloop
  endfacet
  facet normal -0.991423 0.130692 0
    outer loop
      vertex -25.924 21.8682 44
      vertex -25.981 21.4358 0
      vertex -25.981 21.4358 44
    endloop
  endfacet
  facet normal 0.130692 -0.991423 0
    outer loop
      vertex 21.4358 -25.981 0
      vertex 21.8682 -25.924 44
      vertex 21.4358 -25.981 44
    endloop
  endfacet
  facet normal 0.130692 -0.991423 0
    outer loop
      vertex 21.8682 -25.924 44
      vertex 21.4358 -25.981 0
      vertex 21.8682 -25.924 0
    endloop
  endfacet
  facet normal -0.6756 0.737268 0
    outer loop
      vertex -24.2139 24.8302 0
      vertex -24.5355 24.5355 44
      vertex -24.2139 24.8302 44
    endloop
  endfacet
  facet normal -0.6756 0.737268 0
    outer loop
      vertex -24.5355 24.5355 44
      vertex -24.2139 24.8302 0
      vertex -24.5355 24.5355 0
    endloop
  endfacet
  facet normal -0.843473 -0.537172 0
    outer loop
      vertex -25.0958 -23.8679 0
      vertex -25.3301 -23.5 44
      vertex -25.3301 -23.5 0
    endloop
  endfacet
  facet normal -0.843473 -0.537172 0
    outer loop
      vertex -25.3301 -23.5 44
      vertex -25.0958 -23.8679 0
      vertex -25.0958 -23.8679 44
    endloop
  endfacet
  facet normal 0.608913 -0.793237 0
    outer loop
      vertex 23.8679 -25.0958 0
      vertex 24.2139 -24.8302 44
      vertex 23.8679 -25.0958 44
    endloop
  endfacet
  facet normal 0.608913 -0.793237 0
    outer loop
      vertex 24.2139 -24.8302 44
      vertex 23.8679 -25.0958 0
      vertex 24.2139 -24.8302 0
    endloop
  endfacet
  facet normal 0.6756 -0.737268 0
    outer loop
      vertex 24.2139 -24.8302 0
      vertex 24.5355 -24.5355 44
      vertex 24.2139 -24.8302 44
    endloop
  endfacet
  facet normal 0.6756 -0.737268 0
    outer loop
      vertex 24.5355 -24.5355 44
      vertex 24.2139 -24.8302 0
      vertex 24.5355 -24.5355 0
    endloop
  endfacet
  facet normal -0.300572 0.953759 0
    outer loop
      vertex -22.2941 25.8296 0
      vertex -22.7101 25.6985 44
      vertex -22.2941 25.8296 44
    endloop
  endfacet
  facet normal -0.300572 0.953759 0
    outer loop
      vertex -22.7101 25.6985 44
      vertex -22.2941 25.8296 0
      vertex -22.7101 25.6985 0
    endloop
  endfacet
  facet normal 0.461735 -0.887018 0
    outer loop
      vertex 23.1131 -25.5315 0
      vertex 23.5 -25.3301 44
      vertex 23.1131 -25.5315 44
    endloop
  endfacet
  facet normal 0.461735 -0.887018 0
    outer loop
      vertex 23.5 -25.3301 44
      vertex 23.1131 -25.5315 0
      vertex 23.5 -25.3301 0
    endloop
  endfacet
  facet normal -0.216396 0.976306 0
    outer loop
      vertex -21.8682 25.924 0
      vertex -22.2941 25.8296 44
      vertex -21.8682 25.924 44
    endloop
  endfacet
  facet normal -0.216396 0.976306 0
    outer loop
      vertex -22.2941 25.8296 44
      vertex -21.8682 25.924 0
      vertex -22.2941 25.8296 0
    endloop
  endfacet
  facet normal -0.999051 0.0435566 0
    outer loop
      vertex -26 21 0
      vertex -25.981 21.4358 44
      vertex -25.981 21.4358 0
    endloop
  endfacet
  facet normal -0.999051 0.0435566 0
    outer loop
      vertex -25.981 21.4358 44
      vertex -26 21 0
      vertex -26 21 44
    endloop
  endfacet
  facet normal -0.737268 0.6756 0
    outer loop
      vertex -24.8302 24.2139 0
      vertex -24.5355 24.5355 44
      vertex -24.5355 24.5355 0
    endloop
  endfacet
  facet normal -0.737268 0.6756 0
    outer loop
      vertex -24.5355 24.5355 44
      vertex -24.8302 24.2139 0
      vertex -24.8302 24.2139 44
    endloop
  endfacet
  facet normal 0.793237 -0.608913 0
    outer loop
      vertex 24.8302 -24.2139 44
      vertex 25.0958 -23.8679 0
      vertex 25.0958 -23.8679 44
    endloop
  endfacet
  facet normal 0.793237 -0.608913 0
    outer loop
      vertex 25.0958 -23.8679 0
      vertex 24.8302 -24.2139 44
      vertex 24.8302 -24.2139 0
    endloop
  endfacet
  facet normal 0.953759 0.300572 0
    outer loop
      vertex 25.8296 22.2941 44
      vertex 25.6985 22.7101 0
      vertex 25.6985 22.7101 44
    endloop
  endfacet
  facet normal 0.953759 0.300572 0
    outer loop
      vertex 25.6985 22.7101 0
      vertex 25.8296 22.2941 44
      vertex 25.8296 22.2941 0
    endloop
  endfacet
  facet normal 0.608913 0.793237 -0
    outer loop
      vertex 24.2139 24.8302 0
      vertex 23.8679 25.0958 44
      vertex 24.2139 24.8302 44
    endloop
  endfacet
  facet normal 0.608913 0.793237 0
    outer loop
      vertex 23.8679 25.0958 44
      vertex 24.2139 24.8302 0
      vertex 23.8679 25.0958 0
    endloop
  endfacet
  facet normal -0.887018 -0.461735 0
    outer loop
      vertex -25.3301 -23.5 0
      vertex -25.5315 -23.1131 44
      vertex -25.5315 -23.1131 0
    endloop
  endfacet
  facet normal -0.887018 -0.461735 0
    outer loop
      vertex -25.5315 -23.1131 44
      vertex -25.3301 -23.5 0
      vertex -25.3301 -23.5 44
    endloop
  endfacet
  facet normal 0.537172 0.843473 -0
    outer loop
      vertex 23.8679 25.0958 0
      vertex 23.5 25.3301 44
      vertex 23.8679 25.0958 44
    endloop
  endfacet
  facet normal 0.537172 0.843473 0
    outer loop
      vertex 23.5 25.3301 44
      vertex 23.8679 25.0958 0
      vertex 23.5 25.3301 0
    endloop
  endfacet
  facet normal 0.300572 -0.953759 0
    outer loop
      vertex 22.2941 -25.8296 0
      vertex 22.7101 -25.6985 44
      vertex 22.2941 -25.8296 44
    endloop
  endfacet
  facet normal 0.300572 -0.953759 0
    outer loop
      vertex 22.7101 -25.6985 44
      vertex 22.2941 -25.8296 0
      vertex 22.7101 -25.6985 0
    endloop
  endfacet
  facet normal 0.382824 -0.923821 0
    outer loop
      vertex 22.7101 -25.6985 0
      vertex 23.1131 -25.5315 44
      vertex 22.7101 -25.6985 44
    endloop
  endfacet
  facet normal 0.382824 -0.923821 0
    outer loop
      vertex 23.1131 -25.5315 44
      vertex 22.7101 -25.6985 0
      vertex 23.1131 -25.5315 0
    endloop
  endfacet
  facet normal 0.976306 0.216396 0
    outer loop
      vertex 25.924 21.8682 44
      vertex 25.8296 22.2941 0
      vertex 25.8296 22.2941 44
    endloop
  endfacet
  facet normal 0.976306 0.216396 0
    outer loop
      vertex 25.8296 22.2941 0
      vertex 25.924 21.8682 44
      vertex 25.924 21.8682 0
    endloop
  endfacet
  facet normal 0.461735 0.887018 -0
    outer loop
      vertex 23.5 25.3301 0
      vertex 23.1131 25.5315 44
      vertex 23.5 25.3301 44
    endloop
  endfacet
  facet normal 0.461735 0.887018 0
    outer loop
      vertex 23.1131 25.5315 44
      vertex 23.5 25.3301 0
      vertex 23.1131 25.5315 0
    endloop
  endfacet
  facet normal -0.130692 0.991423 0
    outer loop
      vertex -21.4358 25.981 0
      vertex -21.8682 25.924 44
      vertex -21.4358 25.981 44
    endloop
  endfacet
  facet normal -0.130692 0.991423 0
    outer loop
      vertex -21.8682 25.924 44
      vertex -21.4358 25.981 0
      vertex -21.8682 25.924 0
    endloop
  endfacet
  facet normal -0.923821 -0.382824 0
    outer loop
      vertex -25.5315 -23.1131 0
      vertex -25.6985 -22.7101 44
      vertex -25.6985 -22.7101 0
    endloop
  endfacet
  facet normal -0.923821 -0.382824 0
    outer loop
      vertex -25.6985 -22.7101 44
      vertex -25.5315 -23.1131 0
      vertex -25.5315 -23.1131 44
    endloop
  endfacet
  facet normal -0.216396 -0.976306 0
    outer loop
      vertex -22.2941 -25.8296 0
      vertex -21.8682 -25.924 44
      vertex -22.2941 -25.8296 44
    endloop
  endfacet
  facet normal -0.216396 -0.976306 -0
    outer loop
      vertex -21.8682 -25.924 44
      vertex -22.2941 -25.8296 0
      vertex -21.8682 -25.924 0
    endloop
  endfacet
  facet normal 0.737268 0.6756 0
    outer loop
      vertex 24.8302 24.2139 44
      vertex 24.5355 24.5355 0
      vertex 24.5355 24.5355 44
    endloop
  endfacet
  facet normal 0.737268 0.6756 0
    outer loop
      vertex 24.5355 24.5355 0
      vertex 24.8302 24.2139 44
      vertex 24.8302 24.2139 0
    endloop
  endfacet
  facet normal -0.130692 -0.991423 0
    outer loop
      vertex -21.8682 -25.924 0
      vertex -21.4358 -25.981 44
      vertex -21.8682 -25.924 44
    endloop
  endfacet
  facet normal -0.130692 -0.991423 -0
    outer loop
      vertex -21.4358 -25.981 44
      vertex -21.8682 -25.924 0
      vertex -21.4358 -25.981 0
    endloop
  endfacet
  facet normal -0.976306 0.216396 0
    outer loop
      vertex -25.924 21.8682 0
      vertex -25.8296 22.2941 44
      vertex -25.8296 22.2941 0
    endloop
  endfacet
  facet normal -0.976306 0.216396 0
    outer loop
      vertex -25.8296 22.2941 44
      vertex -25.924 21.8682 0
      vertex -25.924 21.8682 44
    endloop
  endfacet
  facet normal -0.793237 -0.608913 0
    outer loop
      vertex -24.8302 -24.2139 0
      vertex -25.0958 -23.8679 44
      vertex -25.0958 -23.8679 0
    endloop
  endfacet
  facet normal -0.793237 -0.608913 0
    outer loop
      vertex -25.0958 -23.8679 44
      vertex -24.8302 -24.2139 0
      vertex -24.8302 -24.2139 44
    endloop
  endfacet
  facet normal 0.793237 0.608913 0
    outer loop
      vertex 25.0958 23.8679 44
      vertex 24.8302 24.2139 0
      vertex 24.8302 24.2139 44
    endloop
  endfacet
  facet normal 0.793237 0.608913 0
    outer loop
      vertex 24.8302 24.2139 0
      vertex 25.0958 23.8679 44
      vertex 25.0958 23.8679 0
    endloop
  endfacet
  facet normal -0.608913 0.793237 0
    outer loop
      vertex -23.8679 25.0958 0
      vertex -24.2139 24.8302 44
      vertex -23.8679 25.0958 44
    endloop
  endfacet
  facet normal -0.608913 0.793237 0
    outer loop
      vertex -24.2139 24.8302 44
      vertex -23.8679 25.0958 0
      vertex -24.2139 24.8302 0
    endloop
  endfacet
  facet normal 0.991423 0.130692 0
    outer loop
      vertex 25.981 21.4358 44
      vertex 25.924 21.8682 0
      vertex 25.924 21.8682 44
    endloop
  endfacet
  facet normal 0.991423 0.130692 0
    outer loop
      vertex 25.924 21.8682 0
      vertex 25.981 21.4358 44
      vertex 25.981 21.4358 0
    endloop
  endfacet
  facet normal 0.843473 -0.537172 0
    outer loop
      vertex 25.0958 -23.8679 44
      vertex 25.3301 -23.5 0
      vertex 25.3301 -23.5 44
    endloop
  endfacet
  facet normal 0.843473 -0.537172 0
    outer loop
      vertex 25.3301 -23.5 0
      vertex 25.0958 -23.8679 44
      vertex 25.0958 -23.8679 0
    endloop
  endfacet
  facet normal 0.216396 -0.976306 0
    outer loop
      vertex 21.8682 -25.924 0
      vertex 22.2941 -25.8296 44
      vertex 21.8682 -25.924 44
    endloop
  endfacet
  facet normal 0.216396 -0.976306 0
    outer loop
      vertex 22.2941 -25.8296 44
      vertex 21.8682 -25.924 0
      vertex 22.2941 -25.8296 0
    endloop
  endfacet
  facet normal -0.843473 0.537172 0
    outer loop
      vertex -25.3301 23.5 0
      vertex -25.0958 23.8679 44
      vertex -25.0958 23.8679 0
    endloop
  endfacet
  facet normal -0.843473 0.537172 0
    outer loop
      vertex -25.0958 23.8679 44
      vertex -25.3301 23.5 0
      vertex -25.3301 23.5 44
    endloop
  endfacet
  facet normal 0.999051 -0.0435566 0
    outer loop
      vertex 25.981 -21.4358 44
      vertex 26 -21 0
      vertex 26 -21 44
    endloop
  endfacet
  facet normal 0.999051 -0.0435566 0
    outer loop
      vertex 26 -21 0
      vertex 25.981 -21.4358 44
      vertex 25.981 -21.4358 0
    endloop
  endfacet
  facet normal 0.953759 -0.300572 0
    outer loop
      vertex 25.6985 -22.7101 44
      vertex 25.8296 -22.2941 0
      vertex 25.8296 -22.2941 44
    endloop
  endfacet
  facet normal 0.953759 -0.300572 0
    outer loop
      vertex 25.8296 -22.2941 0
      vertex 25.6985 -22.7101 44
      vertex 25.6985 -22.7101 0
    endloop
  endfacet
  facet normal -0.793237 0.608913 0
    outer loop
      vertex -25.0958 23.8679 0
      vertex -24.8302 24.2139 44
      vertex -24.8302 24.2139 0
    endloop
  endfacet
  facet normal -0.793237 0.608913 0
    outer loop
      vertex -24.8302 24.2139 44
      vertex -25.0958 23.8679 0
      vertex -25.0958 23.8679 44
    endloop
  endfacet
  facet normal 0.923821 0.382824 0
    outer loop
      vertex 25.6985 22.7101 44
      vertex 25.5315 23.1131 0
      vertex 25.5315 23.1131 44
    endloop
  endfacet
  facet normal 0.923821 0.382824 0
    outer loop
      vertex 25.5315 23.1131 0
      vertex 25.6985 22.7101 44
      vertex 25.6985 22.7101 0
    endloop
  endfacet
  facet normal -0.461735 0.887018 0
    outer loop
      vertex -23.1131 25.5315 0
      vertex -23.5 25.3301 44
      vertex -23.1131 25.5315 44
    endloop
  endfacet
  facet normal -0.461735 0.887018 0
    outer loop
      vertex -23.5 25.3301 44
      vertex -23.1131 25.5315 0
      vertex -23.5 25.3301 0
    endloop
  endfacet
  facet normal 0.537172 -0.843473 0
    outer loop
      vertex 23.5 -25.3301 0
      vertex 23.8679 -25.0958 44
      vertex 23.5 -25.3301 44
    endloop
  endfacet
  facet normal 0.537172 -0.843473 0
    outer loop
      vertex 23.8679 -25.0958 44
      vertex 23.5 -25.3301 0
      vertex 23.8679 -25.0958 0
    endloop
  endfacet
  facet normal 0.300572 0.953759 -0
    outer loop
      vertex 22.7101 25.6985 0
      vertex 22.2941 25.8296 44
      vertex 22.7101 25.6985 44
    endloop
  endfacet
  facet normal 0.300572 0.953759 0
    outer loop
      vertex 22.2941 25.8296 44
      vertex 22.7101 25.6985 0
      vertex 22.2941 25.8296 0
    endloop
  endfacet
  facet normal -0.953759 -0.300572 0
    outer loop
      vertex -25.6985 -22.7101 0
      vertex -25.8296 -22.2941 44
      vertex -25.8296 -22.2941 0
    endloop
  endfacet
  facet normal -0.953759 -0.300572 0
    outer loop
      vertex -25.8296 -22.2941 44
      vertex -25.6985 -22.7101 0
      vertex -25.6985 -22.7101 44
    endloop
  endfacet
  facet normal -0.737268 -0.6756 0
    outer loop
      vertex -24.5355 -24.5355 0
      vertex -24.8302 -24.2139 44
      vertex -24.8302 -24.2139 0
    endloop
  endfacet
  facet normal -0.737268 -0.6756 0
    outer loop
      vertex -24.8302 -24.2139 44
      vertex -24.5355 -24.5355 0
      vertex -24.5355 -24.5355 44
    endloop
  endfacet
  facet normal 0.887018 0.461735 0
    outer loop
      vertex 25.5315 23.1131 44
      vertex 25.3301 23.5 0
      vertex 25.3301 23.5 44
    endloop
  endfacet
  facet normal 0.887018 0.461735 0
    outer loop
      vertex 25.3301 23.5 0
      vertex 25.5315 23.1131 44
      vertex 25.5315 23.1131 0
    endloop
  endfacet
  facet normal -0 0 1
    outer loop
      vertex -26 -0.799999 44
      vertex -20.2 -20.2 44
      vertex -20.2 -0.799999 44
    endloop
  endfacet
  facet normal 0 -0 1
    outer loop
      vertex -25.981 -21.4358 44
      vertex -20.2 -20.2 44
      vertex -26 -21 44
    endloop
  endfacet
  facet normal 0 0 1
    outer loop
      vertex -20.2 -20.2 44
      vertex -21.4358 -25.981 44
      vertex -21 -26 44
    endloop
  endfacet
  facet normal 0 0 1
    outer loop
      vertex -20.2 -20.2 44
      vertex -21.8682 -25.924 44
      vertex -21.4358 -25.981 44
    endloop
  endfacet
  facet normal 0 0 1
    outer loop
      vertex -20.2 -20.2 44
      vertex -22.2941 -25.8296 44
      vertex -21.8682 -25.924 44
    endloop
  endfacet
  facet normal 0 0 1
    outer loop
      vertex -20.2 -20.2 44
      vertex -22.7101 -25.6985 44
      vertex -22.2941 -25.8296 44
    endloop
  endfacet
  facet normal 0 0 1
    outer loop
      vertex -20.2 -20.2 44
      vertex -23.1131 -25.5315 44
      vertex -22.7101 -25.6985 44
    endloop
  endfacet
  facet normal 0 0 1
    outer loop
      vertex -20.2 -20.2 44
      vertex -23.5 -25.3301 44
      vertex -23.1131 -25.5315 44
    endloop
  endfacet
  facet normal 0 0 1
    outer loop
      vertex -20.2 -20.2 44
      vertex -23.8679 -25.0958 44
      vertex -23.5 -25.3301 44
    endloop
  endfacet
  facet normal 0 0 1
    outer loop
      vertex -20.2 -20.2 44
      vertex -24.2139 -24.8302 44
      vertex -23.8679 -25.0958 44
    endloop
  endfacet
  facet normal 0 0 1
    outer loop
      vertex -20.2 -20.2 44
      vertex -24.5355 -24.5355 44
      vertex -24.2139 -24.8302 44
    endloop
  endfacet
  facet normal 0 0 1
    outer loop
      vertex -20.2 -20.2 44
      vertex -24.8302 -24.2139 44
      vertex -24.5355 -24.5355 44
    endloop
  endfacet
  facet normal 0 0 1
    outer loop
      vertex -20.2 -20.2 44
      vertex -25.0958 -23.8679 44
      vertex -24.8302 -24.2139 44
    endloop
  endfacet
  facet normal 0 0 1
    outer loop
      vertex -20.2 -20.2 44
      vertex -25.3301 -23.5 44
      vertex -25.0958 -23.8679 44
    endloop
  endfacet
  facet normal 0 0 1
    outer loop
      vertex -20.2 -20.2 44
      vertex -25.5315 -23.1131 44
      vertex -25.3301 -23.5 44
    endloop
  endfacet
  facet normal 0 0 1
    outer loop
      vertex -20.2 -20.2 44
      vertex -25.6985 -22.7101 44
      vertex -25.5315 -23.1131 44
    endloop
  endfacet
  facet normal 0 0 1
    outer loop
      vertex -20.2 -20.2 44
      vertex -25.8296 -22.2941 44
      vertex -25.6985 -22.7101 44
    endloop
  endfacet
  facet normal 0 0 1
    outer loop
      vertex -20.2 -20.2 44
      vertex -25.924 -21.8682 44
      vertex -25.8296 -22.2941 44
    endloop
  endfacet
  facet normal 0 0 1
    outer loop
      vertex -20.2 -20.2 44
      vertex -26 -0.799999 44
      vertex -26 -21 44
    endloop
  endfacet
  facet normal 0 0 1
    outer loop
      vertex -20.2 -20.2 44
      vertex -25.981 -21.4358 44
      vertex -25.924 -21.8682 44
    endloop
  endfacet
  facet normal 0 0 1
    outer loop
      vertex 20.2 20.2 44
      vertex 26 21 44
      vertex 25.981 21.4358 44
    endloop
  endfacet
  facet normal 0 0 1
    outer loop
      vertex 26 21 44
      vertex 20.2 20.2 44
      vertex 26 -21 44
    endloop
  endfacet
  facet normal 0 0 1
    outer loop
      vertex 20.2 20.2 44
      vertex 25.981 21.4358 44
      vertex 25.924 21.8682 44
    endloop
  endfacet
  facet normal -0 0 1
    outer loop
      vertex 20.2 -20.2 44
      vertex 26 -21 44
      vertex 20.2 20.2 44
    endloop
  endfacet
  facet normal 0 0 1
    outer loop
      vertex 20.2 20.2 44
      vertex 25.924 21.8682 44
      vertex 25.8296 22.2941 44
    endloop
  endfacet
  facet normal 0 0 1
    outer loop
      vertex 26 -21 44
      vertex 20.2 -20.2 44
      vertex 25.981 -21.4358 44
    endloop
  endfacet
  facet normal 0 0 1
    outer loop
      vertex 20.2 20.2 44
      vertex 25.8296 22.2941 44
      vertex 25.6985 22.7101 44
    endloop
  endfacet
  facet normal 0 0 1
    outer loop
      vertex 25.981 -21.4358 44
      vertex 20.2 -20.2 44
      vertex 25.924 -21.8682 44
    endloop
  endfacet
  facet normal 0 0 1
    outer loop
      vertex 20.2 20.2 44
      vertex 25.6985 22.7101 44
      vertex 25.5315 23.1131 44
    endloop
  endfacet
  facet normal 0 0 1
    outer loop
      vertex 25.924 -21.8682 44
      vertex 20.2 -20.2 44
      vertex 25.8296 -22.2941 44
    endloop
  endfacet
  facet normal 0 0 1
    outer loop
      vertex 20.2 20.2 44
      vertex 25.5315 23.1131 44
      vertex 25.3301 23.5 44
    endloop
  endfacet
  facet normal 0 0 1
    outer loop
      vertex 25.8296 -22.2941 44
      vertex 20.2 -20.2 44
      vertex 25.6985 -22.7101 44
    endloop
  endfacet
  facet normal 0 0 1
    outer loop
      vertex 20.2 20.2 44
      vertex 25.3301 23.5 44
      vertex 25.0958 23.8679 44
    endloop
  endfacet
  facet normal 0 0 1
    outer loop
      vertex 25.6985 -22.7101 44
      vertex 20.2 -20.2 44
      vertex 25.5315 -23.1131 44
    endloop
  endfacet
  facet normal 0 0 1
    outer loop
      vertex 20.2 20.2 44
      vertex 25.0958 23.8679 44
      vertex 24.8302 24.2139 44
    endloop
  endfacet
  facet normal 0 0 1
    outer loop
      vertex 25.5315 -23.1131 44
      vertex 20.2 -20.2 44
      vertex 25.3301 -23.5 44
    endloop
  endfacet
  facet normal 0 0 1
    outer loop
      vertex 20.2 20.2 44
      vertex 24.8302 24.2139 44
      vertex 24.5355 24.5355 44
    endloop
  endfacet
  facet normal 0 0 1
    outer loop
      vertex 25.3301 -23.5 44
      vertex 20.2 -20.2 44
      vertex 25.0958 -23.8679 44
    endloop
  endfacet
  facet normal 0 0 1
    outer loop
      vertex 20.2 20.2 44
      vertex 24.5355 24.5355 44
      vertex 24.2139 24.8302 44
    endloop
  endfacet
  facet normal 0 0 1
    outer loop
      vertex 25.0958 -23.8679 44
      vertex 20.2 -20.2 44
      vertex 24.8302 -24.2139 44
    endloop
  endfacet
  facet normal 0 0 1
    outer loop
      vertex 20.2 20.2 44
      vertex 24.2139 24.8302 44
      vertex 23.8679 25.0958 44
    endloop
  endfacet
  facet normal 0 0 1
    outer loop
      vertex 24.8302 -24.2139 44
      vertex 20.2 -20.2 44
      vertex 24.5355 -24.5355 44
    endloop
  endfacet
  facet normal 0 0 1
    outer loop
      vertex 20.2 20.2 44
      vertex 23.8679 25.0958 44
      vertex 23.5 25.3301 44
    endloop
  endfacet
  facet normal 0 0 1
    outer loop
      vertex 24.5355 -24.5355 44
      vertex 20.2 -20.2 44
      vertex 24.2139 -24.8302 44
    endloop
  endfacet
  facet normal 0 0 1
    outer loop
      vertex 20.2 20.2 44
      vertex 23.5 25.3301 44
      vertex 23.1131 25.5315 44
    endloop
  endfacet
  facet normal 0 0 1
    outer loop
      vertex 24.2139 -24.8302 44
      vertex 20.2 -20.2 44
      vertex 23.8679 -25.0958 44
    endloop
  endfacet
  facet normal 0 0 1
    outer loop
      vertex 20.2 20.2 44
      vertex 23.1131 25.5315 44
      vertex 22.7101 25.6985 44
    endloop
  endfacet
  facet normal 0 0 1
    outer loop
      vertex 23.8679 -25.0958 44
      vertex 20.2 -20.2 44
      vertex 23.5 -25.3301 44
    endloop
  endfacet
  facet normal 0 0 1
    outer loop
      vertex 20.2 20.2 44
      vertex 22.7101 25.6985 44
      vertex 22.2941 25.8296 44
    endloop
  endfacet
  facet normal 0 0 1
    outer loop
      vertex 23.5 -25.3301 44
      vertex 20.2 -20.2 44
      vertex 23.1131 -25.5315 44
    endloop
  endfacet
  facet normal 0 0 1
    outer loop
      vertex 20.2 20.2 44
      vertex 22.2941 25.8296 44
      vertex 21.8682 25.924 44
    endloop
  endfacet
  facet normal 0 0 1
    outer loop
      vertex 23.1131 -25.5315 44
      vertex 20.2 -20.2 44
      vertex 22.7101 -25.6985 44
    endloop
  endfacet
  facet normal 0 0 1
    outer loop
      vertex 20.2 20.2 44
      vertex 21.8682 25.924 44
      vertex 21.4358 25.981 44
    endloop
  endfacet
  facet normal 0 0 1
    outer loop
      vertex 22.7101 -25.6985 44
      vertex 20.2 -20.2 44
      vertex 22.2941 -25.8296 44
    endloop
  endfacet
  facet normal 0 0 1
    outer loop
      vertex 20.2 20.2 44
      vertex 21.4358 25.981 44
      vertex 21 26 44
    endloop
  endfacet
  facet normal 0 0 1
    outer loop
      vertex 22.2941 -25.8296 44
      vertex 20.2 -20.2 44
      vertex 21.8682 -25.924 44
    endloop
  endfacet
  facet normal 0 0 1
    outer loop
      vertex 21.8682 -25.924 44
      vertex 20.2 -20.2 44
      vertex 21.4358 -25.981 44
    endloop
  endfacet
  facet normal 0 0 1
    outer loop
      vertex 21 26 44
      vertex -20.2 20.2 44
      vertex 20.2 20.2 44
    endloop
  endfacet
  facet normal -0 0 1
    outer loop
      vertex -21 26 44
      vertex -20.2 20.2 44
      vertex 21 26 44
    endloop
  endfacet
  facet normal -0 0 1
    outer loop
      vertex -21.4358 25.981 44
      vertex -20.2 20.2 44
      vertex -21 26 44
    endloop
  endfacet
  facet normal -0 0 1
    outer loop
      vertex -21.8682 25.924 44
      vertex -20.2 20.2 44
      vertex -21.4358 25.981 44
    endloop
  endfacet
  facet normal -0 0 1
    outer loop
      vertex -22.2941 25.8296 44
      vertex -20.2 20.2 44
      vertex -21.8682 25.924 44
    endloop
  endfacet
  facet normal -0 0 1
    outer loop
      vertex -22.7101 25.6985 44
      vertex -20.2 20.2 44
      vertex -22.2941 25.8296 44
    endloop
  endfacet
  facet normal -0 0 1
    outer loop
      vertex -23.1131 25.5315 44
      vertex -20.2 20.2 44
      vertex -22.7101 25.6985 44
    endloop
  endfacet
  facet normal -0 0 1
    outer loop
      vertex -23.5 25.3301 44
      vertex -20.2 20.2 44
      vertex -23.1131 25.5315 44
    endloop
  endfacet
  facet normal -0 0 1
    outer loop
      vertex -23.8679 25.0958 44
      vertex -20.2 20.2 44
      vertex -23.5 25.3301 44
    endloop
  endfacet
  facet normal -0 0 1
    outer loop
      vertex -24.2139 24.8302 44
      vertex -20.2 20.2 44
      vertex -23.8679 25.0958 44
    endloop
  endfacet
  facet normal -0 0 1
    outer loop
      vertex -24.5355 24.5355 44
      vertex -20.2 20.2 44
      vertex -24.2139 24.8302 44
    endloop
  endfacet
  facet normal -0 0 1
    outer loop
      vertex -24.8302 24.2139 44
      vertex -20.2 20.2 44
      vertex -24.5355 24.5355 44
    endloop
  endfacet
  facet normal -0 0 1
    outer loop
      vertex -25.0958 23.8679 44
      vertex -20.2 20.2 44
      vertex -24.8302 24.2139 44
    endloop
  endfacet
  facet normal -0 0 1
    outer loop
      vertex -25.3301 23.5 44
      vertex -20.2 20.2 44
      vertex -25.0958 23.8679 44
    endloop
  endfacet
  facet normal -0 0 1
    outer loop
      vertex -25.5315 23.1131 44
      vertex -20.2 20.2 44
      vertex -25.3301 23.5 44
    endloop
  endfacet
  facet normal -0 0 1
    outer loop
      vertex -25.6985 22.7101 44
      vertex -20.2 20.2 44
      vertex -25.5315 23.1131 44
    endloop
  endfacet
  facet normal -0 0 1
    outer loop
      vertex -25.8296 22.2941 44
      vertex -20.2 20.2 44
      vertex -25.6985 22.7101 44
    endloop
  endfacet
  facet normal -0 0 1
    outer loop
      vertex -25.924 21.8682 44
      vertex -20.2 20.2 44
      vertex -25.8296 22.2941 44
    endloop
  endfacet
  facet normal -0 0 1
    outer loop
      vertex -25.981 21.4358 44
      vertex -20.2 20.2 44
      vertex -25.924 21.8682 44
    endloop
  endfacet
  facet normal 0 0 1
    outer loop
      vertex -20.2 20.2 44
      vertex -25.981 21.4358 44
      vertex -26 21 44
    endloop
  endfacet
  facet normal 0 0 1
    outer loop
      vertex -26 0.799999 44
      vertex -20.2 20.2 44
      vertex -26 21 44
    endloop
  endfacet
  facet normal 0 0 1
    outer loop
      vertex -20.2 20.2 44
      vertex -26 0.799999 44
      vertex -20.2 0.799999 44
    endloop
  endfacet
  facet normal 0 0 1
    outer loop
      vertex 21.4358 -25.981 44
      vertex 20.2 -20.2 44
      vertex 21 -26 44
    endloop
  endfacet
  facet normal -0 0 1
    outer loop
      vertex -20.2 -20.2 44
      vertex 21 -26 44
      vertex 20.2 -20.2 44
    endloop
  endfacet
  facet normal 0 0 1
    outer loop
      vertex 21 -26 44
      vertex -20.2 -20.2 44
      vertex -21 -26 44
    endloop
  endfacet
  facet normal -0.976306 -0.216396 0
    outer loop
      vertex -25.8296 -22.2941 0
      vertex -25.924 -21.8682 44
      vertex -25.924 -21.8682 0
    endloop
  endfacet
  facet normal -0.976306 -0.216396 0
    outer loop
      vertex -25.924 -21.8682 44
      vertex -25.8296 -22.2941 0
      vertex -25.8296 -22.2941 44
    endloop
  endfacet
  facet normal 0 0 -1
    outer loop
      vertex -26 0.799999 0
      vertex -20.2 20.2 0
      vertex -20.2 0.799999 0
    endloop
  endfacet
  facet normal 0 -0 -1
    outer loop
      vertex -25.981 21.4358 0
      vertex -20.2 20.2 0
      vertex -26 21 0
    endloop
  endfacet
  facet normal 0 0 -1
    outer loop
      vertex -20.2 20.2 0
      vertex -21.4358 25.981 0
      vertex -21 26 0
    endloop
  endfacet
  facet normal 0 0 -1
    outer loop
      vertex -20.2 20.2 0
      vertex -21.8682 25.924 0
      vertex -21.4358 25.981 0
    endloop
  endfacet
  facet normal 0 0 -1
    outer loop
      vertex -20.2 20.2 0
      vertex -22.2941 25.8296 0
      vertex -21.8682 25.924 0
    endloop
  endfacet
  facet normal 0 0 -1
    outer loop
      vertex -20.2 20.2 0
      vertex -22.7101 25.6985 0
      vertex -22.2941 25.8296 0
    endloop
  endfacet
  facet normal 0 0 -1
    outer loop
      vertex -20.2 20.2 0
      vertex -23.1131 25.5315 0
      vertex -22.7101 25.6985 0
    endloop
  endfacet
  facet normal 0 0 -1
    outer loop
      vertex -20.2 20.2 0
      vertex -23.5 25.3301 0
      vertex -23.1131 25.5315 0
    endloop
  endfacet
  facet normal 0 0 -1
    outer loop
      vertex -20.2 20.2 0
      vertex -23.8679 25.0958 0
      vertex -23.5 25.3301 0
    endloop
  endfacet
  facet normal 0 0 -1
    outer loop
      vertex -20.2 20.2 0
      vertex -24.2139 24.8302 0
      vertex -23.8679 25.0958 0
    endloop
  endfacet
  facet normal 0 0 -1
    outer loop
      vertex -20.2 20.2 0
      vertex -24.5355 24.5355 0
      vertex -24.2139 24.8302 0
    endloop
  endfacet
  facet normal 0 0 -1
    outer loop
      vertex -20.2 20.2 0
      vertex -24.8302 24.2139 0
      vertex -24.5355 24.5355 0
    endloop
  endfacet
  facet normal 0 0 -1
    outer loop
      vertex -20.2 20.2 0
      vertex -25.0958 23.8679 0
      vertex -24.8302 24.2139 0
    endloop
  endfacet
  facet normal 0 0 -1
    outer loop
      vertex -20.2 20.2 0
      vertex -25.3301 23.5 0
      vertex -25.0958 23.8679 0
    endloop
  endfacet
  facet normal 0 0 -1
    outer loop
      vertex -20.2 20.2 0
      vertex -25.5315 23.1131 0
      vertex -25.3301 23.5 0
    endloop
  endfacet
  facet normal 0 0 -1
    outer loop
      vertex -20.2 20.2 0
      vertex -25.6985 22.7101 0
      vertex -25.5315 23.1131 0
    endloop
  endfacet
  facet normal 0 0 -1
    outer loop
      vertex -20.2 20.2 0
      vertex -25.8296 22.2941 0
      vertex -25.6985 22.7101 0
    endloop
  endfacet
  facet normal 0 0 -1
    outer loop
      vertex -20.2 20.2 0
      vertex -25.924 21.8682 0
      vertex -25.8296 22.2941 0
    endloop
  endfacet
  facet normal -0 0 -1
    outer loop
      vertex -20.2 20.2 0
      vertex -26 0.799999 0
      vertex -26 21 0
    endloop
  endfacet
  facet normal 0 0 -1
    outer loop
      vertex -20.2 20.2 0
      vertex -25.981 21.4358 0
      vertex -25.924 21.8682 0
    endloop
  endfacet
  facet normal 0 0 -1
    outer loop
      vertex 20.2 -20.2 0
      vertex 26 -21 0
      vertex 25.981 -21.4358 0
    endloop
  endfacet
  facet normal 0 0 -1
    outer loop
      vertex 26 -21 0
      vertex 20.2 -20.2 0
      vertex 26 21 0
    endloop
  endfacet
  facet normal 0 0 -1
    outer loop
      vertex 20.2 -20.2 0
      vertex 25.981 -21.4358 0
      vertex 25.924 -21.8682 0
    endloop
  endfacet
  facet normal 0 0 -1
    outer loop
      vertex 20.2 20.2 0
      vertex 26 21 0
      vertex 20.2 -20.2 0
    endloop
  endfacet
  facet normal 0 0 -1
    outer loop
      vertex 20.2 -20.2 0
      vertex 25.924 -21.8682 0
      vertex 25.8296 -22.2941 0
    endloop
  endfacet
  facet normal -0 0 -1
    outer loop
      vertex 26 21 0
      vertex 20.2 20.2 0
      vertex 25.981 21.4358 0
    endloop
  endfacet
  facet normal 0 0 -1
    outer loop
      vertex 20.2 -20.2 0
      vertex 25.8296 -22.2941 0
      vertex 25.6985 -22.7101 0
    endloop
  endfacet
  facet normal -0 0 -1
    outer loop
      vertex 25.981 21.4358 0
      vertex 20.2 20.2 0
      vertex 25.924 21.8682 0
    endloop
  endfacet
  facet normal 0 0 -1
    outer loop
      vertex 20.2 -20.2 0
      vertex 25.6985 -22.7101 0
      vertex 25.5315 -23.1131 0
    endloop
  endfacet
  facet normal -0 0 -1
    outer loop
      vertex 25.924 21.8682 0
      vertex 20.2 20.2 0
      vertex 25.8296 22.2941 0
    endloop
  endfacet
  facet normal 0 0 -1
    outer loop
      vertex 20.2 -20.2 0
      vertex 25.5315 -23.1131 0
      vertex 25.3301 -23.5 0
    endloop
  endfacet
  facet normal -0 0 -1
    outer loop
      vertex 25.8296 22.2941 0
      vertex 20.2 20.2 0
      vertex 25.6985 22.7101 0
    endloop
  endfacet
  facet normal 0 0 -1
    outer loop
      vertex 20.2 -20.2 0
      vertex 25.3301 -23.5 0
      vertex 25.0958 -23.8679 0
    endloop
  endfacet
  facet normal -0 0 -1
    outer loop
      vertex 25.6985 22.7101 0
      vertex 20.2 20.2 0
      vertex 25.5315 23.1131 0
    endloop
  endfacet
  facet normal 0 0 -1
    outer loop
      vertex 20.2 -20.2 0
      vertex 25.0958 -23.8679 0
      vertex 24.8302 -24.2139 0
    endloop
  endfacet
  facet normal -0 0 -1
    outer loop
      vertex 25.5315 23.1131 0
      vertex 20.2 20.2 0
      vertex 25.3301 23.5 0
    endloop
  endfacet
  facet normal 0 0 -1
    outer loop
      vertex 20.2 -20.2 0
      vertex 24.8302 -24.2139 0
      vertex 24.5355 -24.5355 0
    endloop
  endfacet
  facet normal -0 0 -1
    outer loop
      vertex 25.3301 23.5 0
      vertex 20.2 20.2 0
      vertex 25.0958 23.8679 0
    endloop
  endfacet
  facet normal 0 0 -1
    outer loop
      vertex 20.2 -20.2 0
      vertex 24.5355 -24.5355 0
      vertex 24.2139 -24.8302 0
    endloop
  endfacet
  facet normal -0 0 -1
    outer loop
      vertex 25.0958 23.8679 0
      vertex 20.2 20.2 0
      vertex 24.8302 24.2139 0
    endloop
  endfacet
  facet normal 0 0 -1
    outer loop
      vertex 20.2 -20.2 0
      vertex 24.2139 -24.8302 0
      vertex 23.8679 -25.0958 0
    endloop
  endfacet
  facet normal -0 0 -1
    outer loop
      vertex 24.8302 24.2139 0
      vertex 20.2 20.2 0
      vertex 24.5355 24.5355 0
    endloop
  endfacet
  facet normal 0 0 -1
    outer loop
      vertex 20.2 -20.2 0
      vertex 23.8679 -25.0958 0
      vertex 23.5 -25.3301 0
    endloop
  endfacet
  facet normal -0 0 -1
    outer loop
      vertex 24.5355 24.5355 0
      vertex 20.2 20.2 0
      vertex 24.2139 24.8302 0
    endloop
  endfacet
  facet normal 0 0 -1
    outer loop
      vertex 20.2 -20.2 0
      vertex 23.5 -25.3301 0
      vertex 23.1131 -25.5315 0
    endloop
  endfacet
  facet normal -0 0 -1
    outer loop
      vertex 24.2139 24.8302 0
      vertex 20.2 20.2 0
      vertex 23.8679 25.0958 0
    endloop
  endfacet
  facet normal 0 0 -1
    outer loop
      vertex 20.2 -20.2 0
      vertex 23.1131 -25.5315 0
      vertex 22.7101 -25.6985 0
    endloop
  endfacet
  facet normal -0 0 -1
    outer loop
      vertex 23.8679 25.0958 0
      vertex 20.2 20.2 0
      vertex 23.5 25.3301 0
    endloop
  endfacet
  facet normal 0 0 -1
    outer loop
      vertex 20.2 -20.2 0
      vertex 22.7101 -25.6985 0
      vertex 22.2941 -25.8296 0
    endloop
  endfacet
  facet normal -0 0 -1
    outer loop
      vertex 23.5 25.3301 0
      vertex 20.2 20.2 0
      vertex 23.1131 25.5315 0
    endloop
  endfacet
  facet normal 0 0 -1
    outer loop
      vertex 20.2 -20.2 0
      vertex 22.2941 -25.8296 0
      vertex 21.8682 -25.924 0
    endloop
  endfacet
  facet normal -0 0 -1
    outer loop
      vertex 23.1131 25.5315 0
      vertex 20.2 20.2 0
      vertex 22.7101 25.6985 0
    endloop
  endfacet
  facet normal 0 0 -1
    outer loop
      vertex 20.2 -20.2 0
      vertex 21.8682 -25.924 0
      vertex 21.4358 -25.981 0
    endloop
  endfacet
  facet normal -0 0 -1
    outer loop
      vertex 22.7101 25.6985 0
      vertex 20.2 20.2 0
      vertex 22.2941 25.8296 0
    endloop
  endfacet
  facet normal 0 0 -1
    outer loop
      vertex 20.2 -20.2 0
      vertex 21.4358 -25.981 0
      vertex 21 -26 0
    endloop
  endfacet
  facet normal -0 0 -1
    outer loop
      vertex 22.2941 25.8296 0
      vertex 20.2 20.2 0
      vertex 21.8682 25.924 0
    endloop
  endfacet
  facet normal -0 0 -1
    outer loop
      vertex 21.8682 25.924 0
      vertex 20.2 20.2 0
      vertex 21.4358 25.981 0
    endloop
  endfacet
  facet normal 0 0 -1
    outer loop
      vertex 21 -26 0
      vertex -20.2 -20.2 0
      vertex 20.2 -20.2 0
    endloop
  endfacet
  facet normal 0 0 -1
    outer loop
      vertex -21 -26 0
      vertex -20.2 -20.2 0
      vertex 21 -26 0
    endloop
  endfacet
  facet normal 0 0 -1
    outer loop
      vertex -21.4358 -25.981 0
      vertex -20.2 -20.2 0
      vertex -21 -26 0
    endloop
  endfacet
  facet normal 0 0 -1
    outer loop
      vertex -21.8682 -25.924 0
      vertex -20.2 -20.2 0
      vertex -21.4358 -25.981 0
    endloop
  endfacet
  facet normal 0 0 -1
    outer loop
      vertex -22.2941 -25.8296 0
      vertex -20.2 -20.2 0
      vertex -21.8682 -25.924 0
    endloop
  endfacet
  facet normal 0 0 -1
    outer loop
      vertex -22.7101 -25.6985 0
      vertex -20.2 -20.2 0
      vertex -22.2941 -25.8296 0
    endloop
  endfacet
  facet normal 0 0 -1
    outer loop
      vertex -23.1131 -25.5315 0
      vertex -20.2 -20.2 0
      vertex -22.7101 -25.6985 0
    endloop
  endfacet
  facet normal 0 0 -1
    outer loop
      vertex -23.5 -25.3301 0
      vertex -20.2 -20.2 0
      vertex -23.1131 -25.5315 0
    endloop
  endfacet
  facet normal 0 0 -1
    outer loop
      vertex -23.8679 -25.0958 0
      vertex -20.2 -20.2 0
      vertex -23.5 -25.3301 0
    endloop
  endfacet
  facet normal 0 0 -1
    outer loop
      vertex -24.2139 -24.8302 0
      vertex -20.2 -20.2 0
      vertex -23.8679 -25.0958 0
    endloop
  endfacet
  facet normal 0 0 -1
    outer loop
      vertex -24.5355 -24.5355 0
      vertex -20.2 -20.2 0
      vertex -24.2139 -24.8302 0
    endloop
  endfacet
  facet normal 0 0 -1
    outer loop
      vertex -24.8302 -24.2139 0
      vertex -20.2 -20.2 0
      vertex -24.5355 -24.5355 0
    endloop
  endfacet
  facet normal 0 0 -1
    outer loop
      vertex -25.0958 -23.8679 0
      vertex -20.2 -20.2 0
      vertex -24.8302 -24.2139 0
    endloop
  endfacet
  facet normal 0 0 -1
    outer loop
      vertex -25.3301 -23.5 0
      vertex -20.2 -20.2 0
      vertex -25.0958 -23.8679 0
    endloop
  endfacet
  facet normal 0 0 -1
    outer loop
      vertex -25.5315 -23.1131 0
      vertex -20.2 -20.2 0
      vertex -25.3301 -23.5 0
    endloop
  endfacet
  facet normal 0 0 -1
    outer loop
      vertex -25.6985 -22.7101 0
      vertex -20.2 -20.2 0
      vertex -25.5315 -23.1131 0
    endloop
  endfacet
  facet normal 0 0 -1
    outer loop
      vertex -25.8296 -22.2941 0
      vertex -20.2 -20.2 0
      vertex -25.6985 -22.7101 0
    endloop
  endfacet
  facet normal 0 0 -1
    outer loop
      vertex -25.924 -21.8682 0
      vertex -20.2 -20.2 0
      vertex -25.8296 -22.2941 0
    endloop
  endfacet
  facet normal 0 0 -1
    outer loop
      vertex -25.981 -21.4358 0
      vertex -20.2 -20.2 0
      vertex -25.924 -21.8682 0
    endloop
  endfacet
  facet normal 0 0 -1
    outer loop
      vertex -20.2 -20.2 0
      vertex -25.981 -21.4358 0
      vertex -26 -21 0
    endloop
  endfacet
  facet normal 0 0 -1
    outer loop
      vertex -26 -0.799999 0
      vertex -20.2 -20.2 0
      vertex -26 -21 0
    endloop
  endfacet
  facet normal 0 0 -1
    outer loop
      vertex -20.2 -20.2 0
      vertex -26 -0.799999 0
      vertex -20.2 -0.799999 0
    endloop
  endfacet
  facet normal -0 0 -1
    outer loop
      vertex 21.4358 25.981 0
      vertex 20.2 20.2 0
      vertex 21 26 0
    endloop
  endfacet
  facet normal 0 0 -1
    outer loop
      vertex -20.2 20.2 0
      vertex 21 26 0
      vertex 20.2 20.2 0
    endloop
  endfacet
  facet normal -0 0 -1
    outer loop
      vertex 21 26 0
      vertex -20.2 20.2 0
      vertex -21 26 0
    endloop
  endfacet
  facet normal 0.6756 0.737268 -0
    outer loop
      vertex 24.5355 24.5355 0
      vertex 24.2139 24.8302 44
      vertex 24.5355 24.5355 44
    endloop
  endfacet
  facet normal 0.6756 0.737268 0
    outer loop
      vertex 24.2139 24.8302 44
      vertex 24.5355 24.5355 0
      vertex 24.2139 24.8302 0
    endloop
  endfacet
  facet normal 0.382824 0.923821 -0
    outer loop
      vertex 23.1131 25.5315 0
      vertex 22.7101 25.6985 44
      vertex 23.1131 25.5315 44
    endloop
  endfacet
  facet normal 0.382824 0.923821 0
    outer loop
      vertex 22.7101 25.6985 44
      vertex 23.1131 25.5315 0
      vertex 22.7101 25.6985 0
    endloop
  endfacet
  facet normal 0.216396 0.976306 -0
    outer loop
      vertex 22.2941 25.8296 0
      vertex 21.8682 25.924 44
      vertex 22.2941 25.8296 44
    endloop
  endfacet
  facet normal 0.216396 0.976306 0
    outer loop
      vertex 21.8682 25.924 44
      vertex 22.2941 25.8296 0
      vertex 21.8682 25.924 0
    endloop
  endfacet
  facet normal 0.130692 0.991423 -0
    outer loop
      vertex 21.8682 25.924 0
      vertex 21.4358 25.981 44
      vertex 21.8682 25.924 44
    endloop
  endfacet
  facet normal 0.130692 0.991423 0
    outer loop
      vertex 21.4358 25.981 44
      vertex 21.8682 25.924 0
      vertex 21.4358 25.981 0
    endloop
  endfacet
  facet normal 1 0 0
    outer loop
      vertex -20.2 2.51141 31.4471
      vertex -20.2 20.2 44
      vertex -20.2 2.5605 31.6685
    endloop
  endfacet
  facet normal 1 0 0
    outer loop
      vertex -20.2 20.2 0
      vertex -20.2 2.59011 12.1066
      vertex -20.2 2.6 11.88
    endloop
  endfacet
  facet normal 1 0 0
    outer loop
      vertex -20.2 2.4432 31.2307
      vertex -20.2 20.2 44
      vertex -20.2 2.51141 31.4471
    endloop
  endfacet
  facet normal 1 0 0
    outer loop
      vertex -20.2 20.2 0
      vertex -20.2 2.5605 12.3315
      vertex -20.2 2.59011 12.1066
    endloop
  endfacet
  facet normal 1 0 0
    outer loop
      vertex -20.2 2.3564 31.0212
      vertex -20.2 20.2 44
      vertex -20.2 2.4432 31.2307
    endloop
  endfacet
  facet normal 1 0 0
    outer loop
      vertex -20.2 20.2 0
      vertex -20.2 2.51141 12.5529
      vertex -20.2 2.5605 12.3315
    endloop
  endfacet
  facet normal 1 0 0
    outer loop
      vertex -20.2 20.2 44
      vertex -20.2 2.3564 31.0212
      vertex -20.2 20.2 0
    endloop
  endfacet
  facet normal 1 0 0
    outer loop
      vertex -20.2 20.2 0
      vertex -20.2 2.4432 12.7693
      vertex -20.2 2.51141 12.5529
    endloop
  endfacet
  facet normal 1 -0 0
    outer loop
      vertex -20.2 2.3564 12.9788
      vertex -20.2 20.2 0
      vertex -20.2 2.3564 31.0212
    endloop
  endfacet
  facet normal 1 0 0
    outer loop
      vertex -20.2 20.2 0
      vertex -20.2 2.3564 12.9788
      vertex -20.2 2.4432 12.7693
    endloop
  endfacet
  facet normal 1 -0 0
    outer loop
      vertex -20.2 2.25167 30.82
      vertex -20.2 2.3564 12.9788
      vertex -20.2 2.3564 31.0212
    endloop
  endfacet
  facet normal 1 0 0
    outer loop
      vertex -20.2 2.25167 30.82
      vertex -20.2 2.25167 13.18
      vertex -20.2 2.3564 12.9788
    endloop
  endfacet
  facet normal 1 -0 0
    outer loop
      vertex -20.2 2.1298 30.6287
      vertex -20.2 2.25167 13.18
      vertex -20.2 2.25167 30.82
    endloop
  endfacet
  facet normal 1 0 0
    outer loop
      vertex -20.2 2.1298 30.6287
      vertex -20.2 2.1298 13.3713
      vertex -20.2 2.25167 13.18
    endloop
  endfacet
  facet normal 1 -0 0
    outer loop
      vertex -20.2 1.99172 30.4488
      vertex -20.2 2.1298 13.3713
      vertex -20.2 2.1298 30.6287
    endloop
  endfacet
  facet normal 1 0 0
    outer loop
      vertex -20.2 1.99172 30.4488
      vertex -20.2 1.99172 13.5512
      vertex -20.2 2.1298 13.3713
    endloop
  endfacet
  facet normal 1 -0 0
    outer loop
      vertex -20.2 1.83848 30.2815
      vertex -20.2 1.99172 13.5512
      vertex -20.2 1.99172 30.4488
    endloop
  endfacet
  facet normal 1 0 0
    outer loop
      vertex -20.2 1.83848 30.2815
      vertex -20.2 1.83848 13.7185
      vertex -20.2 1.99172 13.5512
    endloop
  endfacet
  facet normal 1 -0 0
    outer loop
      vertex -20.2 1.67125 30.1283
      vertex -20.2 1.83848 13.7185
      vertex -20.2 1.83848 30.2815
    endloop
  endfacet
  facet normal 1 0 0
    outer loop
      vertex -20.2 1.67125 30.1283
      vertex -20.2 1.67125 13.8717
      vertex -20.2 1.83848 13.7185
    endloop
  endfacet
  facet normal 1 -0 0
    outer loop
      vertex -20.2 1.4913 29.9902
      vertex -20.2 1.67125 13.8717
      vertex -20.2 1.67125 30.1283
    endloop
  endfacet
  facet normal 1 0 0
    outer loop
      vertex -20.2 1.4913 29.9902
      vertex -20.2 1.4913 14.0098
      vertex -20.2 1.67125 13.8717
    endloop
  endfacet
  facet normal 1 -0 0
    outer loop
      vertex -20.2 1.3 29.8683
      vertex -20.2 1.4913 14.0098
      vertex -20.2 1.4913 29.9902
    endloop
  endfacet
  facet normal 1 0 0
    outer loop
      vertex -20.2 1.3 29.8683
      vertex -20.2 1.3 14.1317
      vertex -20.2 1.4913 14.0098
    endloop
  endfacet
  facet normal 1 -0 0
    outer loop
      vertex -20.2 1.09881 29.7636
      vertex -20.2 1.3 14.1317
      vertex -20.2 1.3 29.8683
    endloop
  endfacet
  facet normal 1 0 0
    outer loop
      vertex -20.2 1.09881 29.7636
      vertex -20.2 1.09881 14.2364
      vertex -20.2 1.3 14.1317
    endloop
  endfacet
  facet normal 1 -0 0
    outer loop
      vertex -20.2 0.889252 29.6768
      vertex -20.2 1.09881 14.2364
      vertex -20.2 1.09881 29.7636
    endloop
  endfacet
  facet normal 1 0 0
    outer loop
      vertex -20.2 0.889252 29.6768
      vertex -20.2 0.889252 14.3232
      vertex -20.2 1.09881 14.2364
    endloop
  endfacet
  facet normal 1 -0 0
    outer loop
      vertex -20.2 0.799999 29.6487
      vertex -20.2 0.889252 14.3232
      vertex -20.2 0.889252 29.6768
    endloop
  endfacet
  facet normal 1 0 0
    outer loop
      vertex -20.2 0.889252 14.3232
      vertex -20.2 0.799999 29.6487
      vertex -20.2 0.799999 14.3513
    endloop
  endfacet
  facet normal 1 0 0
    outer loop
      vertex -20.2 2.59011 31.8934
      vertex -20.2 20.2 44
      vertex -20.2 2.6 32.12
    endloop
  endfacet
  facet normal 1 0 0
    outer loop
      vertex -20.2 20.2 44
      vertex -20.2 2.59011 32.3466
      vertex -20.2 2.6 32.12
    endloop
  endfacet
  facet normal 1 0 0
    outer loop
      vertex -20.2 20.2 44
      vertex -20.2 2.5605 32.5715
      vertex -20.2 2.59011 32.3466
    endloop
  endfacet
  facet normal 1 0 0
    outer loop
      vertex -20.2 20.2 44
      vertex -20.2 2.51141 32.7929
      vertex -20.2 2.5605 32.5715
    endloop
  endfacet
  facet normal 1 0 0
    outer loop
      vertex -20.2 20.2 44
      vertex -20.2 2.4432 33.0093
      vertex -20.2 2.51141 32.7929
    endloop
  endfacet
  facet normal 1 0 0
    outer loop
      vertex -20.2 20.2 44
      vertex -20.2 2.3564 33.2188
      vertex -20.2 2.4432 33.0093
    endloop
  endfacet
  facet normal 1 0 0
    outer loop
      vertex -20.2 20.2 44
      vertex -20.2 2.25167 33.42
      vertex -20.2 2.3564 33.2188
    endloop
  endfacet
  facet normal 1 0 0
    outer loop
      vertex -20.2 20.2 44
      vertex -20.2 2.1298 33.6113
      vertex -20.2 2.25167 33.42
    endloop
  endfacet
  facet normal 1 -0 0
    outer loop
      vertex -20.2 0.799999 44
      vertex -20.2 2.1298 33.6113
      vertex -20.2 20.2 44
    endloop
  endfacet
  facet normal 1 0 0
    outer loop
      vertex -20.2 2.1298 33.6113
      vertex -20.2 0.799999 44
      vertex -20.2 1.99172 33.7912
    endloop
  endfacet
  facet normal 1 0 0
    outer loop
      vertex -20.2 1.99172 33.7912
      vertex -20.2 0.799999 44
      vertex -20.2 1.83848 33.9585
    endloop
  endfacet
  facet normal 1 0 0
    outer loop
      vertex -20.2 1.83848 33.9585
      vertex -20.2 0.799999 44
      vertex -20.2 1.67125 34.1117
    endloop
  endfacet
  facet normal 1 0 0
    outer loop
      vertex -20.2 1.67125 34.1117
      vertex -20.2 0.799999 44
      vertex -20.2 1.4913 34.2498
    endloop
  endfacet
  facet normal 1 0 0
    outer loop
      vertex -20.2 1.4913 34.2498
      vertex -20.2 0.799999 44
      vertex -20.2 1.3 34.3717
    endloop
  endfacet
  facet normal 1 0 0
    outer loop
      vertex -20.2 1.3 34.3717
      vertex -20.2 0.799999 44
      vertex -20.2 1.09881 34.4764
    endloop
  endfacet
  facet normal 1 0 0
    outer loop
      vertex -20.2 1.09881 34.4764
      vertex -20.2 0.799999 44
      vertex -20.2 0.889252 34.5632
    endloop
  endfacet
  facet normal 1 0 0
    outer loop
      vertex -20.2 0.889252 34.5632
      vertex -20.2 0.799999 44
      vertex -20.2 0.799999 34.5913
    endloop
  endfacet
  facet normal 1 0 0
    outer loop
      vertex -20.2 2.5605 31.6685
      vertex -20.2 20.2 44
      vertex -20.2 2.59011 31.8934
    endloop
  endfacet
  facet normal 1 -0 0
    outer loop
      vertex -20.2 2.59011 11.6534
      vertex -20.2 20.2 0
      vertex -20.2 2.6 11.88
    endloop
  endfacet
  facet normal 1 -0 0
    outer loop
      vertex -20.2 2.5605 11.4285
      vertex -20.2 20.2 0
      vertex -20.2 2.59011 11.6534
    endloop
  endfacet
  facet normal 1 -0 0
    outer loop
      vertex -20.2 2.51141 11.2071
      vertex -20.2 20.2 0
      vertex -20.2 2.5605 11.4285
    endloop
  endfacet
  facet normal 1 -0 0
    outer loop
      vertex -20.2 2.4432 10.9907
      vertex -20.2 20.2 0
      vertex -20.2 2.51141 11.2071
    endloop
  endfacet
  facet normal 1 -0 0
    outer loop
      vertex -20.2 2.3564 10.7812
      vertex -20.2 20.2 0
      vertex -20.2 2.4432 10.9907
    endloop
  endfacet
  facet normal 1 -0 0
    outer loop
      vertex -20.2 2.25167 10.58
      vertex -20.2 20.2 0
      vertex -20.2 2.3564 10.7812
    endloop
  endfacet
  facet normal 1 -0 0
    outer loop
      vertex -20.2 2.1298 10.3887
      vertex -20.2 20.2 0
      vertex -20.2 2.25167 10.58
    endloop
  endfacet
  facet normal 1 0 0
    outer loop
      vertex -20.2 0.799999 0
      vertex -20.2 2.1298 10.3887
      vertex -20.2 1.99172 10.2088
    endloop
  endfacet
  facet normal 1 0 0
    outer loop
      vertex -20.2 0.799999 0
      vertex -20.2 1.99172 10.2088
      vertex -20.2 1.83848 10.0415
    endloop
  endfacet
  facet normal 1 0 0
    outer loop
      vertex -20.2 0.799999 0
      vertex -20.2 1.83848 10.0415
      vertex -20.2 1.67125 9.88828
    endloop
  endfacet
  facet normal 1 0 0
    outer loop
      vertex -20.2 0.799999 0
      vertex -20.2 1.67125 9.88828
      vertex -20.2 1.4913 9.75021
    endloop
  endfacet
  facet normal 1 0 0
    outer loop
      vertex -20.2 0.799999 0
      vertex -20.2 1.4913 9.75021
      vertex -20.2 1.3 9.62833
    endloop
  endfacet
  facet normal 1 0 0
    outer loop
      vertex -20.2 0.799999 0
      vertex -20.2 1.3 9.62833
      vertex -20.2 1.09881 9.5236
    endloop
  endfacet
  facet normal 1 0 0
    outer loop
      vertex -20.2 0.799999 0
      vertex -20.2 1.09881 9.5236
      vertex -20.2 0.889252 9.4368
    endloop
  endfacet
  facet normal 1 0 0
    outer loop
      vertex -20.2 0.799999 0
      vertex -20.2 0.889252 9.4368
      vertex -20.2 0.799999 9.40866
    endloop
  endfacet
  facet normal 1 0 0
    outer loop
      vertex -20.2 2.1298 10.3887
      vertex -20.2 0.799999 0
      vertex -20.2 20.2 0
    endloop
  endfacet
  facet normal 1 0 0
    outer loop
      vertex -20.2 -0.799999 44
      vertex -20.2 -0.889252 34.5632
      vertex -20.2 -0.799999 34.5913
    endloop
  endfacet
  facet normal 1 0 0
    outer loop
      vertex -20.2 -0.799999 44
      vertex -20.2 -1.09881 34.4764
      vertex -20.2 -0.889252 34.5632
    endloop
  endfacet
  facet normal 1 0 0
    outer loop
      vertex -20.2 -0.799999 44
      vertex -20.2 -1.3 34.3717
      vertex -20.2 -1.09881 34.4764
    endloop
  endfacet
  facet normal 1 0 0
    outer loop
      vertex -20.2 -0.799999 44
      vertex -20.2 -1.4913 34.2498
      vertex -20.2 -1.3 34.3717
    endloop
  endfacet
  facet normal 1 0 0
    outer loop
      vertex -20.2 -0.799999 44
      vertex -20.2 -1.67125 34.1117
      vertex -20.2 -1.4913 34.2498
    endloop
  endfacet
  facet normal 1 0 0
    outer loop
      vertex -20.2 -0.799999 44
      vertex -20.2 -1.83848 33.9585
      vertex -20.2 -1.67125 34.1117
    endloop
  endfacet
  facet normal 1 0 0
    outer loop
      vertex -20.2 -0.799999 44
      vertex -20.2 -1.99172 33.7912
      vertex -20.2 -1.83848 33.9585
    endloop
  endfacet
  facet normal 1 0 0
    outer loop
      vertex -20.2 -0.799999 44
      vertex -20.2 -2.1298 33.6113
      vertex -20.2 -1.99172 33.7912
    endloop
  endfacet
  facet normal 1 -0 0
    outer loop
      vertex -20.2 -20.2 44
      vertex -20.2 -2.1298 33.6113
      vertex -20.2 -0.799999 44
    endloop
  endfacet
  facet normal 1 0 0
    outer loop
      vertex -20.2 -2.1298 33.6113
      vertex -20.2 -20.2 44
      vertex -20.2 -2.25167 33.42
    endloop
  endfacet
  facet normal 1 0 0
    outer loop
      vertex -20.2 -2.25167 33.42
      vertex -20.2 -20.2 44
      vertex -20.2 -2.3564 33.2188
    endloop
  endfacet
  facet normal 1 0 0
    outer loop
      vertex -20.2 -2.3564 33.2188
      vertex -20.2 -20.2 44
      vertex -20.2 -2.4432 33.0093
    endloop
  endfacet
  facet normal 1 0 0
    outer loop
      vertex -20.2 -2.4432 33.0093
      vertex -20.2 -20.2 44
      vertex -20.2 -2.51141 32.7929
    endloop
  endfacet
  facet normal 1 0 0
    outer loop
      vertex -20.2 -2.5605 12.3315
      vertex -20.2 -20.2 0
      vertex -20.2 -2.59011 12.1066
    endloop
  endfacet
  facet normal 1 0 0
    outer loop
      vertex -20.2 -2.59011 32.3466
      vertex -20.2 -20.2 44
      vertex -20.2 -2.6 32.12
    endloop
  endfacet
  facet normal 1 0 0
    outer loop
      vertex -20.2 -2.5605 32.5715
      vertex -20.2 -20.2 44
      vertex -20.2 -2.59011 32.3466
    endloop
  endfacet
  facet normal 1 0 0
    outer loop
      vertex -20.2 -2.51141 32.7929
      vertex -20.2 -20.2 44
      vertex -20.2 -2.5605 32.5715
    endloop
  endfacet
  facet normal 1 0 0
    outer loop
      vertex -20.2 -0.889252 29.6768
      vertex -20.2 -0.799999 14.3513
      vertex -20.2 -0.799999 29.6487
    endloop
  endfacet
  facet normal 1 0 0
    outer loop
      vertex -20.2 -0.889252 29.6768
      vertex -20.2 -0.889252 14.3232
      vertex -20.2 -0.799999 14.3513
    endloop
  endfacet
  facet normal 1 0 0
    outer loop
      vertex -20.2 -1.09881 29.7636
      vertex -20.2 -0.889252 14.3232
      vertex -20.2 -0.889252 29.6768
    endloop
  endfacet
  facet normal 1 0 0
    outer loop
      vertex -20.2 -1.09881 29.7636
      vertex -20.2 -1.09881 14.2364
      vertex -20.2 -0.889252 14.3232
    endloop
  endfacet
  facet normal 1 0 0
    outer loop
      vertex -20.2 -1.3 29.8683
      vertex -20.2 -1.09881 14.2364
      vertex -20.2 -1.09881 29.7636
    endloop
  endfacet
  facet normal 1 0 0
    outer loop
      vertex -20.2 -1.3 29.8683
      vertex -20.2 -1.3 14.1317
      vertex -20.2 -1.09881 14.2364
    endloop
  endfacet
  facet normal 1 0 0
    outer loop
      vertex -20.2 -1.4913 29.9902
      vertex -20.2 -1.3 14.1317
      vertex -20.2 -1.3 29.8683
    endloop
  endfacet
  facet normal 1 0 0
    outer loop
      vertex -20.2 -1.4913 29.9902
      vertex -20.2 -1.4913 14.0098
      vertex -20.2 -1.3 14.1317
    endloop
  endfacet
  facet normal 1 0 0
    outer loop
      vertex -20.2 -1.67125 30.1283
      vertex -20.2 -1.4913 14.0098
      vertex -20.2 -1.4913 29.9902
    endloop
  endfacet
  facet normal 1 0 0
    outer loop
      vertex -20.2 -1.67125 30.1283
      vertex -20.2 -1.67125 13.8717
      vertex -20.2 -1.4913 14.0098
    endloop
  endfacet
  facet normal 1 0 0
    outer loop
      vertex -20.2 -1.83848 30.2815
      vertex -20.2 -1.67125 13.8717
      vertex -20.2 -1.67125 30.1283
    endloop
  endfacet
  facet normal 1 0 0
    outer loop
      vertex -20.2 -1.83848 30.2815
      vertex -20.2 -1.83848 13.7185
      vertex -20.2 -1.67125 13.8717
    endloop
  endfacet
  facet normal 1 0 0
    outer loop
      vertex -20.2 -1.99172 30.4488
      vertex -20.2 -1.83848 13.7185
      vertex -20.2 -1.83848 30.2815
    endloop
  endfacet
  facet normal 1 0 0
    outer loop
      vertex -20.2 -1.99172 30.4488
      vertex -20.2 -1.99172 13.5512
      vertex -20.2 -1.83848 13.7185
    endloop
  endfacet
  facet normal 1 0 0
    outer loop
      vertex -20.2 -2.1298 30.6287
      vertex -20.2 -1.99172 13.5512
      vertex -20.2 -1.99172 30.4488
    endloop
  endfacet
  facet normal 1 0 0
    outer loop
      vertex -20.2 -2.1298 30.6287
      vertex -20.2 -2.1298 13.3713
      vertex -20.2 -1.99172 13.5512
    endloop
  endfacet
  facet normal 1 0 0
    outer loop
      vertex -20.2 -2.25167 30.82
      vertex -20.2 -2.1298 13.3713
      vertex -20.2 -2.1298 30.6287
    endloop
  endfacet
  facet normal 1 0 0
    outer loop
      vertex -20.2 -2.25167 30.82
      vertex -20.2 -2.25167 13.18
      vertex -20.2 -2.1298 13.3713
    endloop
  endfacet
  facet normal 1 0 0
    outer loop
      vertex -20.2 -2.3564 31.0212
      vertex -20.2 -2.25167 13.18
      vertex -20.2 -2.25167 30.82
    endloop
  endfacet
  facet normal 1 0 0
    outer loop
      vertex -20.2 -2.3564 31.0212
      vertex -20.2 -2.3564 12.9788
      vertex -20.2 -2.25167 13.18
    endloop
  endfacet
  facet normal 1 0 0
    outer loop
      vertex -20.2 -20.2 44
      vertex -20.2 -2.3564 31.0212
      vertex -20.2 -2.4432 31.2307
    endloop
  endfacet
  facet normal 1 0 0
    outer loop
      vertex -20.2 -2.3564 31.0212
      vertex -20.2 -20.2 44
      vertex -20.2 -2.3564 12.9788
    endloop
  endfacet
  facet normal 1 0 0
    outer loop
      vertex -20.2 -20.2 44
      vertex -20.2 -2.4432 31.2307
      vertex -20.2 -2.51141 31.4471
    endloop
  endfacet
  facet normal 1 0 0
    outer loop
      vertex -20.2 -20.2 0
      vertex -20.2 -2.3564 12.9788
      vertex -20.2 -20.2 44
    endloop
  endfacet
  facet normal 1 0 0
    outer loop
      vertex -20.2 -20.2 44
      vertex -20.2 -2.51141 31.4471
      vertex -20.2 -2.5605 31.6685
    endloop
  endfacet
  facet normal 1 0 0
    outer loop
      vertex -20.2 -2.3564 12.9788
      vertex -20.2 -20.2 0
      vertex -20.2 -2.4432 12.7693
    endloop
  endfacet
  facet normal 1 0 0
    outer loop
      vertex -20.2 -20.2 44
      vertex -20.2 -2.5605 31.6685
      vertex -20.2 -2.59011 31.8934
    endloop
  endfacet
  facet normal 1 0 0
    outer loop
      vertex -20.2 -2.4432 12.7693
      vertex -20.2 -20.2 0
      vertex -20.2 -2.51141 12.5529
    endloop
  endfacet
  facet normal 1 0 0
    outer loop
      vertex -20.2 -20.2 44
      vertex -20.2 -2.59011 31.8934
      vertex -20.2 -2.6 32.12
    endloop
  endfacet
  facet normal 1 0 0
    outer loop
      vertex -20.2 -2.51141 12.5529
      vertex -20.2 -20.2 0
      vertex -20.2 -2.5605 12.3315
    endloop
  endfacet
  facet normal 1 0 0
    outer loop
      vertex -20.2 -0.889252 9.4368
      vertex -20.2 -0.799999 0
      vertex -20.2 -0.799999 9.40866
    endloop
  endfacet
  facet normal 1 0 0
    outer loop
      vertex -20.2 -1.09881 9.5236
      vertex -20.2 -0.799999 0
      vertex -20.2 -0.889252 9.4368
    endloop
  endfacet
  facet normal 1 0 0
    outer loop
      vertex -20.2 -1.3 9.62833
      vertex -20.2 -0.799999 0
      vertex -20.2 -1.09881 9.5236
    endloop
  endfacet
  facet normal 1 0 0
    outer loop
      vertex -20.2 -1.4913 9.75021
      vertex -20.2 -0.799999 0
      vertex -20.2 -1.3 9.62833
    endloop
  endfacet
  facet normal 1 0 0
    outer loop
      vertex -20.2 -1.67125 9.88828
      vertex -20.2 -0.799999 0
      vertex -20.2 -1.4913 9.75021
    endloop
  endfacet
  facet normal 1 0 0
    outer loop
      vertex -20.2 -1.83848 10.0415
      vertex -20.2 -0.799999 0
      vertex -20.2 -1.67125 9.88828
    endloop
  endfacet
  facet normal 1 0 0
    outer loop
      vertex -20.2 -1.99172 10.2088
      vertex -20.2 -0.799999 0
      vertex -20.2 -1.83848 10.0415
    endloop
  endfacet
  facet normal 1 0 0
    outer loop
      vertex -20.2 -2.1298 10.3887
      vertex -20.2 -0.799999 0
      vertex -20.2 -1.99172 10.2088
    endloop
  endfacet
  facet normal 1 0 0
    outer loop
      vertex -20.2 -20.2 0
      vertex -20.2 -2.1298 10.3887
      vertex -20.2 -2.25167 10.58
    endloop
  endfacet
  facet normal 1 0 0
    outer loop
      vertex -20.2 -20.2 0
      vertex -20.2 -2.25167 10.58
      vertex -20.2 -2.3564 10.7812
    endloop
  endfacet
  facet normal 1 0 0
    outer loop
      vertex -20.2 -20.2 0
      vertex -20.2 -2.3564 10.7812
      vertex -20.2 -2.4432 10.9907
    endloop
  endfacet
  facet normal 1 0 0
    outer loop
      vertex -20.2 -20.2 0
      vertex -20.2 -2.4432 10.9907
      vertex -20.2 -2.51141 11.2071
    endloop
  endfacet
  facet normal 1 0 0
    outer loop
      vertex -20.2 -20.2 0
      vertex -20.2 -2.51141 11.2071
      vertex -20.2 -2.5605 11.4285
    endloop
  endfacet
  facet normal 1 0 0
    outer loop
      vertex -20.2 -2.59011 12.1066
      vertex -20.2 -20.2 0
      vertex -20.2 -2.6 11.88
    endloop
  endfacet
  facet normal 1 0 0
    outer loop
      vertex -20.2 -2.6 11.88
      vertex -20.2 -20.2 0
      vertex -20.2 -2.59011 11.6534
    endloop
  endfacet
  facet normal 1 0 0
    outer loop
      vertex -20.2 -2.59011 11.6534
      vertex -20.2 -20.2 0
      vertex -20.2 -2.5605 11.4285
    endloop
  endfacet
  facet normal 1 0 0
    outer loop
      vertex -20.2 -2.1298 10.3887
      vertex -20.2 -20.2 0
      vertex -20.2 -0.799999 0
    endloop
  endfacet
  facet normal 0 -1 0
    outer loop
      vertex -20.2 20.2 44
      vertex 0 20.2 26.2
      vertex 20.2 20.2 44
    endloop
  endfacet
  facet normal 0 -1 0
    outer loop
      vertex -20.2 20.2 44
      vertex -0.366054 20.2 26.184
      vertex 0 20.2 26.2
    endloop
  endfacet
  facet normal 0 -1 0
    outer loop
      vertex -20.2 20.2 44
      vertex -0.729321 20.2 26.1362
      vertex -0.366054 20.2 26.184
    endloop
  endfacet
  facet normal 0 -1 0
    outer loop
      vertex -20.2 20.2 44
      vertex -1.08704 20.2 26.0569
      vertex -0.729321 20.2 26.1362
    endloop
  endfacet
  facet normal 0 -1 0
    outer loop
      vertex -20.2 20.2 44
      vertex -1.43648 20.2 25.9467
      vertex -1.08704 20.2 26.0569
    endloop
  endfacet
  facet normal 0 -1 0
    outer loop
      vertex -20.2 20.2 44
      vertex -1.775 20.2 25.8065
      vertex -1.43648 20.2 25.9467
    endloop
  endfacet
  facet normal 0 -1 0
    outer loop
      vertex -20.2 20.2 44
      vertex -2.1 20.2 25.6373
      vertex -1.775 20.2 25.8065
    endloop
  endfacet
  facet normal 0 -1 0
    outer loop
      vertex -20.2 20.2 44
      vertex -2.40902 20.2 25.4404
      vertex -2.1 20.2 25.6373
    endloop
  endfacet
  facet normal 0 -1 0
    outer loop
      vertex -20.2 20.2 44
      vertex -2.69971 20.2 25.2174
      vertex -2.40902 20.2 25.4404
    endloop
  endfacet
  facet normal 0 -1 0
    outer loop
      vertex -20.2 20.2 44
      vertex -2.96985 20.2 24.9698
      vertex -2.69971 20.2 25.2174
    endloop
  endfacet
  facet normal 0 -1 0
    outer loop
      vertex -20.2 20.2 44
      vertex -3.21739 20.2 24.6997
      vertex -2.96985 20.2 24.9698
    endloop
  endfacet
  facet normal 0 -1 0
    outer loop
      vertex -20.2 20.2 44
      vertex -3.44044 20.2 24.409
      vertex -3.21739 20.2 24.6997
    endloop
  endfacet
  facet normal 0 -1 0
    outer loop
      vertex -20.2 20.2 44
      vertex -3.63731 20.2 24.1
      vertex -3.44044 20.2 24.409
    endloop
  endfacet
  facet normal 0 -1 0
    outer loop
      vertex -20.2 20.2 44
      vertex -3.80649 20.2 23.775
      vertex -3.63731 20.2 24.1
    endloop
  endfacet
  facet normal 0 -1 0
    outer loop
      vertex -20.2 20.2 44
      vertex -3.94671 20.2 23.4365
      vertex -3.80649 20.2 23.775
    endloop
  endfacet
  facet normal 0 -1 0
    outer loop
      vertex -20.2 20.2 44
      vertex -4.05689 20.2 23.087
      vertex -3.94671 20.2 23.4365
    endloop
  endfacet
  facet normal 0 -1 0
    outer loop
      vertex -20.2 20.2 44
      vertex -4.13619 20.2 22.7293
      vertex -4.05689 20.2 23.087
    endloop
  endfacet
  facet normal 0 -1 0
    outer loop
      vertex -20.2 20.2 44
      vertex -4.18402 20.2 22.3661
      vertex -4.13619 20.2 22.7293
    endloop
  endfacet
  facet normal 0 -1 0
    outer loop
      vertex -20.2 20.2 44
      vertex -4.2 20.2 22
      vertex -4.18402 20.2 22.3661
    endloop
  endfacet
  facet normal 0 -1 0
    outer loop
      vertex -20.2 20.2 0
      vertex -4.2 20.2 22
      vertex -20.2 20.2 44
    endloop
  endfacet
  facet normal 0 -1 -0
    outer loop
      vertex -4.2 20.2 22
      vertex -20.2 20.2 0
      vertex -4.18402 20.2 21.6339
    endloop
  endfacet
  facet normal 0 -1 -0
    outer loop
      vertex -4.18402 20.2 21.6339
      vertex -20.2 20.2 0
      vertex -4.13619 20.2 21.2707
    endloop
  endfacet
  facet normal 0 -1 -0
    outer loop
      vertex -4.13619 20.2 21.2707
      vertex -20.2 20.2 0
      vertex -4.05689 20.2 20.913
    endloop
  endfacet
  facet normal 0 -1 -0
    outer loop
      vertex -4.05689 20.2 20.913
      vertex -20.2 20.2 0
      vertex -3.94671 20.2 20.5635
    endloop
  endfacet
  facet normal 0 -1 -0
    outer loop
      vertex -3.94671 20.2 20.5635
      vertex -20.2 20.2 0
      vertex -3.80649 20.2 20.225
    endloop
  endfacet
  facet normal 0 -1 -0
    outer loop
      vertex -3.80649 20.2 20.225
      vertex -20.2 20.2 0
      vertex -3.63731 20.2 19.9
    endloop
  endfacet
  facet normal 0 -1 -0
    outer loop
      vertex -0.366054 20.2 17.816
      vertex -20.2 20.2 0
      vertex 0 20.2 17.8
    endloop
  endfacet
  facet normal 0 -1 -0
    outer loop
      vertex -0.729321 20.2 17.8638
      vertex -20.2 20.2 0
      vertex -0.366054 20.2 17.816
    endloop
  endfacet
  facet normal 0 -1 -0
    outer loop
      vertex -1.08704 20.2 17.9431
      vertex -20.2 20.2 0
      vertex -0.729321 20.2 17.8638
    endloop
  endfacet
  facet normal 0 -1 -0
    outer loop
      vertex -1.43648 20.2 18.0533
      vertex -20.2 20.2 0
      vertex -1.08704 20.2 17.9431
    endloop
  endfacet
  facet normal 0 -1 -0
    outer loop
      vertex -1.775 20.2 18.1935
      vertex -20.2 20.2 0
      vertex -1.43648 20.2 18.0533
    endloop
  endfacet
  facet normal 0 -1 -0
    outer loop
      vertex -2.1 20.2 18.3627
      vertex -20.2 20.2 0
      vertex -1.775 20.2 18.1935
    endloop
  endfacet
  facet normal 0 -1 -0
    outer loop
      vertex -2.40902 20.2 18.5596
      vertex -20.2 20.2 0
      vertex -2.1 20.2 18.3627
    endloop
  endfacet
  facet normal 0 -1 -0
    outer loop
      vertex -2.69971 20.2 18.7826
      vertex -20.2 20.2 0
      vertex -2.40902 20.2 18.5596
    endloop
  endfacet
  facet normal 0 -1 -0
    outer loop
      vertex -2.96985 20.2 19.0302
      vertex -20.2 20.2 0
      vertex -2.69971 20.2 18.7826
    endloop
  endfacet
  facet normal 0 -1 -0
    outer loop
      vertex -3.21739 20.2 19.3003
      vertex -20.2 20.2 0
      vertex -2.96985 20.2 19.0302
    endloop
  endfacet
  facet normal 0 -1 -0
    outer loop
      vertex -3.44044 20.2 19.591
      vertex -20.2 20.2 0
      vertex -3.21739 20.2 19.3003
    endloop
  endfacet
  facet normal 0 -1 -0
    outer loop
      vertex -3.63731 20.2 19.9
      vertex -20.2 20.2 0
      vertex -3.44044 20.2 19.591
    endloop
  endfacet
  facet normal 0 -1 0
    outer loop
      vertex 0.366054 20.2 26.184
      vertex 20.2 20.2 44
      vertex 0 20.2 26.2
    endloop
  endfacet
  facet normal 0 -1 0
    outer loop
      vertex 0.729321 20.2 26.1362
      vertex 20.2 20.2 44
      vertex 0.366054 20.2 26.184
    endloop
  endfacet
  facet normal 0 -1 0
    outer loop
      vertex 1.08704 20.2 26.0569
      vertex 20.2 20.2 44
      vertex 0.729321 20.2 26.1362
    endloop
  endfacet
  facet normal 0 -1 0
    outer loop
      vertex 1.43648 20.2 25.9467
      vertex 20.2 20.2 44
      vertex 1.08704 20.2 26.0569
    endloop
  endfacet
  facet normal 0 -1 0
    outer loop
      vertex 1.775 20.2 25.8065
      vertex 20.2 20.2 44
      vertex 1.43648 20.2 25.9467
    endloop
  endfacet
  facet normal 0 -1 0
    outer loop
      vertex 2.1 20.2 25.6373
      vertex 20.2 20.2 44
      vertex 1.775 20.2 25.8065
    endloop
  endfacet
  facet normal 0 -1 0
    outer loop
      vertex 2.40902 20.2 25.4404
      vertex 20.2 20.2 44
      vertex 2.1 20.2 25.6373
    endloop
  endfacet
  facet normal 0 -1 0
    outer loop
      vertex 2.69971 20.2 25.2174
      vertex 20.2 20.2 44
      vertex 2.40902 20.2 25.4404
    endloop
  endfacet
  facet normal 0 -1 0
    outer loop
      vertex 2.96985 20.2 24.9698
      vertex 20.2 20.2 44
      vertex 2.69971 20.2 25.2174
    endloop
  endfacet
  facet normal 0 -1 0
    outer loop
      vertex 3.21739 20.2 24.6997
      vertex 20.2 20.2 44
      vertex 2.96985 20.2 24.9698
    endloop
  endfacet
  facet normal 0 -1 0
    outer loop
      vertex 3.44044 20.2 24.409
      vertex 20.2 20.2 44
      vertex 3.21739 20.2 24.6997
    endloop
  endfacet
  facet normal 0 -1 0
    outer loop
      vertex 3.63731 20.2 24.1
      vertex 20.2 20.2 44
      vertex 3.44044 20.2 24.409
    endloop
  endfacet
  facet normal 0 -1 0
    outer loop
      vertex 3.80649 20.2 23.775
      vertex 20.2 20.2 44
      vertex 3.63731 20.2 24.1
    endloop
  endfacet
  facet normal 0 -1 0
    outer loop
      vertex 3.94671 20.2 23.4365
      vertex 20.2 20.2 44
      vertex 3.80649 20.2 23.775
    endloop
  endfacet
  facet normal 0 -1 0
    outer loop
      vertex 4.05689 20.2 23.087
      vertex 20.2 20.2 44
      vertex 3.94671 20.2 23.4365
    endloop
  endfacet
  facet normal 0 -1 0
    outer loop
      vertex 4.13619 20.2 22.7293
      vertex 20.2 20.2 44
      vertex 4.05689 20.2 23.087
    endloop
  endfacet
  facet normal 0 -1 0
    outer loop
      vertex 4.18402 20.2 22.3661
      vertex 20.2 20.2 44
      vertex 4.13619 20.2 22.7293
    endloop
  endfacet
  facet normal 0 -1 0
    outer loop
      vertex 4.2 20.2 22
      vertex 20.2 20.2 44
      vertex 4.18402 20.2 22.3661
    endloop
  endfacet
  facet normal 0 -1 0
    outer loop
      vertex 20.2 20.2 0
      vertex 4.2 20.2 22
      vertex 4.18402 20.2 21.6339
    endloop
  endfacet
  facet normal 0 -1 0
    outer loop
      vertex 20.2 20.2 0
      vertex 4.18402 20.2 21.6339
      vertex 4.13619 20.2 21.2707
    endloop
  endfacet
  facet normal 0 -1 0
    outer loop
      vertex 20.2 20.2 0
      vertex 4.13619 20.2 21.2707
      vertex 4.05689 20.2 20.913
    endloop
  endfacet
  facet normal 0 -1 0
    outer loop
      vertex 20.2 20.2 0
      vertex 4.05689 20.2 20.913
      vertex 3.94671 20.2 20.5635
    endloop
  endfacet
  facet normal 0 -1 0
    outer loop
      vertex 20.2 20.2 0
      vertex 3.94671 20.2 20.5635
      vertex 3.80649 20.2 20.225
    endloop
  endfacet
  facet normal 0 -1 0
    outer loop
      vertex 20.2 20.2 0
      vertex 3.80649 20.2 20.225
      vertex 3.63731 20.2 19.9
    endloop
  endfacet
  facet normal 0 -1 0
    outer loop
      vertex 20.2 20.2 0
      vertex 3.63731 20.2 19.9
      vertex 3.44044 20.2 19.591
    endloop
  endfacet
  facet normal 0 -1 0
    outer loop
      vertex 20.2 20.2 0
      vertex 0 20.2 17.8
      vertex -20.2 20.2 0
    endloop
  endfacet
  facet normal 0 -1 0
    outer loop
      vertex 0 20.2 17.8
      vertex 20.2 20.2 0
      vertex 0.366054 20.2 17.816
    endloop
  endfacet
  facet normal 0 -1 0
    outer loop
      vertex 0.366054 20.2 17.816
      vertex 20.2 20.2 0
      vertex 0.729321 20.2 17.8638
    endloop
  endfacet
  facet normal 0 -1 0
    outer loop
      vertex 0.729321 20.2 17.8638
      vertex 20.2 20.2 0
      vertex 1.08704 20.2 17.9431
    endloop
  endfacet
  facet normal 0 -1 0
    outer loop
      vertex 1.08704 20.2 17.9431
      vertex 20.2 20.2 0
      vertex 1.43648 20.2 18.0533
    endloop
  endfacet
  facet normal 0 -1 0
    outer loop
      vertex 1.43648 20.2 18.0533
      vertex 20.2 20.2 0
      vertex 1.775 20.2 18.1935
    endloop
  endfacet
  facet normal 0 -1 0
    outer loop
      vertex 1.775 20.2 18.1935
      vertex 20.2 20.2 0
      vertex 2.1 20.2 18.3627
    endloop
  endfacet
  facet normal 0 -1 0
    outer loop
      vertex 2.1 20.2 18.3627
      vertex 20.2 20.2 0
      vertex 2.40902 20.2 18.5596
    endloop
  endfacet
  facet normal 0 -1 0
    outer loop
      vertex 4.2 20.2 22
      vertex 20.2 20.2 0
      vertex 20.2 20.2 44
    endloop
  endfacet
  facet normal 0 -1 0
    outer loop
      vertex 3.21739 20.2 19.3003
      vertex 20.2 20.2 0
      vertex 3.44044 20.2 19.591
    endloop
  endfacet
  facet normal 0 -1 0
    outer loop
      vertex 2.96985 20.2 19.0302
      vertex 20.2 20.2 0
      vertex 3.21739 20.2 19.3003
    endloop
  endfacet
  facet normal 0 -1 0
    outer loop
      vertex 2.69971 20.2 18.7826
      vertex 20.2 20.2 0
      vertex 2.96985 20.2 19.0302
    endloop
  endfacet
  facet normal 0 -1 0
    outer loop
      vertex 2.40902 20.2 18.5596
      vertex 20.2 20.2 0
      vertex 2.69971 20.2 18.7826
    endloop
  endfacet
  facet normal -1 0 0
    outer loop
      vertex 20.2 2.51141 12.5529
      vertex 20.2 20.2 0
      vertex 20.2 2.5605 12.3315
    endloop
  endfacet
  facet normal -1 0 0
    outer loop
      vertex 20.2 20.2 44
      vertex 20.2 2.59011 31.8934
      vertex 20.2 2.6 32.12
    endloop
  endfacet
  facet normal -1 0 0
    outer loop
      vertex 20.2 2.4432 12.7693
      vertex 20.2 20.2 0
      vertex 20.2 2.51141 12.5529
    endloop
  endfacet
  facet normal -1 0 0
    outer loop
      vertex 20.2 20.2 44
      vertex 20.2 2.5605 31.6685
      vertex 20.2 2.59011 31.8934
    endloop
  endfacet
  facet normal -1 0 0
    outer loop
      vertex 20.2 2.3564 12.9788
      vertex 20.2 20.2 0
      vertex 20.2 2.4432 12.7693
    endloop
  endfacet
  facet normal -1 0 0
    outer loop
      vertex 20.2 20.2 44
      vertex 20.2 2.51141 31.4471
      vertex 20.2 2.5605 31.6685
    endloop
  endfacet
  facet normal -1 0 0
    outer loop
      vertex 20.2 20.2 0
      vertex 20.2 2.3564 12.9788
      vertex 20.2 20.2 44
    endloop
  endfacet
  facet normal -1 0 0
    outer loop
      vertex 20.2 20.2 44
      vertex 20.2 2.4432 31.2307
      vertex 20.2 2.51141 31.4471
    endloop
  endfacet
  facet normal -1 0 0
    outer loop
      vertex 20.2 2.3564 31.0212
      vertex 20.2 20.2 44
      vertex 20.2 2.3564 12.9788
    endloop
  endfacet
  facet normal -1 0 0
    outer loop
      vertex 20.2 20.2 44
      vertex 20.2 2.3564 31.0212
      vertex 20.2 2.4432 31.2307
    endloop
  endfacet
  facet normal -1 0 0
    outer loop
      vertex 20.2 2.25167 13.18
      vertex 20.2 2.3564 31.0212
      vertex 20.2 2.3564 12.9788
    endloop
  endfacet
  facet normal -1 0 0
    outer loop
      vertex 20.2 2.25167 13.18
      vertex 20.2 2.25167 30.82
      vertex 20.2 2.3564 31.0212
    endloop
  endfacet
  facet normal -1 0 0
    outer loop
      vertex 20.2 2.1298 13.3713
      vertex 20.2 2.25167 30.82
      vertex 20.2 2.25167 13.18
    endloop
  endfacet
  facet normal -1 0 0
    outer loop
      vertex 20.2 2.1298 13.3713
      vertex 20.2 2.1298 30.6287
      vertex 20.2 2.25167 30.82
    endloop
  endfacet
  facet normal -1 0 0
    outer loop
      vertex 20.2 1.99172 13.5512
      vertex 20.2 2.1298 30.6287
      vertex 20.2 2.1298 13.3713
    endloop
  endfacet
  facet normal -1 0 0
    outer loop
      vertex 20.2 1.99172 13.5512
      vertex 20.2 1.99172 30.4488
      vertex 20.2 2.1298 30.6287
    endloop
  endfacet
  facet normal -1 0 0
    outer loop
      vertex 20.2 1.83848 13.7185
      vertex 20.2 1.99172 30.4488
      vertex 20.2 1.99172 13.5512
    endloop
  endfacet
  facet normal -1 0 0
    outer loop
      vertex 20.2 1.83848 13.7185
      vertex 20.2 1.83848 30.2815
      vertex 20.2 1.99172 30.4488
    endloop
  endfacet
  facet normal -1 0 0
    outer loop
      vertex 20.2 1.67125 13.8717
      vertex 20.2 1.83848 30.2815
      vertex 20.2 1.83848 13.7185
    endloop
  endfacet
  facet normal -1 0 0
    outer loop
      vertex 20.2 1.67125 13.8717
      vertex 20.2 1.67125 30.1283
      vertex 20.2 1.83848 30.2815
    endloop
  endfacet
  facet normal -1 0 0
    outer loop
      vertex 20.2 1.4913 14.0098
      vertex 20.2 1.67125 30.1283
      vertex 20.2 1.67125 13.8717
    endloop
  endfacet
  facet normal -1 0 0
    outer loop
      vertex 20.2 1.4913 14.0098
      vertex 20.2 1.4913 29.9902
      vertex 20.2 1.67125 30.1283
    endloop
  endfacet
  facet normal -1 0 0
    outer loop
      vertex 20.2 1.3 14.1317
      vertex 20.2 1.4913 29.9902
      vertex 20.2 1.4913 14.0098
    endloop
  endfacet
  facet normal -1 0 0
    outer loop
      vertex 20.2 1.3 14.1317
      vertex 20.2 1.3 29.8683
      vertex 20.2 1.4913 29.9902
    endloop
  endfacet
  facet normal -1 0 0
    outer loop
      vertex 20.2 1.09881 14.2364
      vertex 20.2 1.3 29.8683
      vertex 20.2 1.3 14.1317
    endloop
  endfacet
  facet normal -1 0 0
    outer loop
      vertex 20.2 1.09881 14.2364
      vertex 20.2 1.09881 29.7636
      vertex 20.2 1.3 29.8683
    endloop
  endfacet
  facet normal -1 0 0
    outer loop
      vertex 20.2 0.889252 14.3232
      vertex 20.2 1.09881 29.7636
      vertex 20.2 1.09881 14.2364
    endloop
  endfacet
  facet normal -1 0 0
    outer loop
      vertex 20.2 0.889252 14.3232
      vertex 20.2 0.889252 29.6768
      vertex 20.2 1.09881 29.7636
    endloop
  endfacet
  facet normal -1 0 0
    outer loop
      vertex 20.2 0.672929 14.3914
      vertex 20.2 0.889252 29.6768
      vertex 20.2 0.889252 14.3232
    endloop
  endfacet
  facet normal -1 0 0
    outer loop
      vertex 20.2 0.672929 14.3914
      vertex 20.2 0.672929 29.6086
      vertex 20.2 0.889252 29.6768
    endloop
  endfacet
  facet normal -1 0 0
    outer loop
      vertex 20.2 0.451485 14.4405
      vertex 20.2 0.672929 29.6086
      vertex 20.2 0.672929 14.3914
    endloop
  endfacet
  facet normal -1 0 0
    outer loop
      vertex 20.2 0.451485 14.4405
      vertex 20.2 0.451485 29.5595
      vertex 20.2 0.672929 29.6086
    endloop
  endfacet
  facet normal -1 0 0
    outer loop
      vertex 20.2 0.226604 14.4701
      vertex 20.2 0.451485 29.5595
      vertex 20.2 0.451485 14.4405
    endloop
  endfacet
  facet normal -1 0 0
    outer loop
      vertex 20.2 0.226604 14.4701
      vertex 20.2 0.226604 29.5299
      vertex 20.2 0.451485 29.5595
    endloop
  endfacet
  facet normal -1 0 0
    outer loop
      vertex 20.2 0 14.48
      vertex 20.2 0.226604 29.5299
      vertex 20.2 0.226604 14.4701
    endloop
  endfacet
  facet normal -1 0 0
    outer loop
      vertex 20.2 0 14.48
      vertex 20.2 0 29.52
      vertex 20.2 0.226604 29.5299
    endloop
  endfacet
  facet normal -1 0 0
    outer loop
      vertex 20.2 -0.226604 14.4701
      vertex 20.2 0 29.52
      vertex 20.2 0 14.48
    endloop
  endfacet
  facet normal -1 0 0
    outer loop
      vertex 20.2 -0.226604 14.4701
      vertex 20.2 -0.226604 29.5299
      vertex 20.2 0 29.52
    endloop
  endfacet
  facet normal -1 0 0
    outer loop
      vertex 20.2 -0.451485 14.4405
      vertex 20.2 -0.226604 29.5299
      vertex 20.2 -0.226604 14.4701
    endloop
  endfacet
  facet normal -1 0 0
    outer loop
      vertex 20.2 -0.451485 14.4405
      vertex 20.2 -0.451485 29.5595
      vertex 20.2 -0.226604 29.5299
    endloop
  endfacet
  facet normal -1 0 0
    outer loop
      vertex 20.2 -0.672929 14.3914
      vertex 20.2 -0.451485 29.5595
      vertex 20.2 -0.451485 14.4405
    endloop
  endfacet
  facet normal -1 0 0
    outer loop
      vertex 20.2 -0.672929 14.3914
      vertex 20.2 -0.672929 29.6086
      vertex 20.2 -0.451485 29.5595
    endloop
  endfacet
  facet normal -1 0 0
    outer loop
      vertex 20.2 -0.889252 14.3232
      vertex 20.2 -0.672929 29.6086
      vertex 20.2 -0.672929 14.3914
    endloop
  endfacet
  facet normal -1 0 0
    outer loop
      vertex 20.2 -0.889252 14.3232
      vertex 20.2 -0.889252 29.6768
      vertex 20.2 -0.672929 29.6086
    endloop
  endfacet
  facet normal -1 0 0
    outer loop
      vertex 20.2 -1.09881 14.2364
      vertex 20.2 -0.889252 29.6768
      vertex 20.2 -0.889252 14.3232
    endloop
  endfacet
  facet normal -1 0 0
    outer loop
      vertex 20.2 -1.09881 14.2364
      vertex 20.2 -1.09881 29.7636
      vertex 20.2 -0.889252 29.6768
    endloop
  endfacet
  facet normal -1 0 0
    outer loop
      vertex 20.2 -1.3 14.1317
      vertex 20.2 -1.09881 29.7636
      vertex 20.2 -1.09881 14.2364
    endloop
  endfacet
  facet normal -1 0 0
    outer loop
      vertex 20.2 -1.3 14.1317
      vertex 20.2 -1.3 29.8683
      vertex 20.2 -1.09881 29.7636
    endloop
  endfacet
  facet normal -1 0 0
    outer loop
      vertex 20.2 -1.4913 14.0098
      vertex 20.2 -1.3 29.8683
      vertex 20.2 -1.3 14.1317
    endloop
  endfacet
  facet normal -1 0 0
    outer loop
      vertex 20.2 -1.4913 14.0098
      vertex 20.2 -1.4913 29.9902
      vertex 20.2 -1.3 29.8683
    endloop
  endfacet
  facet normal -1 0 0
    outer loop
      vertex 20.2 -1.67125 13.8717
      vertex 20.2 -1.4913 29.9902
      vertex 20.2 -1.4913 14.0098
    endloop
  endfacet
  facet normal -1 0 0
    outer loop
      vertex 20.2 -1.67125 13.8717
      vertex 20.2 -1.67125 30.1283
      vertex 20.2 -1.4913 29.9902
    endloop
  endfacet
  facet normal -1 0 0
    outer loop
      vertex 20.2 -1.83848 13.7185
      vertex 20.2 -1.67125 30.1283
      vertex 20.2 -1.67125 13.8717
    endloop
  endfacet
  facet normal -1 0 0
    outer loop
      vertex 20.2 -1.83848 13.7185
      vertex 20.2 -1.83848 30.2815
      vertex 20.2 -1.67125 30.1283
    endloop
  endfacet
  facet normal -1 0 0
    outer loop
      vertex 20.2 -1.99172 13.5512
      vertex 20.2 -1.83848 30.2815
      vertex 20.2 -1.83848 13.7185
    endloop
  endfacet
  facet normal -1 0 0
    outer loop
      vertex 20.2 -1.99172 13.5512
      vertex 20.2 -1.99172 30.4488
      vertex 20.2 -1.83848 30.2815
    endloop
  endfacet
  facet normal -1 0 0
    outer loop
      vertex 20.2 -2.1298 13.3713
      vertex 20.2 -1.99172 30.4488
      vertex 20.2 -1.99172 13.5512
    endloop
  endfacet
  facet normal -1 0 0
    outer loop
      vertex 20.2 -2.1298 13.3713
      vertex 20.2 -2.1298 30.6287
      vertex 20.2 -1.99172 30.4488
    endloop
  endfacet
  facet normal -1 0 0
    outer loop
      vertex 20.2 -2.25167 13.18
      vertex 20.2 -2.1298 30.6287
      vertex 20.2 -2.1298 13.3713
    endloop
  endfacet
  facet normal -1 0 0
    outer loop
      vertex 20.2 -2.25167 13.18
      vertex 20.2 -2.25167 30.82
      vertex 20.2 -2.1298 30.6287
    endloop
  endfacet
  facet normal -1 0 0
    outer loop
      vertex 20.2 -2.3564 12.9788
      vertex 20.2 -2.25167 30.82
      vertex 20.2 -2.25167 13.18
    endloop
  endfacet
  facet normal -1 0 0
    outer loop
      vertex 20.2 -2.3564 12.9788
      vertex 20.2 -2.3564 31.0212
      vertex 20.2 -2.25167 30.82
    endloop
  endfacet
  facet normal -1 0 0
    outer loop
      vertex 20.2 -20.2 0
      vertex 20.2 -2.3564 12.9788
      vertex 20.2 -2.4432 12.7693
    endloop
  endfacet
  facet normal -1 -0 0
    outer loop
      vertex 20.2 -2.3564 12.9788
      vertex 20.2 -20.2 0
      vertex 20.2 -2.3564 31.0212
    endloop
  endfacet
  facet normal -1 0 0
    outer loop
      vertex 20.2 -20.2 0
      vertex 20.2 -2.4432 12.7693
      vertex 20.2 -2.51141 12.5529
    endloop
  endfacet
  facet normal -1 0 0
    outer loop
      vertex 20.2 -20.2 44
      vertex 20.2 -2.3564 31.0212
      vertex 20.2 -20.2 0
    endloop
  endfacet
  facet normal -1 0 0
    outer loop
      vertex 20.2 -20.2 0
      vertex 20.2 -2.51141 12.5529
      vertex 20.2 -2.5605 12.3315
    endloop
  endfacet
  facet normal -1 0 0
    outer loop
      vertex 20.2 -2.3564 31.0212
      vertex 20.2 -20.2 44
      vertex 20.2 -2.4432 31.2307
    endloop
  endfacet
  facet normal -1 0 0
    outer loop
      vertex 20.2 -20.2 0
      vertex 20.2 -2.5605 12.3315
      vertex 20.2 -2.59011 12.1066
    endloop
  endfacet
  facet normal -1 0 0
    outer loop
      vertex 20.2 -2.4432 31.2307
      vertex 20.2 -20.2 44
      vertex 20.2 -2.51141 31.4471
    endloop
  endfacet
  facet normal -1 0 0
    outer loop
      vertex 20.2 -20.2 0
      vertex 20.2 -2.59011 12.1066
      vertex 20.2 -2.6 11.88
    endloop
  endfacet
  facet normal -1 0 0
    outer loop
      vertex 20.2 -2.51141 31.4471
      vertex 20.2 -20.2 44
      vertex 20.2 -2.5605 31.6685
    endloop
  endfacet
  facet normal -1 0 0
    outer loop
      vertex 20.2 2.59011 12.1066
      vertex 20.2 20.2 0
      vertex 20.2 2.6 11.88
    endloop
  endfacet
  facet normal -1 0 0
    outer loop
      vertex 20.2 20.2 0
      vertex 20.2 2.59011 11.6534
      vertex 20.2 2.6 11.88
    endloop
  endfacet
  facet normal -1 0 0
    outer loop
      vertex 20.2 20.2 0
      vertex 20.2 2.5605 11.4285
      vertex 20.2 2.59011 11.6534
    endloop
  endfacet
  facet normal -1 0 0
    outer loop
      vertex 20.2 20.2 0
      vertex 20.2 2.51141 11.2071
      vertex 20.2 2.5605 11.4285
    endloop
  endfacet
  facet normal -1 0 0
    outer loop
      vertex 20.2 20.2 0
      vertex 20.2 2.4432 10.9907
      vertex 20.2 2.51141 11.2071
    endloop
  endfacet
  facet normal -1 0 0
    outer loop
      vertex 20.2 20.2 0
      vertex 20.2 2.3564 10.7812
      vertex 20.2 2.4432 10.9907
    endloop
  endfacet
  facet normal -1 0 0
    outer loop
      vertex 20.2 20.2 0
      vertex 20.2 2.25167 10.58
      vertex 20.2 2.3564 10.7812
    endloop
  endfacet
  facet normal -1 0 0
    outer loop
      vertex 20.2 20.2 0
      vertex 20.2 2.1298 10.3887
      vertex 20.2 2.25167 10.58
    endloop
  endfacet
  facet normal -1 0 0
    outer loop
      vertex 20.2 20.2 0
      vertex 20.2 1.99172 10.2088
      vertex 20.2 2.1298 10.3887
    endloop
  endfacet
  facet normal -1 0 0
    outer loop
      vertex 20.2 20.2 0
      vertex 20.2 1.83848 10.0415
      vertex 20.2 1.99172 10.2088
    endloop
  endfacet
  facet normal -1 0 0
    outer loop
      vertex 20.2 20.2 0
      vertex 20.2 1.67125 9.88828
      vertex 20.2 1.83848 10.0415
    endloop
  endfacet
  facet normal -1 0 0
    outer loop
      vertex 20.2 20.2 0
      vertex 20.2 1.4913 9.75021
      vertex 20.2 1.67125 9.88828
    endloop
  endfacet
  facet normal -1 0 0
    outer loop
      vertex 20.2 20.2 0
      vertex 20.2 1.3 9.62833
      vertex 20.2 1.4913 9.75021
    endloop
  endfacet
  facet normal -1 0 0
    outer loop
      vertex 20.2 20.2 0
      vertex 20.2 1.09881 9.5236
      vertex 20.2 1.3 9.62833
    endloop
  endfacet
  facet normal -1 0 0
    outer loop
      vertex 20.2 20.2 0
      vertex 20.2 0.889252 9.4368
      vertex 20.2 1.09881 9.5236
    endloop
  endfacet
  facet normal -1 0 0
    outer loop
      vertex 20.2 20.2 0
      vertex 20.2 0.672929 9.36859
      vertex 20.2 0.889252 9.4368
    endloop
  endfacet
  facet normal -1 0 0
    outer loop
      vertex 20.2 20.2 0
      vertex 20.2 0.451485 9.3195
      vertex 20.2 0.672929 9.36859
    endloop
  endfacet
  facet normal -1 0 0
    outer loop
      vertex 20.2 20.2 0
      vertex 20.2 0.226604 9.28989
      vertex 20.2 0.451485 9.3195
    endloop
  endfacet
  facet normal -1 0 0
    outer loop
      vertex 20.2 20.2 0
      vertex 20.2 0 9.28
      vertex 20.2 0.226604 9.28989
    endloop
  endfacet
  facet normal -1 0 0
    outer loop
      vertex 20.2 -20.2 0
      vertex 20.2 0 9.28
      vertex 20.2 20.2 0
    endloop
  endfacet
  facet normal -1 -0 0
    outer loop
      vertex 20.2 0 9.28
      vertex 20.2 -20.2 0
      vertex 20.2 -0.226604 9.28989
    endloop
  endfacet
  facet normal -1 -0 0
    outer loop
      vertex 20.2 -0.226604 9.28989
      vertex 20.2 -20.2 0
      vertex 20.2 -0.451485 9.3195
    endloop
  endfacet
  facet normal -1 -0 0
    outer loop
      vertex 20.2 -0.451485 9.3195
      vertex 20.2 -20.2 0
      vertex 20.2 -0.672929 9.36859
    endloop
  endfacet
  facet normal -1 -0 0
    outer loop
      vertex 20.2 -0.672929 9.36859
      vertex 20.2 -20.2 0
      vertex 20.2 -0.889252 9.4368
    endloop
  endfacet
  facet normal -1 0 0
    outer loop
      vertex 20.2 -2.5605 31.6685
      vertex 20.2 -20.2 44
      vertex 20.2 -2.59011 31.8934
    endloop
  endfacet
  facet normal -1 -0 0
    outer loop
      vertex 20.2 -2.59011 11.6534
      vertex 20.2 -20.2 0
      vertex 20.2 -2.6 11.88
    endloop
  endfacet
  facet normal -1 -0 0
    outer loop
      vertex 20.2 -2.5605 11.4285
      vertex 20.2 -20.2 0
      vertex 20.2 -2.59011 11.6534
    endloop
  endfacet
  facet normal -1 -0 0
    outer loop
      vertex 20.2 -2.51141 11.2071
      vertex 20.2 -20.2 0
      vertex 20.2 -2.5605 11.4285
    endloop
  endfacet
  facet normal -1 -0 0
    outer loop
      vertex 20.2 -2.4432 10.9907
      vertex 20.2 -20.2 0
      vertex 20.2 -2.51141 11.2071
    endloop
  endfacet
  facet normal -1 -0 0
    outer loop
      vertex 20.2 -2.3564 10.7812
      vertex 20.2 -20.2 0
      vertex 20.2 -2.4432 10.9907
    endloop
  endfacet
  facet normal -1 -0 0
    outer loop
      vertex 20.2 -2.25167 10.58
      vertex 20.2 -20.2 0
      vertex 20.2 -2.3564 10.7812
    endloop
  endfacet
  facet normal -1 -0 0
    outer loop
      vertex 20.2 -2.1298 10.3887
      vertex 20.2 -20.2 0
      vertex 20.2 -2.25167 10.58
    endloop
  endfacet
  facet normal -1 -0 0
    outer loop
      vertex 20.2 -1.99172 10.2088
      vertex 20.2 -20.2 0
      vertex 20.2 -2.1298 10.3887
    endloop
  endfacet
  facet normal -1 -0 0
    outer loop
      vertex 20.2 -1.83848 10.0415
      vertex 20.2 -20.2 0
      vertex 20.2 -1.99172 10.2088
    endloop
  endfacet
  facet normal -1 -0 0
    outer loop
      vertex 20.2 -1.67125 9.88828
      vertex 20.2 -20.2 0
      vertex 20.2 -1.83848 10.0415
    endloop
  endfacet
  facet normal -1 -0 0
    outer loop
      vertex 20.2 -1.4913 9.75021
      vertex 20.2 -20.2 0
      vertex 20.2 -1.67125 9.88828
    endloop
  endfacet
  facet normal -1 -0 0
    outer loop
      vertex 20.2 -1.3 9.62833
      vertex 20.2 -20.2 0
      vertex 20.2 -1.4913 9.75021
    endloop
  endfacet
  facet normal -1 -0 0
    outer loop
      vertex 20.2 -1.09881 9.5236
      vertex 20.2 -20.2 0
      vertex 20.2 -1.3 9.62833
    endloop
  endfacet
  facet normal -1 -0 0
    outer loop
      vertex 20.2 -0.889252 9.4368
      vertex 20.2 -20.2 0
      vertex 20.2 -1.09881 9.5236
    endloop
  endfacet
  facet normal -1 0 0
    outer loop
      vertex 20.2 2.5605 12.3315
      vertex 20.2 20.2 0
      vertex 20.2 2.59011 12.1066
    endloop
  endfacet
  facet normal -1 0 0
    outer loop
      vertex 20.2 2.59011 32.3466
      vertex 20.2 20.2 44
      vertex 20.2 2.6 32.12
    endloop
  endfacet
  facet normal -1 0 0
    outer loop
      vertex 20.2 2.5605 32.5715
      vertex 20.2 20.2 44
      vertex 20.2 2.59011 32.3466
    endloop
  endfacet
  facet normal -1 0 0
    outer loop
      vertex 20.2 2.51141 32.7929
      vertex 20.2 20.2 44
      vertex 20.2 2.5605 32.5715
    endloop
  endfacet
  facet normal -1 0 0
    outer loop
      vertex 20.2 2.4432 33.0093
      vertex 20.2 20.2 44
      vertex 20.2 2.51141 32.7929
    endloop
  endfacet
  facet normal -1 0 0
    outer loop
      vertex 20.2 2.3564 33.2188
      vertex 20.2 20.2 44
      vertex 20.2 2.4432 33.0093
    endloop
  endfacet
  facet normal -1 0 0
    outer loop
      vertex 20.2 2.25167 33.42
      vertex 20.2 20.2 44
      vertex 20.2 2.3564 33.2188
    endloop
  endfacet
  facet normal -1 0 0
    outer loop
      vertex 20.2 2.1298 33.6113
      vertex 20.2 20.2 44
      vertex 20.2 2.25167 33.42
    endloop
  endfacet
  facet normal -1 0 0
    outer loop
      vertex 20.2 1.99172 33.7912
      vertex 20.2 20.2 44
      vertex 20.2 2.1298 33.6113
    endloop
  endfacet
  facet normal -1 0 0
    outer loop
      vertex 20.2 1.83848 33.9585
      vertex 20.2 20.2 44
      vertex 20.2 1.99172 33.7912
    endloop
  endfacet
  facet normal -1 0 0
    outer loop
      vertex 20.2 1.67125 34.1117
      vertex 20.2 20.2 44
      vertex 20.2 1.83848 33.9585
    endloop
  endfacet
  facet normal -1 0 0
    outer loop
      vertex 20.2 1.4913 34.2498
      vertex 20.2 20.2 44
      vertex 20.2 1.67125 34.1117
    endloop
  endfacet
  facet normal -1 0 0
    outer loop
      vertex 20.2 1.3 34.3717
      vertex 20.2 20.2 44
      vertex 20.2 1.4913 34.2498
    endloop
  endfacet
  facet normal -1 0 0
    outer loop
      vertex 20.2 1.09881 34.4764
      vertex 20.2 20.2 44
      vertex 20.2 1.3 34.3717
    endloop
  endfacet
  facet normal -1 0 0
    outer loop
      vertex 20.2 0.889252 34.5632
      vertex 20.2 20.2 44
      vertex 20.2 1.09881 34.4764
    endloop
  endfacet
  facet normal -1 0 0
    outer loop
      vertex 20.2 0.672929 34.6314
      vertex 20.2 20.2 44
      vertex 20.2 0.889252 34.5632
    endloop
  endfacet
  facet normal -1 0 0
    outer loop
      vertex 20.2 0.451485 34.6805
      vertex 20.2 20.2 44
      vertex 20.2 0.672929 34.6314
    endloop
  endfacet
  facet normal -1 0 0
    outer loop
      vertex 20.2 0.226604 34.7101
      vertex 20.2 20.2 44
      vertex 20.2 0.451485 34.6805
    endloop
  endfacet
  facet normal -1 0 0
    outer loop
      vertex 20.2 0 34.72
      vertex 20.2 20.2 44
      vertex 20.2 0.226604 34.7101
    endloop
  endfacet
  facet normal -1 0 0
    outer loop
      vertex 20.2 -20.2 44
      vertex 20.2 0 34.72
      vertex 20.2 -0.226604 34.7101
    endloop
  endfacet
  facet normal -1 0 0
    outer loop
      vertex 20.2 -20.2 44
      vertex 20.2 -0.226604 34.7101
      vertex 20.2 -0.451485 34.6805
    endloop
  endfacet
  facet normal -1 0 0
    outer loop
      vertex 20.2 -20.2 44
      vertex 20.2 -0.451485 34.6805
      vertex 20.2 -0.672929 34.6314
    endloop
  endfacet
  facet normal -1 0 0
    outer loop
      vertex 20.2 -20.2 44
      vertex 20.2 -0.672929 34.6314
      vertex 20.2 -0.889252 34.5632
    endloop
  endfacet
  facet normal -1 0 0
    outer loop
      vertex 20.2 -20.2 44
      vertex 20.2 -0.889252 34.5632
      vertex 20.2 -1.09881 34.4764
    endloop
  endfacet
  facet normal -1 0 0
    outer loop
      vertex 20.2 -2.59011 31.8934
      vertex 20.2 -20.2 44
      vertex 20.2 -2.6 32.12
    endloop
  endfacet
  facet normal -1 0 0
    outer loop
      vertex 20.2 -2.6 32.12
      vertex 20.2 -20.2 44
      vertex 20.2 -2.59011 32.3466
    endloop
  endfacet
  facet normal -1 0 0
    outer loop
      vertex 20.2 -2.59011 32.3466
      vertex 20.2 -20.2 44
      vertex 20.2 -2.5605 32.5715
    endloop
  endfacet
  facet normal -1 0 0
    outer loop
      vertex 20.2 -2.5605 32.5715
      vertex 20.2 -20.2 44
      vertex 20.2 -2.51141 32.7929
    endloop
  endfacet
  facet normal -1 0 0
    outer loop
      vertex 20.2 -2.51141 32.7929
      vertex 20.2 -20.2 44
      vertex 20.2 -2.4432 33.0093
    endloop
  endfacet
  facet normal -1 0 0
    outer loop
      vertex 20.2 -2.4432 33.0093
      vertex 20.2 -20.2 44
      vertex 20.2 -2.3564 33.2188
    endloop
  endfacet
  facet normal -1 0 0
    outer loop
      vertex 20.2 0 34.72
      vertex 20.2 -20.2 44
      vertex 20.2 20.2 44
    endloop
  endfacet
  facet normal -1 0 0
    outer loop
      vertex 20.2 -1.3 34.3717
      vertex 20.2 -20.2 44
      vertex 20.2 -1.09881 34.4764
    endloop
  endfacet
  facet normal -1 0 0
    outer loop
      vertex 20.2 -1.4913 34.2498
      vertex 20.2 -20.2 44
      vertex 20.2 -1.3 34.3717
    endloop
  endfacet
  facet normal -1 0 0
    outer loop
      vertex 20.2 -1.67125 34.1117
      vertex 20.2 -20.2 44
      vertex 20.2 -1.4913 34.2498
    endloop
  endfacet
  facet normal -1 0 0
    outer loop
      vertex 20.2 -1.83848 33.9585
      vertex 20.2 -20.2 44
      vertex 20.2 -1.67125 34.1117
    endloop
  endfacet
  facet normal -1 0 0
    outer loop
      vertex 20.2 -1.99172 33.7912
      vertex 20.2 -20.2 44
      vertex 20.2 -1.83848 33.9585
    endloop
  endfacet
  facet normal -1 0 0
    outer loop
      vertex 20.2 -2.1298 33.6113
      vertex 20.2 -20.2 44
      vertex 20.2 -1.99172 33.7912
    endloop
  endfacet
  facet normal -1 0 0
    outer loop
      vertex 20.2 -2.25167 33.42
      vertex 20.2 -20.2 44
      vertex 20.2 -2.1298 33.6113
    endloop
  endfacet
  facet normal -1 0 0
    outer loop
      vertex 20.2 -2.3564 33.2188
      vertex 20.2 -20.2 44
      vertex 20.2 -2.25167 33.42
    endloop
  endfacet
  facet normal 0 1 0
    outer loop
      vertex 20.2 -20.2 44
      vertex 0 -20.2 26.2
      vertex -20.2 -20.2 44
    endloop
  endfacet
  facet normal 0 1 0
    outer loop
      vertex 20.2 -20.2 44
      vertex 0.366054 -20.2 26.184
      vertex 0 -20.2 26.2
    endloop
  endfacet
  facet normal 0 1 0
    outer loop
      vertex 20.2 -20.2 44
      vertex 0.729321 -20.2 26.1362
      vertex 0.366054 -20.2 26.184
    endloop
  endfacet
  facet normal 0 1 0
    outer loop
      vertex 20.2 -20.2 44
      vertex 1.08704 -20.2 26.0569
      vertex 0.729321 -20.2 26.1362
    endloop
  endfacet
  facet normal 0 1 0
    outer loop
      vertex 20.2 -20.2 44
      vertex 1.43648 -20.2 25.9467
      vertex 1.08704 -20.2 26.0569
    endloop
  endfacet
  facet normal 0 1 0
    outer loop
      vertex 20.2 -20.2 44
      vertex 1.775 -20.2 25.8065
      vertex 1.43648 -20.2 25.9467
    endloop
  endfacet
  facet normal 0 1 0
    outer loop
      vertex 20.2 -20.2 44
      vertex 2.1 -20.2 25.6373
      vertex 1.775 -20.2 25.8065
    endloop
  endfacet
  facet normal 0 1 0
    outer loop
      vertex 20.2 -20.2 44
      vertex 2.40902 -20.2 25.4404
      vertex 2.1 -20.2 25.6373
    endloop
  endfacet
  facet normal 0 1 0
    outer loop
      vertex 20.2 -20.2 44
      vertex 2.69971 -20.2 25.2174
      vertex 2.40902 -20.2 25.4404
    endloop
  endfacet
  facet normal 0 1 0
    outer loop
      vertex 20.2 -20.2 44
      vertex 2.96985 -20.2 24.9698
      vertex 2.69971 -20.2 25.2174
    endloop
  endfacet
  facet normal 0 1 0
    outer loop
      vertex 20.2 -20.2 44
      vertex 3.21739 -20.2 24.6997
      vertex 2.96985 -20.2 24.9698
    endloop
  endfacet
  facet normal 0 1 0
    outer loop
      vertex 20.2 -20.2 44
      vertex 3.44044 -20.2 24.409
      vertex 3.21739 -20.2 24.6997
    endloop
  endfacet
  facet normal 0 1 0
    outer loop
      vertex 20.2 -20.2 44
      vertex 3.63731 -20.2 24.1
      vertex 3.44044 -20.2 24.409
    endloop
  endfacet
  facet normal 0 1 0
    outer loop
      vertex 20.2 -20.2 44
      vertex 3.80649 -20.2 23.775
      vertex 3.63731 -20.2 24.1
    endloop
  endfacet
  facet normal 0 1 0
    outer loop
      vertex 20.2 -20.2 44
      vertex 3.94671 -20.2 23.4365
      vertex 3.80649 -20.2 23.775
    endloop
  endfacet
  facet normal 0 1 0
    outer loop
      vertex 20.2 -20.2 44
      vertex 4.05689 -20.2 23.087
      vertex 3.94671 -20.2 23.4365
    endloop
  endfacet
  facet normal 0 1 0
    outer loop
      vertex 20.2 -20.2 44
      vertex 4.13619 -20.2 22.7293
      vertex 4.05689 -20.2 23.087
    endloop
  endfacet
  facet normal 0 1 0
    outer loop
      vertex 20.2 -20.2 44
      vertex 4.18402 -20.2 22.3661
      vertex 4.13619 -20.2 22.7293
    endloop
  endfacet
  facet normal 0 1 0
    outer loop
      vertex 20.2 -20.2 44
      vertex 4.2 -20.2 22
      vertex 4.18402 -20.2 22.3661
    endloop
  endfacet
  facet normal 0 1 -0
    outer loop
      vertex 20.2 -20.2 0
      vertex 4.2 -20.2 22
      vertex 20.2 -20.2 44
    endloop
  endfacet
  facet normal 0 1 0
    outer loop
      vertex 4.2 -20.2 22
      vertex 20.2 -20.2 0
      vertex 4.18402 -20.2 21.6339
    endloop
  endfacet
  facet normal 0 1 0
    outer loop
      vertex 4.18402 -20.2 21.6339
      vertex 20.2 -20.2 0
      vertex 4.13619 -20.2 21.2707
    endloop
  endfacet
  facet normal 0 1 0
    outer loop
      vertex 4.13619 -20.2 21.2707
      vertex 20.2 -20.2 0
      vertex 4.05689 -20.2 20.913
    endloop
  endfacet
  facet normal 0 1 0
    outer loop
      vertex 4.05689 -20.2 20.913
      vertex 20.2 -20.2 0
      vertex 3.94671 -20.2 20.5635
    endloop
  endfacet
  facet normal 0 1 0
    outer loop
      vertex 3.94671 -20.2 20.5635
      vertex 20.2 -20.2 0
      vertex 3.80649 -20.2 20.225
    endloop
  endfacet
  facet normal 0 1 0
    outer loop
      vertex 3.80649 -20.2 20.225
      vertex 20.2 -20.2 0
      vertex 3.63731 -20.2 19.9
    endloop
  endfacet
  facet normal 0 1 0
    outer loop
      vertex 0.366054 -20.2 17.816
      vertex 20.2 -20.2 0
      vertex 0 -20.2 17.8
    endloop
  endfacet
  facet normal 0 1 0
    outer loop
      vertex 0.729321 -20.2 17.8638
      vertex 20.2 -20.2 0
      vertex 0.366054 -20.2 17.816
    endloop
  endfacet
  facet normal 0 1 0
    outer loop
      vertex 1.08704 -20.2 17.9431
      vertex 20.2 -20.2 0
      vertex 0.729321 -20.2 17.8638
    endloop
  endfacet
  facet normal 0 1 0
    outer loop
      vertex 1.43648 -20.2 18.0533
      vertex 20.2 -20.2 0
      vertex 1.08704 -20.2 17.9431
    endloop
  endfacet
  facet normal 0 1 0
    outer loop
      vertex 1.775 -20.2 18.1935
      vertex 20.2 -20.2 0
      vertex 1.43648 -20.2 18.0533
    endloop
  endfacet
  facet normal 0 1 0
    outer loop
      vertex 2.1 -20.2 18.3627
      vertex 20.2 -20.2 0
      vertex 1.775 -20.2 18.1935
    endloop
  endfacet
  facet normal 0 1 0
    outer loop
      vertex 2.40902 -20.2 18.5596
      vertex 20.2 -20.2 0
      vertex 2.1 -20.2 18.3627
    endloop
  endfacet
  facet normal 0 1 0
    outer loop
      vertex 2.69971 -20.2 18.7826
      vertex 20.2 -20.2 0
      vertex 2.40902 -20.2 18.5596
    endloop
  endfacet
  facet normal 0 1 0
    outer loop
      vertex 2.96985 -20.2 19.0302
      vertex 20.2 -20.2 0
      vertex 2.69971 -20.2 18.7826
    endloop
  endfacet
  facet normal 0 1 0
    outer loop
      vertex 3.21739 -20.2 19.3003
      vertex 20.2 -20.2 0
      vertex 2.96985 -20.2 19.0302
    endloop
  endfacet
  facet normal 0 1 0
    outer loop
      vertex 3.44044 -20.2 19.591
      vertex 20.2 -20.2 0
      vertex 3.21739 -20.2 19.3003
    endloop
  endfacet
  facet normal 0 1 0
    outer loop
      vertex 3.63731 -20.2 19.9
      vertex 20.2 -20.2 0
      vertex 3.44044 -20.2 19.591
    endloop
  endfacet
  facet normal 0 1 -0
    outer loop
      vertex -0.366054 -20.2 26.184
      vertex -20.2 -20.2 44
      vertex 0 -20.2 26.2
    endloop
  endfacet
  facet normal 0 1 -0
    outer loop
      vertex -0.729321 -20.2 26.1362
      vertex -20.2 -20.2 44
      vertex -0.366054 -20.2 26.184
    endloop
  endfacet
  facet normal 0 1 -0
    outer loop
      vertex -1.08704 -20.2 26.0569
      vertex -20.2 -20.2 44
      vertex -0.729321 -20.2 26.1362
    endloop
  endfacet
  facet normal 0 1 -0
    outer loop
      vertex -1.43648 -20.2 25.9467
      vertex -20.2 -20.2 44
      vertex -1.08704 -20.2 26.0569
    endloop
  endfacet
  facet normal 0 1 -0
    outer loop
      vertex -1.775 -20.2 25.8065
      vertex -20.2 -20.2 44
      vertex -1.43648 -20.2 25.9467
    endloop
  endfacet
  facet normal 0 1 -0
    outer loop
      vertex -2.1 -20.2 25.6373
      vertex -20.2 -20.2 44
      vertex -1.775 -20.2 25.8065
    endloop
  endfacet
  facet normal 0 1 -0
    outer loop
      vertex -2.40902 -20.2 25.4404
      vertex -20.2 -20.2 44
      vertex -2.1 -20.2 25.6373
    endloop
  endfacet
  facet normal 0 1 -0
    outer loop
      vertex -2.69971 -20.2 25.2174
      vertex -20.2 -20.2 44
      vertex -2.40902 -20.2 25.4404
    endloop
  endfacet
  facet normal 0 1 -0
    outer loop
      vertex -2.96985 -20.2 24.9698
      vertex -20.2 -20.2 44
      vertex -2.69971 -20.2 25.2174
    endloop
  endfacet
  facet normal 0 1 -0
    outer loop
      vertex -3.21739 -20.2 24.6997
      vertex -20.2 -20.2 44
      vertex -2.96985 -20.2 24.9698
    endloop
  endfacet
  facet normal 0 1 -0
    outer loop
      vertex -3.44044 -20.2 24.409
      vertex -20.2 -20.2 44
      vertex -3.21739 -20.2 24.6997
    endloop
  endfacet
  facet normal 0 1 -0
    outer loop
      vertex -3.63731 -20.2 24.1
      vertex -20.2 -20.2 44
      vertex -3.44044 -20.2 24.409
    endloop
  endfacet
  facet normal 0 1 -0
    outer loop
      vertex -3.80649 -20.2 23.775
      vertex -20.2 -20.2 44
      vertex -3.63731 -20.2 24.1
    endloop
  endfacet
  facet normal 0 1 -0
    outer loop
      vertex -3.94671 -20.2 23.4365
      vertex -20.2 -20.2 44
      vertex -3.80649 -20.2 23.775
    endloop
  endfacet
  facet normal 0 1 -0
    outer loop
      vertex -4.05689 -20.2 23.087
      vertex -20.2 -20.2 44
      vertex -3.94671 -20.2 23.4365
    endloop
  endfacet
  facet normal 0 1 -0
    outer loop
      vertex -4.13619 -20.2 22.7293
      vertex -20.2 -20.2 44
      vertex -4.05689 -20.2 23.087
    endloop
  endfacet
  facet normal 0 1 -0
    outer loop
      vertex -4.18402 -20.2 22.3661
      vertex -20.2 -20.2 44
      vertex -4.13619 -20.2 22.7293
    endloop
  endfacet
  facet normal 0 1 -0
    outer loop
      vertex -4.2 -20.2 22
      vertex -20.2 -20.2 44
      vertex -4.18402 -20.2 22.3661
    endloop
  endfacet
  facet normal 0 1 0
    outer loop
      vertex -20.2 -20.2 0
      vertex -4.2 -20.2 22
      vertex -4.18402 -20.2 21.6339
    endloop
  endfacet
  facet normal 0 1 0
    outer loop
      vertex -20.2 -20.2 0
      vertex -4.18402 -20.2 21.6339
      vertex -4.13619 -20.2 21.2707
    endloop
  endfacet
  facet normal 0 1 0
    outer loop
      vertex -20.2 -20.2 0
      vertex -4.13619 -20.2 21.2707
      vertex -4.05689 -20.2 20.913
    endloop
  endfacet
  facet normal 0 1 0
    outer loop
      vertex -20.2 -20.2 0
      vertex -4.05689 -20.2 20.913
      vertex -3.94671 -20.2 20.5635
    endloop
  endfacet
  facet normal 0 1 0
    outer loop
      vertex -20.2 -20.2 0
      vertex -3.94671 -20.2 20.5635
      vertex -3.80649 -20.2 20.225
    endloop
  endfacet
  facet normal 0 1 0
    outer loop
      vertex -20.2 -20.2 0
      vertex -3.80649 -20.2 20.225
      vertex -3.63731 -20.2 19.9
    endloop
  endfacet
  facet normal 0 1 0
    outer loop
      vertex -20.2 -20.2 0
      vertex -3.63731 -20.2 19.9
      vertex -3.44044 -20.2 19.591
    endloop
  endfacet
  facet normal 0 1 0
    outer loop
      vertex -20.2 -20.2 0
      vertex 0 -20.2 17.8
      vertex 20.2 -20.2 0
    endloop
  endfacet
  facet normal 0 1 0
    outer loop
      vertex 0 -20.2 17.8
      vertex -20.2 -20.2 0
      vertex -0.366054 -20.2 17.816
    endloop
  endfacet
  facet normal 0 1 0
    outer loop
      vertex -0.366054 -20.2 17.816
      vertex -20.2 -20.2 0
      vertex -0.729321 -20.2 17.8638
    endloop
  endfacet
  facet normal 0 1 0
    outer loop
      vertex -0.729321 -20.2 17.8638
      vertex -20.2 -20.2 0
      vertex -1.08704 -20.2 17.9431
    endloop
  endfacet
  facet normal 0 1 0
    outer loop
      vertex -1.08704 -20.2 17.9431
      vertex -20.2 -20.2 0
      vertex -1.43648 -20.2 18.0533
    endloop
  endfacet
  facet normal 0 1 0
    outer loop
      vertex -1.43648 -20.2 18.0533
      vertex -20.2 -20.2 0
      vertex -1.775 -20.2 18.1935
    endloop
  endfacet
  facet normal 0 1 0
    outer loop
      vertex -1.775 -20.2 18.1935
      vertex -20.2 -20.2 0
      vertex -2.1 -20.2 18.3627
    endloop
  endfacet
  facet normal 0 1 0
    outer loop
      vertex -2.1 -20.2 18.3627
      vertex -20.2 -20.2 0
      vertex -2.40902 -20.2 18.5596
    endloop
  endfacet
  facet normal 0 1 0
    outer loop
      vertex -4.2 -20.2 22
      vertex -20.2 -20.2 0
      vertex -20.2 -20.2 44
    endloop
  endfacet
  facet normal 0 1 0
    outer loop
      vertex -3.21739 -20.2 19.3003
      vertex -20.2 -20.2 0
      vertex -3.44044 -20.2 19.591
    endloop
  endfacet
  facet normal 0 1 0
    outer loop
      vertex -2.96985 -20.2 19.0302
      vertex -20.2 -20.2 0
      vertex -3.21739 -20.2 19.3003
    endloop
  endfacet
  facet normal 0 1 0
    outer loop
      vertex -2.69971 -20.2 18.7826
      vertex -20.2 -20.2 0
      vertex -2.96985 -20.2 19.0302
    endloop
  endfacet
  facet normal 0 1 0
    outer loop
      vertex -2.40902 -20.2 18.5596
      vertex -20.2 -20.2 0
      vertex -2.69971 -20.2 18.7826
    endloop
  endfacet
  facet normal 0 -1 0
    outer loop
      vertex -26 0.799999 34.5913
      vertex -20.2 0.799999 44
      vertex -26 0.799999 44
    endloop
  endfacet
  facet normal 0 -1 -0
    outer loop
      vertex -20.2 0.799999 44
      vertex -26 0.799999 34.5913
      vertex -20.2 0.799999 34.5913
    endloop
  endfacet
  facet normal 0 -1 0
    outer loop
      vertex -26 0.799999 0
      vertex -20.2 0.799999 9.40866
      vertex -26 0.799999 9.40866
    endloop
  endfacet
  facet normal 0 -1 -0
    outer loop
      vertex -20.2 0.799999 9.40866
      vertex -26 0.799999 0
      vertex -20.2 0.799999 0
    endloop
  endfacet
  facet normal 0 -1 0
    outer loop
      vertex -26 0.799999 14.3513
      vertex -20.2 0.799999 29.6487
      vertex -26 0.799999 29.6487
    endloop
  endfacet
  facet normal 0 -1 -0
    outer loop
      vertex -20.2 0.799999 29.6487
      vertex -26 0.799999 14.3513
      vertex -20.2 0.799999 14.3513
    endloop
  endfacet
  facet normal 0 1 -0
    outer loop
      vertex -20.2 -0.799999 34.5913
      vertex -26 -0.799999 44
      vertex -20.2 -0.799999 44
    endloop
  endfacet
  facet normal 0 1 0
    outer loop
      vertex -26 -0.799999 44
      vertex -20.2 -0.799999 34.5913
      vertex -26 -0.799999 34.5913
    endloop
  endfacet
  facet normal 0 1 -0
    outer loop
      vertex -20.2 -0.799999 0
      vertex -26 -0.799999 9.40866
      vertex -20.2 -0.799999 9.40866
    endloop
  endfacet
  facet normal 0 1 0
    outer loop
      vertex -26 -0.799999 9.40866
      vertex -20.2 -0.799999 0
      vertex -26 -0.799999 0
    endloop
  endfacet
  facet normal 0 1 -0
    outer loop
      vertex -20.2 -0.799999 14.3513
      vertex -26 -0.799999 29.6487
      vertex -20.2 -0.799999 29.6487
    endloop
  endfacet
  facet normal 0 1 0
    outer loop
      vertex -26 -0.799999 29.6487
      vertex -20.2 -0.799999 14.3513
      vertex -26 -0.799999 14.3513
    endloop
  endfacet
endsolid OpenSCAD_Model
