solid OpenSCAD_Model
  facet normal 0 -0.991443 -0.130543
    outer loop
      vertex 20.2 -9.28989 0.226604
      vertex 23 -9.3195 0.451485
      vertex 20.2 -9.3195 0.451485
    endloop
  endfacet
  facet normal 0 -0.991443 -0.130543
    outer loop
      vertex 23 -9.3195 0.451485
      vertex 20.2 -9.28989 0.226604
      vertex 23 -9.28989 0.226604
    endloop
  endfacet
  facet normal 0 -0.999049 -0.0436029
    outer loop
      vertex 20.2 -9.28 0
      vertex 23 -9.28989 0.226604
      vertex 20.2 -9.28989 0.226604
    endloop
  endfacet
  facet normal 0 -0.999049 -0.0436029
    outer loop
      vertex 23 -9.28989 0.226604
      vertex 20.2 -9.28 0
      vertex 23 -9.28 0
    endloop
  endfacet
  facet normal 0 -0.976299 -0.216427
    outer loop
      vertex 20.2 -9.3195 0.451485
      vertex 23 -9.36859 0.672929
      vertex 20.2 -9.36859 0.672929
    endloop
  endfacet
  facet normal 0 -0.976299 -0.216427
    outer loop
      vertex 23 -9.36859 0.672929
      vertex 20.2 -9.3195 0.451485
      vertex 23 -9.3195 0.451485
    endloop
  endfacet
  facet normal 0 -0.999049 0.0436029
    outer loop
      vertex 20.2 -9.28989 -0.226604
      vertex 23 -9.28 0
      vertex 20.2 -9.28 0
    endloop
  endfacet
  facet normal 0 -0.999049 0.0436029
    outer loop
      vertex 23 -9.28 0
      vertex 20.2 -9.28989 -0.226604
      vertex 23 -9.28989 -0.226604
    endloop
  endfacet
  facet normal 0 -0.130532 -0.991444
    outer loop
      vertex 20.2 -11.6534 2.59011
      vertex 23 -11.4285 2.5605
      vertex 23 -11.6534 2.59011
    endloop
  endfacet
  facet normal -0 -0.130532 -0.991444
    outer loop
      vertex 23 -11.4285 2.5605
      vertex 20.2 -11.6534 2.59011
      vertex 20.2 -11.4285 2.5605
    endloop
  endfacet
  facet normal 0 -0.130532 -0.991444
    outer loop
      vertex -26 -11.6534 2.59011
      vertex -20.2 -11.4285 2.5605
      vertex -20.2 -11.6534 2.59011
    endloop
  endfacet
  facet normal -0 -0.130532 -0.991444
    outer loop
      vertex -20.2 -11.4285 2.5605
      vertex -26 -11.6534 2.59011
      vertex -26 -11.4285 2.5605
    endloop
  endfacet
  facet normal 0 0.976289 -0.216469
    outer loop
      vertex 23 -14.4405 0.451485
      vertex 20.2 -14.3914 0.672929
      vertex 23 -14.3914 0.672929
    endloop
  endfacet
  facet normal 0 0.976289 -0.216469
    outer loop
      vertex 20.2 -14.3914 0.672929
      vertex 23 -14.4405 0.451485
      vertex 20.2 -14.4405 0.451485
    endloop
  endfacet
  facet normal 0 -0.737317 -0.675547
    outer loop
      vertex 20.2 -9.88828 1.67125
      vertex 23 -10.0415 1.83848
      vertex 20.2 -10.0415 1.83848
    endloop
  endfacet
  facet normal 0 -0.737317 -0.675547
    outer loop
      vertex 23 -10.0415 1.83848
      vertex 20.2 -9.88828 1.67125
      vertex 23 -9.88828 1.67125
    endloop
  endfacet
  facet normal 0 -0.737317 -0.675547
    outer loop
      vertex -26 -9.88828 1.67125
      vertex -20.2 -10.0415 1.83848
      vertex -26 -10.0415 1.83848
    endloop
  endfacet
  facet normal 0 -0.737317 -0.675547
    outer loop
      vertex -20.2 -10.0415 1.83848
      vertex -26 -9.88828 1.67125
      vertex -20.2 -9.88828 1.67125
    endloop
  endfacet
  facet normal 0 0.88707 0.461635
    outer loop
      vertex 23 -14.1317 -1.3
      vertex 20.2 -14.2364 -1.09881
      vertex 23 -14.2364 -1.09881
    endloop
  endfacet
  facet normal 0 0.88707 0.461635
    outer loop
      vertex 20.2 -14.2364 -1.09881
      vertex 23 -14.1317 -1.3
      vertex 20.2 -14.1317 -1.3
    endloop
  endfacet
  facet normal 0 0.88707 0.461635
    outer loop
      vertex -20.2 -14.1317 -1.3
      vertex -26 -14.2364 -1.09881
      vertex -20.2 -14.2364 -1.09881
    endloop
  endfacet
  facet normal 0 0.88707 0.461635
    outer loop
      vertex -26 -14.2364 -1.09881
      vertex -20.2 -14.1317 -1.3
      vertex -26 -14.1317 -1.3
    endloop
  endfacet
  facet normal 0 0.737361 0.675499
    outer loop
      vertex 23 -13.7185 -1.83848
      vertex 20.2 -13.8717 -1.67125
      vertex 23 -13.8717 -1.67125
    endloop
  endfacet
  facet normal 0 0.737361 0.675499
    outer loop
      vertex 20.2 -13.8717 -1.67125
      vertex 23 -13.7185 -1.83848
      vertex 20.2 -13.7185 -1.83848
    endloop
  endfacet
  facet normal 0 0.737361 0.675499
    outer loop
      vertex -20.2 -13.7185 -1.83848
      vertex -26 -13.8717 -1.67125
      vertex -20.2 -13.8717 -1.67125
    endloop
  endfacet
  facet normal 0 0.737361 0.675499
    outer loop
      vertex -26 -13.8717 -1.67125
      vertex -20.2 -13.7185 -1.83848
      vertex -26 -13.7185 -1.83848
    endloop
  endfacet
  facet normal -0 0.216468 0.97629
    outer loop
      vertex 20.2 -12.3315 -2.5605
      vertex 23 -12.5529 -2.51141
      vertex 23 -12.3315 -2.5605
    endloop
  endfacet
  facet normal 0 0.216468 0.97629
    outer loop
      vertex 23 -12.5529 -2.51141
      vertex 20.2 -12.3315 -2.5605
      vertex 20.2 -12.5529 -2.51141
    endloop
  endfacet
  facet normal -0 0.216468 0.97629
    outer loop
      vertex -26 -12.3315 -2.5605
      vertex -20.2 -12.5529 -2.51141
      vertex -20.2 -12.3315 -2.5605
    endloop
  endfacet
  facet normal 0 0.216468 0.97629
    outer loop
      vertex -20.2 -12.5529 -2.51141
      vertex -26 -12.3315 -2.5605
      vertex -26 -12.5529 -2.51141
    endloop
  endfacet
  facet normal 0 -0.887016 0.461739
    outer loop
      vertex 20.2 -9.62833 -1.3
      vertex 23 -9.5236 -1.09881
      vertex 20.2 -9.5236 -1.09881
    endloop
  endfacet
  facet normal 0 -0.887016 0.461739
    outer loop
      vertex 23 -9.5236 -1.09881
      vertex 20.2 -9.62833 -1.3
      vertex 23 -9.62833 -1.3
    endloop
  endfacet
  facet normal 0 -0.887016 0.461739
    outer loop
      vertex -26 -9.62833 -1.3
      vertex -20.2 -9.5236 -1.09881
      vertex -26 -9.5236 -1.09881
    endloop
  endfacet
  facet normal 0 -0.887016 0.461739
    outer loop
      vertex -20.2 -9.5236 -1.09881
      vertex -26 -9.62833 -1.3
      vertex -20.2 -9.62833 -1.3
    endloop
  endfacet
  facet normal 0 -0.991443 0.130543
    outer loop
      vertex 20.2 -9.3195 -0.451485
      vertex 23 -9.28989 -0.226604
      vertex 20.2 -9.28989 -0.226604
    endloop
  endfacet
  facet normal 0 -0.991443 0.130543
    outer loop
      vertex 23 -9.28989 -0.226604
      vertex 20.2 -9.3195 -0.451485
      vertex 23 -9.3195 -0.451485
    endloop
  endfacet
  facet normal 0 0.737361 -0.675499
    outer loop
      vertex 23 -13.8717 1.67125
      vertex 20.2 -13.7185 1.83848
      vertex 23 -13.7185 1.83848
    endloop
  endfacet
  facet normal 0 0.737361 -0.675499
    outer loop
      vertex 20.2 -13.7185 1.83848
      vertex 23 -13.8717 1.67125
      vertex 20.2 -13.8717 1.67125
    endloop
  endfacet
  facet normal 0 0.737361 -0.675499
    outer loop
      vertex -20.2 -13.8717 1.67125
      vertex -26 -13.7185 1.83848
      vertex -20.2 -13.7185 1.83848
    endloop
  endfacet
  facet normal 0 0.737361 -0.675499
    outer loop
      vertex -26 -13.7185 1.83848
      vertex -20.2 -13.8717 1.67125
      vertex -26 -13.8717 1.67125
    endloop
  endfacet
  facet normal 0 -0.216468 -0.97629
    outer loop
      vertex 20.2 -11.4285 2.5605
      vertex 23 -11.2071 2.51141
      vertex 23 -11.4285 2.5605
    endloop
  endfacet
  facet normal -0 -0.216468 -0.97629
    outer loop
      vertex 23 -11.2071 2.51141
      vertex 20.2 -11.4285 2.5605
      vertex 20.2 -11.2071 2.51141
    endloop
  endfacet
  facet normal 0 -0.216468 -0.97629
    outer loop
      vertex -26 -11.4285 2.5605
      vertex -20.2 -11.2071 2.51141
      vertex -20.2 -11.4285 2.5605
    endloop
  endfacet
  facet normal -0 -0.216468 -0.97629
    outer loop
      vertex -20.2 -11.2071 2.51141
      vertex -26 -11.4285 2.5605
      vertex -26 -11.2071 2.51141
    endloop
  endfacet
  facet normal 0 -0.461721 0.887025
    outer loop
      vertex 20.2 -10.58 -2.25167
      vertex 23 -10.7812 -2.3564
      vertex 23 -10.58 -2.25167
    endloop
  endfacet
  facet normal 0 -0.461721 0.887025
    outer loop
      vertex 23 -10.7812 -2.3564
      vertex 20.2 -10.58 -2.25167
      vertex 20.2 -10.7812 -2.3564
    endloop
  endfacet
  facet normal 0 -0.461721 0.887025
    outer loop
      vertex -26 -10.58 -2.25167
      vertex -20.2 -10.7812 -2.3564
      vertex -20.2 -10.58 -2.25167
    endloop
  endfacet
  facet normal 0 -0.461721 0.887025
    outer loop
      vertex -20.2 -10.7812 -2.3564
      vertex -26 -10.58 -2.25167
      vertex -26 -10.7812 -2.3564
    endloop
  endfacet
  facet normal -0 0.675441 0.737414
    outer loop
      vertex 20.2 -13.5512 -1.99172
      vertex 23 -13.7185 -1.83848
      vertex 23 -13.5512 -1.99172
    endloop
  endfacet
  facet normal 0 0.675441 0.737414
    outer loop
      vertex 23 -13.7185 -1.83848
      vertex 20.2 -13.5512 -1.99172
      vertex 20.2 -13.7185 -1.83848
    endloop
  endfacet
  facet normal -0 0.675441 0.737414
    outer loop
      vertex -26 -13.5512 -1.99172
      vertex -20.2 -13.7185 -1.83848
      vertex -20.2 -13.5512 -1.99172
    endloop
  endfacet
  facet normal 0 0.675441 0.737414
    outer loop
      vertex -20.2 -13.7185 -1.83848
      vertex -26 -13.5512 -1.99172
      vertex -26 -13.7185 -1.83848
    endloop
  endfacet
  facet normal 0 0.300623 -0.953743
    outer loop
      vertex 20.2 -12.7693 2.4432
      vertex 23 -12.5529 2.51141
      vertex 23 -12.7693 2.4432
    endloop
  endfacet
  facet normal 0 0.300623 -0.953743
    outer loop
      vertex 23 -12.5529 2.51141
      vertex 20.2 -12.7693 2.4432
      vertex 20.2 -12.5529 2.51141
    endloop
  endfacet
  facet normal 0 0.300623 -0.953743
    outer loop
      vertex -26 -12.7693 2.4432
      vertex -20.2 -12.5529 2.51141
      vertex -20.2 -12.7693 2.4432
    endloop
  endfacet
  facet normal 0 0.300623 -0.953743
    outer loop
      vertex -20.2 -12.5529 2.51141
      vertex -26 -12.7693 2.4432
      vertex -26 -12.5529 2.51141
    endloop
  endfacet
  facet normal 0 -0.953712 -0.30072
    outer loop
      vertex 20.2 -9.36859 0.672929
      vertex 23 -9.4368 0.889252
      vertex 20.2 -9.4368 0.889252
    endloop
  endfacet
  facet normal 0 -0.953712 -0.30072
    outer loop
      vertex 23 -9.4368 0.889252
      vertex 20.2 -9.36859 0.672929
      vertex 23 -9.36859 0.672929
    endloop
  endfacet
  facet normal 0 -0.953721 -0.300693
    outer loop
      vertex -26 -9.40866 0.799999
      vertex -20.2 -9.4368 0.889252
      vertex -26 -9.4368 0.889252
    endloop
  endfacet
  facet normal 0 -0.953721 -0.300693
    outer loop
      vertex -20.2 -9.4368 0.889252
      vertex -26 -9.40866 0.799999
      vertex -20.2 -9.40866 0.799999
    endloop
  endfacet
  facet normal 0 0.843335 -0.537389
    outer loop
      vertex 23 -14.1317 1.3
      vertex 20.2 -14.0098 1.4913
      vertex 23 -14.0098 1.4913
    endloop
  endfacet
  facet normal 0 0.843335 -0.537389
    outer loop
      vertex 20.2 -14.0098 1.4913
      vertex 23 -14.1317 1.3
      vertex 20.2 -14.1317 1.3
    endloop
  endfacet
  facet normal 0 0.843335 -0.537389
    outer loop
      vertex -20.2 -14.1317 1.3
      vertex -26 -14.0098 1.4913
      vertex -20.2 -14.0098 1.4913
    endloop
  endfacet
  facet normal 0 0.843335 -0.537389
    outer loop
      vertex -26 -14.0098 1.4913
      vertex -20.2 -14.1317 1.3
      vertex -26 -14.1317 1.3
    endloop
  endfacet
  facet normal 0 0.537295 -0.843395
    outer loop
      vertex 20.2 -13.3713 2.1298
      vertex 23 -13.18 2.25167
      vertex 23 -13.3713 2.1298
    endloop
  endfacet
  facet normal 0 0.537295 -0.843395
    outer loop
      vertex 23 -13.18 2.25167
      vertex 20.2 -13.3713 2.1298
      vertex 20.2 -13.18 2.25167
    endloop
  endfacet
  facet normal 0 0.537295 -0.843395
    outer loop
      vertex -26 -13.3713 2.1298
      vertex -20.2 -13.18 2.25167
      vertex -20.2 -13.3713 2.1298
    endloop
  endfacet
  facet normal 0 0.537295 -0.843395
    outer loop
      vertex -20.2 -13.18 2.25167
      vertex -26 -13.3713 2.1298
      vertex -26 -13.18 2.25167
    endloop
  endfacet
  facet normal 0 -0.976299 0.216427
    outer loop
      vertex 20.2 -9.36859 -0.672929
      vertex 23 -9.3195 -0.451485
      vertex 20.2 -9.3195 -0.451485
    endloop
  endfacet
  facet normal 0 -0.976299 0.216427
    outer loop
      vertex 23 -9.3195 -0.451485
      vertex 20.2 -9.36859 -0.672929
      vertex 23 -9.36859 -0.672929
    endloop
  endfacet
  facet normal 0 -0.382767 0.923845
    outer loop
      vertex 20.2 -10.7812 -2.3564
      vertex 23 -10.9907 -2.4432
      vertex 23 -10.7812 -2.3564
    endloop
  endfacet
  facet normal 0 -0.382767 0.923845
    outer loop
      vertex 23 -10.9907 -2.4432
      vertex 20.2 -10.7812 -2.3564
      vertex 20.2 -10.9907 -2.4432
    endloop
  endfacet
  facet normal 0 -0.382767 0.923845
    outer loop
      vertex -26 -10.7812 -2.3564
      vertex -20.2 -10.9907 -2.4432
      vertex -20.2 -10.7812 -2.3564
    endloop
  endfacet
  facet normal 0 -0.382767 0.923845
    outer loop
      vertex -20.2 -10.9907 -2.4432
      vertex -26 -10.7812 -2.3564
      vertex -26 -10.9907 -2.4432
    endloop
  endfacet
  facet normal 0 -0.537295 0.843395
    outer loop
      vertex 20.2 -10.3887 -2.1298
      vertex 23 -10.58 -2.25167
      vertex 23 -10.3887 -2.1298
    endloop
  endfacet
  facet normal 0 -0.537295 0.843395
    outer loop
      vertex 23 -10.58 -2.25167
      vertex 20.2 -10.3887 -2.1298
      vertex 20.2 -10.58 -2.25167
    endloop
  endfacet
  facet normal 0 -0.537295 0.843395
    outer loop
      vertex -26 -10.3887 -2.1298
      vertex -20.2 -10.58 -2.25167
      vertex -20.2 -10.3887 -2.1298
    endloop
  endfacet
  facet normal 0 -0.537295 0.843395
    outer loop
      vertex -20.2 -10.58 -2.25167
      vertex -26 -10.3887 -2.1298
      vertex -26 -10.58 -2.25167
    endloop
  endfacet
  facet normal 0 -0.923882 -0.382677
    outer loop
      vertex 20.2 -9.4368 0.889252
      vertex 23 -9.5236 1.09881
      vertex 20.2 -9.5236 1.09881
    endloop
  endfacet
  facet normal 0 -0.923882 -0.382677
    outer loop
      vertex 23 -9.5236 1.09881
      vertex 20.2 -9.4368 0.889252
      vertex 23 -9.4368 0.889252
    endloop
  endfacet
  facet normal 0 -0.923882 -0.382677
    outer loop
      vertex -26 -9.4368 0.889252
      vertex -20.2 -9.5236 1.09881
      vertex -26 -9.5236 1.09881
    endloop
  endfacet
  facet normal 0 -0.923882 -0.382677
    outer loop
      vertex -20.2 -9.5236 1.09881
      vertex -26 -9.4368 0.889252
      vertex -20.2 -9.4368 0.889252
    endloop
  endfacet
  facet normal 0 -0.382767 -0.923845
    outer loop
      vertex 20.2 -10.9907 2.4432
      vertex 23 -10.7812 2.3564
      vertex 23 -10.9907 2.4432
    endloop
  endfacet
  facet normal -0 -0.382767 -0.923845
    outer loop
      vertex 23 -10.7812 2.3564
      vertex 20.2 -10.9907 2.4432
      vertex 20.2 -10.7812 2.3564
    endloop
  endfacet
  facet normal 0 -0.382767 -0.923845
    outer loop
      vertex -26 -10.9907 2.4432
      vertex -20.2 -10.7812 2.3564
      vertex -20.2 -10.9907 2.4432
    endloop
  endfacet
  facet normal -0 -0.382767 -0.923845
    outer loop
      vertex -20.2 -10.7812 2.3564
      vertex -26 -10.9907 2.4432
      vertex -26 -10.7812 2.3564
    endloop
  endfacet
  facet normal 0 -0.0436037 0.999049
    outer loop
      vertex 20.2 -11.6534 -2.59011
      vertex 23 -11.88 -2.6
      vertex 23 -11.6534 -2.59011
    endloop
  endfacet
  facet normal 0 -0.0436037 0.999049
    outer loop
      vertex 23 -11.88 -2.6
      vertex 20.2 -11.6534 -2.59011
      vertex 20.2 -11.88 -2.6
    endloop
  endfacet
  facet normal 0 -0.0436037 0.999049
    outer loop
      vertex -26 -11.6534 -2.59011
      vertex -20.2 -11.88 -2.6
      vertex -20.2 -11.6534 -2.59011
    endloop
  endfacet
  facet normal 0 -0.0436037 0.999049
    outer loop
      vertex -20.2 -11.88 -2.6
      vertex -26 -11.6534 -2.59011
      vertex -26 -11.88 -2.6
    endloop
  endfacet
  facet normal 0 0.675441 -0.737414
    outer loop
      vertex 20.2 -13.7185 1.83848
      vertex 23 -13.5512 1.99172
      vertex 23 -13.7185 1.83848
    endloop
  endfacet
  facet normal 0 0.675441 -0.737414
    outer loop
      vertex 23 -13.5512 1.99172
      vertex 20.2 -13.7185 1.83848
      vertex 20.2 -13.5512 1.99172
    endloop
  endfacet
  facet normal 0 0.675441 -0.737414
    outer loop
      vertex -26 -13.7185 1.83848
      vertex -20.2 -13.5512 1.99172
      vertex -20.2 -13.7185 1.83848
    endloop
  endfacet
  facet normal 0 0.675441 -0.737414
    outer loop
      vertex -20.2 -13.5512 1.99172
      vertex -26 -13.7185 1.83848
      vertex -26 -13.5512 1.99172
    endloop
  endfacet
  facet normal 0 -0.130532 0.991444
    outer loop
      vertex 20.2 -11.4285 -2.5605
      vertex 23 -11.6534 -2.59011
      vertex 23 -11.4285 -2.5605
    endloop
  endfacet
  facet normal 0 -0.130532 0.991444
    outer loop
      vertex 23 -11.6534 -2.59011
      vertex 20.2 -11.4285 -2.5605
      vertex 20.2 -11.6534 -2.59011
    endloop
  endfacet
  facet normal 0 -0.130532 0.991444
    outer loop
      vertex -26 -11.4285 -2.5605
      vertex -20.2 -11.6534 -2.59011
      vertex -20.2 -11.4285 -2.5605
    endloop
  endfacet
  facet normal 0 -0.130532 0.991444
    outer loop
      vertex -20.2 -11.6534 -2.59011
      vertex -26 -11.4285 -2.5605
      vertex -26 -11.6534 -2.59011
    endloop
  endfacet
  facet normal 0 0.793312 -0.608816
    outer loop
      vertex 23 -14.0098 1.4913
      vertex 20.2 -13.8717 1.67125
      vertex 23 -13.8717 1.67125
    endloop
  endfacet
  facet normal 0 0.793312 -0.608816
    outer loop
      vertex 20.2 -13.8717 1.67125
      vertex 23 -14.0098 1.4913
      vertex 20.2 -14.0098 1.4913
    endloop
  endfacet
  facet normal 0 0.793312 -0.608816
    outer loop
      vertex -20.2 -14.0098 1.4913
      vertex -26 -13.8717 1.67125
      vertex -20.2 -13.8717 1.67125
    endloop
  endfacet
  facet normal 0 0.793312 -0.608816
    outer loop
      vertex -26 -13.8717 1.67125
      vertex -20.2 -14.0098 1.4913
      vertex -26 -14.0098 1.4913
    endloop
  endfacet
  facet normal 0 0.608867 -0.793273
    outer loop
      vertex 20.2 -13.5512 1.99172
      vertex 23 -13.3713 2.1298
      vertex 23 -13.5512 1.99172
    endloop
  endfacet
  facet normal 0 0.608867 -0.793273
    outer loop
      vertex 23 -13.3713 2.1298
      vertex 20.2 -13.5512 1.99172
      vertex 20.2 -13.3713 2.1298
    endloop
  endfacet
  facet normal 0 0.608867 -0.793273
    outer loop
      vertex -26 -13.5512 1.99172
      vertex -20.2 -13.3713 2.1298
      vertex -20.2 -13.5512 1.99172
    endloop
  endfacet
  facet normal 0 0.608867 -0.793273
    outer loop
      vertex -20.2 -13.3713 2.1298
      vertex -26 -13.5512 1.99172
      vertex -26 -13.3713 2.1298
    endloop
  endfacet
  facet normal 0 0.382767 -0.923845
    outer loop
      vertex 20.2 -12.9788 2.3564
      vertex 23 -12.7693 2.4432
      vertex 23 -12.9788 2.3564
    endloop
  endfacet
  facet normal 0 0.382767 -0.923845
    outer loop
      vertex 23 -12.7693 2.4432
      vertex 20.2 -12.9788 2.3564
      vertex 20.2 -12.7693 2.4432
    endloop
  endfacet
  facet normal 0 0.382767 -0.923845
    outer loop
      vertex -26 -12.9788 2.3564
      vertex -20.2 -12.7693 2.4432
      vertex -20.2 -12.9788 2.3564
    endloop
  endfacet
  facet normal 0 0.382767 -0.923845
    outer loop
      vertex -20.2 -12.7693 2.4432
      vertex -26 -12.9788 2.3564
      vertex -26 -12.7693 2.4432
    endloop
  endfacet
  facet normal 0 -0.923882 0.382677
    outer loop
      vertex 20.2 -9.5236 -1.09881
      vertex 23 -9.4368 -0.889252
      vertex 20.2 -9.4368 -0.889252
    endloop
  endfacet
  facet normal 0 -0.923882 0.382677
    outer loop
      vertex 23 -9.4368 -0.889252
      vertex 20.2 -9.5236 -1.09881
      vertex 23 -9.5236 -1.09881
    endloop
  endfacet
  facet normal 0 -0.923882 0.382677
    outer loop
      vertex -26 -9.5236 -1.09881
      vertex -20.2 -9.4368 -0.889252
      vertex -26 -9.4368 -0.889252
    endloop
  endfacet
  facet normal 0 -0.923882 0.382677
    outer loop
      vertex -20.2 -9.4368 -0.889252
      vertex -26 -9.5236 -1.09881
      vertex -20.2 -9.5236 -1.09881
    endloop
  endfacet
  facet normal 0 -0.793376 0.608732
    outer loop
      vertex 20.2 -9.88828 -1.67125
      vertex 23 -9.75021 -1.4913
      vertex 20.2 -9.75021 -1.4913
    endloop
  endfacet
  facet normal 0 -0.793376 0.608732
    outer loop
      vertex 23 -9.75021 -1.4913
      vertex 20.2 -9.88828 -1.67125
      vertex 23 -9.88828 -1.67125
    endloop
  endfacet
  facet normal 0 -0.793376 0.608732
    outer loop
      vertex -26 -9.88828 -1.67125
      vertex -20.2 -9.75021 -1.4913
      vertex -26 -9.75021 -1.4913
    endloop
  endfacet
  facet normal 0 -0.793376 0.608732
    outer loop
      vertex -20.2 -9.75021 -1.4913
      vertex -26 -9.88828 -1.67125
      vertex -20.2 -9.88828 -1.67125
    endloop
  endfacet
  facet normal 0 -0.608867 -0.793273
    outer loop
      vertex 20.2 -10.3887 2.1298
      vertex 23 -10.2088 1.99172
      vertex 23 -10.3887 2.1298
    endloop
  endfacet
  facet normal -0 -0.608867 -0.793273
    outer loop
      vertex 23 -10.2088 1.99172
      vertex 20.2 -10.3887 2.1298
      vertex 20.2 -10.2088 1.99172
    endloop
  endfacet
  facet normal 0 -0.608867 -0.793273
    outer loop
      vertex -26 -10.3887 2.1298
      vertex -20.2 -10.2088 1.99172
      vertex -20.2 -10.3887 2.1298
    endloop
  endfacet
  facet normal -0 -0.608867 -0.793273
    outer loop
      vertex -20.2 -10.2088 1.99172
      vertex -26 -10.3887 2.1298
      vertex -26 -10.2088 1.99172
    endloop
  endfacet
  facet normal 0 0.461721 -0.887025
    outer loop
      vertex 20.2 -13.18 2.25167
      vertex 23 -12.9788 2.3564
      vertex 23 -13.18 2.25167
    endloop
  endfacet
  facet normal 0 0.461721 -0.887025
    outer loop
      vertex 23 -12.9788 2.3564
      vertex 20.2 -13.18 2.25167
      vertex 20.2 -12.9788 2.3564
    endloop
  endfacet
  facet normal 0 0.461721 -0.887025
    outer loop
      vertex -26 -13.18 2.25167
      vertex -20.2 -12.9788 2.3564
      vertex -20.2 -13.18 2.25167
    endloop
  endfacet
  facet normal 0 0.461721 -0.887025
    outer loop
      vertex -20.2 -12.9788 2.3564
      vertex -26 -13.18 2.25167
      vertex -26 -12.9788 2.3564
    endloop
  endfacet
  facet normal 0 -0.300623 0.953743
    outer loop
      vertex 20.2 -10.9907 -2.4432
      vertex 23 -11.2071 -2.51141
      vertex 23 -10.9907 -2.4432
    endloop
  endfacet
  facet normal 0 -0.300623 0.953743
    outer loop
      vertex 23 -11.2071 -2.51141
      vertex 20.2 -10.9907 -2.4432
      vertex 20.2 -11.2071 -2.51141
    endloop
  endfacet
  facet normal 0 -0.300623 0.953743
    outer loop
      vertex -26 -10.9907 -2.4432
      vertex -20.2 -11.2071 -2.51141
      vertex -20.2 -10.9907 -2.4432
    endloop
  endfacet
  facet normal 0 -0.300623 0.953743
    outer loop
      vertex -20.2 -11.2071 -2.51141
      vertex -26 -10.9907 -2.4432
      vertex -26 -11.2071 -2.51141
    endloop
  endfacet
  facet normal 0 -0.843375 -0.537326
    outer loop
      vertex 20.2 -9.62833 1.3
      vertex 23 -9.75021 1.4913
      vertex 20.2 -9.75021 1.4913
    endloop
  endfacet
  facet normal 0 -0.843375 -0.537326
    outer loop
      vertex 23 -9.75021 1.4913
      vertex 20.2 -9.62833 1.3
      vertex 23 -9.62833 1.3
    endloop
  endfacet
  facet normal 0 -0.843375 -0.537326
    outer loop
      vertex -26 -9.62833 1.3
      vertex -20.2 -9.75021 1.4913
      vertex -26 -9.75021 1.4913
    endloop
  endfacet
  facet normal 0 -0.843375 -0.537326
    outer loop
      vertex -20.2 -9.75021 1.4913
      vertex -26 -9.62833 1.3
      vertex -20.2 -9.62833 1.3
    endloop
  endfacet
  facet normal 0 -0.300623 -0.953743
    outer loop
      vertex 20.2 -11.2071 2.51141
      vertex 23 -10.9907 2.4432
      vertex 23 -11.2071 2.51141
    endloop
  endfacet
  facet normal -0 -0.300623 -0.953743
    outer loop
      vertex 23 -10.9907 2.4432
      vertex 20.2 -11.2071 2.51141
      vertex 20.2 -10.9907 2.4432
    endloop
  endfacet
  facet normal 0 -0.300623 -0.953743
    outer loop
      vertex -26 -11.2071 2.51141
      vertex -20.2 -10.9907 2.4432
      vertex -20.2 -11.2071 2.51141
    endloop
  endfacet
  facet normal -0 -0.300623 -0.953743
    outer loop
      vertex -20.2 -10.9907 2.4432
      vertex -26 -11.2071 2.51141
      vertex -26 -10.9907 2.4432
    endloop
  endfacet
  facet normal 0 -0.216468 0.97629
    outer loop
      vertex 20.2 -11.2071 -2.51141
      vertex 23 -11.4285 -2.5605
      vertex 23 -11.2071 -2.51141
    endloop
  endfacet
  facet normal 0 -0.216468 0.97629
    outer loop
      vertex 23 -11.4285 -2.5605
      vertex 20.2 -11.2071 -2.51141
      vertex 20.2 -11.4285 -2.5605
    endloop
  endfacet
  facet normal 0 -0.216468 0.97629
    outer loop
      vertex -26 -11.2071 -2.51141
      vertex -20.2 -11.4285 -2.5605
      vertex -20.2 -11.2071 -2.51141
    endloop
  endfacet
  facet normal 0 -0.216468 0.97629
    outer loop
      vertex -20.2 -11.4285 -2.5605
      vertex -26 -11.2071 -2.51141
      vertex -26 -11.4285 -2.5605
    endloop
  endfacet
  facet normal 0 0.843335 0.537389
    outer loop
      vertex 23 -14.0098 -1.4913
      vertex 20.2 -14.1317 -1.3
      vertex 23 -14.1317 -1.3
    endloop
  endfacet
  facet normal 0 0.843335 0.537389
    outer loop
      vertex 20.2 -14.1317 -1.3
      vertex 23 -14.0098 -1.4913
      vertex 20.2 -14.0098 -1.4913
    endloop
  endfacet
  facet normal 0 0.843335 0.537389
    outer loop
      vertex -20.2 -14.0098 -1.4913
      vertex -26 -14.1317 -1.3
      vertex -20.2 -14.1317 -1.3
    endloop
  endfacet
  facet normal 0 0.843335 0.537389
    outer loop
      vertex -26 -14.1317 -1.3
      vertex -20.2 -14.0098 -1.4913
      vertex -26 -14.0098 -1.4913
    endloop
  endfacet
  facet normal 0 0.793312 0.608816
    outer loop
      vertex 23 -13.8717 -1.67125
      vertex 20.2 -14.0098 -1.4913
      vertex 23 -14.0098 -1.4913
    endloop
  endfacet
  facet normal 0 0.793312 0.608816
    outer loop
      vertex 20.2 -14.0098 -1.4913
      vertex 23 -13.8717 -1.67125
      vertex 20.2 -13.8717 -1.67125
    endloop
  endfacet
  facet normal 0 0.793312 0.608816
    outer loop
      vertex -20.2 -13.8717 -1.67125
      vertex -26 -14.0098 -1.4913
      vertex -20.2 -14.0098 -1.4913
    endloop
  endfacet
  facet normal 0 0.793312 0.608816
    outer loop
      vertex -26 -14.0098 -1.4913
      vertex -20.2 -13.8717 -1.67125
      vertex -26 -13.8717 -1.67125
    endloop
  endfacet
  facet normal 0 -0.887016 -0.461739
    outer loop
      vertex 20.2 -9.5236 1.09881
      vertex 23 -9.62833 1.3
      vertex 20.2 -9.62833 1.3
    endloop
  endfacet
  facet normal 0 -0.887016 -0.461739
    outer loop
      vertex 23 -9.62833 1.3
      vertex 20.2 -9.5236 1.09881
      vertex 23 -9.5236 1.09881
    endloop
  endfacet
  facet normal 0 -0.887016 -0.461739
    outer loop
      vertex -26 -9.5236 1.09881
      vertex -20.2 -9.62833 1.3
      vertex -26 -9.62833 1.3
    endloop
  endfacet
  facet normal 0 -0.887016 -0.461739
    outer loop
      vertex -20.2 -9.62833 1.3
      vertex -26 -9.5236 1.09881
      vertex -20.2 -9.5236 1.09881
    endloop
  endfacet
  facet normal 0 0.216468 -0.97629
    outer loop
      vertex 20.2 -12.5529 2.51141
      vertex 23 -12.3315 2.5605
      vertex 23 -12.5529 2.51141
    endloop
  endfacet
  facet normal 0 0.216468 -0.97629
    outer loop
      vertex 23 -12.3315 2.5605
      vertex 20.2 -12.5529 2.51141
      vertex 20.2 -12.3315 2.5605
    endloop
  endfacet
  facet normal 0 0.216468 -0.97629
    outer loop
      vertex -26 -12.5529 2.51141
      vertex -20.2 -12.3315 2.5605
      vertex -20.2 -12.5529 2.51141
    endloop
  endfacet
  facet normal 0 0.216468 -0.97629
    outer loop
      vertex -20.2 -12.3315 2.5605
      vertex -26 -12.5529 2.51141
      vertex -26 -12.3315 2.5605
    endloop
  endfacet
  facet normal 0 0.130532 -0.991444
    outer loop
      vertex 20.2 -12.3315 2.5605
      vertex 23 -12.1066 2.59011
      vertex 23 -12.3315 2.5605
    endloop
  endfacet
  facet normal 0 0.130532 -0.991444
    outer loop
      vertex 23 -12.1066 2.59011
      vertex 20.2 -12.3315 2.5605
      vertex 20.2 -12.1066 2.59011
    endloop
  endfacet
  facet normal 0 0.130532 -0.991444
    outer loop
      vertex -26 -12.3315 2.5605
      vertex -20.2 -12.1066 2.59011
      vertex -20.2 -12.3315 2.5605
    endloop
  endfacet
  facet normal 0 0.130532 -0.991444
    outer loop
      vertex -20.2 -12.1066 2.59011
      vertex -26 -12.3315 2.5605
      vertex -26 -12.1066 2.59011
    endloop
  endfacet
  facet normal 0 -0.793376 -0.608732
    outer loop
      vertex 20.2 -9.75021 1.4913
      vertex 23 -9.88828 1.67125
      vertex 20.2 -9.88828 1.67125
    endloop
  endfacet
  facet normal 0 -0.793376 -0.608732
    outer loop
      vertex 23 -9.88828 1.67125
      vertex 20.2 -9.75021 1.4913
      vertex 23 -9.75021 1.4913
    endloop
  endfacet
  facet normal 0 -0.793376 -0.608732
    outer loop
      vertex -26 -9.75021 1.4913
      vertex -20.2 -9.88828 1.67125
      vertex -26 -9.88828 1.67125
    endloop
  endfacet
  facet normal 0 -0.793376 -0.608732
    outer loop
      vertex -20.2 -9.88828 1.67125
      vertex -26 -9.75021 1.4913
      vertex -20.2 -9.75021 1.4913
    endloop
  endfacet
  facet normal 0 -0.953712 0.30072
    outer loop
      vertex 20.2 -9.4368 -0.889252
      vertex 23 -9.36859 -0.672929
      vertex 20.2 -9.36859 -0.672929
    endloop
  endfacet
  facet normal 0 -0.953712 0.30072
    outer loop
      vertex 23 -9.36859 -0.672929
      vertex 20.2 -9.4368 -0.889252
      vertex 23 -9.4368 -0.889252
    endloop
  endfacet
  facet normal 0 -0.953721 0.300693
    outer loop
      vertex -26 -9.4368 -0.889252
      vertex -20.2 -9.40866 -0.799999
      vertex -26 -9.40866 -0.799999
    endloop
  endfacet
  facet normal 0 -0.953721 0.300693
    outer loop
      vertex -20.2 -9.40866 -0.799999
      vertex -26 -9.4368 -0.889252
      vertex -20.2 -9.4368 -0.889252
    endloop
  endfacet
  facet normal 0 0.999047 -0.0436469
    outer loop
      vertex 23 -14.48 0
      vertex 20.2 -14.4701 0.226604
      vertex 23 -14.4701 0.226604
    endloop
  endfacet
  facet normal 0 0.999047 -0.0436469
    outer loop
      vertex 20.2 -14.4701 0.226604
      vertex 23 -14.48 0
      vertex 20.2 -14.48 0
    endloop
  endfacet
  facet normal 0 0.999047 0.0436469
    outer loop
      vertex 23 -14.4701 -0.226604
      vertex 20.2 -14.48 0
      vertex 23 -14.48 0
    endloop
  endfacet
  facet normal 0 0.999047 0.0436469
    outer loop
      vertex 20.2 -14.48 0
      vertex 23 -14.4701 -0.226604
      vertex 20.2 -14.4701 -0.226604
    endloop
  endfacet
  facet normal 0 -0.461721 -0.887025
    outer loop
      vertex 20.2 -10.7812 2.3564
      vertex 23 -10.58 2.25167
      vertex 23 -10.7812 2.3564
    endloop
  endfacet
  facet normal -0 -0.461721 -0.887025
    outer loop
      vertex 23 -10.58 2.25167
      vertex 20.2 -10.7812 2.3564
      vertex 20.2 -10.58 2.25167
    endloop
  endfacet
  facet normal 0 -0.461721 -0.887025
    outer loop
      vertex -26 -10.7812 2.3564
      vertex -20.2 -10.58 2.25167
      vertex -20.2 -10.7812 2.3564
    endloop
  endfacet
  facet normal -0 -0.461721 -0.887025
    outer loop
      vertex -20.2 -10.58 2.25167
      vertex -26 -10.7812 2.3564
      vertex -26 -10.58 2.25167
    endloop
  endfacet
  facet normal 0 -0.537295 -0.843395
    outer loop
      vertex 20.2 -10.58 2.25167
      vertex 23 -10.3887 2.1298
      vertex 23 -10.58 2.25167
    endloop
  endfacet
  facet normal -0 -0.537295 -0.843395
    outer loop
      vertex 23 -10.3887 2.1298
      vertex 20.2 -10.58 2.25167
      vertex 20.2 -10.3887 2.1298
    endloop
  endfacet
  facet normal 0 -0.537295 -0.843395
    outer loop
      vertex -26 -10.58 2.25167
      vertex -20.2 -10.3887 2.1298
      vertex -20.2 -10.58 2.25167
    endloop
  endfacet
  facet normal -0 -0.537295 -0.843395
    outer loop
      vertex -20.2 -10.3887 2.1298
      vertex -26 -10.58 2.25167
      vertex -26 -10.3887 2.1298
    endloop
  endfacet
  facet normal 0 0.0436037 -0.999049
    outer loop
      vertex 20.2 -12.1066 2.59011
      vertex 23 -11.88 2.6
      vertex 23 -12.1066 2.59011
    endloop
  endfacet
  facet normal 0 0.0436037 -0.999049
    outer loop
      vertex 23 -11.88 2.6
      vertex 20.2 -12.1066 2.59011
      vertex 20.2 -11.88 2.6
    endloop
  endfacet
  facet normal 0 0.0436037 -0.999049
    outer loop
      vertex -26 -12.1066 2.59011
      vertex -20.2 -11.88 2.6
      vertex -20.2 -12.1066 2.59011
    endloop
  endfacet
  facet normal 0 0.0436037 -0.999049
    outer loop
      vertex -20.2 -11.88 2.6
      vertex -26 -12.1066 2.59011
      vertex -26 -11.88 2.6
    endloop
  endfacet
  facet normal 0 -0.0436037 -0.999049
    outer loop
      vertex 20.2 -11.88 2.6
      vertex 23 -11.6534 2.59011
      vertex 23 -11.88 2.6
    endloop
  endfacet
  facet normal -0 -0.0436037 -0.999049
    outer loop
      vertex 23 -11.6534 2.59011
      vertex 20.2 -11.88 2.6
      vertex 20.2 -11.6534 2.59011
    endloop
  endfacet
  facet normal 0 -0.0436037 -0.999049
    outer loop
      vertex -26 -11.88 2.6
      vertex -20.2 -11.6534 2.59011
      vertex -20.2 -11.88 2.6
    endloop
  endfacet
  facet normal -0 -0.0436037 -0.999049
    outer loop
      vertex -20.2 -11.6534 2.59011
      vertex -26 -11.88 2.6
      vertex -26 -11.6534 2.59011
    endloop
  endfacet
  facet normal -0 0.382767 0.923845
    outer loop
      vertex 20.2 -12.7693 -2.4432
      vertex 23 -12.9788 -2.3564
      vertex 23 -12.7693 -2.4432
    endloop
  endfacet
  facet normal 0 0.382767 0.923845
    outer loop
      vertex 23 -12.9788 -2.3564
      vertex 20.2 -12.7693 -2.4432
      vertex 20.2 -12.9788 -2.3564
    endloop
  endfacet
  facet normal -0 0.382767 0.923845
    outer loop
      vertex -26 -12.7693 -2.4432
      vertex -20.2 -12.9788 -2.3564
      vertex -20.2 -12.7693 -2.4432
    endloop
  endfacet
  facet normal 0 0.382767 0.923845
    outer loop
      vertex -20.2 -12.9788 -2.3564
      vertex -26 -12.7693 -2.4432
      vertex -26 -12.9788 -2.3564
    endloop
  endfacet
  facet normal 0 -0.675441 -0.737414
    outer loop
      vertex 20.2 -10.2088 1.99172
      vertex 23 -10.0415 1.83848
      vertex 23 -10.2088 1.99172
    endloop
  endfacet
  facet normal -0 -0.675441 -0.737414
    outer loop
      vertex 23 -10.0415 1.83848
      vertex 20.2 -10.2088 1.99172
      vertex 20.2 -10.0415 1.83848
    endloop
  endfacet
  facet normal 0 -0.675441 -0.737414
    outer loop
      vertex -26 -10.2088 1.99172
      vertex -20.2 -10.0415 1.83848
      vertex -20.2 -10.2088 1.99172
    endloop
  endfacet
  facet normal -0 -0.675441 -0.737414
    outer loop
      vertex -20.2 -10.0415 1.83848
      vertex -26 -10.2088 1.99172
      vertex -26 -10.0415 1.83848
    endloop
  endfacet
  facet normal 0 0.953725 -0.30068
    outer loop
      vertex 23 -14.3914 0.672929
      vertex 20.2 -14.3232 0.889252
      vertex 23 -14.3232 0.889252
    endloop
  endfacet
  facet normal 0 0.953725 -0.30068
    outer loop
      vertex 20.2 -14.3232 0.889252
      vertex 23 -14.3914 0.672929
      vertex 20.2 -14.3914 0.672929
    endloop
  endfacet
  facet normal 0 0.953844 -0.300304
    outer loop
      vertex -20.2 -14.3513 0.799999
      vertex -26 -14.3232 0.889252
      vertex -20.2 -14.3232 0.889252
    endloop
  endfacet
  facet normal 0 0.953844 -0.300304
    outer loop
      vertex -26 -14.3232 0.889252
      vertex -20.2 -14.3513 0.799999
      vertex -26 -14.3513 0.799999
    endloop
  endfacet
  facet normal 0 0.991448 0.1305
    outer loop
      vertex 23 -14.4405 -0.451485
      vertex 20.2 -14.4701 -0.226604
      vertex 23 -14.4701 -0.226604
    endloop
  endfacet
  facet normal 0 0.991448 0.1305
    outer loop
      vertex 20.2 -14.4701 -0.226604
      vertex 23 -14.4405 -0.451485
      vertex 20.2 -14.4405 -0.451485
    endloop
  endfacet
  facet normal -0 0.461721 0.887025
    outer loop
      vertex 20.2 -12.9788 -2.3564
      vertex 23 -13.18 -2.25167
      vertex 23 -12.9788 -2.3564
    endloop
  endfacet
  facet normal 0 0.461721 0.887025
    outer loop
      vertex 23 -13.18 -2.25167
      vertex 20.2 -12.9788 -2.3564
      vertex 20.2 -13.18 -2.25167
    endloop
  endfacet
  facet normal -0 0.461721 0.887025
    outer loop
      vertex -26 -12.9788 -2.3564
      vertex -20.2 -13.18 -2.25167
      vertex -20.2 -12.9788 -2.3564
    endloop
  endfacet
  facet normal 0 0.461721 0.887025
    outer loop
      vertex -20.2 -13.18 -2.25167
      vertex -26 -12.9788 -2.3564
      vertex -26 -13.18 -2.25167
    endloop
  endfacet
  facet normal 0 0.88707 -0.461635
    outer loop
      vertex 23 -14.2364 1.09881
      vertex 20.2 -14.1317 1.3
      vertex 23 -14.1317 1.3
    endloop
  endfacet
  facet normal 0 0.88707 -0.461635
    outer loop
      vertex 20.2 -14.1317 1.3
      vertex 23 -14.2364 1.09881
      vertex 20.2 -14.2364 1.09881
    endloop
  endfacet
  facet normal 0 0.88707 -0.461635
    outer loop
      vertex -20.2 -14.2364 1.09881
      vertex -26 -14.1317 1.3
      vertex -20.2 -14.1317 1.3
    endloop
  endfacet
  facet normal 0 0.88707 -0.461635
    outer loop
      vertex -26 -14.1317 1.3
      vertex -20.2 -14.2364 1.09881
      vertex -26 -14.2364 1.09881
    endloop
  endfacet
  facet normal -0 0.537295 0.843395
    outer loop
      vertex 20.2 -13.18 -2.25167
      vertex 23 -13.3713 -2.1298
      vertex 23 -13.18 -2.25167
    endloop
  endfacet
  facet normal 0 0.537295 0.843395
    outer loop
      vertex 23 -13.3713 -2.1298
      vertex 20.2 -13.18 -2.25167
      vertex 20.2 -13.3713 -2.1298
    endloop
  endfacet
  facet normal -0 0.537295 0.843395
    outer loop
      vertex -26 -13.18 -2.25167
      vertex -20.2 -13.3713 -2.1298
      vertex -20.2 -13.18 -2.25167
    endloop
  endfacet
  facet normal 0 0.537295 0.843395
    outer loop
      vertex -20.2 -13.3713 -2.1298
      vertex -26 -13.18 -2.25167
      vertex -26 -13.3713 -2.1298
    endloop
  endfacet
  facet normal 0 -0.843375 0.537326
    outer loop
      vertex 20.2 -9.75021 -1.4913
      vertex 23 -9.62833 -1.3
      vertex 20.2 -9.62833 -1.3
    endloop
  endfacet
  facet normal 0 -0.843375 0.537326
    outer loop
      vertex 23 -9.62833 -1.3
      vertex 20.2 -9.75021 -1.4913
      vertex 23 -9.75021 -1.4913
    endloop
  endfacet
  facet normal 0 -0.843375 0.537326
    outer loop
      vertex -26 -9.75021 -1.4913
      vertex -20.2 -9.62833 -1.3
      vertex -26 -9.62833 -1.3
    endloop
  endfacet
  facet normal 0 -0.843375 0.537326
    outer loop
      vertex -20.2 -9.62833 -1.3
      vertex -26 -9.75021 -1.4913
      vertex -20.2 -9.75021 -1.4913
    endloop
  endfacet
  facet normal 0 0.976289 0.216469
    outer loop
      vertex 23 -14.3914 -0.672929
      vertex 20.2 -14.4405 -0.451485
      vertex 23 -14.4405 -0.451485
    endloop
  endfacet
  facet normal 0 0.976289 0.216469
    outer loop
      vertex 20.2 -14.4405 -0.451485
      vertex 23 -14.3914 -0.672929
      vertex 20.2 -14.3914 -0.672929
    endloop
  endfacet
  facet normal 0 0.991448 -0.1305
    outer loop
      vertex 23 -14.4701 0.226604
      vertex 20.2 -14.4405 0.451485
      vertex 23 -14.4405 0.451485
    endloop
  endfacet
  facet normal 0 0.991448 -0.1305
    outer loop
      vertex 20.2 -14.4405 0.451485
      vertex 23 -14.4701 0.226604
      vertex 20.2 -14.4701 0.226604
    endloop
  endfacet
  facet normal -0 0.130532 0.991444
    outer loop
      vertex 20.2 -12.1066 -2.59011
      vertex 23 -12.3315 -2.5605
      vertex 23 -12.1066 -2.59011
    endloop
  endfacet
  facet normal 0 0.130532 0.991444
    outer loop
      vertex 23 -12.3315 -2.5605
      vertex 20.2 -12.1066 -2.59011
      vertex 20.2 -12.3315 -2.5605
    endloop
  endfacet
  facet normal -0 0.130532 0.991444
    outer loop
      vertex -26 -12.1066 -2.59011
      vertex -20.2 -12.3315 -2.5605
      vertex -20.2 -12.1066 -2.59011
    endloop
  endfacet
  facet normal 0 0.130532 0.991444
    outer loop
      vertex -20.2 -12.3315 -2.5605
      vertex -26 -12.1066 -2.59011
      vertex -26 -12.3315 -2.5605
    endloop
  endfacet
  facet normal -0 0.0436037 0.999049
    outer loop
      vertex 20.2 -11.88 -2.6
      vertex 23 -12.1066 -2.59011
      vertex 23 -11.88 -2.6
    endloop
  endfacet
  facet normal 0 0.0436037 0.999049
    outer loop
      vertex 23 -12.1066 -2.59011
      vertex 20.2 -11.88 -2.6
      vertex 20.2 -12.1066 -2.59011
    endloop
  endfacet
  facet normal -0 0.0436037 0.999049
    outer loop
      vertex -26 -11.88 -2.6
      vertex -20.2 -12.1066 -2.59011
      vertex -20.2 -11.88 -2.6
    endloop
  endfacet
  facet normal 0 0.0436037 0.999049
    outer loop
      vertex -20.2 -12.1066 -2.59011
      vertex -26 -11.88 -2.6
      vertex -26 -12.1066 -2.59011
    endloop
  endfacet
  facet normal 0 -0.737317 0.675547
    outer loop
      vertex 20.2 -10.0415 -1.83848
      vertex 23 -9.88828 -1.67125
      vertex 20.2 -9.88828 -1.67125
    endloop
  endfacet
  facet normal 0 -0.737317 0.675547
    outer loop
      vertex 23 -9.88828 -1.67125
      vertex 20.2 -10.0415 -1.83848
      vertex 23 -10.0415 -1.83848
    endloop
  endfacet
  facet normal 0 -0.737317 0.675547
    outer loop
      vertex -26 -10.0415 -1.83848
      vertex -20.2 -9.88828 -1.67125
      vertex -26 -9.88828 -1.67125
    endloop
  endfacet
  facet normal 0 -0.737317 0.675547
    outer loop
      vertex -20.2 -9.88828 -1.67125
      vertex -26 -10.0415 -1.83848
      vertex -20.2 -10.0415 -1.83848
    endloop
  endfacet
  facet normal 0 0.923882 0.382677
    outer loop
      vertex 23 -14.2364 -1.09881
      vertex 20.2 -14.3232 -0.889252
      vertex 23 -14.3232 -0.889252
    endloop
  endfacet
  facet normal 0 0.923882 0.382677
    outer loop
      vertex 20.2 -14.3232 -0.889252
      vertex 23 -14.2364 -1.09881
      vertex 20.2 -14.2364 -1.09881
    endloop
  endfacet
  facet normal 0 0.923882 0.382677
    outer loop
      vertex -20.2 -14.2364 -1.09881
      vertex -26 -14.3232 -0.889252
      vertex -20.2 -14.3232 -0.889252
    endloop
  endfacet
  facet normal 0 0.923882 0.382677
    outer loop
      vertex -26 -14.3232 -0.889252
      vertex -20.2 -14.2364 -1.09881
      vertex -26 -14.2364 -1.09881
    endloop
  endfacet
  facet normal -0 0.300623 0.953743
    outer loop
      vertex 20.2 -12.5529 -2.51141
      vertex 23 -12.7693 -2.4432
      vertex 23 -12.5529 -2.51141
    endloop
  endfacet
  facet normal 0 0.300623 0.953743
    outer loop
      vertex 23 -12.7693 -2.4432
      vertex 20.2 -12.5529 -2.51141
      vertex 20.2 -12.7693 -2.4432
    endloop
  endfacet
  facet normal -0 0.300623 0.953743
    outer loop
      vertex -26 -12.5529 -2.51141
      vertex -20.2 -12.7693 -2.4432
      vertex -20.2 -12.5529 -2.51141
    endloop
  endfacet
  facet normal 0 0.300623 0.953743
    outer loop
      vertex -20.2 -12.7693 -2.4432
      vertex -26 -12.5529 -2.51141
      vertex -26 -12.7693 -2.4432
    endloop
  endfacet
  facet normal 0 -0.608867 0.793273
    outer loop
      vertex 20.2 -10.2088 -1.99172
      vertex 23 -10.3887 -2.1298
      vertex 23 -10.2088 -1.99172
    endloop
  endfacet
  facet normal 0 -0.608867 0.793273
    outer loop
      vertex 23 -10.3887 -2.1298
      vertex 20.2 -10.2088 -1.99172
      vertex 20.2 -10.3887 -2.1298
    endloop
  endfacet
  facet normal 0 -0.608867 0.793273
    outer loop
      vertex -26 -10.2088 -1.99172
      vertex -20.2 -10.3887 -2.1298
      vertex -20.2 -10.2088 -1.99172
    endloop
  endfacet
  facet normal 0 -0.608867 0.793273
    outer loop
      vertex -20.2 -10.3887 -2.1298
      vertex -26 -10.2088 -1.99172
      vertex -26 -10.3887 -2.1298
    endloop
  endfacet
  facet normal 0 -0.675441 0.737414
    outer loop
      vertex 20.2 -10.0415 -1.83848
      vertex 23 -10.2088 -1.99172
      vertex 23 -10.0415 -1.83848
    endloop
  endfacet
  facet normal 0 -0.675441 0.737414
    outer loop
      vertex 23 -10.2088 -1.99172
      vertex 20.2 -10.0415 -1.83848
      vertex 20.2 -10.2088 -1.99172
    endloop
  endfacet
  facet normal 0 -0.675441 0.737414
    outer loop
      vertex -26 -10.0415 -1.83848
      vertex -20.2 -10.2088 -1.99172
      vertex -20.2 -10.0415 -1.83848
    endloop
  endfacet
  facet normal 0 -0.675441 0.737414
    outer loop
      vertex -20.2 -10.2088 -1.99172
      vertex -26 -10.0415 -1.83848
      vertex -26 -10.2088 -1.99172
    endloop
  endfacet
  facet normal 0 0.923882 -0.382677
    outer loop
      vertex 23 -14.3232 0.889252
      vertex 20.2 -14.2364 1.09881
      vertex 23 -14.2364 1.09881
    endloop
  endfacet
  facet normal 0 0.923882 -0.382677
    outer loop
      vertex 20.2 -14.2364 1.09881
      vertex 23 -14.3232 0.889252
      vertex 20.2 -14.3232 0.889252
    endloop
  endfacet
  facet normal 0 0.923882 -0.382677
    outer loop
      vertex -20.2 -14.3232 0.889252
      vertex -26 -14.2364 1.09881
      vertex -20.2 -14.2364 1.09881
    endloop
  endfacet
  facet normal 0 0.923882 -0.382677
    outer loop
      vertex -26 -14.2364 1.09881
      vertex -20.2 -14.3232 0.889252
      vertex -26 -14.3232 0.889252
    endloop
  endfacet
  facet normal -0 0.608867 0.793273
    outer loop
      vertex 20.2 -13.3713 -2.1298
      vertex 23 -13.5512 -1.99172
      vertex 23 -13.3713 -2.1298
    endloop
  endfacet
  facet normal 0 0.608867 0.793273
    outer loop
      vertex 23 -13.5512 -1.99172
      vertex 20.2 -13.3713 -2.1298
      vertex 20.2 -13.5512 -1.99172
    endloop
  endfacet
  facet normal -0 0.608867 0.793273
    outer loop
      vertex -26 -13.3713 -2.1298
      vertex -20.2 -13.5512 -1.99172
      vertex -20.2 -13.3713 -2.1298
    endloop
  endfacet
  facet normal 0 0.608867 0.793273
    outer loop
      vertex -20.2 -13.5512 -1.99172
      vertex -26 -13.3713 -2.1298
      vertex -26 -13.5512 -1.99172
    endloop
  endfacet
  facet normal 0 0.953725 0.30068
    outer loop
      vertex 23 -14.3232 -0.889252
      vertex 20.2 -14.3914 -0.672929
      vertex 23 -14.3914 -0.672929
    endloop
  endfacet
  facet normal 0 0.953725 0.30068
    outer loop
      vertex 20.2 -14.3914 -0.672929
      vertex 23 -14.3232 -0.889252
      vertex 20.2 -14.3232 -0.889252
    endloop
  endfacet
  facet normal 0 0.953844 0.300304
    outer loop
      vertex -20.2 -14.3232 -0.889252
      vertex -26 -14.3513 -0.799999
      vertex -20.2 -14.3513 -0.799999
    endloop
  endfacet
  facet normal 0 0.953844 0.300304
    outer loop
      vertex -26 -14.3513 -0.799999
      vertex -20.2 -14.3232 -0.889252
      vertex -26 -14.3232 -0.889252
    endloop
  endfacet
  facet normal -0 0 1
    outer loop
      vertex 23 -9.16645 -4.7
      vertex 26 -14.5935 -4.7
      vertex 26 -9.16645 -4.7
    endloop
  endfacet
  facet normal 0 0 1
    outer loop
      vertex 26 -14.5935 -4.7
      vertex 23 -9.16645 -4.7
      vertex 23 -14.5935 -4.7
    endloop
  endfacet
  facet normal 0 -0.866026 0.499999
    outer loop
      vertex 23 -9.16645 -4.7
      vertex 26 -6.45291 0
      vertex 23 -6.45291 0
    endloop
  endfacet
  facet normal 0 -0.866026 0.499999
    outer loop
      vertex 26 -6.45291 0
      vertex 23 -9.16645 -4.7
      vertex 26 -9.16645 -4.7
    endloop
  endfacet
  facet normal 0 0 -1
    outer loop
      vertex 23 -14.5935 4.7
      vertex 26 -9.16645 4.7
      vertex 26 -14.5935 4.7
    endloop
  endfacet
  facet normal -0 0 -1
    outer loop
      vertex 26 -9.16645 4.7
      vertex 23 -14.5935 4.7
      vertex 23 -9.16645 4.7
    endloop
  endfacet
  facet normal 0 -0.866026 -0.499999
    outer loop
      vertex 23 -6.45291 0
      vertex 26 -9.16645 4.7
      vertex 23 -9.16645 4.7
    endloop
  endfacet
  facet normal 0 -0.866026 -0.499999
    outer loop
      vertex 26 -9.16645 4.7
      vertex 23 -6.45291 0
      vertex 26 -6.45291 0
    endloop
  endfacet
  facet normal 0 0.866021 -0.500007
    outer loop
      vertex 26 -17.3071 0
      vertex 23 -14.5935 4.7
      vertex 26 -14.5935 4.7
    endloop
  endfacet
  facet normal 0 0.866021 -0.500007
    outer loop
      vertex 23 -14.5935 4.7
      vertex 26 -17.3071 0
      vertex 23 -17.3071 0
    endloop
  endfacet
  facet normal 0 0.866021 0.500007
    outer loop
      vertex 26 -14.5935 -4.7
      vertex 23 -17.3071 0
      vertex 26 -17.3071 0
    endloop
  endfacet
  facet normal 0 0.866021 0.500007
    outer loop
      vertex 23 -17.3071 0
      vertex 26 -14.5935 -4.7
      vertex 23 -14.5935 -4.7
    endloop
  endfacet
  facet normal 1 -0 0
    outer loop
      vertex 23 -9.62833 1.3
      vertex 23 -6.45291 0
      vertex 23 -9.16645 4.7
    endloop
  endfacet
  facet normal 1 0 0
    outer loop
      vertex 23 -9.28989 -0.226604
      vertex 23 -6.45291 0
      vertex 23 -9.28 0
    endloop
  endfacet
  facet normal 1 0 0
    outer loop
      vertex 23 -6.45291 0
      vertex 23 -9.28989 0.226604
      vertex 23 -9.28 0
    endloop
  endfacet
  facet normal 1 0 0
    outer loop
      vertex 23 -6.45291 0
      vertex 23 -9.3195 0.451485
      vertex 23 -9.28989 0.226604
    endloop
  endfacet
  facet normal 1 0 0
    outer loop
      vertex 23 -6.45291 0
      vertex 23 -9.36859 0.672929
      vertex 23 -9.3195 0.451485
    endloop
  endfacet
  facet normal 1 0 0
    outer loop
      vertex 23 -6.45291 0
      vertex 23 -9.4368 0.889252
      vertex 23 -9.36859 0.672929
    endloop
  endfacet
  facet normal 1 0 0
    outer loop
      vertex 23 -6.45291 0
      vertex 23 -9.5236 1.09881
      vertex 23 -9.4368 0.889252
    endloop
  endfacet
  facet normal 1 0 0
    outer loop
      vertex 23 -6.45291 0
      vertex 23 -9.62833 1.3
      vertex 23 -9.5236 1.09881
    endloop
  endfacet
  facet normal 1 0 0
    outer loop
      vertex 23 -9.16645 4.7
      vertex 23 -9.75021 1.4913
      vertex 23 -9.62833 1.3
    endloop
  endfacet
  facet normal 1 0 0
    outer loop
      vertex 23 -9.16645 4.7
      vertex 23 -9.88828 1.67125
      vertex 23 -9.75021 1.4913
    endloop
  endfacet
  facet normal 1 0 0
    outer loop
      vertex 23 -9.16645 4.7
      vertex 23 -10.0415 1.83848
      vertex 23 -9.88828 1.67125
    endloop
  endfacet
  facet normal 1 0 0
    outer loop
      vertex 23 -9.16645 4.7
      vertex 23 -10.2088 1.99172
      vertex 23 -10.0415 1.83848
    endloop
  endfacet
  facet normal 1 0 0
    outer loop
      vertex 23 -9.16645 4.7
      vertex 23 -10.3887 2.1298
      vertex 23 -10.2088 1.99172
    endloop
  endfacet
  facet normal 1 0 0
    outer loop
      vertex 23 -9.16645 4.7
      vertex 23 -10.58 2.25167
      vertex 23 -10.3887 2.1298
    endloop
  endfacet
  facet normal 1 0 0
    outer loop
      vertex 23 -9.16645 4.7
      vertex 23 -10.7812 2.3564
      vertex 23 -10.58 2.25167
    endloop
  endfacet
  facet normal 1 0 0
    outer loop
      vertex 23 -9.16645 4.7
      vertex 23 -10.9907 2.4432
      vertex 23 -10.7812 2.3564
    endloop
  endfacet
  facet normal 1 0 0
    outer loop
      vertex 23 -9.16645 4.7
      vertex 23 -11.2071 2.51141
      vertex 23 -10.9907 2.4432
    endloop
  endfacet
  facet normal 1 0 0
    outer loop
      vertex 23 -9.16645 4.7
      vertex 23 -11.4285 2.5605
      vertex 23 -11.2071 2.51141
    endloop
  endfacet
  facet normal 1 0 0
    outer loop
      vertex 23 -9.16645 4.7
      vertex 23 -11.6534 2.59011
      vertex 23 -11.4285 2.5605
    endloop
  endfacet
  facet normal 1 0 0
    outer loop
      vertex 23 -9.16645 4.7
      vertex 23 -11.88 2.6
      vertex 23 -11.6534 2.59011
    endloop
  endfacet
  facet normal 1 -0 0
    outer loop
      vertex 23 -14.5935 4.7
      vertex 23 -11.88 2.6
      vertex 23 -9.16645 4.7
    endloop
  endfacet
  facet normal 1 0 0
    outer loop
      vertex 23 -11.88 2.6
      vertex 23 -14.5935 4.7
      vertex 23 -12.1066 2.59011
    endloop
  endfacet
  facet normal 1 0 0
    outer loop
      vertex 23 -12.1066 2.59011
      vertex 23 -14.5935 4.7
      vertex 23 -12.3315 2.5605
    endloop
  endfacet
  facet normal 1 0 0
    outer loop
      vertex 23 -12.3315 2.5605
      vertex 23 -14.5935 4.7
      vertex 23 -12.5529 2.51141
    endloop
  endfacet
  facet normal 1 0 0
    outer loop
      vertex 23 -12.5529 2.51141
      vertex 23 -14.5935 4.7
      vertex 23 -12.7693 2.4432
    endloop
  endfacet
  facet normal 1 0 0
    outer loop
      vertex 23 -12.7693 2.4432
      vertex 23 -14.5935 4.7
      vertex 23 -12.9788 2.3564
    endloop
  endfacet
  facet normal 1 0 0
    outer loop
      vertex 23 -14.4405 0.451485
      vertex 23 -17.3071 0
      vertex 23 -14.4701 0.226604
    endloop
  endfacet
  facet normal 1 0 0
    outer loop
      vertex 23 -14.3914 0.672929
      vertex 23 -17.3071 0
      vertex 23 -14.4405 0.451485
    endloop
  endfacet
  facet normal 1 0 0
    outer loop
      vertex 23 -14.3232 0.889252
      vertex 23 -17.3071 0
      vertex 23 -14.3914 0.672929
    endloop
  endfacet
  facet normal 1 0 0
    outer loop
      vertex 23 -14.2364 1.09881
      vertex 23 -17.3071 0
      vertex 23 -14.3232 0.889252
    endloop
  endfacet
  facet normal 1 0 0
    outer loop
      vertex 23 -14.1317 1.3
      vertex 23 -17.3071 0
      vertex 23 -14.2364 1.09881
    endloop
  endfacet
  facet normal 1 0 0
    outer loop
      vertex 23 -17.3071 0
      vertex 23 -14.1317 1.3
      vertex 23 -14.5935 4.7
    endloop
  endfacet
  facet normal 1 0 0
    outer loop
      vertex 23 -14.0098 1.4913
      vertex 23 -14.5935 4.7
      vertex 23 -14.1317 1.3
    endloop
  endfacet
  facet normal 1 0 0
    outer loop
      vertex 23 -13.8717 1.67125
      vertex 23 -14.5935 4.7
      vertex 23 -14.0098 1.4913
    endloop
  endfacet
  facet normal 1 0 0
    outer loop
      vertex 23 -13.7185 1.83848
      vertex 23 -14.5935 4.7
      vertex 23 -13.8717 1.67125
    endloop
  endfacet
  facet normal 1 0 0
    outer loop
      vertex 23 -13.5512 1.99172
      vertex 23 -14.5935 4.7
      vertex 23 -13.7185 1.83848
    endloop
  endfacet
  facet normal 1 0 0
    outer loop
      vertex 23 -13.3713 2.1298
      vertex 23 -14.5935 4.7
      vertex 23 -13.5512 1.99172
    endloop
  endfacet
  facet normal 1 0 0
    outer loop
      vertex 23 -13.18 2.25167
      vertex 23 -14.5935 4.7
      vertex 23 -13.3713 2.1298
    endloop
  endfacet
  facet normal 1 0 0
    outer loop
      vertex 23 -12.9788 2.3564
      vertex 23 -14.5935 4.7
      vertex 23 -13.18 2.25167
    endloop
  endfacet
  facet normal 1 0 0
    outer loop
      vertex 23 -9.3195 -0.451485
      vertex 23 -6.45291 0
      vertex 23 -9.28989 -0.226604
    endloop
  endfacet
  facet normal 1 0 0
    outer loop
      vertex 23 -9.36859 -0.672929
      vertex 23 -6.45291 0
      vertex 23 -9.3195 -0.451485
    endloop
  endfacet
  facet normal 1 0 0
    outer loop
      vertex 23 -9.4368 -0.889252
      vertex 23 -6.45291 0
      vertex 23 -9.36859 -0.672929
    endloop
  endfacet
  facet normal 1 0 0
    outer loop
      vertex 23 -9.5236 -1.09881
      vertex 23 -6.45291 0
      vertex 23 -9.4368 -0.889252
    endloop
  endfacet
  facet normal 1 0 0
    outer loop
      vertex 23 -9.62833 -1.3
      vertex 23 -6.45291 0
      vertex 23 -9.5236 -1.09881
    endloop
  endfacet
  facet normal 1 0 0
    outer loop
      vertex 23 -6.45291 0
      vertex 23 -9.62833 -1.3
      vertex 23 -9.16645 -4.7
    endloop
  endfacet
  facet normal 1 -0 0
    outer loop
      vertex 23 -9.75021 -1.4913
      vertex 23 -9.16645 -4.7
      vertex 23 -9.62833 -1.3
    endloop
  endfacet
  facet normal 1 -0 0
    outer loop
      vertex 23 -9.88828 -1.67125
      vertex 23 -9.16645 -4.7
      vertex 23 -9.75021 -1.4913
    endloop
  endfacet
  facet normal 1 -0 0
    outer loop
      vertex 23 -10.0415 -1.83848
      vertex 23 -9.16645 -4.7
      vertex 23 -9.88828 -1.67125
    endloop
  endfacet
  facet normal 1 -0 0
    outer loop
      vertex 23 -10.2088 -1.99172
      vertex 23 -9.16645 -4.7
      vertex 23 -10.0415 -1.83848
    endloop
  endfacet
  facet normal 1 -0 0
    outer loop
      vertex 23 -10.3887 -2.1298
      vertex 23 -9.16645 -4.7
      vertex 23 -10.2088 -1.99172
    endloop
  endfacet
  facet normal 1 -0 0
    outer loop
      vertex 23 -10.58 -2.25167
      vertex 23 -9.16645 -4.7
      vertex 23 -10.3887 -2.1298
    endloop
  endfacet
  facet normal 1 -0 0
    outer loop
      vertex 23 -10.7812 -2.3564
      vertex 23 -9.16645 -4.7
      vertex 23 -10.58 -2.25167
    endloop
  endfacet
  facet normal 1 -0 0
    outer loop
      vertex 23 -10.9907 -2.4432
      vertex 23 -9.16645 -4.7
      vertex 23 -10.7812 -2.3564
    endloop
  endfacet
  facet normal 1 -0 0
    outer loop
      vertex 23 -11.2071 -2.51141
      vertex 23 -9.16645 -4.7
      vertex 23 -10.9907 -2.4432
    endloop
  endfacet
  facet normal 1 -0 0
    outer loop
      vertex 23 -11.4285 -2.5605
      vertex 23 -9.16645 -4.7
      vertex 23 -11.2071 -2.51141
    endloop
  endfacet
  facet normal 1 -0 0
    outer loop
      vertex 23 -11.6534 -2.59011
      vertex 23 -9.16645 -4.7
      vertex 23 -11.4285 -2.5605
    endloop
  endfacet
  facet normal 1 -0 0
    outer loop
      vertex 23 -11.88 -2.6
      vertex 23 -9.16645 -4.7
      vertex 23 -11.6534 -2.59011
    endloop
  endfacet
  facet normal 1 0 0
    outer loop
      vertex 23 -14.5935 -4.7
      vertex 23 -11.88 -2.6
      vertex 23 -12.1066 -2.59011
    endloop
  endfacet
  facet normal 1 0 0
    outer loop
      vertex 23 -14.5935 -4.7
      vertex 23 -12.1066 -2.59011
      vertex 23 -12.3315 -2.5605
    endloop
  endfacet
  facet normal 1 0 0
    outer loop
      vertex 23 -14.5935 -4.7
      vertex 23 -12.3315 -2.5605
      vertex 23 -12.5529 -2.51141
    endloop
  endfacet
  facet normal 1 0 0
    outer loop
      vertex 23 -14.5935 -4.7
      vertex 23 -12.5529 -2.51141
      vertex 23 -12.7693 -2.4432
    endloop
  endfacet
  facet normal 1 0 0
    outer loop
      vertex 23 -14.5935 -4.7
      vertex 23 -12.7693 -2.4432
      vertex 23 -12.9788 -2.3564
    endloop
  endfacet
  facet normal 1 0 0
    outer loop
      vertex 23 -14.5935 -4.7
      vertex 23 -12.9788 -2.3564
      vertex 23 -13.18 -2.25167
    endloop
  endfacet
  facet normal 1 0 0
    outer loop
      vertex 23 -11.88 -2.6
      vertex 23 -14.5935 -4.7
      vertex 23 -9.16645 -4.7
    endloop
  endfacet
  facet normal 1 0 0
    outer loop
      vertex 23 -13.3713 -2.1298
      vertex 23 -14.5935 -4.7
      vertex 23 -13.18 -2.25167
    endloop
  endfacet
  facet normal 1 0 0
    outer loop
      vertex 23 -13.5512 -1.99172
      vertex 23 -14.5935 -4.7
      vertex 23 -13.3713 -2.1298
    endloop
  endfacet
  facet normal 1 0 0
    outer loop
      vertex 23 -13.7185 -1.83848
      vertex 23 -14.5935 -4.7
      vertex 23 -13.5512 -1.99172
    endloop
  endfacet
  facet normal 1 0 0
    outer loop
      vertex 23 -13.8717 -1.67125
      vertex 23 -14.5935 -4.7
      vertex 23 -13.7185 -1.83848
    endloop
  endfacet
  facet normal 1 0 0
    outer loop
      vertex 23 -14.0098 -1.4913
      vertex 23 -14.5935 -4.7
      vertex 23 -13.8717 -1.67125
    endloop
  endfacet
  facet normal 1 0 0
    outer loop
      vertex 23 -14.1317 -1.3
      vertex 23 -14.5935 -4.7
      vertex 23 -14.0098 -1.4913
    endloop
  endfacet
  facet normal 1 0 0
    outer loop
      vertex 23 -17.3071 0
      vertex 23 -14.1317 -1.3
      vertex 23 -14.2364 -1.09881
    endloop
  endfacet
  facet normal 1 0 0
    outer loop
      vertex 23 -17.3071 0
      vertex 23 -14.2364 -1.09881
      vertex 23 -14.3232 -0.889252
    endloop
  endfacet
  facet normal 1 0 0
    outer loop
      vertex 23 -17.3071 0
      vertex 23 -14.3232 -0.889252
      vertex 23 -14.3914 -0.672929
    endloop
  endfacet
  facet normal 1 0 0
    outer loop
      vertex 23 -17.3071 0
      vertex 23 -14.3914 -0.672929
      vertex 23 -14.4405 -0.451485
    endloop
  endfacet
  facet normal 1 0 0
    outer loop
      vertex 23 -17.3071 0
      vertex 23 -14.4405 -0.451485
      vertex 23 -14.4701 -0.226604
    endloop
  endfacet
  facet normal 1 -0 0
    outer loop
      vertex 23 -17.3071 0
      vertex 23 -14.4701 -0.226604
      vertex 23 -14.48 0
    endloop
  endfacet
  facet normal 1 0 0
    outer loop
      vertex 23 -14.4701 0.226604
      vertex 23 -17.3071 0
      vertex 23 -14.48 0
    endloop
  endfacet
  facet normal 1 0 0
    outer loop
      vertex 23 -14.1317 -1.3
      vertex 23 -17.3071 0
      vertex 23 -14.5935 -4.7
    endloop
  endfacet
  facet normal 0 -0.991448 -0.1305
    outer loop
      vertex 20.2 -29.5299 0.226604
      vertex 23 -29.5595 0.451485
      vertex 20.2 -29.5595 0.451485
    endloop
  endfacet
  facet normal 0 -0.991448 -0.1305
    outer loop
      vertex 23 -29.5595 0.451485
      vertex 20.2 -29.5299 0.226604
      vertex 23 -29.5299 0.226604
    endloop
  endfacet
  facet normal 0 -0.999047 -0.0436469
    outer loop
      vertex 20.2 -29.52 0
      vertex 23 -29.5299 0.226604
      vertex 20.2 -29.5299 0.226604
    endloop
  endfacet
  facet normal 0 -0.999047 -0.0436469
    outer loop
      vertex 23 -29.5299 0.226604
      vertex 20.2 -29.52 0
      vertex 23 -29.52 0
    endloop
  endfacet
  facet normal 0 -0.976289 -0.216469
    outer loop
      vertex 20.2 -29.5595 0.451485
      vertex 23 -29.6086 0.672929
      vertex 20.2 -29.6086 0.672929
    endloop
  endfacet
  facet normal 0 -0.976289 -0.216469
    outer loop
      vertex 23 -29.6086 0.672929
      vertex 20.2 -29.5595 0.451485
      vertex 23 -29.5595 0.451485
    endloop
  endfacet
  facet normal 0 -0.999047 0.0436469
    outer loop
      vertex 20.2 -29.5299 -0.226604
      vertex 23 -29.52 0
      vertex 20.2 -29.52 0
    endloop
  endfacet
  facet normal 0 -0.999047 0.0436469
    outer loop
      vertex 23 -29.52 0
      vertex 20.2 -29.5299 -0.226604
      vertex 23 -29.5299 -0.226604
    endloop
  endfacet
  facet normal 0 -0.130532 -0.991444
    outer loop
      vertex 20.2 -31.8934 2.59011
      vertex 23 -31.6685 2.5605
      vertex 23 -31.8934 2.59011
    endloop
  endfacet
  facet normal -0 -0.130532 -0.991444
    outer loop
      vertex 23 -31.6685 2.5605
      vertex 20.2 -31.8934 2.59011
      vertex 20.2 -31.6685 2.5605
    endloop
  endfacet
  facet normal 0 -0.130532 -0.991444
    outer loop
      vertex -26 -31.8934 2.59011
      vertex -20.2 -31.6685 2.5605
      vertex -20.2 -31.8934 2.59011
    endloop
  endfacet
  facet normal -0 -0.130532 -0.991444
    outer loop
      vertex -20.2 -31.6685 2.5605
      vertex -26 -31.8934 2.59011
      vertex -26 -31.6685 2.5605
    endloop
  endfacet
  facet normal 0 0.976289 -0.216469
    outer loop
      vertex 23 -34.6805 0.451485
      vertex 20.2 -34.6314 0.672929
      vertex 23 -34.6314 0.672929
    endloop
  endfacet
  facet normal 0 0.976289 -0.216469
    outer loop
      vertex 20.2 -34.6314 0.672929
      vertex 23 -34.6805 0.451485
      vertex 20.2 -34.6805 0.451485
    endloop
  endfacet
  facet normal 0 -0.737361 -0.675499
    outer loop
      vertex 20.2 -30.1283 1.67125
      vertex 23 -30.2815 1.83848
      vertex 20.2 -30.2815 1.83848
    endloop
  endfacet
  facet normal 0 -0.737361 -0.675499
    outer loop
      vertex 23 -30.2815 1.83848
      vertex 20.2 -30.1283 1.67125
      vertex 23 -30.1283 1.67125
    endloop
  endfacet
  facet normal 0 -0.737361 -0.675499
    outer loop
      vertex -26 -30.1283 1.67125
      vertex -20.2 -30.2815 1.83848
      vertex -26 -30.2815 1.83848
    endloop
  endfacet
  facet normal 0 -0.737361 -0.675499
    outer loop
      vertex -20.2 -30.2815 1.83848
      vertex -26 -30.1283 1.67125
      vertex -20.2 -30.1283 1.67125
    endloop
  endfacet
  facet normal 0 0.88707 0.461635
    outer loop
      vertex 23 -34.3717 -1.3
      vertex 20.2 -34.4764 -1.09881
      vertex 23 -34.4764 -1.09881
    endloop
  endfacet
  facet normal 0 0.88707 0.461635
    outer loop
      vertex 20.2 -34.4764 -1.09881
      vertex 23 -34.3717 -1.3
      vertex 20.2 -34.3717 -1.3
    endloop
  endfacet
  facet normal 0 0.88707 0.461635
    outer loop
      vertex -20.2 -34.3717 -1.3
      vertex -26 -34.4764 -1.09881
      vertex -20.2 -34.4764 -1.09881
    endloop
  endfacet
  facet normal 0 0.88707 0.461635
    outer loop
      vertex -26 -34.4764 -1.09881
      vertex -20.2 -34.3717 -1.3
      vertex -26 -34.3717 -1.3
    endloop
  endfacet
  facet normal 0 0.737361 0.675499
    outer loop
      vertex 23 -33.9585 -1.83848
      vertex 20.2 -34.1117 -1.67125
      vertex 23 -34.1117 -1.67125
    endloop
  endfacet
  facet normal 0 0.737361 0.675499
    outer loop
      vertex 20.2 -34.1117 -1.67125
      vertex 23 -33.9585 -1.83848
      vertex 20.2 -33.9585 -1.83848
    endloop
  endfacet
  facet normal 0 0.737361 0.675499
    outer loop
      vertex -20.2 -33.9585 -1.83848
      vertex -26 -34.1117 -1.67125
      vertex -20.2 -34.1117 -1.67125
    endloop
  endfacet
  facet normal 0 0.737361 0.675499
    outer loop
      vertex -26 -34.1117 -1.67125
      vertex -20.2 -33.9585 -1.83848
      vertex -26 -33.9585 -1.83848
    endloop
  endfacet
  facet normal -0 0.216468 0.97629
    outer loop
      vertex 20.2 -32.5715 -2.5605
      vertex 23 -32.7929 -2.51141
      vertex 23 -32.5715 -2.5605
    endloop
  endfacet
  facet normal 0 0.216468 0.97629
    outer loop
      vertex 23 -32.7929 -2.51141
      vertex 20.2 -32.5715 -2.5605
      vertex 20.2 -32.7929 -2.51141
    endloop
  endfacet
  facet normal -0 0.216468 0.97629
    outer loop
      vertex -26 -32.5715 -2.5605
      vertex -20.2 -32.7929 -2.51141
      vertex -20.2 -32.5715 -2.5605
    endloop
  endfacet
  facet normal 0 0.216468 0.97629
    outer loop
      vertex -20.2 -32.7929 -2.51141
      vertex -26 -32.5715 -2.5605
      vertex -26 -32.7929 -2.51141
    endloop
  endfacet
  facet normal 0 -0.88707 0.461635
    outer loop
      vertex 20.2 -29.8683 -1.3
      vertex 23 -29.7636 -1.09881
      vertex 20.2 -29.7636 -1.09881
    endloop
  endfacet
  facet normal 0 -0.88707 0.461635
    outer loop
      vertex 23 -29.7636 -1.09881
      vertex 20.2 -29.8683 -1.3
      vertex 23 -29.8683 -1.3
    endloop
  endfacet
  facet normal 0 -0.88707 0.461635
    outer loop
      vertex -26 -29.8683 -1.3
      vertex -20.2 -29.7636 -1.09881
      vertex -26 -29.7636 -1.09881
    endloop
  endfacet
  facet normal 0 -0.88707 0.461635
    outer loop
      vertex -20.2 -29.7636 -1.09881
      vertex -26 -29.8683 -1.3
      vertex -20.2 -29.8683 -1.3
    endloop
  endfacet
  facet normal 0 -0.991448 0.1305
    outer loop
      vertex 20.2 -29.5595 -0.451485
      vertex 23 -29.5299 -0.226604
      vertex 20.2 -29.5299 -0.226604
    endloop
  endfacet
  facet normal 0 -0.991448 0.1305
    outer loop
      vertex 23 -29.5299 -0.226604
      vertex 20.2 -29.5595 -0.451485
      vertex 23 -29.5595 -0.451485
    endloop
  endfacet
  facet normal 0 0.737361 -0.675499
    outer loop
      vertex 23 -34.1117 1.67125
      vertex 20.2 -33.9585 1.83848
      vertex 23 -33.9585 1.83848
    endloop
  endfacet
  facet normal 0 0.737361 -0.675499
    outer loop
      vertex 20.2 -33.9585 1.83848
      vertex 23 -34.1117 1.67125
      vertex 20.2 -34.1117 1.67125
    endloop
  endfacet
  facet normal 0 0.737361 -0.675499
    outer loop
      vertex -20.2 -34.1117 1.67125
      vertex -26 -33.9585 1.83848
      vertex -20.2 -33.9585 1.83848
    endloop
  endfacet
  facet normal 0 0.737361 -0.675499
    outer loop
      vertex -26 -33.9585 1.83848
      vertex -20.2 -34.1117 1.67125
      vertex -26 -34.1117 1.67125
    endloop
  endfacet
  facet normal 0 -0.216468 -0.97629
    outer loop
      vertex 20.2 -31.6685 2.5605
      vertex 23 -31.4471 2.51141
      vertex 23 -31.6685 2.5605
    endloop
  endfacet
  facet normal -0 -0.216468 -0.97629
    outer loop
      vertex 23 -31.4471 2.51141
      vertex 20.2 -31.6685 2.5605
      vertex 20.2 -31.4471 2.51141
    endloop
  endfacet
  facet normal 0 -0.216468 -0.97629
    outer loop
      vertex -26 -31.6685 2.5605
      vertex -20.2 -31.4471 2.51141
      vertex -20.2 -31.6685 2.5605
    endloop
  endfacet
  facet normal -0 -0.216468 -0.97629
    outer loop
      vertex -20.2 -31.4471 2.51141
      vertex -26 -31.6685 2.5605
      vertex -26 -31.4471 2.51141
    endloop
  endfacet
  facet normal 0 -0.461721 0.887025
    outer loop
      vertex 20.2 -30.82 -2.25167
      vertex 23 -31.0212 -2.3564
      vertex 23 -30.82 -2.25167
    endloop
  endfacet
  facet normal 0 -0.461721 0.887025
    outer loop
      vertex 23 -31.0212 -2.3564
      vertex 20.2 -30.82 -2.25167
      vertex 20.2 -31.0212 -2.3564
    endloop
  endfacet
  facet normal 0 -0.461721 0.887025
    outer loop
      vertex -26 -30.82 -2.25167
      vertex -20.2 -31.0212 -2.3564
      vertex -20.2 -30.82 -2.25167
    endloop
  endfacet
  facet normal 0 -0.461721 0.887025
    outer loop
      vertex -20.2 -31.0212 -2.3564
      vertex -26 -30.82 -2.25167
      vertex -26 -31.0212 -2.3564
    endloop
  endfacet
  facet normal -0 0.675441 0.737414
    outer loop
      vertex 20.2 -33.7912 -1.99172
      vertex 23 -33.9585 -1.83848
      vertex 23 -33.7912 -1.99172
    endloop
  endfacet
  facet normal 0 0.675441 0.737414
    outer loop
      vertex 23 -33.9585 -1.83848
      vertex 20.2 -33.7912 -1.99172
      vertex 20.2 -33.9585 -1.83848
    endloop
  endfacet
  facet normal -0 0.675441 0.737414
    outer loop
      vertex -26 -33.7912 -1.99172
      vertex -20.2 -33.9585 -1.83848
      vertex -20.2 -33.7912 -1.99172
    endloop
  endfacet
  facet normal 0 0.675441 0.737414
    outer loop
      vertex -20.2 -33.9585 -1.83848
      vertex -26 -33.7912 -1.99172
      vertex -26 -33.9585 -1.83848
    endloop
  endfacet
  facet normal 0 0.300623 -0.953743
    outer loop
      vertex 20.2 -33.0093 2.4432
      vertex 23 -32.7929 2.51141
      vertex 23 -33.0093 2.4432
    endloop
  endfacet
  facet normal 0 0.300623 -0.953743
    outer loop
      vertex 23 -32.7929 2.51141
      vertex 20.2 -33.0093 2.4432
      vertex 20.2 -32.7929 2.51141
    endloop
  endfacet
  facet normal 0 0.300623 -0.953743
    outer loop
      vertex -26 -33.0093 2.4432
      vertex -20.2 -32.7929 2.51141
      vertex -20.2 -33.0093 2.4432
    endloop
  endfacet
  facet normal 0 0.300623 -0.953743
    outer loop
      vertex -20.2 -32.7929 2.51141
      vertex -26 -33.0093 2.4432
      vertex -26 -32.7929 2.51141
    endloop
  endfacet
  facet normal 0 -0.953725 -0.30068
    outer loop
      vertex 20.2 -29.6086 0.672929
      vertex 23 -29.6768 0.889252
      vertex 20.2 -29.6768 0.889252
    endloop
  endfacet
  facet normal 0 -0.953725 -0.30068
    outer loop
      vertex 23 -29.6768 0.889252
      vertex 20.2 -29.6086 0.672929
      vertex 23 -29.6086 0.672929
    endloop
  endfacet
  facet normal 0 -0.953844 -0.300304
    outer loop
      vertex -26 -29.6487 0.799999
      vertex -20.2 -29.6768 0.889252
      vertex -26 -29.6768 0.889252
    endloop
  endfacet
  facet normal 0 -0.953844 -0.300304
    outer loop
      vertex -20.2 -29.6768 0.889252
      vertex -26 -29.6487 0.799999
      vertex -20.2 -29.6487 0.799999
    endloop
  endfacet
  facet normal 0 0.843335 -0.537389
    outer loop
      vertex 23 -34.3717 1.3
      vertex 20.2 -34.2498 1.4913
      vertex 23 -34.2498 1.4913
    endloop
  endfacet
  facet normal 0 0.843335 -0.537389
    outer loop
      vertex 20.2 -34.2498 1.4913
      vertex 23 -34.3717 1.3
      vertex 20.2 -34.3717 1.3
    endloop
  endfacet
  facet normal 0 0.843335 -0.537389
    outer loop
      vertex -20.2 -34.3717 1.3
      vertex -26 -34.2498 1.4913
      vertex -20.2 -34.2498 1.4913
    endloop
  endfacet
  facet normal 0 0.843335 -0.537389
    outer loop
      vertex -26 -34.2498 1.4913
      vertex -20.2 -34.3717 1.3
      vertex -26 -34.3717 1.3
    endloop
  endfacet
  facet normal 0 0.537295 -0.843395
    outer loop
      vertex 20.2 -33.6113 2.1298
      vertex 23 -33.42 2.25167
      vertex 23 -33.6113 2.1298
    endloop
  endfacet
  facet normal 0 0.537295 -0.843395
    outer loop
      vertex 23 -33.42 2.25167
      vertex 20.2 -33.6113 2.1298
      vertex 20.2 -33.42 2.25167
    endloop
  endfacet
  facet normal 0 0.537295 -0.843395
    outer loop
      vertex -26 -33.6113 2.1298
      vertex -20.2 -33.42 2.25167
      vertex -20.2 -33.6113 2.1298
    endloop
  endfacet
  facet normal 0 0.537295 -0.843395
    outer loop
      vertex -20.2 -33.42 2.25167
      vertex -26 -33.6113 2.1298
      vertex -26 -33.42 2.25167
    endloop
  endfacet
  facet normal 0 -0.976289 0.216469
    outer loop
      vertex 20.2 -29.6086 -0.672929
      vertex 23 -29.5595 -0.451485
      vertex 20.2 -29.5595 -0.451485
    endloop
  endfacet
  facet normal 0 -0.976289 0.216469
    outer loop
      vertex 23 -29.5595 -0.451485
      vertex 20.2 -29.6086 -0.672929
      vertex 23 -29.6086 -0.672929
    endloop
  endfacet
  facet normal 0 -0.382767 0.923845
    outer loop
      vertex 20.2 -31.0212 -2.3564
      vertex 23 -31.2307 -2.4432
      vertex 23 -31.0212 -2.3564
    endloop
  endfacet
  facet normal 0 -0.382767 0.923845
    outer loop
      vertex 23 -31.2307 -2.4432
      vertex 20.2 -31.0212 -2.3564
      vertex 20.2 -31.2307 -2.4432
    endloop
  endfacet
  facet normal 0 -0.382767 0.923845
    outer loop
      vertex -26 -31.0212 -2.3564
      vertex -20.2 -31.2307 -2.4432
      vertex -20.2 -31.0212 -2.3564
    endloop
  endfacet
  facet normal 0 -0.382767 0.923845
    outer loop
      vertex -20.2 -31.2307 -2.4432
      vertex -26 -31.0212 -2.3564
      vertex -26 -31.2307 -2.4432
    endloop
  endfacet
  facet normal 0 -0.537295 0.843395
    outer loop
      vertex 20.2 -30.6287 -2.1298
      vertex 23 -30.82 -2.25167
      vertex 23 -30.6287 -2.1298
    endloop
  endfacet
  facet normal 0 -0.537295 0.843395
    outer loop
      vertex 23 -30.82 -2.25167
      vertex 20.2 -30.6287 -2.1298
      vertex 20.2 -30.82 -2.25167
    endloop
  endfacet
  facet normal 0 -0.537295 0.843395
    outer loop
      vertex -26 -30.6287 -2.1298
      vertex -20.2 -30.82 -2.25167
      vertex -20.2 -30.6287 -2.1298
    endloop
  endfacet
  facet normal 0 -0.537295 0.843395
    outer loop
      vertex -20.2 -30.82 -2.25167
      vertex -26 -30.6287 -2.1298
      vertex -26 -30.82 -2.25167
    endloop
  endfacet
  facet normal 0 -0.923882 -0.382677
    outer loop
      vertex 20.2 -29.6768 0.889252
      vertex 23 -29.7636 1.09881
      vertex 20.2 -29.7636 1.09881
    endloop
  endfacet
  facet normal 0 -0.923882 -0.382677
    outer loop
      vertex 23 -29.7636 1.09881
      vertex 20.2 -29.6768 0.889252
      vertex 23 -29.6768 0.889252
    endloop
  endfacet
  facet normal 0 -0.923882 -0.382677
    outer loop
      vertex -26 -29.6768 0.889252
      vertex -20.2 -29.7636 1.09881
      vertex -26 -29.7636 1.09881
    endloop
  endfacet
  facet normal 0 -0.923882 -0.382677
    outer loop
      vertex -20.2 -29.7636 1.09881
      vertex -26 -29.6768 0.889252
      vertex -20.2 -29.6768 0.889252
    endloop
  endfacet
  facet normal 0 -0.382767 -0.923845
    outer loop
      vertex 20.2 -31.2307 2.4432
      vertex 23 -31.0212 2.3564
      vertex 23 -31.2307 2.4432
    endloop
  endfacet
  facet normal -0 -0.382767 -0.923845
    outer loop
      vertex 23 -31.0212 2.3564
      vertex 20.2 -31.2307 2.4432
      vertex 20.2 -31.0212 2.3564
    endloop
  endfacet
  facet normal 0 -0.382767 -0.923845
    outer loop
      vertex -26 -31.2307 2.4432
      vertex -20.2 -31.0212 2.3564
      vertex -20.2 -31.2307 2.4432
    endloop
  endfacet
  facet normal -0 -0.382767 -0.923845
    outer loop
      vertex -20.2 -31.0212 2.3564
      vertex -26 -31.2307 2.4432
      vertex -26 -31.0212 2.3564
    endloop
  endfacet
  facet normal 0 -0.0436037 0.999049
    outer loop
      vertex 20.2 -31.8934 -2.59011
      vertex 23 -32.12 -2.6
      vertex 23 -31.8934 -2.59011
    endloop
  endfacet
  facet normal 0 -0.0436037 0.999049
    outer loop
      vertex 23 -32.12 -2.6
      vertex 20.2 -31.8934 -2.59011
      vertex 20.2 -32.12 -2.6
    endloop
  endfacet
  facet normal 0 -0.0436037 0.999049
    outer loop
      vertex -26 -31.8934 -2.59011
      vertex -20.2 -32.12 -2.6
      vertex -20.2 -31.8934 -2.59011
    endloop
  endfacet
  facet normal 0 -0.0436037 0.999049
    outer loop
      vertex -20.2 -32.12 -2.6
      vertex -26 -31.8934 -2.59011
      vertex -26 -32.12 -2.6
    endloop
  endfacet
  facet normal 0 0.675441 -0.737414
    outer loop
      vertex 20.2 -33.9585 1.83848
      vertex 23 -33.7912 1.99172
      vertex 23 -33.9585 1.83848
    endloop
  endfacet
  facet normal 0 0.675441 -0.737414
    outer loop
      vertex 23 -33.7912 1.99172
      vertex 20.2 -33.9585 1.83848
      vertex 20.2 -33.7912 1.99172
    endloop
  endfacet
  facet normal 0 0.675441 -0.737414
    outer loop
      vertex -26 -33.9585 1.83848
      vertex -20.2 -33.7912 1.99172
      vertex -20.2 -33.9585 1.83848
    endloop
  endfacet
  facet normal 0 0.675441 -0.737414
    outer loop
      vertex -20.2 -33.7912 1.99172
      vertex -26 -33.9585 1.83848
      vertex -26 -33.7912 1.99172
    endloop
  endfacet
  facet normal 0 -0.130532 0.991444
    outer loop
      vertex 20.2 -31.6685 -2.5605
      vertex 23 -31.8934 -2.59011
      vertex 23 -31.6685 -2.5605
    endloop
  endfacet
  facet normal 0 -0.130532 0.991444
    outer loop
      vertex 23 -31.8934 -2.59011
      vertex 20.2 -31.6685 -2.5605
      vertex 20.2 -31.8934 -2.59011
    endloop
  endfacet
  facet normal 0 -0.130532 0.991444
    outer loop
      vertex -26 -31.6685 -2.5605
      vertex -20.2 -31.8934 -2.59011
      vertex -20.2 -31.6685 -2.5605
    endloop
  endfacet
  facet normal 0 -0.130532 0.991444
    outer loop
      vertex -20.2 -31.8934 -2.59011
      vertex -26 -31.6685 -2.5605
      vertex -26 -31.8934 -2.59011
    endloop
  endfacet
  facet normal 0 0.793312 -0.608816
    outer loop
      vertex 23 -34.2498 1.4913
      vertex 20.2 -34.1117 1.67125
      vertex 23 -34.1117 1.67125
    endloop
  endfacet
  facet normal 0 0.793312 -0.608816
    outer loop
      vertex 20.2 -34.1117 1.67125
      vertex 23 -34.2498 1.4913
      vertex 20.2 -34.2498 1.4913
    endloop
  endfacet
  facet normal 0 0.793312 -0.608816
    outer loop
      vertex -20.2 -34.2498 1.4913
      vertex -26 -34.1117 1.67125
      vertex -20.2 -34.1117 1.67125
    endloop
  endfacet
  facet normal 0 0.793312 -0.608816
    outer loop
      vertex -26 -34.1117 1.67125
      vertex -20.2 -34.2498 1.4913
      vertex -26 -34.2498 1.4913
    endloop
  endfacet
  facet normal 0 0.608867 -0.793273
    outer loop
      vertex 20.2 -33.7912 1.99172
      vertex 23 -33.6113 2.1298
      vertex 23 -33.7912 1.99172
    endloop
  endfacet
  facet normal 0 0.608867 -0.793273
    outer loop
      vertex 23 -33.6113 2.1298
      vertex 20.2 -33.7912 1.99172
      vertex 20.2 -33.6113 2.1298
    endloop
  endfacet
  facet normal 0 0.608867 -0.793273
    outer loop
      vertex -26 -33.7912 1.99172
      vertex -20.2 -33.6113 2.1298
      vertex -20.2 -33.7912 1.99172
    endloop
  endfacet
  facet normal 0 0.608867 -0.793273
    outer loop
      vertex -20.2 -33.6113 2.1298
      vertex -26 -33.7912 1.99172
      vertex -26 -33.6113 2.1298
    endloop
  endfacet
  facet normal 0 0.382767 -0.923845
    outer loop
      vertex 20.2 -33.2188 2.3564
      vertex 23 -33.0093 2.4432
      vertex 23 -33.2188 2.3564
    endloop
  endfacet
  facet normal 0 0.382767 -0.923845
    outer loop
      vertex 23 -33.0093 2.4432
      vertex 20.2 -33.2188 2.3564
      vertex 20.2 -33.0093 2.4432
    endloop
  endfacet
  facet normal 0 0.382767 -0.923845
    outer loop
      vertex -26 -33.2188 2.3564
      vertex -20.2 -33.0093 2.4432
      vertex -20.2 -33.2188 2.3564
    endloop
  endfacet
  facet normal 0 0.382767 -0.923845
    outer loop
      vertex -20.2 -33.0093 2.4432
      vertex -26 -33.2188 2.3564
      vertex -26 -33.0093 2.4432
    endloop
  endfacet
  facet normal 0 -0.923882 0.382677
    outer loop
      vertex 20.2 -29.7636 -1.09881
      vertex 23 -29.6768 -0.889252
      vertex 20.2 -29.6768 -0.889252
    endloop
  endfacet
  facet normal 0 -0.923882 0.382677
    outer loop
      vertex 23 -29.6768 -0.889252
      vertex 20.2 -29.7636 -1.09881
      vertex 23 -29.7636 -1.09881
    endloop
  endfacet
  facet normal 0 -0.923882 0.382677
    outer loop
      vertex -26 -29.7636 -1.09881
      vertex -20.2 -29.6768 -0.889252
      vertex -26 -29.6768 -0.889252
    endloop
  endfacet
  facet normal 0 -0.923882 0.382677
    outer loop
      vertex -20.2 -29.6768 -0.889252
      vertex -26 -29.7636 -1.09881
      vertex -20.2 -29.7636 -1.09881
    endloop
  endfacet
  facet normal 0 -0.793312 0.608816
    outer loop
      vertex 20.2 -30.1283 -1.67125
      vertex 23 -29.9902 -1.4913
      vertex 20.2 -29.9902 -1.4913
    endloop
  endfacet
  facet normal 0 -0.793312 0.608816
    outer loop
      vertex 23 -29.9902 -1.4913
      vertex 20.2 -30.1283 -1.67125
      vertex 23 -30.1283 -1.67125
    endloop
  endfacet
  facet normal 0 -0.793312 0.608816
    outer loop
      vertex -26 -30.1283 -1.67125
      vertex -20.2 -29.9902 -1.4913
      vertex -26 -29.9902 -1.4913
    endloop
  endfacet
  facet normal 0 -0.793312 0.608816
    outer loop
      vertex -20.2 -29.9902 -1.4913
      vertex -26 -30.1283 -1.67125
      vertex -20.2 -30.1283 -1.67125
    endloop
  endfacet
  facet normal 0 -0.608867 -0.793273
    outer loop
      vertex 20.2 -30.6287 2.1298
      vertex 23 -30.4488 1.99172
      vertex 23 -30.6287 2.1298
    endloop
  endfacet
  facet normal -0 -0.608867 -0.793273
    outer loop
      vertex 23 -30.4488 1.99172
      vertex 20.2 -30.6287 2.1298
      vertex 20.2 -30.4488 1.99172
    endloop
  endfacet
  facet normal 0 -0.608867 -0.793273
    outer loop
      vertex -26 -30.6287 2.1298
      vertex -20.2 -30.4488 1.99172
      vertex -20.2 -30.6287 2.1298
    endloop
  endfacet
  facet normal -0 -0.608867 -0.793273
    outer loop
      vertex -20.2 -30.4488 1.99172
      vertex -26 -30.6287 2.1298
      vertex -26 -30.4488 1.99172
    endloop
  endfacet
  facet normal 0 0.461721 -0.887025
    outer loop
      vertex 20.2 -33.42 2.25167
      vertex 23 -33.2188 2.3564
      vertex 23 -33.42 2.25167
    endloop
  endfacet
  facet normal 0 0.461721 -0.887025
    outer loop
      vertex 23 -33.2188 2.3564
      vertex 20.2 -33.42 2.25167
      vertex 20.2 -33.2188 2.3564
    endloop
  endfacet
  facet normal 0 0.461721 -0.887025
    outer loop
      vertex -26 -33.42 2.25167
      vertex -20.2 -33.2188 2.3564
      vertex -20.2 -33.42 2.25167
    endloop
  endfacet
  facet normal 0 0.461721 -0.887025
    outer loop
      vertex -20.2 -33.2188 2.3564
      vertex -26 -33.42 2.25167
      vertex -26 -33.2188 2.3564
    endloop
  endfacet
  facet normal 0 -0.300623 0.953743
    outer loop
      vertex 20.2 -31.2307 -2.4432
      vertex 23 -31.4471 -2.51141
      vertex 23 -31.2307 -2.4432
    endloop
  endfacet
  facet normal 0 -0.300623 0.953743
    outer loop
      vertex 23 -31.4471 -2.51141
      vertex 20.2 -31.2307 -2.4432
      vertex 20.2 -31.4471 -2.51141
    endloop
  endfacet
  facet normal 0 -0.300623 0.953743
    outer loop
      vertex -26 -31.2307 -2.4432
      vertex -20.2 -31.4471 -2.51141
      vertex -20.2 -31.2307 -2.4432
    endloop
  endfacet
  facet normal 0 -0.300623 0.953743
    outer loop
      vertex -20.2 -31.4471 -2.51141
      vertex -26 -31.2307 -2.4432
      vertex -26 -31.4471 -2.51141
    endloop
  endfacet
  facet normal 0 -0.843335 -0.537389
    outer loop
      vertex 20.2 -29.8683 1.3
      vertex 23 -29.9902 1.4913
      vertex 20.2 -29.9902 1.4913
    endloop
  endfacet
  facet normal 0 -0.843335 -0.537389
    outer loop
      vertex 23 -29.9902 1.4913
      vertex 20.2 -29.8683 1.3
      vertex 23 -29.8683 1.3
    endloop
  endfacet
  facet normal 0 -0.843335 -0.537389
    outer loop
      vertex -26 -29.8683 1.3
      vertex -20.2 -29.9902 1.4913
      vertex -26 -29.9902 1.4913
    endloop
  endfacet
  facet normal 0 -0.843335 -0.537389
    outer loop
      vertex -20.2 -29.9902 1.4913
      vertex -26 -29.8683 1.3
      vertex -20.2 -29.8683 1.3
    endloop
  endfacet
  facet normal 0 -0.300623 -0.953743
    outer loop
      vertex 20.2 -31.4471 2.51141
      vertex 23 -31.2307 2.4432
      vertex 23 -31.4471 2.51141
    endloop
  endfacet
  facet normal -0 -0.300623 -0.953743
    outer loop
      vertex 23 -31.2307 2.4432
      vertex 20.2 -31.4471 2.51141
      vertex 20.2 -31.2307 2.4432
    endloop
  endfacet
  facet normal 0 -0.300623 -0.953743
    outer loop
      vertex -26 -31.4471 2.51141
      vertex -20.2 -31.2307 2.4432
      vertex -20.2 -31.4471 2.51141
    endloop
  endfacet
  facet normal -0 -0.300623 -0.953743
    outer loop
      vertex -20.2 -31.2307 2.4432
      vertex -26 -31.4471 2.51141
      vertex -26 -31.2307 2.4432
    endloop
  endfacet
  facet normal 0 -0.216468 0.97629
    outer loop
      vertex 20.2 -31.4471 -2.51141
      vertex 23 -31.6685 -2.5605
      vertex 23 -31.4471 -2.51141
    endloop
  endfacet
  facet normal 0 -0.216468 0.97629
    outer loop
      vertex 23 -31.6685 -2.5605
      vertex 20.2 -31.4471 -2.51141
      vertex 20.2 -31.6685 -2.5605
    endloop
  endfacet
  facet normal 0 -0.216468 0.97629
    outer loop
      vertex -26 -31.4471 -2.51141
      vertex -20.2 -31.6685 -2.5605
      vertex -20.2 -31.4471 -2.51141
    endloop
  endfacet
  facet normal 0 -0.216468 0.97629
    outer loop
      vertex -20.2 -31.6685 -2.5605
      vertex -26 -31.4471 -2.51141
      vertex -26 -31.6685 -2.5605
    endloop
  endfacet
  facet normal 0 0.843335 0.537389
    outer loop
      vertex 23 -34.2498 -1.4913
      vertex 20.2 -34.3717 -1.3
      vertex 23 -34.3717 -1.3
    endloop
  endfacet
  facet normal 0 0.843335 0.537389
    outer loop
      vertex 20.2 -34.3717 -1.3
      vertex 23 -34.2498 -1.4913
      vertex 20.2 -34.2498 -1.4913
    endloop
  endfacet
  facet normal 0 0.843335 0.537389
    outer loop
      vertex -20.2 -34.2498 -1.4913
      vertex -26 -34.3717 -1.3
      vertex -20.2 -34.3717 -1.3
    endloop
  endfacet
  facet normal 0 0.843335 0.537389
    outer loop
      vertex -26 -34.3717 -1.3
      vertex -20.2 -34.2498 -1.4913
      vertex -26 -34.2498 -1.4913
    endloop
  endfacet
  facet normal 0 0.793312 0.608816
    outer loop
      vertex 23 -34.1117 -1.67125
      vertex 20.2 -34.2498 -1.4913
      vertex 23 -34.2498 -1.4913
    endloop
  endfacet
  facet normal 0 0.793312 0.608816
    outer loop
      vertex 20.2 -34.2498 -1.4913
      vertex 23 -34.1117 -1.67125
      vertex 20.2 -34.1117 -1.67125
    endloop
  endfacet
  facet normal 0 0.793312 0.608816
    outer loop
      vertex -20.2 -34.1117 -1.67125
      vertex -26 -34.2498 -1.4913
      vertex -20.2 -34.2498 -1.4913
    endloop
  endfacet
  facet normal 0 0.793312 0.608816
    outer loop
      vertex -26 -34.2498 -1.4913
      vertex -20.2 -34.1117 -1.67125
      vertex -26 -34.1117 -1.67125
    endloop
  endfacet
  facet normal 0 -0.88707 -0.461635
    outer loop
      vertex 20.2 -29.7636 1.09881
      vertex 23 -29.8683 1.3
      vertex 20.2 -29.8683 1.3
    endloop
  endfacet
  facet normal 0 -0.88707 -0.461635
    outer loop
      vertex 23 -29.8683 1.3
      vertex 20.2 -29.7636 1.09881
      vertex 23 -29.7636 1.09881
    endloop
  endfacet
  facet normal 0 -0.88707 -0.461635
    outer loop
      vertex -26 -29.7636 1.09881
      vertex -20.2 -29.8683 1.3
      vertex -26 -29.8683 1.3
    endloop
  endfacet
  facet normal 0 -0.88707 -0.461635
    outer loop
      vertex -20.2 -29.8683 1.3
      vertex -26 -29.7636 1.09881
      vertex -20.2 -29.7636 1.09881
    endloop
  endfacet
  facet normal 0 0.216468 -0.97629
    outer loop
      vertex 20.2 -32.7929 2.51141
      vertex 23 -32.5715 2.5605
      vertex 23 -32.7929 2.51141
    endloop
  endfacet
  facet normal 0 0.216468 -0.97629
    outer loop
      vertex 23 -32.5715 2.5605
      vertex 20.2 -32.7929 2.51141
      vertex 20.2 -32.5715 2.5605
    endloop
  endfacet
  facet normal 0 0.216468 -0.97629
    outer loop
      vertex -26 -32.7929 2.51141
      vertex -20.2 -32.5715 2.5605
      vertex -20.2 -32.7929 2.51141
    endloop
  endfacet
  facet normal 0 0.216468 -0.97629
    outer loop
      vertex -20.2 -32.5715 2.5605
      vertex -26 -32.7929 2.51141
      vertex -26 -32.5715 2.5605
    endloop
  endfacet
  facet normal 0 0.130532 -0.991444
    outer loop
      vertex 20.2 -32.5715 2.5605
      vertex 23 -32.3466 2.59011
      vertex 23 -32.5715 2.5605
    endloop
  endfacet
  facet normal 0 0.130532 -0.991444
    outer loop
      vertex 23 -32.3466 2.59011
      vertex 20.2 -32.5715 2.5605
      vertex 20.2 -32.3466 2.59011
    endloop
  endfacet
  facet normal 0 0.130532 -0.991444
    outer loop
      vertex -26 -32.5715 2.5605
      vertex -20.2 -32.3466 2.59011
      vertex -20.2 -32.5715 2.5605
    endloop
  endfacet
  facet normal 0 0.130532 -0.991444
    outer loop
      vertex -20.2 -32.3466 2.59011
      vertex -26 -32.5715 2.5605
      vertex -26 -32.3466 2.59011
    endloop
  endfacet
  facet normal 0 -0.793312 -0.608816
    outer loop
      vertex 20.2 -29.9902 1.4913
      vertex 23 -30.1283 1.67125
      vertex 20.2 -30.1283 1.67125
    endloop
  endfacet
  facet normal 0 -0.793312 -0.608816
    outer loop
      vertex 23 -30.1283 1.67125
      vertex 20.2 -29.9902 1.4913
      vertex 23 -29.9902 1.4913
    endloop
  endfacet
  facet normal 0 -0.793312 -0.608816
    outer loop
      vertex -26 -29.9902 1.4913
      vertex -20.2 -30.1283 1.67125
      vertex -26 -30.1283 1.67125
    endloop
  endfacet
  facet normal 0 -0.793312 -0.608816
    outer loop
      vertex -20.2 -30.1283 1.67125
      vertex -26 -29.9902 1.4913
      vertex -20.2 -29.9902 1.4913
    endloop
  endfacet
  facet normal 0 -0.953725 0.30068
    outer loop
      vertex 20.2 -29.6768 -0.889252
      vertex 23 -29.6086 -0.672929
      vertex 20.2 -29.6086 -0.672929
    endloop
  endfacet
  facet normal 0 -0.953725 0.30068
    outer loop
      vertex 23 -29.6086 -0.672929
      vertex 20.2 -29.6768 -0.889252
      vertex 23 -29.6768 -0.889252
    endloop
  endfacet
  facet normal 0 -0.953844 0.300304
    outer loop
      vertex -26 -29.6768 -0.889252
      vertex -20.2 -29.6487 -0.799999
      vertex -26 -29.6487 -0.799999
    endloop
  endfacet
  facet normal 0 -0.953844 0.300304
    outer loop
      vertex -20.2 -29.6487 -0.799999
      vertex -26 -29.6768 -0.889252
      vertex -20.2 -29.6768 -0.889252
    endloop
  endfacet
  facet normal 0 0.999047 -0.0436469
    outer loop
      vertex 23 -34.72 0
      vertex 20.2 -34.7101 0.226604
      vertex 23 -34.7101 0.226604
    endloop
  endfacet
  facet normal 0 0.999047 -0.0436469
    outer loop
      vertex 20.2 -34.7101 0.226604
      vertex 23 -34.72 0
      vertex 20.2 -34.72 0
    endloop
  endfacet
  facet normal 0 0.999047 0.0436469
    outer loop
      vertex 23 -34.7101 -0.226604
      vertex 20.2 -34.72 0
      vertex 23 -34.72 0
    endloop
  endfacet
  facet normal 0 0.999047 0.0436469
    outer loop
      vertex 20.2 -34.72 0
      vertex 23 -34.7101 -0.226604
      vertex 20.2 -34.7101 -0.226604
    endloop
  endfacet
  facet normal 0 -0.461721 -0.887025
    outer loop
      vertex 20.2 -31.0212 2.3564
      vertex 23 -30.82 2.25167
      vertex 23 -31.0212 2.3564
    endloop
  endfacet
  facet normal -0 -0.461721 -0.887025
    outer loop
      vertex 23 -30.82 2.25167
      vertex 20.2 -31.0212 2.3564
      vertex 20.2 -30.82 2.25167
    endloop
  endfacet
  facet normal 0 -0.461721 -0.887025
    outer loop
      vertex -26 -31.0212 2.3564
      vertex -20.2 -30.82 2.25167
      vertex -20.2 -31.0212 2.3564
    endloop
  endfacet
  facet normal -0 -0.461721 -0.887025
    outer loop
      vertex -20.2 -30.82 2.25167
      vertex -26 -31.0212 2.3564
      vertex -26 -30.82 2.25167
    endloop
  endfacet
  facet normal 0 -0.537295 -0.843395
    outer loop
      vertex 20.2 -30.82 2.25167
      vertex 23 -30.6287 2.1298
      vertex 23 -30.82 2.25167
    endloop
  endfacet
  facet normal -0 -0.537295 -0.843395
    outer loop
      vertex 23 -30.6287 2.1298
      vertex 20.2 -30.82 2.25167
      vertex 20.2 -30.6287 2.1298
    endloop
  endfacet
  facet normal 0 -0.537295 -0.843395
    outer loop
      vertex -26 -30.82 2.25167
      vertex -20.2 -30.6287 2.1298
      vertex -20.2 -30.82 2.25167
    endloop
  endfacet
  facet normal -0 -0.537295 -0.843395
    outer loop
      vertex -20.2 -30.6287 2.1298
      vertex -26 -30.82 2.25167
      vertex -26 -30.6287 2.1298
    endloop
  endfacet
  facet normal 0 0.0436037 -0.999049
    outer loop
      vertex 20.2 -32.3466 2.59011
      vertex 23 -32.12 2.6
      vertex 23 -32.3466 2.59011
    endloop
  endfacet
  facet normal 0 0.0436037 -0.999049
    outer loop
      vertex 23 -32.12 2.6
      vertex 20.2 -32.3466 2.59011
      vertex 20.2 -32.12 2.6
    endloop
  endfacet
  facet normal 0 0.0436037 -0.999049
    outer loop
      vertex -26 -32.3466 2.59011
      vertex -20.2 -32.12 2.6
      vertex -20.2 -32.3466 2.59011
    endloop
  endfacet
  facet normal 0 0.0436037 -0.999049
    outer loop
      vertex -20.2 -32.12 2.6
      vertex -26 -32.3466 2.59011
      vertex -26 -32.12 2.6
    endloop
  endfacet
  facet normal 0 -0.0436037 -0.999049
    outer loop
      vertex 20.2 -32.12 2.6
      vertex 23 -31.8934 2.59011
      vertex 23 -32.12 2.6
    endloop
  endfacet
  facet normal -0 -0.0436037 -0.999049
    outer loop
      vertex 23 -31.8934 2.59011
      vertex 20.2 -32.12 2.6
      vertex 20.2 -31.8934 2.59011
    endloop
  endfacet
  facet normal 0 -0.0436037 -0.999049
    outer loop
      vertex -26 -32.12 2.6
      vertex -20.2 -31.8934 2.59011
      vertex -20.2 -32.12 2.6
    endloop
  endfacet
  facet normal -0 -0.0436037 -0.999049
    outer loop
      vertex -20.2 -31.8934 2.59011
      vertex -26 -32.12 2.6
      vertex -26 -31.8934 2.59011
    endloop
  endfacet
  facet normal -0 0.382767 0.923845
    outer loop
      vertex 20.2 -33.0093 -2.4432
      vertex 23 -33.2188 -2.3564
      vertex 23 -33.0093 -2.4432
    endloop
  endfacet
  facet normal 0 0.382767 0.923845
    outer loop
      vertex 23 -33.2188 -2.3564
      vertex 20.2 -33.0093 -2.4432
      vertex 20.2 -33.2188 -2.3564
    endloop
  endfacet
  facet normal -0 0.382767 0.923845
    outer loop
      vertex -26 -33.0093 -2.4432
      vertex -20.2 -33.2188 -2.3564
      vertex -20.2 -33.0093 -2.4432
    endloop
  endfacet
  facet normal 0 0.382767 0.923845
    outer loop
      vertex -20.2 -33.2188 -2.3564
      vertex -26 -33.0093 -2.4432
      vertex -26 -33.2188 -2.3564
    endloop
  endfacet
  facet normal 0 -0.675441 -0.737414
    outer loop
      vertex 20.2 -30.4488 1.99172
      vertex 23 -30.2815 1.83848
      vertex 23 -30.4488 1.99172
    endloop
  endfacet
  facet normal -0 -0.675441 -0.737414
    outer loop
      vertex 23 -30.2815 1.83848
      vertex 20.2 -30.4488 1.99172
      vertex 20.2 -30.2815 1.83848
    endloop
  endfacet
  facet normal 0 -0.675441 -0.737414
    outer loop
      vertex -26 -30.4488 1.99172
      vertex -20.2 -30.2815 1.83848
      vertex -20.2 -30.4488 1.99172
    endloop
  endfacet
  facet normal -0 -0.675441 -0.737414
    outer loop
      vertex -20.2 -30.2815 1.83848
      vertex -26 -30.4488 1.99172
      vertex -26 -30.2815 1.83848
    endloop
  endfacet
  facet normal 0 0.953725 -0.30068
    outer loop
      vertex 23 -34.6314 0.672929
      vertex 20.2 -34.5632 0.889252
      vertex 23 -34.5632 0.889252
    endloop
  endfacet
  facet normal 0 0.953725 -0.30068
    outer loop
      vertex 20.2 -34.5632 0.889252
      vertex 23 -34.6314 0.672929
      vertex 20.2 -34.6314 0.672929
    endloop
  endfacet
  facet normal 0 0.953844 -0.300304
    outer loop
      vertex -20.2 -34.5913 0.799999
      vertex -26 -34.5632 0.889252
      vertex -20.2 -34.5632 0.889252
    endloop
  endfacet
  facet normal 0 0.953844 -0.300304
    outer loop
      vertex -26 -34.5632 0.889252
      vertex -20.2 -34.5913 0.799999
      vertex -26 -34.5913 0.799999
    endloop
  endfacet
  facet normal 0 0.991448 0.1305
    outer loop
      vertex 23 -34.6805 -0.451485
      vertex 20.2 -34.7101 -0.226604
      vertex 23 -34.7101 -0.226604
    endloop
  endfacet
  facet normal 0 0.991448 0.1305
    outer loop
      vertex 20.2 -34.7101 -0.226604
      vertex 23 -34.6805 -0.451485
      vertex 20.2 -34.6805 -0.451485
    endloop
  endfacet
  facet normal -0 0.461721 0.887025
    outer loop
      vertex 20.2 -33.2188 -2.3564
      vertex 23 -33.42 -2.25167
      vertex 23 -33.2188 -2.3564
    endloop
  endfacet
  facet normal 0 0.461721 0.887025
    outer loop
      vertex 23 -33.42 -2.25167
      vertex 20.2 -33.2188 -2.3564
      vertex 20.2 -33.42 -2.25167
    endloop
  endfacet
  facet normal -0 0.461721 0.887025
    outer loop
      vertex -26 -33.2188 -2.3564
      vertex -20.2 -33.42 -2.25167
      vertex -20.2 -33.2188 -2.3564
    endloop
  endfacet
  facet normal 0 0.461721 0.887025
    outer loop
      vertex -20.2 -33.42 -2.25167
      vertex -26 -33.2188 -2.3564
      vertex -26 -33.42 -2.25167
    endloop
  endfacet
  facet normal 0 0.88707 -0.461635
    outer loop
      vertex 23 -34.4764 1.09881
      vertex 20.2 -34.3717 1.3
      vertex 23 -34.3717 1.3
    endloop
  endfacet
  facet normal 0 0.88707 -0.461635
    outer loop
      vertex 20.2 -34.3717 1.3
      vertex 23 -34.4764 1.09881
      vertex 20.2 -34.4764 1.09881
    endloop
  endfacet
  facet normal 0 0.88707 -0.461635
    outer loop
      vertex -20.2 -34.4764 1.09881
      vertex -26 -34.3717 1.3
      vertex -20.2 -34.3717 1.3
    endloop
  endfacet
  facet normal 0 0.88707 -0.461635
    outer loop
      vertex -26 -34.3717 1.3
      vertex -20.2 -34.4764 1.09881
      vertex -26 -34.4764 1.09881
    endloop
  endfacet
  facet normal -0 0.537295 0.843395
    outer loop
      vertex 20.2 -33.42 -2.25167
      vertex 23 -33.6113 -2.1298
      vertex 23 -33.42 -2.25167
    endloop
  endfacet
  facet normal 0 0.537295 0.843395
    outer loop
      vertex 23 -33.6113 -2.1298
      vertex 20.2 -33.42 -2.25167
      vertex 20.2 -33.6113 -2.1298
    endloop
  endfacet
  facet normal -0 0.537295 0.843395
    outer loop
      vertex -26 -33.42 -2.25167
      vertex -20.2 -33.6113 -2.1298
      vertex -20.2 -33.42 -2.25167
    endloop
  endfacet
  facet normal 0 0.537295 0.843395
    outer loop
      vertex -20.2 -33.6113 -2.1298
      vertex -26 -33.42 -2.25167
      vertex -26 -33.6113 -2.1298
    endloop
  endfacet
  facet normal 0 -0.843335 0.537389
    outer loop
      vertex 20.2 -29.9902 -1.4913
      vertex 23 -29.8683 -1.3
      vertex 20.2 -29.8683 -1.3
    endloop
  endfacet
  facet normal 0 -0.843335 0.537389
    outer loop
      vertex 23 -29.8683 -1.3
      vertex 20.2 -29.9902 -1.4913
      vertex 23 -29.9902 -1.4913
    endloop
  endfacet
  facet normal 0 -0.843335 0.537389
    outer loop
      vertex -26 -29.9902 -1.4913
      vertex -20.2 -29.8683 -1.3
      vertex -26 -29.8683 -1.3
    endloop
  endfacet
  facet normal 0 -0.843335 0.537389
    outer loop
      vertex -20.2 -29.8683 -1.3
      vertex -26 -29.9902 -1.4913
      vertex -20.2 -29.9902 -1.4913
    endloop
  endfacet
  facet normal 0 0.976289 0.216469
    outer loop
      vertex 23 -34.6314 -0.672929
      vertex 20.2 -34.6805 -0.451485
      vertex 23 -34.6805 -0.451485
    endloop
  endfacet
  facet normal 0 0.976289 0.216469
    outer loop
      vertex 20.2 -34.6805 -0.451485
      vertex 23 -34.6314 -0.672929
      vertex 20.2 -34.6314 -0.672929
    endloop
  endfacet
  facet normal 0 0.991448 -0.1305
    outer loop
      vertex 23 -34.7101 0.226604
      vertex 20.2 -34.6805 0.451485
      vertex 23 -34.6805 0.451485
    endloop
  endfacet
  facet normal 0 0.991448 -0.1305
    outer loop
      vertex 20.2 -34.6805 0.451485
      vertex 23 -34.7101 0.226604
      vertex 20.2 -34.7101 0.226604
    endloop
  endfacet
  facet normal -0 0.130532 0.991444
    outer loop
      vertex 20.2 -32.3466 -2.59011
      vertex 23 -32.5715 -2.5605
      vertex 23 -32.3466 -2.59011
    endloop
  endfacet
  facet normal 0 0.130532 0.991444
    outer loop
      vertex 23 -32.5715 -2.5605
      vertex 20.2 -32.3466 -2.59011
      vertex 20.2 -32.5715 -2.5605
    endloop
  endfacet
  facet normal -0 0.130532 0.991444
    outer loop
      vertex -26 -32.3466 -2.59011
      vertex -20.2 -32.5715 -2.5605
      vertex -20.2 -32.3466 -2.59011
    endloop
  endfacet
  facet normal 0 0.130532 0.991444
    outer loop
      vertex -20.2 -32.5715 -2.5605
      vertex -26 -32.3466 -2.59011
      vertex -26 -32.5715 -2.5605
    endloop
  endfacet
  facet normal -0 0.0436037 0.999049
    outer loop
      vertex 20.2 -32.12 -2.6
      vertex 23 -32.3466 -2.59011
      vertex 23 -32.12 -2.6
    endloop
  endfacet
  facet normal 0 0.0436037 0.999049
    outer loop
      vertex 23 -32.3466 -2.59011
      vertex 20.2 -32.12 -2.6
      vertex 20.2 -32.3466 -2.59011
    endloop
  endfacet
  facet normal -0 0.0436037 0.999049
    outer loop
      vertex -26 -32.12 -2.6
      vertex -20.2 -32.3466 -2.59011
      vertex -20.2 -32.12 -2.6
    endloop
  endfacet
  facet normal 0 0.0436037 0.999049
    outer loop
      vertex -20.2 -32.3466 -2.59011
      vertex -26 -32.12 -2.6
      vertex -26 -32.3466 -2.59011
    endloop
  endfacet
  facet normal 0 -0.737361 0.675499
    outer loop
      vertex 20.2 -30.2815 -1.83848
      vertex 23 -30.1283 -1.67125
      vertex 20.2 -30.1283 -1.67125
    endloop
  endfacet
  facet normal 0 -0.737361 0.675499
    outer loop
      vertex 23 -30.1283 -1.67125
      vertex 20.2 -30.2815 -1.83848
      vertex 23 -30.2815 -1.83848
    endloop
  endfacet
  facet normal 0 -0.737361 0.675499
    outer loop
      vertex -26 -30.2815 -1.83848
      vertex -20.2 -30.1283 -1.67125
      vertex -26 -30.1283 -1.67125
    endloop
  endfacet
  facet normal 0 -0.737361 0.675499
    outer loop
      vertex -20.2 -30.1283 -1.67125
      vertex -26 -30.2815 -1.83848
      vertex -20.2 -30.2815 -1.83848
    endloop
  endfacet
  facet normal 0 0.923882 0.382677
    outer loop
      vertex 23 -34.4764 -1.09881
      vertex 20.2 -34.5632 -0.889252
      vertex 23 -34.5632 -0.889252
    endloop
  endfacet
  facet normal 0 0.923882 0.382677
    outer loop
      vertex 20.2 -34.5632 -0.889252
      vertex 23 -34.4764 -1.09881
      vertex 20.2 -34.4764 -1.09881
    endloop
  endfacet
  facet normal 0 0.923882 0.382677
    outer loop
      vertex -20.2 -34.4764 -1.09881
      vertex -26 -34.5632 -0.889252
      vertex -20.2 -34.5632 -0.889252
    endloop
  endfacet
  facet normal 0 0.923882 0.382677
    outer loop
      vertex -26 -34.5632 -0.889252
      vertex -20.2 -34.4764 -1.09881
      vertex -26 -34.4764 -1.09881
    endloop
  endfacet
  facet normal -0 0.300623 0.953743
    outer loop
      vertex 20.2 -32.7929 -2.51141
      vertex 23 -33.0093 -2.4432
      vertex 23 -32.7929 -2.51141
    endloop
  endfacet
  facet normal 0 0.300623 0.953743
    outer loop
      vertex 23 -33.0093 -2.4432
      vertex 20.2 -32.7929 -2.51141
      vertex 20.2 -33.0093 -2.4432
    endloop
  endfacet
  facet normal -0 0.300623 0.953743
    outer loop
      vertex -26 -32.7929 -2.51141
      vertex -20.2 -33.0093 -2.4432
      vertex -20.2 -32.7929 -2.51141
    endloop
  endfacet
  facet normal 0 0.300623 0.953743
    outer loop
      vertex -20.2 -33.0093 -2.4432
      vertex -26 -32.7929 -2.51141
      vertex -26 -33.0093 -2.4432
    endloop
  endfacet
  facet normal 0 -0.608867 0.793273
    outer loop
      vertex 20.2 -30.4488 -1.99172
      vertex 23 -30.6287 -2.1298
      vertex 23 -30.4488 -1.99172
    endloop
  endfacet
  facet normal 0 -0.608867 0.793273
    outer loop
      vertex 23 -30.6287 -2.1298
      vertex 20.2 -30.4488 -1.99172
      vertex 20.2 -30.6287 -2.1298
    endloop
  endfacet
  facet normal 0 -0.608867 0.793273
    outer loop
      vertex -26 -30.4488 -1.99172
      vertex -20.2 -30.6287 -2.1298
      vertex -20.2 -30.4488 -1.99172
    endloop
  endfacet
  facet normal 0 -0.608867 0.793273
    outer loop
      vertex -20.2 -30.6287 -2.1298
      vertex -26 -30.4488 -1.99172
      vertex -26 -30.6287 -2.1298
    endloop
  endfacet
  facet normal 0 -0.675441 0.737414
    outer loop
      vertex 20.2 -30.2815 -1.83848
      vertex 23 -30.4488 -1.99172
      vertex 23 -30.2815 -1.83848
    endloop
  endfacet
  facet normal 0 -0.675441 0.737414
    outer loop
      vertex 23 -30.4488 -1.99172
      vertex 20.2 -30.2815 -1.83848
      vertex 20.2 -30.4488 -1.99172
    endloop
  endfacet
  facet normal 0 -0.675441 0.737414
    outer loop
      vertex -26 -30.2815 -1.83848
      vertex -20.2 -30.4488 -1.99172
      vertex -20.2 -30.2815 -1.83848
    endloop
  endfacet
  facet normal 0 -0.675441 0.737414
    outer loop
      vertex -20.2 -30.4488 -1.99172
      vertex -26 -30.2815 -1.83848
      vertex -26 -30.4488 -1.99172
    endloop
  endfacet
  facet normal 0 0.923882 -0.382677
    outer loop
      vertex 23 -34.5632 0.889252
      vertex 20.2 -34.4764 1.09881
      vertex 23 -34.4764 1.09881
    endloop
  endfacet
  facet normal 0 0.923882 -0.382677
    outer loop
      vertex 20.2 -34.4764 1.09881
      vertex 23 -34.5632 0.889252
      vertex 20.2 -34.5632 0.889252
    endloop
  endfacet
  facet normal 0 0.923882 -0.382677
    outer loop
      vertex -20.2 -34.5632 0.889252
      vertex -26 -34.4764 1.09881
      vertex -20.2 -34.4764 1.09881
    endloop
  endfacet
  facet normal 0 0.923882 -0.382677
    outer loop
      vertex -26 -34.4764 1.09881
      vertex -20.2 -34.5632 0.889252
      vertex -26 -34.5632 0.889252
    endloop
  endfacet
  facet normal -0 0.608867 0.793273
    outer loop
      vertex 20.2 -33.6113 -2.1298
      vertex 23 -33.7912 -1.99172
      vertex 23 -33.6113 -2.1298
    endloop
  endfacet
  facet normal 0 0.608867 0.793273
    outer loop
      vertex 23 -33.7912 -1.99172
      vertex 20.2 -33.6113 -2.1298
      vertex 20.2 -33.7912 -1.99172
    endloop
  endfacet
  facet normal -0 0.608867 0.793273
    outer loop
      vertex -26 -33.6113 -2.1298
      vertex -20.2 -33.7912 -1.99172
      vertex -20.2 -33.6113 -2.1298
    endloop
  endfacet
  facet normal 0 0.608867 0.793273
    outer loop
      vertex -20.2 -33.7912 -1.99172
      vertex -26 -33.6113 -2.1298
      vertex -26 -33.7912 -1.99172
    endloop
  endfacet
  facet normal 0 0.953725 0.30068
    outer loop
      vertex 23 -34.5632 -0.889252
      vertex 20.2 -34.6314 -0.672929
      vertex 23 -34.6314 -0.672929
    endloop
  endfacet
  facet normal 0 0.953725 0.30068
    outer loop
      vertex 20.2 -34.6314 -0.672929
      vertex 23 -34.5632 -0.889252
      vertex 20.2 -34.5632 -0.889252
    endloop
  endfacet
  facet normal 0 0.953844 0.300304
    outer loop
      vertex -20.2 -34.5632 -0.889252
      vertex -26 -34.5913 -0.799999
      vertex -20.2 -34.5913 -0.799999
    endloop
  endfacet
  facet normal 0 0.953844 0.300304
    outer loop
      vertex -26 -34.5913 -0.799999
      vertex -20.2 -34.5632 -0.889252
      vertex -26 -34.5632 -0.889252
    endloop
  endfacet
  facet normal -0 0 1
    outer loop
      vertex 23 -29.4065 -4.7
      vertex 26 -34.8335 -4.7
      vertex 26 -29.4065 -4.7
    endloop
  endfacet
  facet normal 0 0 1
    outer loop
      vertex 26 -34.8335 -4.7
      vertex 23 -29.4065 -4.7
      vertex 23 -34.8335 -4.7
    endloop
  endfacet
  facet normal 0 -0.866021 0.500007
    outer loop
      vertex 23 -29.4065 -4.7
      vertex 26 -26.6929 0
      vertex 23 -26.6929 0
    endloop
  endfacet
  facet normal 0 -0.866021 0.500007
    outer loop
      vertex 26 -26.6929 0
      vertex 23 -29.4065 -4.7
      vertex 26 -29.4065 -4.7
    endloop
  endfacet
  facet normal 0 0 -1
    outer loop
      vertex 23 -34.8335 4.7
      vertex 26 -29.4065 4.7
      vertex 26 -34.8335 4.7
    endloop
  endfacet
  facet normal -0 0 -1
    outer loop
      vertex 26 -29.4065 4.7
      vertex 23 -34.8335 4.7
      vertex 23 -29.4065 4.7
    endloop
  endfacet
  facet normal 0 -0.866021 -0.500007
    outer loop
      vertex 23 -26.6929 0
      vertex 26 -29.4065 4.7
      vertex 23 -29.4065 4.7
    endloop
  endfacet
  facet normal 0 -0.866021 -0.500007
    outer loop
      vertex 26 -29.4065 4.7
      vertex 23 -26.6929 0
      vertex 26 -26.6929 0
    endloop
  endfacet
  facet normal 0 0.866021 -0.500007
    outer loop
      vertex 26 -37.5471 0
      vertex 23 -34.8335 4.7
      vertex 26 -34.8335 4.7
    endloop
  endfacet
  facet normal 0 0.866021 -0.500007
    outer loop
      vertex 23 -34.8335 4.7
      vertex 26 -37.5471 0
      vertex 23 -37.5471 0
    endloop
  endfacet
  facet normal 0 0.866021 0.500007
    outer loop
      vertex 26 -34.8335 -4.7
      vertex 23 -37.5471 0
      vertex 26 -37.5471 0
    endloop
  endfacet
  facet normal 0 0.866021 0.500007
    outer loop
      vertex 23 -37.5471 0
      vertex 26 -34.8335 -4.7
      vertex 23 -34.8335 -4.7
    endloop
  endfacet
  facet normal 1 -0 0
    outer loop
      vertex 23 -29.8683 1.3
      vertex 23 -26.6929 0
      vertex 23 -29.4065 4.7
    endloop
  endfacet
  facet normal 1 0 0
    outer loop
      vertex 23 -29.5299 -0.226604
      vertex 23 -26.6929 0
      vertex 23 -29.52 0
    endloop
  endfacet
  facet normal 1 0 0
    outer loop
      vertex 23 -26.6929 0
      vertex 23 -29.5299 0.226604
      vertex 23 -29.52 0
    endloop
  endfacet
  facet normal 1 0 0
    outer loop
      vertex 23 -26.6929 0
      vertex 23 -29.5595 0.451485
      vertex 23 -29.5299 0.226604
    endloop
  endfacet
  facet normal 1 0 0
    outer loop
      vertex 23 -26.6929 0
      vertex 23 -29.6086 0.672929
      vertex 23 -29.5595 0.451485
    endloop
  endfacet
  facet normal 1 0 0
    outer loop
      vertex 23 -26.6929 0
      vertex 23 -29.6768 0.889252
      vertex 23 -29.6086 0.672929
    endloop
  endfacet
  facet normal 1 0 0
    outer loop
      vertex 23 -26.6929 0
      vertex 23 -29.7636 1.09881
      vertex 23 -29.6768 0.889252
    endloop
  endfacet
  facet normal 1 0 0
    outer loop
      vertex 23 -26.6929 0
      vertex 23 -29.8683 1.3
      vertex 23 -29.7636 1.09881
    endloop
  endfacet
  facet normal 1 0 0
    outer loop
      vertex 23 -29.4065 4.7
      vertex 23 -29.9902 1.4913
      vertex 23 -29.8683 1.3
    endloop
  endfacet
  facet normal 1 0 0
    outer loop
      vertex 23 -29.4065 4.7
      vertex 23 -30.1283 1.67125
      vertex 23 -29.9902 1.4913
    endloop
  endfacet
  facet normal 1 0 0
    outer loop
      vertex 23 -29.4065 4.7
      vertex 23 -30.2815 1.83848
      vertex 23 -30.1283 1.67125
    endloop
  endfacet
  facet normal 1 0 0
    outer loop
      vertex 23 -29.4065 4.7
      vertex 23 -30.4488 1.99172
      vertex 23 -30.2815 1.83848
    endloop
  endfacet
  facet normal 1 0 0
    outer loop
      vertex 23 -29.4065 4.7
      vertex 23 -30.6287 2.1298
      vertex 23 -30.4488 1.99172
    endloop
  endfacet
  facet normal 1 0 0
    outer loop
      vertex 23 -29.4065 4.7
      vertex 23 -30.82 2.25167
      vertex 23 -30.6287 2.1298
    endloop
  endfacet
  facet normal 1 0 0
    outer loop
      vertex 23 -29.4065 4.7
      vertex 23 -31.0212 2.3564
      vertex 23 -30.82 2.25167
    endloop
  endfacet
  facet normal 1 0 0
    outer loop
      vertex 23 -29.4065 4.7
      vertex 23 -31.2307 2.4432
      vertex 23 -31.0212 2.3564
    endloop
  endfacet
  facet normal 1 0 0
    outer loop
      vertex 23 -29.4065 4.7
      vertex 23 -31.4471 2.51141
      vertex 23 -31.2307 2.4432
    endloop
  endfacet
  facet normal 1 0 0
    outer loop
      vertex 23 -29.4065 4.7
      vertex 23 -31.6685 2.5605
      vertex 23 -31.4471 2.51141
    endloop
  endfacet
  facet normal 1 0 0
    outer loop
      vertex 23 -29.4065 4.7
      vertex 23 -31.8934 2.59011
      vertex 23 -31.6685 2.5605
    endloop
  endfacet
  facet normal 1 0 0
    outer loop
      vertex 23 -29.4065 4.7
      vertex 23 -32.12 2.6
      vertex 23 -31.8934 2.59011
    endloop
  endfacet
  facet normal 1 -0 0
    outer loop
      vertex 23 -34.8335 4.7
      vertex 23 -32.12 2.6
      vertex 23 -29.4065 4.7
    endloop
  endfacet
  facet normal 1 0 0
    outer loop
      vertex 23 -32.12 2.6
      vertex 23 -34.8335 4.7
      vertex 23 -32.3466 2.59011
    endloop
  endfacet
  facet normal 1 0 0
    outer loop
      vertex 23 -32.3466 2.59011
      vertex 23 -34.8335 4.7
      vertex 23 -32.5715 2.5605
    endloop
  endfacet
  facet normal 1 0 0
    outer loop
      vertex 23 -32.5715 2.5605
      vertex 23 -34.8335 4.7
      vertex 23 -32.7929 2.51141
    endloop
  endfacet
  facet normal 1 0 0
    outer loop
      vertex 23 -32.7929 2.51141
      vertex 23 -34.8335 4.7
      vertex 23 -33.0093 2.4432
    endloop
  endfacet
  facet normal 1 0 0
    outer loop
      vertex 23 -33.0093 2.4432
      vertex 23 -34.8335 4.7
      vertex 23 -33.2188 2.3564
    endloop
  endfacet
  facet normal 1 0 0
    outer loop
      vertex 23 -34.6805 0.451485
      vertex 23 -37.5471 0
      vertex 23 -34.7101 0.226604
    endloop
  endfacet
  facet normal 1 0 0
    outer loop
      vertex 23 -34.6314 0.672929
      vertex 23 -37.5471 0
      vertex 23 -34.6805 0.451485
    endloop
  endfacet
  facet normal 1 0 0
    outer loop
      vertex 23 -34.5632 0.889252
      vertex 23 -37.5471 0
      vertex 23 -34.6314 0.672929
    endloop
  endfacet
  facet normal 1 0 0
    outer loop
      vertex 23 -34.4764 1.09881
      vertex 23 -37.5471 0
      vertex 23 -34.5632 0.889252
    endloop
  endfacet
  facet normal 1 0 0
    outer loop
      vertex 23 -34.3717 1.3
      vertex 23 -37.5471 0
      vertex 23 -34.4764 1.09881
    endloop
  endfacet
  facet normal 1 0 0
    outer loop
      vertex 23 -37.5471 0
      vertex 23 -34.3717 1.3
      vertex 23 -34.8335 4.7
    endloop
  endfacet
  facet normal 1 0 0
    outer loop
      vertex 23 -34.2498 1.4913
      vertex 23 -34.8335 4.7
      vertex 23 -34.3717 1.3
    endloop
  endfacet
  facet normal 1 0 0
    outer loop
      vertex 23 -34.1117 1.67125
      vertex 23 -34.8335 4.7
      vertex 23 -34.2498 1.4913
    endloop
  endfacet
  facet normal 1 0 0
    outer loop
      vertex 23 -33.9585 1.83848
      vertex 23 -34.8335 4.7
      vertex 23 -34.1117 1.67125
    endloop
  endfacet
  facet normal 1 0 0
    outer loop
      vertex 23 -33.7912 1.99172
      vertex 23 -34.8335 4.7
      vertex 23 -33.9585 1.83848
    endloop
  endfacet
  facet normal 1 0 0
    outer loop
      vertex 23 -33.6113 2.1298
      vertex 23 -34.8335 4.7
      vertex 23 -33.7912 1.99172
    endloop
  endfacet
  facet normal 1 0 0
    outer loop
      vertex 23 -33.42 2.25167
      vertex 23 -34.8335 4.7
      vertex 23 -33.6113 2.1298
    endloop
  endfacet
  facet normal 1 0 0
    outer loop
      vertex 23 -33.2188 2.3564
      vertex 23 -34.8335 4.7
      vertex 23 -33.42 2.25167
    endloop
  endfacet
  facet normal 1 0 0
    outer loop
      vertex 23 -29.5595 -0.451485
      vertex 23 -26.6929 0
      vertex 23 -29.5299 -0.226604
    endloop
  endfacet
  facet normal 1 0 0
    outer loop
      vertex 23 -29.6086 -0.672929
      vertex 23 -26.6929 0
      vertex 23 -29.5595 -0.451485
    endloop
  endfacet
  facet normal 1 0 0
    outer loop
      vertex 23 -29.6768 -0.889252
      vertex 23 -26.6929 0
      vertex 23 -29.6086 -0.672929
    endloop
  endfacet
  facet normal 1 0 0
    outer loop
      vertex 23 -29.7636 -1.09881
      vertex 23 -26.6929 0
      vertex 23 -29.6768 -0.889252
    endloop
  endfacet
  facet normal 1 0 0
    outer loop
      vertex 23 -29.8683 -1.3
      vertex 23 -26.6929 0
      vertex 23 -29.7636 -1.09881
    endloop
  endfacet
  facet normal 1 0 0
    outer loop
      vertex 23 -26.6929 0
      vertex 23 -29.8683 -1.3
      vertex 23 -29.4065 -4.7
    endloop
  endfacet
  facet normal 1 -0 0
    outer loop
      vertex 23 -29.9902 -1.4913
      vertex 23 -29.4065 -4.7
      vertex 23 -29.8683 -1.3
    endloop
  endfacet
  facet normal 1 -0 0
    outer loop
      vertex 23 -30.1283 -1.67125
      vertex 23 -29.4065 -4.7
      vertex 23 -29.9902 -1.4913
    endloop
  endfacet
  facet normal 1 -0 0
    outer loop
      vertex 23 -30.2815 -1.83848
      vertex 23 -29.4065 -4.7
      vertex 23 -30.1283 -1.67125
    endloop
  endfacet
  facet normal 1 -0 0
    outer loop
      vertex 23 -30.4488 -1.99172
      vertex 23 -29.4065 -4.7
      vertex 23 -30.2815 -1.83848
    endloop
  endfacet
  facet normal 1 -0 0
    outer loop
      vertex 23 -30.6287 -2.1298
      vertex 23 -29.4065 -4.7
      vertex 23 -30.4488 -1.99172
    endloop
  endfacet
  facet normal 1 -0 0
    outer loop
      vertex 23 -30.82 -2.25167
      vertex 23 -29.4065 -4.7
      vertex 23 -30.6287 -2.1298
    endloop
  endfacet
  facet normal 1 -0 0
    outer loop
      vertex 23 -31.0212 -2.3564
      vertex 23 -29.4065 -4.7
      vertex 23 -30.82 -2.25167
    endloop
  endfacet
  facet normal 1 -0 0
    outer loop
      vertex 23 -31.2307 -2.4432
      vertex 23 -29.4065 -4.7
      vertex 23 -31.0212 -2.3564
    endloop
  endfacet
  facet normal 1 -0 0
    outer loop
      vertex 23 -31.4471 -2.51141
      vertex 23 -29.4065 -4.7
      vertex 23 -31.2307 -2.4432
    endloop
  endfacet
  facet normal 1 -0 0
    outer loop
      vertex 23 -31.6685 -2.5605
      vertex 23 -29.4065 -4.7
      vertex 23 -31.4471 -2.51141
    endloop
  endfacet
  facet normal 1 -0 0
    outer loop
      vertex 23 -31.8934 -2.59011
      vertex 23 -29.4065 -4.7
      vertex 23 -31.6685 -2.5605
    endloop
  endfacet
  facet normal 1 -0 0
    outer loop
      vertex 23 -32.12 -2.6
      vertex 23 -29.4065 -4.7
      vertex 23 -31.8934 -2.59011
    endloop
  endfacet
  facet normal 1 0 0
    outer loop
      vertex 23 -34.8335 -4.7
      vertex 23 -32.12 -2.6
      vertex 23 -32.3466 -2.59011
    endloop
  endfacet
  facet normal 1 0 0
    outer loop
      vertex 23 -34.8335 -4.7
      vertex 23 -32.3466 -2.59011
      vertex 23 -32.5715 -2.5605
    endloop
  endfacet
  facet normal 1 0 0
    outer loop
      vertex 23 -34.8335 -4.7
      vertex 23 -32.5715 -2.5605
      vertex 23 -32.7929 -2.51141
    endloop
  endfacet
  facet normal 1 0 0
    outer loop
      vertex 23 -34.8335 -4.7
      vertex 23 -32.7929 -2.51141
      vertex 23 -33.0093 -2.4432
    endloop
  endfacet
  facet normal 1 0 0
    outer loop
      vertex 23 -34.8335 -4.7
      vertex 23 -33.0093 -2.4432
      vertex 23 -33.2188 -2.3564
    endloop
  endfacet
  facet normal 1 0 0
    outer loop
      vertex 23 -34.8335 -4.7
      vertex 23 -33.2188 -2.3564
      vertex 23 -33.42 -2.25167
    endloop
  endfacet
  facet normal 1 0 0
    outer loop
      vertex 23 -32.12 -2.6
      vertex 23 -34.8335 -4.7
      vertex 23 -29.4065 -4.7
    endloop
  endfacet
  facet normal 1 0 0
    outer loop
      vertex 23 -33.6113 -2.1298
      vertex 23 -34.8335 -4.7
      vertex 23 -33.42 -2.25167
    endloop
  endfacet
  facet normal 1 0 0
    outer loop
      vertex 23 -33.7912 -1.99172
      vertex 23 -34.8335 -4.7
      vertex 23 -33.6113 -2.1298
    endloop
  endfacet
  facet normal 1 0 0
    outer loop
      vertex 23 -33.9585 -1.83848
      vertex 23 -34.8335 -4.7
      vertex 23 -33.7912 -1.99172
    endloop
  endfacet
  facet normal 1 0 0
    outer loop
      vertex 23 -34.1117 -1.67125
      vertex 23 -34.8335 -4.7
      vertex 23 -33.9585 -1.83848
    endloop
  endfacet
  facet normal 1 0 0
    outer loop
      vertex 23 -34.2498 -1.4913
      vertex 23 -34.8335 -4.7
      vertex 23 -34.1117 -1.67125
    endloop
  endfacet
  facet normal 1 0 0
    outer loop
      vertex 23 -34.3717 -1.3
      vertex 23 -34.8335 -4.7
      vertex 23 -34.2498 -1.4913
    endloop
  endfacet
  facet normal 1 0 0
    outer loop
      vertex 23 -37.5471 0
      vertex 23 -34.3717 -1.3
      vertex 23 -34.4764 -1.09881
    endloop
  endfacet
  facet normal 1 0 0
    outer loop
      vertex 23 -37.5471 0
      vertex 23 -34.4764 -1.09881
      vertex 23 -34.5632 -0.889252
    endloop
  endfacet
  facet normal 1 0 0
    outer loop
      vertex 23 -37.5471 0
      vertex 23 -34.5632 -0.889252
      vertex 23 -34.6314 -0.672929
    endloop
  endfacet
  facet normal 1 0 0
    outer loop
      vertex 23 -37.5471 0
      vertex 23 -34.6314 -0.672929
      vertex 23 -34.6805 -0.451485
    endloop
  endfacet
  facet normal 1 0 0
    outer loop
      vertex 23 -37.5471 0
      vertex 23 -34.6805 -0.451485
      vertex 23 -34.7101 -0.226604
    endloop
  endfacet
  facet normal 1 -0 0
    outer loop
      vertex 23 -37.5471 0
      vertex 23 -34.7101 -0.226604
      vertex 23 -34.72 0
    endloop
  endfacet
  facet normal 1 0 0
    outer loop
      vertex 23 -34.7101 0.226604
      vertex 23 -37.5471 0
      vertex 23 -34.72 0
    endloop
  endfacet
  facet normal 1 0 0
    outer loop
      vertex 23 -34.3717 -1.3
      vertex 23 -37.5471 0
      vertex 23 -34.8335 -4.7
    endloop
  endfacet
  facet normal 0.130459 -0.991454 0
    outer loop
      vertex -0.729321 -17.8638 -23
      vertex -0.366054 -17.816 -20.2
      vertex -0.729321 -17.8638 -20.2
    endloop
  endfacet
  facet normal 0.130459 -0.991454 0
    outer loop
      vertex -0.366054 -17.816 -20.2
      vertex -0.729321 -17.8638 -23
      vertex -0.366054 -17.816 -23
    endloop
  endfacet
  facet normal 0.130459 -0.991454 0
    outer loop
      vertex -0.729321 -17.8638 20.2
      vertex -0.366054 -17.816 26
      vertex -0.729321 -17.8638 26
    endloop
  endfacet
  facet normal 0.130459 -0.991454 0
    outer loop
      vertex -0.366054 -17.816 26
      vertex -0.729321 -17.8638 20.2
      vertex -0.366054 -17.816 20.2
    endloop
  endfacet
  facet normal -0.99144 0.130563 0
    outer loop
      vertex 4.13619 -22.7293 -23
      vertex 4.18402 -22.3661 -20.2
      vertex 4.18402 -22.3661 -23
    endloop
  endfacet
  facet normal -0.99144 0.130563 0
    outer loop
      vertex 4.18402 -22.3661 -20.2
      vertex 4.13619 -22.7293 -23
      vertex 4.13619 -22.7293 -20.2
    endloop
  endfacet
  facet normal -0.99144 0.130563 0
    outer loop
      vertex 4.13619 -22.7293 20.2
      vertex 4.18402 -22.3661 26
      vertex 4.18402 -22.3661 20.2
    endloop
  endfacet
  facet normal -0.99144 0.130563 0
    outer loop
      vertex 4.18402 -22.3661 26
      vertex 4.13619 -22.7293 20.2
      vertex 4.13619 -22.7293 26
    endloop
  endfacet
  facet normal -0.999049 0.0436078 0
    outer loop
      vertex 4.18402 -22.3661 -23
      vertex 4.2 -22 -20.2
      vertex 4.2 -22 -23
    endloop
  endfacet
  facet normal -0.999049 0.0436078 0
    outer loop
      vertex 4.2 -22 -20.2
      vertex 4.18402 -22.3661 -23
      vertex 4.18402 -22.3661 -20.2
    endloop
  endfacet
  facet normal -0.999049 0.0436078 0
    outer loop
      vertex 4.18402 -22.3661 20.2
      vertex 4.2 -22 26
      vertex 4.2 -22 20.2
    endloop
  endfacet
  facet normal -0.999049 0.0436078 0
    outer loop
      vertex 4.2 -22 26
      vertex 4.18402 -22.3661 20.2
      vertex 4.18402 -22.3661 26
    endloop
  endfacet
  facet normal 0.793369 0.608741 0
    outer loop
      vertex -3.21739 -24.6997 -20.2
      vertex -3.44044 -24.409 -23
      vertex -3.44044 -24.409 -20.2
    endloop
  endfacet
  facet normal 0.793369 0.608741 0
    outer loop
      vertex -3.44044 -24.409 -23
      vertex -3.21739 -24.6997 -20.2
      vertex -3.21739 -24.6997 -23
    endloop
  endfacet
  facet normal 0.793369 0.608741 0
    outer loop
      vertex -3.21739 -24.6997 26
      vertex -3.44044 -24.409 20.2
      vertex -3.44044 -24.409 26
    endloop
  endfacet
  facet normal 0.793369 0.608741 0
    outer loop
      vertex -3.44044 -24.409 20.2
      vertex -3.21739 -24.6997 26
      vertex -3.21739 -24.6997 20.2
    endloop
  endfacet
  facet normal -0.382638 -0.923898 0
    outer loop
      vertex 1.43648 -18.0533 -23
      vertex 1.775 -18.1935 -20.2
      vertex 1.43648 -18.0533 -20.2
    endloop
  endfacet
  facet normal -0.382638 -0.923898 -0
    outer loop
      vertex 1.775 -18.1935 -20.2
      vertex 1.43648 -18.0533 -23
      vertex 1.775 -18.1935 -23
    endloop
  endfacet
  facet normal -0.382638 -0.923898 0
    outer loop
      vertex 1.43648 -18.0533 20.2
      vertex 1.775 -18.1935 26
      vertex 1.43648 -18.0533 26
    endloop
  endfacet
  facet normal -0.382638 -0.923898 -0
    outer loop
      vertex 1.775 -18.1935 26
      vertex 1.43648 -18.0533 20.2
      vertex 1.775 -18.1935 20.2
    endloop
  endfacet
  facet normal -0.130459 0.991454 0
    outer loop
      vertex 0.729321 -26.1362 -23
      vertex 0.366054 -26.184 -20.2
      vertex 0.729321 -26.1362 -20.2
    endloop
  endfacet
  facet normal -0.130459 0.991454 0
    outer loop
      vertex 0.366054 -26.184 -20.2
      vertex 0.729321 -26.1362 -23
      vertex 0.366054 -26.184 -23
    endloop
  endfacet
  facet normal -0.130459 0.991454 0
    outer loop
      vertex 0.729321 -26.1362 20.2
      vertex 0.366054 -26.184 26
      vertex 0.729321 -26.1362 26
    endloop
  endfacet
  facet normal -0.130459 0.991454 0
    outer loop
      vertex 0.366054 -26.184 26
      vertex 0.729321 -26.1362 20.2
      vertex 0.366054 -26.184 20.2
    endloop
  endfacet
  facet normal 0.608668 -0.793425 0
    outer loop
      vertex -2.69971 -18.7826 -23
      vertex -2.40902 -18.5596 -20.2
      vertex -2.69971 -18.7826 -20.2
    endloop
  endfacet
  facet normal 0.608668 -0.793425 0
    outer loop
      vertex -2.40902 -18.5596 -20.2
      vertex -2.69971 -18.7826 -23
      vertex -2.40902 -18.5596 -23
    endloop
  endfacet
  facet normal 0.608668 -0.793425 0
    outer loop
      vertex -2.69971 -18.7826 20.2
      vertex -2.40902 -18.5596 26
      vertex -2.69971 -18.7826 26
    endloop
  endfacet
  facet normal 0.608668 -0.793425 0
    outer loop
      vertex -2.40902 -18.5596 26
      vertex -2.69971 -18.7826 20.2
      vertex -2.40902 -18.5596 20.2
    endloop
  endfacet
  facet normal -0.737224 -0.675648 0
    outer loop
      vertex 3.21739 -19.3003 -23
      vertex 2.96985 -19.0302 -20.2
      vertex 2.96985 -19.0302 -23
    endloop
  endfacet
  facet normal -0.737224 -0.675648 0
    outer loop
      vertex 2.96985 -19.0302 -20.2
      vertex 3.21739 -19.3003 -23
      vertex 3.21739 -19.3003 -20.2
    endloop
  endfacet
  facet normal -0.737224 -0.675648 0
    outer loop
      vertex 3.21739 -19.3003 20.2
      vertex 2.96985 -19.0302 26
      vertex 2.96985 -19.0302 20.2
    endloop
  endfacet
  facet normal -0.737224 -0.675648 0
    outer loop
      vertex 2.96985 -19.0302 26
      vertex 3.21739 -19.3003 20.2
      vertex 3.21739 -19.3003 26
    endloop
  endfacet
  facet normal 0.923871 0.382704 0
    outer loop
      vertex -3.80649 -23.775 -20.2
      vertex -3.94671 -23.4365 -23
      vertex -3.94671 -23.4365 -20.2
    endloop
  endfacet
  facet normal 0.923871 0.382704 0
    outer loop
      vertex -3.94671 -23.4365 -23
      vertex -3.80649 -23.775 -20.2
      vertex -3.80649 -23.775 -23
    endloop
  endfacet
  facet normal 0.923871 0.382704 0
    outer loop
      vertex -3.80649 -23.775 26
      vertex -3.94671 -23.4365 20.2
      vertex -3.94671 -23.4365 26
    endloop
  endfacet
  facet normal 0.923871 0.382704 0
    outer loop
      vertex -3.94671 -23.4365 20.2
      vertex -3.80649 -23.775 26
      vertex -3.80649 -23.775 20.2
    endloop
  endfacet
  facet normal 0.216428 0.976299 -0
    outer loop
      vertex -0.729321 -26.1362 -23
      vertex -1.08704 -26.0569 -20.2
      vertex -0.729321 -26.1362 -20.2
    endloop
  endfacet
  facet normal 0.216428 0.976299 0
    outer loop
      vertex -1.08704 -26.0569 -20.2
      vertex -0.729321 -26.1362 -23
      vertex -1.08704 -26.0569 -23
    endloop
  endfacet
  facet normal 0.216428 0.976299 -0
    outer loop
      vertex -0.729321 -26.1362 20.2
      vertex -1.08704 -26.0569 26
      vertex -0.729321 -26.1362 26
    endloop
  endfacet
  facet normal 0.216428 0.976299 0
    outer loop
      vertex -1.08704 -26.0569 26
      vertex -0.729321 -26.1362 20.2
      vertex -1.08704 -26.0569 20.2
    endloop
  endfacet
  facet normal -0.130459 -0.991454 0
    outer loop
      vertex 0.366054 -17.816 -23
      vertex 0.729321 -17.8638 -20.2
      vertex 0.366054 -17.816 -20.2
    endloop
  endfacet
  facet normal -0.130459 -0.991454 -0
    outer loop
      vertex 0.729321 -17.8638 -20.2
      vertex 0.366054 -17.816 -23
      vertex 0.729321 -17.8638 -23
    endloop
  endfacet
  facet normal -0.130459 -0.991454 0
    outer loop
      vertex 0.366054 -17.816 20.2
      vertex 0.729321 -17.8638 26
      vertex 0.366054 -17.816 26
    endloop
  endfacet
  facet normal -0.130459 -0.991454 -0
    outer loop
      vertex 0.729321 -17.8638 26
      vertex 0.366054 -17.816 20.2
      vertex 0.729321 -17.8638 20.2
    endloop
  endfacet
  facet normal 0.887016 0.461739 0
    outer loop
      vertex -3.63731 -24.1 -20.2
      vertex -3.80649 -23.775 -23
      vertex -3.80649 -23.775 -20.2
    endloop
  endfacet
  facet normal 0.887016 0.461739 0
    outer loop
      vertex -3.80649 -23.775 -23
      vertex -3.63731 -24.1 -20.2
      vertex -3.63731 -24.1 -23
    endloop
  endfacet
  facet normal 0.887016 0.461739 0
    outer loop
      vertex -3.63731 -24.1 26
      vertex -3.80649 -23.775 20.2
      vertex -3.80649 -23.775 26
    endloop
  endfacet
  facet normal 0.887016 0.461739 0
    outer loop
      vertex -3.80649 -23.775 20.2
      vertex -3.63731 -24.1 26
      vertex -3.63731 -24.1 20.2
    endloop
  endfacet
  facet normal -0.95373 0.300664 0
    outer loop
      vertex 3.94671 -23.4365 -23
      vertex 4.05689 -23.087 -20.2
      vertex 4.05689 -23.087 -23
    endloop
  endfacet
  facet normal -0.95373 0.300664 0
    outer loop
      vertex 4.05689 -23.087 -20.2
      vertex 3.94671 -23.4365 -23
      vertex 3.94671 -23.4365 -20.2
    endloop
  endfacet
  facet normal -0.95373 0.300664 0
    outer loop
      vertex 3.94671 -23.4365 20.2
      vertex 4.05689 -23.087 26
      vertex 4.05689 -23.087 20.2
    endloop
  endfacet
  facet normal -0.95373 0.300664 0
    outer loop
      vertex 4.05689 -23.087 26
      vertex 3.94671 -23.4365 20.2
      vertex 3.94671 -23.4365 26
    endloop
  endfacet
  facet normal 0.537363 0.843351 -0
    outer loop
      vertex -2.1 -25.6373 -23
      vertex -2.40902 -25.4404 -20.2
      vertex -2.1 -25.6373 -20.2
    endloop
  endfacet
  facet normal 0.537363 0.843351 0
    outer loop
      vertex -2.40902 -25.4404 -20.2
      vertex -2.1 -25.6373 -23
      vertex -2.40902 -25.4404 -23
    endloop
  endfacet
  facet normal 0.537363 0.843351 -0
    outer loop
      vertex -2.1 -25.6373 20.2
      vertex -2.40902 -25.4404 26
      vertex -2.1 -25.6373 26
    endloop
  endfacet
  facet normal 0.537363 0.843351 0
    outer loop
      vertex -2.40902 -25.4404 26
      vertex -2.1 -25.6373 20.2
      vertex -2.40902 -25.4404 20.2
    endloop
  endfacet
  facet normal -0.608668 0.793425 0
    outer loop
      vertex 2.69971 -25.2174 -23
      vertex 2.40902 -25.4404 -20.2
      vertex 2.69971 -25.2174 -20.2
    endloop
  endfacet
  facet normal -0.608668 0.793425 0
    outer loop
      vertex 2.40902 -25.4404 -20.2
      vertex 2.69971 -25.2174 -23
      vertex 2.40902 -25.4404 -23
    endloop
  endfacet
  facet normal -0.608668 0.793425 0
    outer loop
      vertex 2.69971 -25.2174 20.2
      vertex 2.40902 -25.4404 26
      vertex 2.69971 -25.2174 26
    endloop
  endfacet
  facet normal -0.608668 0.793425 0
    outer loop
      vertex 2.40902 -25.4404 26
      vertex 2.69971 -25.2174 20.2
      vertex 2.40902 -25.4404 20.2
    endloop
  endfacet
  facet normal 0.95373 -0.300664 0
    outer loop
      vertex -4.05689 -20.913 -20.2
      vertex -3.94671 -20.5635 -23
      vertex -3.94671 -20.5635 -20.2
    endloop
  endfacet
  facet normal 0.95373 -0.300664 0
    outer loop
      vertex -3.94671 -20.5635 -23
      vertex -4.05689 -20.913 -20.2
      vertex -4.05689 -20.913 -23
    endloop
  endfacet
  facet normal 0.95373 -0.300664 0
    outer loop
      vertex -4.05689 -20.913 26
      vertex -3.94671 -20.5635 20.2
      vertex -3.94671 -20.5635 26
    endloop
  endfacet
  facet normal 0.95373 -0.300664 0
    outer loop
      vertex -3.94671 -20.5635 20.2
      vertex -4.05689 -20.913 26
      vertex -4.05689 -20.913 20.2
    endloop
  endfacet
  facet normal -0.793369 -0.608741 0
    outer loop
      vertex 3.44044 -19.591 -23
      vertex 3.21739 -19.3003 -20.2
      vertex 3.21739 -19.3003 -23
    endloop
  endfacet
  facet normal -0.793369 -0.608741 0
    outer loop
      vertex 3.21739 -19.3003 -20.2
      vertex 3.44044 -19.591 -23
      vertex 3.44044 -19.591 -20.2
    endloop
  endfacet
  facet normal -0.793369 -0.608741 0
    outer loop
      vertex 3.44044 -19.591 20.2
      vertex 3.21739 -19.3003 26
      vertex 3.21739 -19.3003 20.2
    endloop
  endfacet
  facet normal -0.793369 -0.608741 0
    outer loop
      vertex 3.21739 -19.3003 26
      vertex 3.44044 -19.591 20.2
      vertex 3.44044 -19.591 26
    endloop
  endfacet
  facet normal -0.793369 0.608741 0
    outer loop
      vertex 3.21739 -24.6997 -23
      vertex 3.44044 -24.409 -20.2
      vertex 3.44044 -24.409 -23
    endloop
  endfacet
  facet normal -0.793369 0.608741 0
    outer loop
      vertex 3.44044 -24.409 -20.2
      vertex 3.21739 -24.6997 -23
      vertex 3.21739 -24.6997 -20.2
    endloop
  endfacet
  facet normal -0.793369 0.608741 0
    outer loop
      vertex 3.21739 -24.6997 20.2
      vertex 3.44044 -24.409 26
      vertex 3.44044 -24.409 20.2
    endloop
  endfacet
  facet normal -0.793369 0.608741 0
    outer loop
      vertex 3.44044 -24.409 26
      vertex 3.21739 -24.6997 20.2
      vertex 3.21739 -24.6997 26
    endloop
  endfacet
  facet normal 0.461782 0.886993 -0
    outer loop
      vertex -1.775 -25.8065 -23
      vertex -2.1 -25.6373 -20.2
      vertex -1.775 -25.8065 -20.2
    endloop
  endfacet
  facet normal 0.461782 0.886993 0
    outer loop
      vertex -2.1 -25.6373 -20.2
      vertex -1.775 -25.8065 -23
      vertex -2.1 -25.6373 -23
    endloop
  endfacet
  facet normal 0.461782 0.886993 -0
    outer loop
      vertex -1.775 -25.8065 20.2
      vertex -2.1 -25.6373 26
      vertex -1.775 -25.8065 26
    endloop
  endfacet
  facet normal 0.461782 0.886993 0
    outer loop
      vertex -2.1 -25.6373 26
      vertex -1.775 -25.8065 20.2
      vertex -2.1 -25.6373 20.2
    endloop
  endfacet
  facet normal -0.976296 -0.216439 0
    outer loop
      vertex 4.13619 -21.2707 -23
      vertex 4.05689 -20.913 -20.2
      vertex 4.05689 -20.913 -23
    endloop
  endfacet
  facet normal -0.976296 -0.216439 0
    outer loop
      vertex 4.05689 -20.913 -20.2
      vertex 4.13619 -21.2707 -23
      vertex 4.13619 -21.2707 -20.2
    endloop
  endfacet
  facet normal -0.976296 -0.216439 0
    outer loop
      vertex 4.13619 -21.2707 20.2
      vertex 4.05689 -20.913 26
      vertex 4.05689 -20.913 20.2
    endloop
  endfacet
  facet normal -0.976296 -0.216439 0
    outer loop
      vertex 4.05689 -20.913 26
      vertex 4.13619 -21.2707 20.2
      vertex 4.13619 -21.2707 26
    endloop
  endfacet
  facet normal 0.30076 -0.9537 0
    outer loop
      vertex -1.43648 -18.0533 -23
      vertex -1.08704 -17.9431 -20.2
      vertex -1.43648 -18.0533 -20.2
    endloop
  endfacet
  facet normal 0.30076 -0.9537 0
    outer loop
      vertex -1.08704 -17.9431 -20.2
      vertex -1.43648 -18.0533 -23
      vertex -1.08704 -17.9431 -23
    endloop
  endfacet
  facet normal 0.30076 -0.9537 0
    outer loop
      vertex -1.43648 -18.0533 20.2
      vertex -1.08704 -17.9431 26
      vertex -1.43648 -18.0533 26
    endloop
  endfacet
  facet normal 0.30076 -0.9537 0
    outer loop
      vertex -1.08704 -17.9431 26
      vertex -1.43648 -18.0533 20.2
      vertex -1.08704 -17.9431 20.2
    endloop
  endfacet
  facet normal -0.675683 -0.737193 0
    outer loop
      vertex 2.69971 -18.7826 -23
      vertex 2.96985 -19.0302 -20.2
      vertex 2.69971 -18.7826 -20.2
    endloop
  endfacet
  facet normal -0.675683 -0.737193 -0
    outer loop
      vertex 2.96985 -19.0302 -20.2
      vertex 2.69971 -18.7826 -23
      vertex 2.96985 -19.0302 -23
    endloop
  endfacet
  facet normal -0.675683 -0.737193 0
    outer loop
      vertex 2.69971 -18.7826 20.2
      vertex 2.96985 -19.0302 26
      vertex 2.69971 -18.7826 26
    endloop
  endfacet
  facet normal -0.675683 -0.737193 -0
    outer loop
      vertex 2.96985 -19.0302 26
      vertex 2.69971 -18.7826 20.2
      vertex 2.96985 -19.0302 20.2
    endloop
  endfacet
  facet normal 0.793369 -0.608741 0
    outer loop
      vertex -3.44044 -19.591 -20.2
      vertex -3.21739 -19.3003 -23
      vertex -3.21739 -19.3003 -20.2
    endloop
  endfacet
  facet normal 0.793369 -0.608741 0
    outer loop
      vertex -3.21739 -19.3003 -23
      vertex -3.44044 -19.591 -20.2
      vertex -3.44044 -19.591 -23
    endloop
  endfacet
  facet normal 0.793369 -0.608741 0
    outer loop
      vertex -3.44044 -19.591 26
      vertex -3.21739 -19.3003 20.2
      vertex -3.21739 -19.3003 26
    endloop
  endfacet
  facet normal 0.793369 -0.608741 0
    outer loop
      vertex -3.21739 -19.3003 20.2
      vertex -3.44044 -19.591 26
      vertex -3.44044 -19.591 20.2
    endloop
  endfacet
  facet normal -0.461782 0.886993 0
    outer loop
      vertex 2.1 -25.6373 -23
      vertex 1.775 -25.8065 -20.2
      vertex 2.1 -25.6373 -20.2
    endloop
  endfacet
  facet normal -0.461782 0.886993 0
    outer loop
      vertex 1.775 -25.8065 -20.2
      vertex 2.1 -25.6373 -23
      vertex 1.775 -25.8065 -23
    endloop
  endfacet
  facet normal -0.461782 0.886993 0
    outer loop
      vertex 2.1 -25.6373 20.2
      vertex 1.775 -25.8065 26
      vertex 2.1 -25.6373 26
    endloop
  endfacet
  facet normal -0.461782 0.886993 0
    outer loop
      vertex 1.775 -25.8065 26
      vertex 2.1 -25.6373 20.2
      vertex 1.775 -25.8065 20.2
    endloop
  endfacet
  facet normal -0.537363 0.843351 0
    outer loop
      vertex 2.40902 -25.4404 -23
      vertex 2.1 -25.6373 -20.2
      vertex 2.40902 -25.4404 -20.2
    endloop
  endfacet
  facet normal -0.537363 0.843351 0
    outer loop
      vertex 2.1 -25.6373 -20.2
      vertex 2.40902 -25.4404 -23
      vertex 2.1 -25.6373 -23
    endloop
  endfacet
  facet normal -0.537363 0.843351 0
    outer loop
      vertex 2.40902 -25.4404 20.2
      vertex 2.1 -25.6373 26
      vertex 2.40902 -25.4404 26
    endloop
  endfacet
  facet normal -0.537363 0.843351 0
    outer loop
      vertex 2.1 -25.6373 26
      vertex 2.40902 -25.4404 20.2
      vertex 2.1 -25.6373 20.2
    endloop
  endfacet
  facet normal 0.608668 0.793425 -0
    outer loop
      vertex -2.40902 -25.4404 -23
      vertex -2.69971 -25.2174 -20.2
      vertex -2.40902 -25.4404 -20.2
    endloop
  endfacet
  facet normal 0.608668 0.793425 0
    outer loop
      vertex -2.69971 -25.2174 -20.2
      vertex -2.40902 -25.4404 -23
      vertex -2.69971 -25.2174 -23
    endloop
  endfacet
  facet normal 0.608668 0.793425 -0
    outer loop
      vertex -2.40902 -25.4404 20.2
      vertex -2.69971 -25.2174 26
      vertex -2.40902 -25.4404 26
    endloop
  endfacet
  facet normal 0.608668 0.793425 0
    outer loop
      vertex -2.69971 -25.2174 26
      vertex -2.40902 -25.4404 20.2
      vertex -2.69971 -25.2174 20.2
    endloop
  endfacet
  facet normal -0.923871 0.382704 0
    outer loop
      vertex 3.80649 -23.775 -23
      vertex 3.94671 -23.4365 -20.2
      vertex 3.94671 -23.4365 -23
    endloop
  endfacet
  facet normal -0.923871 0.382704 0
    outer loop
      vertex 3.94671 -23.4365 -20.2
      vertex 3.80649 -23.775 -23
      vertex 3.80649 -23.775 -20.2
    endloop
  endfacet
  facet normal -0.923871 0.382704 0
    outer loop
      vertex 3.80649 -23.775 20.2
      vertex 3.94671 -23.4365 26
      vertex 3.94671 -23.4365 20.2
    endloop
  endfacet
  facet normal -0.923871 0.382704 0
    outer loop
      vertex 3.94671 -23.4365 26
      vertex 3.80649 -23.775 20.2
      vertex 3.80649 -23.775 26
    endloop
  endfacet
  facet normal 0.537363 -0.843351 0
    outer loop
      vertex -2.40902 -18.5596 -23
      vertex -2.1 -18.3627 -20.2
      vertex -2.40902 -18.5596 -20.2
    endloop
  endfacet
  facet normal 0.537363 -0.843351 0
    outer loop
      vertex -2.1 -18.3627 -20.2
      vertex -2.40902 -18.5596 -23
      vertex -2.1 -18.3627 -23
    endloop
  endfacet
  facet normal 0.537363 -0.843351 0
    outer loop
      vertex -2.40902 -18.5596 20.2
      vertex -2.1 -18.3627 26
      vertex -2.40902 -18.5596 26
    endloop
  endfacet
  facet normal 0.537363 -0.843351 0
    outer loop
      vertex -2.1 -18.3627 26
      vertex -2.40902 -18.5596 20.2
      vertex -2.1 -18.3627 20.2
    endloop
  endfacet
  facet normal -0.923871 -0.382704 0
    outer loop
      vertex 3.94671 -20.5635 -23
      vertex 3.80649 -20.225 -20.2
      vertex 3.80649 -20.225 -23
    endloop
  endfacet
  facet normal -0.923871 -0.382704 0
    outer loop
      vertex 3.80649 -20.225 -20.2
      vertex 3.94671 -20.5635 -23
      vertex 3.94671 -20.5635 -20.2
    endloop
  endfacet
  facet normal -0.923871 -0.382704 0
    outer loop
      vertex 3.94671 -20.5635 20.2
      vertex 3.80649 -20.225 26
      vertex 3.80649 -20.225 20.2
    endloop
  endfacet
  facet normal -0.923871 -0.382704 0
    outer loop
      vertex 3.80649 -20.225 26
      vertex 3.94671 -20.5635 20.2
      vertex 3.94671 -20.5635 26
    endloop
  endfacet
  facet normal -0.382638 0.923898 0
    outer loop
      vertex 1.775 -25.8065 -23
      vertex 1.43648 -25.9467 -20.2
      vertex 1.775 -25.8065 -20.2
    endloop
  endfacet
  facet normal -0.382638 0.923898 0
    outer loop
      vertex 1.43648 -25.9467 -20.2
      vertex 1.775 -25.8065 -23
      vertex 1.43648 -25.9467 -23
    endloop
  endfacet
  facet normal -0.382638 0.923898 0
    outer loop
      vertex 1.775 -25.8065 20.2
      vertex 1.43648 -25.9467 26
      vertex 1.775 -25.8065 26
    endloop
  endfacet
  facet normal -0.382638 0.923898 0
    outer loop
      vertex 1.43648 -25.9467 26
      vertex 1.775 -25.8065 20.2
      vertex 1.43648 -25.9467 20.2
    endloop
  endfacet
  facet normal -0.99144 -0.130563 0
    outer loop
      vertex 4.18402 -21.6339 -23
      vertex 4.13619 -21.2707 -20.2
      vertex 4.13619 -21.2707 -23
    endloop
  endfacet
  facet normal -0.99144 -0.130563 0
    outer loop
      vertex 4.13619 -21.2707 -20.2
      vertex 4.18402 -21.6339 -23
      vertex 4.18402 -21.6339 -20.2
    endloop
  endfacet
  facet normal -0.99144 -0.130563 0
    outer loop
      vertex 4.18402 -21.6339 20.2
      vertex 4.13619 -21.2707 26
      vertex 4.13619 -21.2707 20.2
    endloop
  endfacet
  facet normal -0.99144 -0.130563 0
    outer loop
      vertex 4.13619 -21.2707 26
      vertex 4.18402 -21.6339 20.2
      vertex 4.18402 -21.6339 26
    endloop
  endfacet
  facet normal -0.999049 -0.0436078 0
    outer loop
      vertex 4.2 -22 -23
      vertex 4.18402 -21.6339 -20.2
      vertex 4.18402 -21.6339 -23
    endloop
  endfacet
  facet normal -0.999049 -0.0436078 0
    outer loop
      vertex 4.18402 -21.6339 -20.2
      vertex 4.2 -22 -23
      vertex 4.2 -22 -20.2
    endloop
  endfacet
  facet normal -0.999049 -0.0436078 0
    outer loop
      vertex 4.2 -22 20.2
      vertex 4.18402 -21.6339 26
      vertex 4.18402 -21.6339 20.2
    endloop
  endfacet
  facet normal -0.999049 -0.0436078 0
    outer loop
      vertex 4.18402 -21.6339 26
      vertex 4.2 -22 20.2
      vertex 4.2 -22 26
    endloop
  endfacet
  facet normal -0.737224 0.675648 0
    outer loop
      vertex 2.96985 -24.9698 -23
      vertex 3.21739 -24.6997 -20.2
      vertex 3.21739 -24.6997 -23
    endloop
  endfacet
  facet normal -0.737224 0.675648 0
    outer loop
      vertex 3.21739 -24.6997 -20.2
      vertex 2.96985 -24.9698 -23
      vertex 2.96985 -24.9698 -20.2
    endloop
  endfacet
  facet normal -0.737224 0.675648 0
    outer loop
      vertex 2.96985 -24.9698 20.2
      vertex 3.21739 -24.6997 26
      vertex 3.21739 -24.6997 20.2
    endloop
  endfacet
  facet normal -0.737224 0.675648 0
    outer loop
      vertex 3.21739 -24.6997 26
      vertex 2.96985 -24.9698 20.2
      vertex 2.96985 -24.9698 26
    endloop
  endfacet
  facet normal 0.737224 0.675648 0
    outer loop
      vertex -2.96985 -24.9698 -20.2
      vertex -3.21739 -24.6997 -23
      vertex -3.21739 -24.6997 -20.2
    endloop
  endfacet
  facet normal 0.737224 0.675648 0
    outer loop
      vertex -3.21739 -24.6997 -23
      vertex -2.96985 -24.9698 -20.2
      vertex -2.96985 -24.9698 -23
    endloop
  endfacet
  facet normal 0.737224 0.675648 0
    outer loop
      vertex -2.96985 -24.9698 26
      vertex -3.21739 -24.6997 20.2
      vertex -3.21739 -24.6997 26
    endloop
  endfacet
  facet normal 0.737224 0.675648 0
    outer loop
      vertex -3.21739 -24.6997 20.2
      vertex -2.96985 -24.9698 26
      vertex -2.96985 -24.9698 20.2
    endloop
  endfacet
  facet normal -0.461782 -0.886993 0
    outer loop
      vertex 1.775 -18.1935 -23
      vertex 2.1 -18.3627 -20.2
      vertex 1.775 -18.1935 -20.2
    endloop
  endfacet
  facet normal -0.461782 -0.886993 -0
    outer loop
      vertex 2.1 -18.3627 -20.2
      vertex 1.775 -18.1935 -23
      vertex 2.1 -18.3627 -23
    endloop
  endfacet
  facet normal -0.461782 -0.886993 0
    outer loop
      vertex 1.775 -18.1935 20.2
      vertex 2.1 -18.3627 26
      vertex 1.775 -18.1935 26
    endloop
  endfacet
  facet normal -0.461782 -0.886993 -0
    outer loop
      vertex 2.1 -18.3627 26
      vertex 1.775 -18.1935 20.2
      vertex 2.1 -18.3627 20.2
    endloop
  endfacet
  facet normal -0.537363 -0.843351 0
    outer loop
      vertex 2.1 -18.3627 -23
      vertex 2.40902 -18.5596 -20.2
      vertex 2.1 -18.3627 -20.2
    endloop
  endfacet
  facet normal -0.537363 -0.843351 -0
    outer loop
      vertex 2.40902 -18.5596 -20.2
      vertex 2.1 -18.3627 -23
      vertex 2.40902 -18.5596 -23
    endloop
  endfacet
  facet normal -0.537363 -0.843351 0
    outer loop
      vertex 2.1 -18.3627 20.2
      vertex 2.40902 -18.5596 26
      vertex 2.1 -18.3627 26
    endloop
  endfacet
  facet normal -0.537363 -0.843351 -0
    outer loop
      vertex 2.40902 -18.5596 26
      vertex 2.1 -18.3627 20.2
      vertex 2.40902 -18.5596 20.2
    endloop
  endfacet
  facet normal -0.0436677 -0.999046 0
    outer loop
      vertex 0 -17.8 -23
      vertex 0.366054 -17.816 -20.2
      vertex 0 -17.8 -20.2
    endloop
  endfacet
  facet normal -0.0436677 -0.999046 -0
    outer loop
      vertex 0.366054 -17.816 -20.2
      vertex 0 -17.8 -23
      vertex 0.366054 -17.816 -23
    endloop
  endfacet
  facet normal -0.0436677 -0.999046 0
    outer loop
      vertex 0 -17.8 20.2
      vertex 0.366054 -17.816 26
      vertex 0 -17.8 26
    endloop
  endfacet
  facet normal -0.0436677 -0.999046 -0
    outer loop
      vertex 0.366054 -17.816 26
      vertex 0 -17.8 20.2
      vertex 0.366054 -17.816 20.2
    endloop
  endfacet
  facet normal -0.30076 -0.9537 0
    outer loop
      vertex 1.08704 -17.9431 -23
      vertex 1.43648 -18.0533 -20.2
      vertex 1.08704 -17.9431 -20.2
    endloop
  endfacet
  facet normal -0.30076 -0.9537 -0
    outer loop
      vertex 1.43648 -18.0533 -20.2
      vertex 1.08704 -17.9431 -23
      vertex 1.43648 -18.0533 -23
    endloop
  endfacet
  facet normal -0.30076 -0.9537 0
    outer loop
      vertex 1.08704 -17.9431 20.2
      vertex 1.43648 -18.0533 26
      vertex 1.08704 -17.9431 26
    endloop
  endfacet
  facet normal -0.30076 -0.9537 -0
    outer loop
      vertex 1.43648 -18.0533 26
      vertex 1.08704 -17.9431 20.2
      vertex 1.43648 -18.0533 20.2
    endloop
  endfacet
  facet normal -0.95373 -0.300664 0
    outer loop
      vertex 4.05689 -20.913 -23
      vertex 3.94671 -20.5635 -20.2
      vertex 3.94671 -20.5635 -23
    endloop
  endfacet
  facet normal -0.95373 -0.300664 0
    outer loop
      vertex 3.94671 -20.5635 -20.2
      vertex 4.05689 -20.913 -23
      vertex 4.05689 -20.913 -20.2
    endloop
  endfacet
  facet normal -0.95373 -0.300664 0
    outer loop
      vertex 4.05689 -20.913 20.2
      vertex 3.94671 -20.5635 26
      vertex 3.94671 -20.5635 20.2
    endloop
  endfacet
  facet normal -0.95373 -0.300664 0
    outer loop
      vertex 3.94671 -20.5635 26
      vertex 4.05689 -20.913 20.2
      vertex 4.05689 -20.913 26
    endloop
  endfacet
  facet normal -0.843373 -0.537329 0
    outer loop
      vertex 3.63731 -19.9 -23
      vertex 3.44044 -19.591 -20.2
      vertex 3.44044 -19.591 -23
    endloop
  endfacet
  facet normal -0.843373 -0.537329 0
    outer loop
      vertex 3.44044 -19.591 -20.2
      vertex 3.63731 -19.9 -23
      vertex 3.63731 -19.9 -20.2
    endloop
  endfacet
  facet normal -0.843373 -0.537329 0
    outer loop
      vertex 3.63731 -19.9 20.2
      vertex 3.44044 -19.591 26
      vertex 3.44044 -19.591 20.2
    endloop
  endfacet
  facet normal -0.843373 -0.537329 0
    outer loop
      vertex 3.44044 -19.591 26
      vertex 3.63731 -19.9 20.2
      vertex 3.63731 -19.9 26
    endloop
  endfacet
  facet normal 0.843373 -0.537329 0
    outer loop
      vertex -3.63731 -19.9 -20.2
      vertex -3.44044 -19.591 -23
      vertex -3.44044 -19.591 -20.2
    endloop
  endfacet
  facet normal 0.843373 -0.537329 0
    outer loop
      vertex -3.44044 -19.591 -23
      vertex -3.63731 -19.9 -20.2
      vertex -3.63731 -19.9 -23
    endloop
  endfacet
  facet normal 0.843373 -0.537329 0
    outer loop
      vertex -3.63731 -19.9 26
      vertex -3.44044 -19.591 20.2
      vertex -3.44044 -19.591 26
    endloop
  endfacet
  facet normal 0.843373 -0.537329 0
    outer loop
      vertex -3.44044 -19.591 20.2
      vertex -3.63731 -19.9 26
      vertex -3.63731 -19.9 20.2
    endloop
  endfacet
  facet normal 0.130459 0.991454 -0
    outer loop
      vertex -0.366054 -26.184 -23
      vertex -0.729321 -26.1362 -20.2
      vertex -0.366054 -26.184 -20.2
    endloop
  endfacet
  facet normal 0.130459 0.991454 0
    outer loop
      vertex -0.729321 -26.1362 -20.2
      vertex -0.366054 -26.184 -23
      vertex -0.729321 -26.1362 -23
    endloop
  endfacet
  facet normal 0.130459 0.991454 -0
    outer loop
      vertex -0.366054 -26.184 20.2
      vertex -0.729321 -26.1362 26
      vertex -0.366054 -26.184 26
    endloop
  endfacet
  facet normal 0.130459 0.991454 0
    outer loop
      vertex -0.729321 -26.1362 26
      vertex -0.366054 -26.184 20.2
      vertex -0.729321 -26.1362 20.2
    endloop
  endfacet
  facet normal -0.608668 -0.793425 0
    outer loop
      vertex 2.40902 -18.5596 -23
      vertex 2.69971 -18.7826 -20.2
      vertex 2.40902 -18.5596 -20.2
    endloop
  endfacet
  facet normal -0.608668 -0.793425 -0
    outer loop
      vertex 2.69971 -18.7826 -20.2
      vertex 2.40902 -18.5596 -23
      vertex 2.69971 -18.7826 -23
    endloop
  endfacet
  facet normal -0.608668 -0.793425 0
    outer loop
      vertex 2.40902 -18.5596 20.2
      vertex 2.69971 -18.7826 26
      vertex 2.40902 -18.5596 26
    endloop
  endfacet
  facet normal -0.608668 -0.793425 -0
    outer loop
      vertex 2.69971 -18.7826 26
      vertex 2.40902 -18.5596 20.2
      vertex 2.69971 -18.7826 20.2
    endloop
  endfacet
  facet normal 0.0436677 -0.999046 0
    outer loop
      vertex -0.366054 -17.816 -23
      vertex 0 -17.8 -20.2
      vertex -0.366054 -17.816 -20.2
    endloop
  endfacet
  facet normal 0.0436677 -0.999046 0
    outer loop
      vertex 0 -17.8 -20.2
      vertex -0.366054 -17.816 -23
      vertex 0 -17.8 -23
    endloop
  endfacet
  facet normal 0.0436677 -0.999046 0
    outer loop
      vertex -0.366054 -17.816 20.2
      vertex 0 -17.8 26
      vertex -0.366054 -17.816 26
    endloop
  endfacet
  facet normal 0.0436677 -0.999046 0
    outer loop
      vertex 0 -17.8 26
      vertex -0.366054 -17.816 20.2
      vertex 0 -17.8 20.2
    endloop
  endfacet
  facet normal 0.976296 -0.216439 0
    outer loop
      vertex -4.13619 -21.2707 -20.2
      vertex -4.05689 -20.913 -23
      vertex -4.05689 -20.913 -20.2
    endloop
  endfacet
  facet normal 0.976296 -0.216439 0
    outer loop
      vertex -4.05689 -20.913 -23
      vertex -4.13619 -21.2707 -20.2
      vertex -4.13619 -21.2707 -23
    endloop
  endfacet
  facet normal 0.976296 -0.216439 0
    outer loop
      vertex -4.13619 -21.2707 26
      vertex -4.05689 -20.913 20.2
      vertex -4.05689 -20.913 26
    endloop
  endfacet
  facet normal 0.976296 -0.216439 0
    outer loop
      vertex -4.05689 -20.913 20.2
      vertex -4.13619 -21.2707 26
      vertex -4.13619 -21.2707 20.2
    endloop
  endfacet
  facet normal -0.887016 0.461739 0
    outer loop
      vertex 3.63731 -24.1 -23
      vertex 3.80649 -23.775 -20.2
      vertex 3.80649 -23.775 -23
    endloop
  endfacet
  facet normal -0.887016 0.461739 0
    outer loop
      vertex 3.80649 -23.775 -20.2
      vertex 3.63731 -24.1 -23
      vertex 3.63731 -24.1 -20.2
    endloop
  endfacet
  facet normal -0.887016 0.461739 0
    outer loop
      vertex 3.63731 -24.1 20.2
      vertex 3.80649 -23.775 26
      vertex 3.80649 -23.775 20.2
    endloop
  endfacet
  facet normal -0.887016 0.461739 0
    outer loop
      vertex 3.80649 -23.775 26
      vertex 3.63731 -24.1 20.2
      vertex 3.63731 -24.1 26
    endloop
  endfacet
  facet normal 0.887016 -0.461739 0
    outer loop
      vertex -3.80649 -20.225 -20.2
      vertex -3.63731 -19.9 -23
      vertex -3.63731 -19.9 -20.2
    endloop
  endfacet
  facet normal 0.887016 -0.461739 0
    outer loop
      vertex -3.63731 -19.9 -23
      vertex -3.80649 -20.225 -20.2
      vertex -3.80649 -20.225 -23
    endloop
  endfacet
  facet normal 0.887016 -0.461739 0
    outer loop
      vertex -3.80649 -20.225 26
      vertex -3.63731 -19.9 20.2
      vertex -3.63731 -19.9 26
    endloop
  endfacet
  facet normal 0.887016 -0.461739 0
    outer loop
      vertex -3.63731 -19.9 20.2
      vertex -3.80649 -20.225 26
      vertex -3.80649 -20.225 20.2
    endloop
  endfacet
  facet normal -0.843373 0.537329 0
    outer loop
      vertex 3.44044 -24.409 -23
      vertex 3.63731 -24.1 -20.2
      vertex 3.63731 -24.1 -23
    endloop
  endfacet
  facet normal -0.843373 0.537329 0
    outer loop
      vertex 3.63731 -24.1 -20.2
      vertex 3.44044 -24.409 -23
      vertex 3.44044 -24.409 -20.2
    endloop
  endfacet
  facet normal -0.843373 0.537329 0
    outer loop
      vertex 3.44044 -24.409 20.2
      vertex 3.63731 -24.1 26
      vertex 3.63731 -24.1 20.2
    endloop
  endfacet
  facet normal -0.843373 0.537329 0
    outer loop
      vertex 3.63731 -24.1 26
      vertex 3.44044 -24.409 20.2
      vertex 3.44044 -24.409 26
    endloop
  endfacet
  facet normal -0.0436677 0.999046 0
    outer loop
      vertex 0.366054 -26.184 -23
      vertex 0 -26.2 -20.2
      vertex 0.366054 -26.184 -20.2
    endloop
  endfacet
  facet normal -0.0436677 0.999046 0
    outer loop
      vertex 0 -26.2 -20.2
      vertex 0.366054 -26.184 -23
      vertex 0 -26.2 -23
    endloop
  endfacet
  facet normal -0.0436677 0.999046 0
    outer loop
      vertex 0.366054 -26.184 20.2
      vertex 0 -26.2 26
      vertex 0.366054 -26.184 26
    endloop
  endfacet
  facet normal -0.0436677 0.999046 0
    outer loop
      vertex 0 -26.2 26
      vertex 0.366054 -26.184 20.2
      vertex 0 -26.2 20.2
    endloop
  endfacet
  facet normal 0.675683 0.737193 -0
    outer loop
      vertex -2.69971 -25.2174 -23
      vertex -2.96985 -24.9698 -20.2
      vertex -2.69971 -25.2174 -20.2
    endloop
  endfacet
  facet normal 0.675683 0.737193 0
    outer loop
      vertex -2.96985 -24.9698 -20.2
      vertex -2.69971 -25.2174 -23
      vertex -2.96985 -24.9698 -23
    endloop
  endfacet
  facet normal 0.675683 0.737193 -0
    outer loop
      vertex -2.69971 -25.2174 20.2
      vertex -2.96985 -24.9698 26
      vertex -2.69971 -25.2174 26
    endloop
  endfacet
  facet normal 0.675683 0.737193 0
    outer loop
      vertex -2.96985 -24.9698 26
      vertex -2.69971 -25.2174 20.2
      vertex -2.96985 -24.9698 20.2
    endloop
  endfacet
  facet normal 0.843373 0.537329 0
    outer loop
      vertex -3.44044 -24.409 -20.2
      vertex -3.63731 -24.1 -23
      vertex -3.63731 -24.1 -20.2
    endloop
  endfacet
  facet normal 0.843373 0.537329 0
    outer loop
      vertex -3.63731 -24.1 -23
      vertex -3.44044 -24.409 -20.2
      vertex -3.44044 -24.409 -23
    endloop
  endfacet
  facet normal 0.843373 0.537329 0
    outer loop
      vertex -3.44044 -24.409 26
      vertex -3.63731 -24.1 20.2
      vertex -3.63731 -24.1 26
    endloop
  endfacet
  facet normal 0.843373 0.537329 0
    outer loop
      vertex -3.63731 -24.1 20.2
      vertex -3.44044 -24.409 26
      vertex -3.44044 -24.409 20.2
    endloop
  endfacet
  facet normal 0.30076 0.9537 -0
    outer loop
      vertex -1.08704 -26.0569 -23
      vertex -1.43648 -25.9467 -20.2
      vertex -1.08704 -26.0569 -20.2
    endloop
  endfacet
  facet normal 0.30076 0.9537 0
    outer loop
      vertex -1.43648 -25.9467 -20.2
      vertex -1.08704 -26.0569 -23
      vertex -1.43648 -25.9467 -23
    endloop
  endfacet
  facet normal 0.30076 0.9537 -0
    outer loop
      vertex -1.08704 -26.0569 20.2
      vertex -1.43648 -25.9467 26
      vertex -1.08704 -26.0569 26
    endloop
  endfacet
  facet normal 0.30076 0.9537 0
    outer loop
      vertex -1.43648 -25.9467 26
      vertex -1.08704 -26.0569 20.2
      vertex -1.43648 -25.9467 20.2
    endloop
  endfacet
  facet normal 0.999049 -0.0436078 0
    outer loop
      vertex -4.2 -22 -20.2
      vertex -4.18402 -21.6339 -23
      vertex -4.18402 -21.6339 -20.2
    endloop
  endfacet
  facet normal 0.999049 -0.0436078 0
    outer loop
      vertex -4.18402 -21.6339 -23
      vertex -4.2 -22 -20.2
      vertex -4.2 -22 -23
    endloop
  endfacet
  facet normal 0.999049 -0.0436078 0
    outer loop
      vertex -4.2 -22 26
      vertex -4.18402 -21.6339 20.2
      vertex -4.18402 -21.6339 26
    endloop
  endfacet
  facet normal 0.999049 -0.0436078 0
    outer loop
      vertex -4.18402 -21.6339 20.2
      vertex -4.2 -22 26
      vertex -4.2 -22 20.2
    endloop
  endfacet
  facet normal 0.216428 -0.976299 0
    outer loop
      vertex -1.08704 -17.9431 -23
      vertex -0.729321 -17.8638 -20.2
      vertex -1.08704 -17.9431 -20.2
    endloop
  endfacet
  facet normal 0.216428 -0.976299 0
    outer loop
      vertex -0.729321 -17.8638 -20.2
      vertex -1.08704 -17.9431 -23
      vertex -0.729321 -17.8638 -23
    endloop
  endfacet
  facet normal 0.216428 -0.976299 0
    outer loop
      vertex -1.08704 -17.9431 20.2
      vertex -0.729321 -17.8638 26
      vertex -1.08704 -17.9431 26
    endloop
  endfacet
  facet normal 0.216428 -0.976299 0
    outer loop
      vertex -0.729321 -17.8638 26
      vertex -1.08704 -17.9431 20.2
      vertex -0.729321 -17.8638 20.2
    endloop
  endfacet
  facet normal 0.0436677 0.999046 -0
    outer loop
      vertex 0 -26.2 -23
      vertex -0.366054 -26.184 -20.2
      vertex 0 -26.2 -20.2
    endloop
  endfacet
  facet normal 0.0436677 0.999046 0
    outer loop
      vertex -0.366054 -26.184 -20.2
      vertex 0 -26.2 -23
      vertex -0.366054 -26.184 -23
    endloop
  endfacet
  facet normal 0.0436677 0.999046 -0
    outer loop
      vertex 0 -26.2 20.2
      vertex -0.366054 -26.184 26
      vertex 0 -26.2 26
    endloop
  endfacet
  facet normal 0.0436677 0.999046 0
    outer loop
      vertex -0.366054 -26.184 26
      vertex 0 -26.2 20.2
      vertex -0.366054 -26.184 20.2
    endloop
  endfacet
  facet normal -0.216428 0.976299 0
    outer loop
      vertex 1.08704 -26.0569 -23
      vertex 0.729321 -26.1362 -20.2
      vertex 1.08704 -26.0569 -20.2
    endloop
  endfacet
  facet normal -0.216428 0.976299 0
    outer loop
      vertex 0.729321 -26.1362 -20.2
      vertex 1.08704 -26.0569 -23
      vertex 0.729321 -26.1362 -23
    endloop
  endfacet
  facet normal -0.216428 0.976299 0
    outer loop
      vertex 1.08704 -26.0569 20.2
      vertex 0.729321 -26.1362 26
      vertex 1.08704 -26.0569 26
    endloop
  endfacet
  facet normal -0.216428 0.976299 0
    outer loop
      vertex 0.729321 -26.1362 26
      vertex 1.08704 -26.0569 20.2
      vertex 0.729321 -26.1362 20.2
    endloop
  endfacet
  facet normal -0.30076 0.9537 0
    outer loop
      vertex 1.43648 -25.9467 -23
      vertex 1.08704 -26.0569 -20.2
      vertex 1.43648 -25.9467 -20.2
    endloop
  endfacet
  facet normal -0.30076 0.9537 0
    outer loop
      vertex 1.08704 -26.0569 -20.2
      vertex 1.43648 -25.9467 -23
      vertex 1.08704 -26.0569 -23
    endloop
  endfacet
  facet normal -0.30076 0.9537 0
    outer loop
      vertex 1.43648 -25.9467 20.2
      vertex 1.08704 -26.0569 26
      vertex 1.43648 -25.9467 26
    endloop
  endfacet
  facet normal -0.30076 0.9537 0
    outer loop
      vertex 1.08704 -26.0569 26
      vertex 1.43648 -25.9467 20.2
      vertex 1.08704 -26.0569 20.2
    endloop
  endfacet
  facet normal -0.216428 -0.976299 0
    outer loop
      vertex 0.729321 -17.8638 -23
      vertex 1.08704 -17.9431 -20.2
      vertex 0.729321 -17.8638 -20.2
    endloop
  endfacet
  facet normal -0.216428 -0.976299 -0
    outer loop
      vertex 1.08704 -17.9431 -20.2
      vertex 0.729321 -17.8638 -23
      vertex 1.08704 -17.9431 -23
    endloop
  endfacet
  facet normal -0.216428 -0.976299 0
    outer loop
      vertex 0.729321 -17.8638 20.2
      vertex 1.08704 -17.9431 26
      vertex 0.729321 -17.8638 26
    endloop
  endfacet
  facet normal -0.216428 -0.976299 -0
    outer loop
      vertex 1.08704 -17.9431 26
      vertex 0.729321 -17.8638 20.2
      vertex 1.08704 -17.9431 20.2
    endloop
  endfacet
  facet normal 0.737224 -0.675648 0
    outer loop
      vertex -3.21739 -19.3003 -20.2
      vertex -2.96985 -19.0302 -23
      vertex -2.96985 -19.0302 -20.2
    endloop
  endfacet
  facet normal 0.737224 -0.675648 0
    outer loop
      vertex -2.96985 -19.0302 -23
      vertex -3.21739 -19.3003 -20.2
      vertex -3.21739 -19.3003 -23
    endloop
  endfacet
  facet normal 0.737224 -0.675648 0
    outer loop
      vertex -3.21739 -19.3003 26
      vertex -2.96985 -19.0302 20.2
      vertex -2.96985 -19.0302 26
    endloop
  endfacet
  facet normal 0.737224 -0.675648 0
    outer loop
      vertex -2.96985 -19.0302 20.2
      vertex -3.21739 -19.3003 26
      vertex -3.21739 -19.3003 20.2
    endloop
  endfacet
  facet normal 0.99144 -0.130563 0
    outer loop
      vertex -4.18402 -21.6339 -20.2
      vertex -4.13619 -21.2707 -23
      vertex -4.13619 -21.2707 -20.2
    endloop
  endfacet
  facet normal 0.99144 -0.130563 0
    outer loop
      vertex -4.13619 -21.2707 -23
      vertex -4.18402 -21.6339 -20.2
      vertex -4.18402 -21.6339 -23
    endloop
  endfacet
  facet normal 0.99144 -0.130563 0
    outer loop
      vertex -4.18402 -21.6339 26
      vertex -4.13619 -21.2707 20.2
      vertex -4.13619 -21.2707 26
    endloop
  endfacet
  facet normal 0.99144 -0.130563 0
    outer loop
      vertex -4.13619 -21.2707 20.2
      vertex -4.18402 -21.6339 26
      vertex -4.18402 -21.6339 20.2
    endloop
  endfacet
  facet normal 0.95373 0.300664 0
    outer loop
      vertex -3.94671 -23.4365 -20.2
      vertex -4.05689 -23.087 -23
      vertex -4.05689 -23.087 -20.2
    endloop
  endfacet
  facet normal 0.95373 0.300664 0
    outer loop
      vertex -4.05689 -23.087 -23
      vertex -3.94671 -23.4365 -20.2
      vertex -3.94671 -23.4365 -23
    endloop
  endfacet
  facet normal 0.95373 0.300664 0
    outer loop
      vertex -3.94671 -23.4365 26
      vertex -4.05689 -23.087 20.2
      vertex -4.05689 -23.087 26
    endloop
  endfacet
  facet normal 0.95373 0.300664 0
    outer loop
      vertex -4.05689 -23.087 20.2
      vertex -3.94671 -23.4365 26
      vertex -3.94671 -23.4365 20.2
    endloop
  endfacet
  facet normal 0.976296 0.216439 0
    outer loop
      vertex -4.05689 -23.087 -20.2
      vertex -4.13619 -22.7293 -23
      vertex -4.13619 -22.7293 -20.2
    endloop
  endfacet
  facet normal 0.976296 0.216439 0
    outer loop
      vertex -4.13619 -22.7293 -23
      vertex -4.05689 -23.087 -20.2
      vertex -4.05689 -23.087 -23
    endloop
  endfacet
  facet normal 0.976296 0.216439 0
    outer loop
      vertex -4.05689 -23.087 26
      vertex -4.13619 -22.7293 20.2
      vertex -4.13619 -22.7293 26
    endloop
  endfacet
  facet normal 0.976296 0.216439 0
    outer loop
      vertex -4.13619 -22.7293 20.2
      vertex -4.05689 -23.087 26
      vertex -4.05689 -23.087 20.2
    endloop
  endfacet
  facet normal 0.923871 -0.382704 0
    outer loop
      vertex -3.94671 -20.5635 -20.2
      vertex -3.80649 -20.225 -23
      vertex -3.80649 -20.225 -20.2
    endloop
  endfacet
  facet normal 0.923871 -0.382704 0
    outer loop
      vertex -3.80649 -20.225 -23
      vertex -3.94671 -20.5635 -20.2
      vertex -3.94671 -20.5635 -23
    endloop
  endfacet
  facet normal 0.923871 -0.382704 0
    outer loop
      vertex -3.94671 -20.5635 26
      vertex -3.80649 -20.225 20.2
      vertex -3.80649 -20.225 26
    endloop
  endfacet
  facet normal 0.923871 -0.382704 0
    outer loop
      vertex -3.80649 -20.225 20.2
      vertex -3.94671 -20.5635 26
      vertex -3.94671 -20.5635 20.2
    endloop
  endfacet
  facet normal -0.887016 -0.461739 0
    outer loop
      vertex 3.80649 -20.225 -23
      vertex 3.63731 -19.9 -20.2
      vertex 3.63731 -19.9 -23
    endloop
  endfacet
  facet normal -0.887016 -0.461739 0
    outer loop
      vertex 3.63731 -19.9 -20.2
      vertex 3.80649 -20.225 -23
      vertex 3.80649 -20.225 -20.2
    endloop
  endfacet
  facet normal -0.887016 -0.461739 0
    outer loop
      vertex 3.80649 -20.225 20.2
      vertex 3.63731 -19.9 26
      vertex 3.63731 -19.9 20.2
    endloop
  endfacet
  facet normal -0.887016 -0.461739 0
    outer loop
      vertex 3.63731 -19.9 26
      vertex 3.80649 -20.225 20.2
      vertex 3.80649 -20.225 26
    endloop
  endfacet
  facet normal -0.675683 0.737193 0
    outer loop
      vertex 2.96985 -24.9698 -23
      vertex 2.69971 -25.2174 -20.2
      vertex 2.96985 -24.9698 -20.2
    endloop
  endfacet
  facet normal -0.675683 0.737193 0
    outer loop
      vertex 2.69971 -25.2174 -20.2
      vertex 2.96985 -24.9698 -23
      vertex 2.69971 -25.2174 -23
    endloop
  endfacet
  facet normal -0.675683 0.737193 0
    outer loop
      vertex 2.96985 -24.9698 20.2
      vertex 2.69971 -25.2174 26
      vertex 2.96985 -24.9698 26
    endloop
  endfacet
  facet normal -0.675683 0.737193 0
    outer loop
      vertex 2.69971 -25.2174 26
      vertex 2.96985 -24.9698 20.2
      vertex 2.69971 -25.2174 20.2
    endloop
  endfacet
  facet normal 0.675683 -0.737193 0
    outer loop
      vertex -2.96985 -19.0302 -23
      vertex -2.69971 -18.7826 -20.2
      vertex -2.96985 -19.0302 -20.2
    endloop
  endfacet
  facet normal 0.675683 -0.737193 0
    outer loop
      vertex -2.69971 -18.7826 -20.2
      vertex -2.96985 -19.0302 -23
      vertex -2.69971 -18.7826 -23
    endloop
  endfacet
  facet normal 0.675683 -0.737193 0
    outer loop
      vertex -2.96985 -19.0302 20.2
      vertex -2.69971 -18.7826 26
      vertex -2.96985 -19.0302 26
    endloop
  endfacet
  facet normal 0.675683 -0.737193 0
    outer loop
      vertex -2.69971 -18.7826 26
      vertex -2.96985 -19.0302 20.2
      vertex -2.69971 -18.7826 20.2
    endloop
  endfacet
  facet normal -0.976296 0.216439 0
    outer loop
      vertex 4.05689 -23.087 -23
      vertex 4.13619 -22.7293 -20.2
      vertex 4.13619 -22.7293 -23
    endloop
  endfacet
  facet normal -0.976296 0.216439 0
    outer loop
      vertex 4.13619 -22.7293 -20.2
      vertex 4.05689 -23.087 -23
      vertex 4.05689 -23.087 -20.2
    endloop
  endfacet
  facet normal -0.976296 0.216439 0
    outer loop
      vertex 4.05689 -23.087 20.2
      vertex 4.13619 -22.7293 26
      vertex 4.13619 -22.7293 20.2
    endloop
  endfacet
  facet normal -0.976296 0.216439 0
    outer loop
      vertex 4.13619 -22.7293 26
      vertex 4.05689 -23.087 20.2
      vertex 4.05689 -23.087 26
    endloop
  endfacet
  facet normal 0.99144 0.130563 0
    outer loop
      vertex -4.13619 -22.7293 -20.2
      vertex -4.18402 -22.3661 -23
      vertex -4.18402 -22.3661 -20.2
    endloop
  endfacet
  facet normal 0.99144 0.130563 0
    outer loop
      vertex -4.18402 -22.3661 -23
      vertex -4.13619 -22.7293 -20.2
      vertex -4.13619 -22.7293 -23
    endloop
  endfacet
  facet normal 0.99144 0.130563 0
    outer loop
      vertex -4.13619 -22.7293 26
      vertex -4.18402 -22.3661 20.2
      vertex -4.18402 -22.3661 26
    endloop
  endfacet
  facet normal 0.99144 0.130563 0
    outer loop
      vertex -4.18402 -22.3661 20.2
      vertex -4.13619 -22.7293 26
      vertex -4.13619 -22.7293 20.2
    endloop
  endfacet
  facet normal 0.999049 0.0436078 0
    outer loop
      vertex -4.18402 -22.3661 -20.2
      vertex -4.2 -22 -23
      vertex -4.2 -22 -20.2
    endloop
  endfacet
  facet normal 0.999049 0.0436078 0
    outer loop
      vertex -4.2 -22 -23
      vertex -4.18402 -22.3661 -20.2
      vertex -4.18402 -22.3661 -23
    endloop
  endfacet
  facet normal 0.999049 0.0436078 0
    outer loop
      vertex -4.18402 -22.3661 26
      vertex -4.2 -22 20.2
      vertex -4.2 -22 26
    endloop
  endfacet
  facet normal 0.999049 0.0436078 0
    outer loop
      vertex -4.2 -22 20.2
      vertex -4.18402 -22.3661 26
      vertex -4.18402 -22.3661 20.2
    endloop
  endfacet
  facet normal 0.382638 -0.923898 0
    outer loop
      vertex -1.775 -18.1935 -23
      vertex -1.43648 -18.0533 -20.2
      vertex -1.775 -18.1935 -20.2
    endloop
  endfacet
  facet normal 0.382638 -0.923898 0
    outer loop
      vertex -1.43648 -18.0533 -20.2
      vertex -1.775 -18.1935 -23
      vertex -1.43648 -18.0533 -23
    endloop
  endfacet
  facet normal 0.382638 -0.923898 0
    outer loop
      vertex -1.775 -18.1935 20.2
      vertex -1.43648 -18.0533 26
      vertex -1.775 -18.1935 26
    endloop
  endfacet
  facet normal 0.382638 -0.923898 0
    outer loop
      vertex -1.43648 -18.0533 26
      vertex -1.775 -18.1935 20.2
      vertex -1.43648 -18.0533 20.2
    endloop
  endfacet
  facet normal 0.382638 0.923898 -0
    outer loop
      vertex -1.43648 -25.9467 -23
      vertex -1.775 -25.8065 -20.2
      vertex -1.43648 -25.9467 -20.2
    endloop
  endfacet
  facet normal 0.382638 0.923898 0
    outer loop
      vertex -1.775 -25.8065 -20.2
      vertex -1.43648 -25.9467 -23
      vertex -1.775 -25.8065 -23
    endloop
  endfacet
  facet normal 0.382638 0.923898 -0
    outer loop
      vertex -1.43648 -25.9467 20.2
      vertex -1.775 -25.8065 26
      vertex -1.43648 -25.9467 26
    endloop
  endfacet
  facet normal 0.382638 0.923898 0
    outer loop
      vertex -1.775 -25.8065 26
      vertex -1.43648 -25.9467 20.2
      vertex -1.775 -25.8065 20.2
    endloop
  endfacet
  facet normal 0.461782 -0.886993 0
    outer loop
      vertex -2.1 -18.3627 -23
      vertex -1.775 -18.1935 -20.2
      vertex -2.1 -18.3627 -20.2
    endloop
  endfacet
  facet normal 0.461782 -0.886993 0
    outer loop
      vertex -1.775 -18.1935 -20.2
      vertex -2.1 -18.3627 -23
      vertex -1.775 -18.1935 -23
    endloop
  endfacet
  facet normal 0.461782 -0.886993 0
    outer loop
      vertex -2.1 -18.3627 20.2
      vertex -1.775 -18.1935 26
      vertex -2.1 -18.3627 26
    endloop
  endfacet
  facet normal 0.461782 -0.886993 0
    outer loop
      vertex -1.775 -18.1935 26
      vertex -2.1 -18.3627 20.2
      vertex -1.775 -18.1935 20.2
    endloop
  endfacet
  facet normal 0 -1 0
    outer loop
      vertex -4.18579 -14.75 -26
      vertex 4.18579 -14.75 -23
      vertex -4.18579 -14.75 -23
    endloop
  endfacet
  facet normal 0 -1 -0
    outer loop
      vertex 4.18579 -14.75 -23
      vertex -4.18579 -14.75 -26
      vertex 4.18579 -14.75 -26
    endloop
  endfacet
  facet normal -0.866025 -0.5 0
    outer loop
      vertex 8.37158 -22 -26
      vertex 4.18579 -14.75 -23
      vertex 4.18579 -14.75 -26
    endloop
  endfacet
  facet normal -0.866025 -0.5 0
    outer loop
      vertex 4.18579 -14.75 -23
      vertex 8.37158 -22 -26
      vertex 8.37158 -22 -23
    endloop
  endfacet
  facet normal 0 1 -0
    outer loop
      vertex 4.18579 -29.25 -26
      vertex -4.18579 -29.25 -23
      vertex 4.18579 -29.25 -23
    endloop
  endfacet
  facet normal 0 1 0
    outer loop
      vertex -4.18579 -29.25 -23
      vertex 4.18579 -29.25 -26
      vertex -4.18579 -29.25 -26
    endloop
  endfacet
  facet normal -0.866025 0.5 0
    outer loop
      vertex 4.18579 -29.25 -26
      vertex 8.37158 -22 -23
      vertex 8.37158 -22 -26
    endloop
  endfacet
  facet normal -0.866025 0.5 0
    outer loop
      vertex 8.37158 -22 -23
      vertex 4.18579 -29.25 -26
      vertex 4.18579 -29.25 -23
    endloop
  endfacet
  facet normal 0.866025 0.5 0
    outer loop
      vertex -4.18579 -29.25 -23
      vertex -8.37158 -22 -26
      vertex -8.37158 -22 -23
    endloop
  endfacet
  facet normal 0.866025 0.5 0
    outer loop
      vertex -8.37158 -22 -26
      vertex -4.18579 -29.25 -23
      vertex -4.18579 -29.25 -26
    endloop
  endfacet
  facet normal 0.866025 -0.5 0
    outer loop
      vertex -8.37158 -22 -23
      vertex -4.18579 -14.75 -26
      vertex -4.18579 -14.75 -23
    endloop
  endfacet
  facet normal 0.866025 -0.5 0
    outer loop
      vertex -4.18579 -14.75 -26
      vertex -8.37158 -22 -23
      vertex -8.37158 -22 -26
    endloop
  endfacet
  facet normal 0 0 -1
    outer loop
      vertex 3.63731 -24.1 -23
      vertex 8.37158 -22 -23
      vertex 4.18579 -29.25 -23
    endloop
  endfacet
  facet normal -0 0 -1
    outer loop
      vertex 8.37158 -22 -23
      vertex 4.18402 -22.3661 -23
      vertex 4.2 -22 -23
    endloop
  endfacet
  facet normal 0 0 -1
    outer loop
      vertex 8.37158 -22 -23
      vertex 4.13619 -22.7293 -23
      vertex 4.18402 -22.3661 -23
    endloop
  endfacet
  facet normal 0 0 -1
    outer loop
      vertex 8.37158 -22 -23
      vertex 4.05689 -23.087 -23
      vertex 4.13619 -22.7293 -23
    endloop
  endfacet
  facet normal 0 0 -1
    outer loop
      vertex 8.37158 -22 -23
      vertex 3.94671 -23.4365 -23
      vertex 4.05689 -23.087 -23
    endloop
  endfacet
  facet normal 0 0 -1
    outer loop
      vertex 8.37158 -22 -23
      vertex 3.80649 -23.775 -23
      vertex 3.94671 -23.4365 -23
    endloop
  endfacet
  facet normal 0 0 -1
    outer loop
      vertex 8.37158 -22 -23
      vertex 3.63731 -24.1 -23
      vertex 3.80649 -23.775 -23
    endloop
  endfacet
  facet normal 0 0 -1
    outer loop
      vertex 4.18579 -29.25 -23
      vertex 3.44044 -24.409 -23
      vertex 3.63731 -24.1 -23
    endloop
  endfacet
  facet normal 0 0 -1
    outer loop
      vertex 4.18579 -29.25 -23
      vertex 3.21739 -24.6997 -23
      vertex 3.44044 -24.409 -23
    endloop
  endfacet
  facet normal 0 0 -1
    outer loop
      vertex 4.18579 -29.25 -23
      vertex 2.96985 -24.9698 -23
      vertex 3.21739 -24.6997 -23
    endloop
  endfacet
  facet normal 0 0 -1
    outer loop
      vertex 4.18579 -29.25 -23
      vertex 2.69971 -25.2174 -23
      vertex 2.96985 -24.9698 -23
    endloop
  endfacet
  facet normal 0 0 -1
    outer loop
      vertex 4.18579 -29.25 -23
      vertex 2.40902 -25.4404 -23
      vertex 2.69971 -25.2174 -23
    endloop
  endfacet
  facet normal 0 0 -1
    outer loop
      vertex 4.18579 -29.25 -23
      vertex 2.1 -25.6373 -23
      vertex 2.40902 -25.4404 -23
    endloop
  endfacet
  facet normal 0 0 -1
    outer loop
      vertex 4.18579 -29.25 -23
      vertex 1.775 -25.8065 -23
      vertex 2.1 -25.6373 -23
    endloop
  endfacet
  facet normal 0 0 -1
    outer loop
      vertex 4.18579 -29.25 -23
      vertex 1.43648 -25.9467 -23
      vertex 1.775 -25.8065 -23
    endloop
  endfacet
  facet normal 0 0 -1
    outer loop
      vertex 4.18579 -29.25 -23
      vertex 1.08704 -26.0569 -23
      vertex 1.43648 -25.9467 -23
    endloop
  endfacet
  facet normal 0 0 -1
    outer loop
      vertex 4.18579 -29.25 -23
      vertex 0.729321 -26.1362 -23
      vertex 1.08704 -26.0569 -23
    endloop
  endfacet
  facet normal 0 0 -1
    outer loop
      vertex 4.18579 -29.25 -23
      vertex 0.366054 -26.184 -23
      vertex 0.729321 -26.1362 -23
    endloop
  endfacet
  facet normal 0 0 -1
    outer loop
      vertex 4.18579 -29.25 -23
      vertex 0 -26.2 -23
      vertex 0.366054 -26.184 -23
    endloop
  endfacet
  facet normal 0 0 -1
    outer loop
      vertex -4.18579 -29.25 -23
      vertex 0 -26.2 -23
      vertex 4.18579 -29.25 -23
    endloop
  endfacet
  facet normal -0 0 -1
    outer loop
      vertex 0 -26.2 -23
      vertex -4.18579 -29.25 -23
      vertex -0.366054 -26.184 -23
    endloop
  endfacet
  facet normal -0 0 -1
    outer loop
      vertex -0.366054 -26.184 -23
      vertex -4.18579 -29.25 -23
      vertex -0.729321 -26.1362 -23
    endloop
  endfacet
  facet normal -0 0 -1
    outer loop
      vertex -0.729321 -26.1362 -23
      vertex -4.18579 -29.25 -23
      vertex -1.08704 -26.0569 -23
    endloop
  endfacet
  facet normal -0 0 -1
    outer loop
      vertex -1.08704 -26.0569 -23
      vertex -4.18579 -29.25 -23
      vertex -1.43648 -25.9467 -23
    endloop
  endfacet
  facet normal -0 0 -1
    outer loop
      vertex -1.43648 -25.9467 -23
      vertex -4.18579 -29.25 -23
      vertex -1.775 -25.8065 -23
    endloop
  endfacet
  facet normal -0 0 -1
    outer loop
      vertex -1.775 -25.8065 -23
      vertex -4.18579 -29.25 -23
      vertex -2.1 -25.6373 -23
    endloop
  endfacet
  facet normal 0 0 -1
    outer loop
      vertex -4.18579 -29.25 -23
      vertex -2.40902 -25.4404 -23
      vertex -2.1 -25.6373 -23
    endloop
  endfacet
  facet normal 0 0 -1
    outer loop
      vertex -4.18579 -29.25 -23
      vertex -2.69971 -25.2174 -23
      vertex -2.40902 -25.4404 -23
    endloop
  endfacet
  facet normal 0 0 -1
    outer loop
      vertex -4.18579 -29.25 -23
      vertex -2.96985 -24.9698 -23
      vertex -2.69971 -25.2174 -23
    endloop
  endfacet
  facet normal 0 0 -1
    outer loop
      vertex -4.18579 -29.25 -23
      vertex -3.21739 -24.6997 -23
      vertex -2.96985 -24.9698 -23
    endloop
  endfacet
  facet normal 0 0 -1
    outer loop
      vertex -4.18579 -29.25 -23
      vertex -3.44044 -24.409 -23
      vertex -3.21739 -24.6997 -23
    endloop
  endfacet
  facet normal 0 0 -1
    outer loop
      vertex -4.18579 -29.25 -23
      vertex -3.63731 -24.1 -23
      vertex -3.44044 -24.409 -23
    endloop
  endfacet
  facet normal 0 0 -1
    outer loop
      vertex -8.37158 -22 -23
      vertex -3.63731 -24.1 -23
      vertex -4.18579 -29.25 -23
    endloop
  endfacet
  facet normal 0 0 -1
    outer loop
      vertex -3.63731 -24.1 -23
      vertex -8.37158 -22 -23
      vertex -3.80649 -23.775 -23
    endloop
  endfacet
  facet normal 0 0 -1
    outer loop
      vertex -3.80649 -23.775 -23
      vertex -8.37158 -22 -23
      vertex -3.94671 -23.4365 -23
    endloop
  endfacet
  facet normal 0 0 -1
    outer loop
      vertex -3.94671 -23.4365 -23
      vertex -8.37158 -22 -23
      vertex -4.05689 -23.087 -23
    endloop
  endfacet
  facet normal 0 0 -1
    outer loop
      vertex -4.05689 -23.087 -23
      vertex -8.37158 -22 -23
      vertex -4.13619 -22.7293 -23
    endloop
  endfacet
  facet normal 0 0 -1
    outer loop
      vertex -4.13619 -22.7293 -23
      vertex -8.37158 -22 -23
      vertex -4.18402 -22.3661 -23
    endloop
  endfacet
  facet normal 0 0 -1
    outer loop
      vertex -4.18402 -22.3661 -23
      vertex -8.37158 -22 -23
      vertex -4.2 -22 -23
    endloop
  endfacet
  facet normal 0 0 -1
    outer loop
      vertex 4.18402 -21.6339 -23
      vertex 8.37158 -22 -23
      vertex 4.2 -22 -23
    endloop
  endfacet
  facet normal 0 0 -1
    outer loop
      vertex 4.13619 -21.2707 -23
      vertex 8.37158 -22 -23
      vertex 4.18402 -21.6339 -23
    endloop
  endfacet
  facet normal 0 0 -1
    outer loop
      vertex 4.05689 -20.913 -23
      vertex 8.37158 -22 -23
      vertex 4.13619 -21.2707 -23
    endloop
  endfacet
  facet normal 0 0 -1
    outer loop
      vertex 3.94671 -20.5635 -23
      vertex 8.37158 -22 -23
      vertex 4.05689 -20.913 -23
    endloop
  endfacet
  facet normal 0 0 -1
    outer loop
      vertex 3.80649 -20.225 -23
      vertex 8.37158 -22 -23
      vertex 3.94671 -20.5635 -23
    endloop
  endfacet
  facet normal 0 0 -1
    outer loop
      vertex 3.63731 -19.9 -23
      vertex 8.37158 -22 -23
      vertex 3.80649 -20.225 -23
    endloop
  endfacet
  facet normal 0 0 -1
    outer loop
      vertex 8.37158 -22 -23
      vertex 3.63731 -19.9 -23
      vertex 4.18579 -14.75 -23
    endloop
  endfacet
  facet normal 0 0 -1
    outer loop
      vertex 3.44044 -19.591 -23
      vertex 4.18579 -14.75 -23
      vertex 3.63731 -19.9 -23
    endloop
  endfacet
  facet normal 0 0 -1
    outer loop
      vertex 3.21739 -19.3003 -23
      vertex 4.18579 -14.75 -23
      vertex 3.44044 -19.591 -23
    endloop
  endfacet
  facet normal 0 0 -1
    outer loop
      vertex 2.96985 -19.0302 -23
      vertex 4.18579 -14.75 -23
      vertex 3.21739 -19.3003 -23
    endloop
  endfacet
  facet normal 0 0 -1
    outer loop
      vertex 2.69971 -18.7826 -23
      vertex 4.18579 -14.75 -23
      vertex 2.96985 -19.0302 -23
    endloop
  endfacet
  facet normal 0 0 -1
    outer loop
      vertex 2.40902 -18.5596 -23
      vertex 4.18579 -14.75 -23
      vertex 2.69971 -18.7826 -23
    endloop
  endfacet
  facet normal 0 0 -1
    outer loop
      vertex 2.1 -18.3627 -23
      vertex 4.18579 -14.75 -23
      vertex 2.40902 -18.5596 -23
    endloop
  endfacet
  facet normal 0 0 -1
    outer loop
      vertex 1.775 -18.1935 -23
      vertex 4.18579 -14.75 -23
      vertex 2.1 -18.3627 -23
    endloop
  endfacet
  facet normal 0 0 -1
    outer loop
      vertex 1.43648 -18.0533 -23
      vertex 4.18579 -14.75 -23
      vertex 1.775 -18.1935 -23
    endloop
  endfacet
  facet normal 0 0 -1
    outer loop
      vertex 1.08704 -17.9431 -23
      vertex 4.18579 -14.75 -23
      vertex 1.43648 -18.0533 -23
    endloop
  endfacet
  facet normal 0 0 -1
    outer loop
      vertex 0.729321 -17.8638 -23
      vertex 4.18579 -14.75 -23
      vertex 1.08704 -17.9431 -23
    endloop
  endfacet
  facet normal 0 0 -1
    outer loop
      vertex 0.366054 -17.816 -23
      vertex 4.18579 -14.75 -23
      vertex 0.729321 -17.8638 -23
    endloop
  endfacet
  facet normal 0 0 -1
    outer loop
      vertex 0 -17.8 -23
      vertex 4.18579 -14.75 -23
      vertex 0.366054 -17.816 -23
    endloop
  endfacet
  facet normal 0 0 -1
    outer loop
      vertex -4.18579 -14.75 -23
      vertex 0 -17.8 -23
      vertex -0.366054 -17.816 -23
    endloop
  endfacet
  facet normal 0 0 -1
    outer loop
      vertex -4.18579 -14.75 -23
      vertex -0.366054 -17.816 -23
      vertex -0.729321 -17.8638 -23
    endloop
  endfacet
  facet normal 0 0 -1
    outer loop
      vertex -4.18579 -14.75 -23
      vertex -0.729321 -17.8638 -23
      vertex -1.08704 -17.9431 -23
    endloop
  endfacet
  facet normal 0 0 -1
    outer loop
      vertex -4.18579 -14.75 -23
      vertex -1.08704 -17.9431 -23
      vertex -1.43648 -18.0533 -23
    endloop
  endfacet
  facet normal 0 0 -1
    outer loop
      vertex -4.18579 -14.75 -23
      vertex -1.43648 -18.0533 -23
      vertex -1.775 -18.1935 -23
    endloop
  endfacet
  facet normal 0 0 -1
    outer loop
      vertex -4.18579 -14.75 -23
      vertex -1.775 -18.1935 -23
      vertex -2.1 -18.3627 -23
    endloop
  endfacet
  facet normal 0 0 -1
    outer loop
      vertex 0 -17.8 -23
      vertex -4.18579 -14.75 -23
      vertex 4.18579 -14.75 -23
    endloop
  endfacet
  facet normal 0 0 -1
    outer loop
      vertex -2.40902 -18.5596 -23
      vertex -4.18579 -14.75 -23
      vertex -2.1 -18.3627 -23
    endloop
  endfacet
  facet normal 0 0 -1
    outer loop
      vertex -2.69971 -18.7826 -23
      vertex -4.18579 -14.75 -23
      vertex -2.40902 -18.5596 -23
    endloop
  endfacet
  facet normal 0 0 -1
    outer loop
      vertex -2.96985 -19.0302 -23
      vertex -4.18579 -14.75 -23
      vertex -2.69971 -18.7826 -23
    endloop
  endfacet
  facet normal 0 0 -1
    outer loop
      vertex -3.21739 -19.3003 -23
      vertex -4.18579 -14.75 -23
      vertex -2.96985 -19.0302 -23
    endloop
  endfacet
  facet normal 0 0 -1
    outer loop
      vertex -3.44044 -19.591 -23
      vertex -4.18579 -14.75 -23
      vertex -3.21739 -19.3003 -23
    endloop
  endfacet
  facet normal 0 0 -1
    outer loop
      vertex -3.63731 -19.9 -23
      vertex -4.18579 -14.75 -23
      vertex -3.44044 -19.591 -23
    endloop
  endfacet
  facet normal 0 0 -1
    outer loop
      vertex -8.37158 -22 -23
      vertex -3.63731 -19.9 -23
      vertex -3.80649 -20.225 -23
    endloop
  endfacet
  facet normal 0 0 -1
    outer loop
      vertex -8.37158 -22 -23
      vertex -3.80649 -20.225 -23
      vertex -3.94671 -20.5635 -23
    endloop
  endfacet
  facet normal 0 0 -1
    outer loop
      vertex -8.37158 -22 -23
      vertex -3.94671 -20.5635 -23
      vertex -4.05689 -20.913 -23
    endloop
  endfacet
  facet normal 0 0 -1
    outer loop
      vertex -8.37158 -22 -23
      vertex -4.05689 -20.913 -23
      vertex -4.13619 -21.2707 -23
    endloop
  endfacet
  facet normal 0 0 -1
    outer loop
      vertex -8.37158 -22 -23
      vertex -4.13619 -21.2707 -23
      vertex -4.18402 -21.6339 -23
    endloop
  endfacet
  facet normal 0 0 -1
    outer loop
      vertex -8.37158 -22 -23
      vertex -4.18402 -21.6339 -23
      vertex -4.2 -22 -23
    endloop
  endfacet
  facet normal -0 0 -1
    outer loop
      vertex -3.63731 -19.9 -23
      vertex -8.37158 -22 -23
      vertex -4.18579 -14.75 -23
    endloop
  endfacet
  facet normal 0 0 1
    outer loop
      vertex 21 0 26
      vertex 4.2 -22 26
      vertex 21 -44 26
    endloop
  endfacet
  facet normal 0 0 1
    outer loop
      vertex 21 0 26
      vertex 4.18402 -21.6339 26
      vertex 4.2 -22 26
    endloop
  endfacet
  facet normal 0 0 1
    outer loop
      vertex 21 0 26
      vertex 4.13619 -21.2707 26
      vertex 4.18402 -21.6339 26
    endloop
  endfacet
  facet normal 0 0 1
    outer loop
      vertex 21 0 26
      vertex 4.05689 -20.913 26
      vertex 4.13619 -21.2707 26
    endloop
  endfacet
  facet normal 0 0 1
    outer loop
      vertex 21 0 26
      vertex 3.94671 -20.5635 26
      vertex 4.05689 -20.913 26
    endloop
  endfacet
  facet normal 0 0 1
    outer loop
      vertex 21 0 26
      vertex 3.80649 -20.225 26
      vertex 3.94671 -20.5635 26
    endloop
  endfacet
  facet normal 0 0 1
    outer loop
      vertex 21 0 26
      vertex 3.63731 -19.9 26
      vertex 3.80649 -20.225 26
    endloop
  endfacet
  facet normal 0 0 1
    outer loop
      vertex 21 0 26
      vertex 3.44044 -19.591 26
      vertex 3.63731 -19.9 26
    endloop
  endfacet
  facet normal 0 0 1
    outer loop
      vertex 21 0 26
      vertex 3.21739 -19.3003 26
      vertex 3.44044 -19.591 26
    endloop
  endfacet
  facet normal 0 0 1
    outer loop
      vertex 21 0 26
      vertex 2.96985 -19.0302 26
      vertex 3.21739 -19.3003 26
    endloop
  endfacet
  facet normal 0 0 1
    outer loop
      vertex 21 0 26
      vertex 2.69971 -18.7826 26
      vertex 2.96985 -19.0302 26
    endloop
  endfacet
  facet normal 0 0 1
    outer loop
      vertex 21 0 26
      vertex 2.40902 -18.5596 26
      vertex 2.69971 -18.7826 26
    endloop
  endfacet
  facet normal 0 0 1
    outer loop
      vertex 21 0 26
      vertex 2.1 -18.3627 26
      vertex 2.40902 -18.5596 26
    endloop
  endfacet
  facet normal 0 0 1
    outer loop
      vertex 21 0 26
      vertex 1.775 -18.1935 26
      vertex 2.1 -18.3627 26
    endloop
  endfacet
  facet normal 0 0 1
    outer loop
      vertex 21 0 26
      vertex 1.43648 -18.0533 26
      vertex 1.775 -18.1935 26
    endloop
  endfacet
  facet normal 0 0 1
    outer loop
      vertex 21 0 26
      vertex 1.08704 -17.9431 26
      vertex 1.43648 -18.0533 26
    endloop
  endfacet
  facet normal 0 0 1
    outer loop
      vertex 21 0 26
      vertex 0.729321 -17.8638 26
      vertex 1.08704 -17.9431 26
    endloop
  endfacet
  facet normal 0 0 1
    outer loop
      vertex 21 0 26
      vertex 0.366054 -17.816 26
      vertex 0.729321 -17.8638 26
    endloop
  endfacet
  facet normal 0 0 1
    outer loop
      vertex 21 0 26
      vertex 0 -17.8 26
      vertex 0.366054 -17.816 26
    endloop
  endfacet
  facet normal -0 0 1
    outer loop
      vertex -21 0 26
      vertex 0 -17.8 26
      vertex 21 0 26
    endloop
  endfacet
  facet normal 0 0 1
    outer loop
      vertex 0 -17.8 26
      vertex -21 0 26
      vertex -0.366054 -17.816 26
    endloop
  endfacet
  facet normal 0 0 1
    outer loop
      vertex -0.366054 -17.816 26
      vertex -21 0 26
      vertex -0.729321 -17.8638 26
    endloop
  endfacet
  facet normal 0 0 1
    outer loop
      vertex -0.729321 -17.8638 26
      vertex -21 0 26
      vertex -1.08704 -17.9431 26
    endloop
  endfacet
  facet normal 0 0 1
    outer loop
      vertex -1.08704 -17.9431 26
      vertex -21 0 26
      vertex -1.43648 -18.0533 26
    endloop
  endfacet
  facet normal 0 0 1
    outer loop
      vertex -1.43648 -18.0533 26
      vertex -21 0 26
      vertex -1.775 -18.1935 26
    endloop
  endfacet
  facet normal 0 0 1
    outer loop
      vertex -1.775 -18.1935 26
      vertex -21 0 26
      vertex -2.1 -18.3627 26
    endloop
  endfacet
  facet normal 0 0 1
    outer loop
      vertex -2.1 -18.3627 26
      vertex -21 0 26
      vertex -2.40902 -18.5596 26
    endloop
  endfacet
  facet normal 0 0 1
    outer loop
      vertex -4.18402 -21.6339 26
      vertex -21 0 26
      vertex -4.2 -22 26
    endloop
  endfacet
  facet normal 0 0 1
    outer loop
      vertex -4.13619 -21.2707 26
      vertex -21 0 26
      vertex -4.18402 -21.6339 26
    endloop
  endfacet
  facet normal 0 0 1
    outer loop
      vertex -4.05689 -20.913 26
      vertex -21 0 26
      vertex -4.13619 -21.2707 26
    endloop
  endfacet
  facet normal 0 0 1
    outer loop
      vertex -3.94671 -20.5635 26
      vertex -21 0 26
      vertex -4.05689 -20.913 26
    endloop
  endfacet
  facet normal 0 0 1
    outer loop
      vertex -3.80649 -20.225 26
      vertex -21 0 26
      vertex -3.94671 -20.5635 26
    endloop
  endfacet
  facet normal 0 0 1
    outer loop
      vertex -3.63731 -19.9 26
      vertex -21 0 26
      vertex -3.80649 -20.225 26
    endloop
  endfacet
  facet normal 0 0 1
    outer loop
      vertex -3.44044 -19.591 26
      vertex -21 0 26
      vertex -3.63731 -19.9 26
    endloop
  endfacet
  facet normal 0 0 1
    outer loop
      vertex -3.21739 -19.3003 26
      vertex -21 0 26
      vertex -3.44044 -19.591 26
    endloop
  endfacet
  facet normal 0 0 1
    outer loop
      vertex -2.96985 -19.0302 26
      vertex -21 0 26
      vertex -3.21739 -19.3003 26
    endloop
  endfacet
  facet normal 0 0 1
    outer loop
      vertex -2.69971 -18.7826 26
      vertex -21 0 26
      vertex -2.96985 -19.0302 26
    endloop
  endfacet
  facet normal 0 0 1
    outer loop
      vertex -2.40902 -18.5596 26
      vertex -21 0 26
      vertex -2.69971 -18.7826 26
    endloop
  endfacet
  facet normal -0 0 1
    outer loop
      vertex 4.18402 -22.3661 26
      vertex 21 -44 26
      vertex 4.2 -22 26
    endloop
  endfacet
  facet normal -0 0 1
    outer loop
      vertex 4.13619 -22.7293 26
      vertex 21 -44 26
      vertex 4.18402 -22.3661 26
    endloop
  endfacet
  facet normal -0 0 1
    outer loop
      vertex 4.05689 -23.087 26
      vertex 21 -44 26
      vertex 4.13619 -22.7293 26
    endloop
  endfacet
  facet normal -0 0 1
    outer loop
      vertex 3.94671 -23.4365 26
      vertex 21 -44 26
      vertex 4.05689 -23.087 26
    endloop
  endfacet
  facet normal -0 0 1
    outer loop
      vertex 3.80649 -23.775 26
      vertex 21 -44 26
      vertex 3.94671 -23.4365 26
    endloop
  endfacet
  facet normal -0 0 1
    outer loop
      vertex 3.63731 -24.1 26
      vertex 21 -44 26
      vertex 3.80649 -23.775 26
    endloop
  endfacet
  facet normal -0 0 1
    outer loop
      vertex 3.44044 -24.409 26
      vertex 21 -44 26
      vertex 3.63731 -24.1 26
    endloop
  endfacet
  facet normal -0 0 1
    outer loop
      vertex 3.21739 -24.6997 26
      vertex 21 -44 26
      vertex 3.44044 -24.409 26
    endloop
  endfacet
  facet normal -0 0 1
    outer loop
      vertex 2.96985 -24.9698 26
      vertex 21 -44 26
      vertex 3.21739 -24.6997 26
    endloop
  endfacet
  facet normal -0 0 1
    outer loop
      vertex 2.69971 -25.2174 26
      vertex 21 -44 26
      vertex 2.96985 -24.9698 26
    endloop
  endfacet
  facet normal -0 0 1
    outer loop
      vertex 2.40902 -25.4404 26
      vertex 21 -44 26
      vertex 2.69971 -25.2174 26
    endloop
  endfacet
  facet normal -0 0 1
    outer loop
      vertex 2.1 -25.6373 26
      vertex 21 -44 26
      vertex 2.40902 -25.4404 26
    endloop
  endfacet
  facet normal -0 0 1
    outer loop
      vertex 1.775 -25.8065 26
      vertex 21 -44 26
      vertex 2.1 -25.6373 26
    endloop
  endfacet
  facet normal -0 0 1
    outer loop
      vertex 1.43648 -25.9467 26
      vertex 21 -44 26
      vertex 1.775 -25.8065 26
    endloop
  endfacet
  facet normal -0 0 1
    outer loop
      vertex 1.08704 -26.0569 26
      vertex 21 -44 26
      vertex 1.43648 -25.9467 26
    endloop
  endfacet
  facet normal -0 0 1
    outer loop
      vertex 0.729321 -26.1362 26
      vertex 21 -44 26
      vertex 1.08704 -26.0569 26
    endloop
  endfacet
  facet normal -0 0 1
    outer loop
      vertex 0.366054 -26.184 26
      vertex 21 -44 26
      vertex 0.729321 -26.1362 26
    endloop
  endfacet
  facet normal -0 0 1
    outer loop
      vertex 0 -26.2 26
      vertex 21 -44 26
      vertex 0.366054 -26.184 26
    endloop
  endfacet
  facet normal 0 0 1
    outer loop
      vertex -21 -44 26
      vertex 0 -26.2 26
      vertex -0.366054 -26.184 26
    endloop
  endfacet
  facet normal 0 0 1
    outer loop
      vertex -21 -44 26
      vertex -0.366054 -26.184 26
      vertex -0.729321 -26.1362 26
    endloop
  endfacet
  facet normal 0 0 1
    outer loop
      vertex -21 -44 26
      vertex -0.729321 -26.1362 26
      vertex -1.08704 -26.0569 26
    endloop
  endfacet
  facet normal 0 0 1
    outer loop
      vertex -21 -44 26
      vertex -1.08704 -26.0569 26
      vertex -1.43648 -25.9467 26
    endloop
  endfacet
  facet normal 0 0 1
    outer loop
      vertex -21 -44 26
      vertex -1.43648 -25.9467 26
      vertex -1.775 -25.8065 26
    endloop
  endfacet
  facet normal 0 0 1
    outer loop
      vertex -21 -44 26
      vertex -1.775 -25.8065 26
      vertex -2.1 -25.6373 26
    endloop
  endfacet
  facet normal 0 0 1
    outer loop
      vertex -21 -44 26
      vertex -2.1 -25.6373 26
      vertex -2.40902 -25.4404 26
    endloop
  endfacet
  facet normal 0 0 1
    outer loop
      vertex -21 -44 26
      vertex -2.40902 -25.4404 26
      vertex -2.69971 -25.2174 26
    endloop
  endfacet
  facet normal 0 0 1
    outer loop
      vertex -21 -44 26
      vertex -4.2 -22 26
      vertex -21 0 26
    endloop
  endfacet
  facet normal 0 0 1
    outer loop
      vertex -4.2 -22 26
      vertex -21 -44 26
      vertex -4.18402 -22.3661 26
    endloop
  endfacet
  facet normal 0 0 1
    outer loop
      vertex -4.18402 -22.3661 26
      vertex -21 -44 26
      vertex -4.13619 -22.7293 26
    endloop
  endfacet
  facet normal 0 0 1
    outer loop
      vertex -4.13619 -22.7293 26
      vertex -21 -44 26
      vertex -4.05689 -23.087 26
    endloop
  endfacet
  facet normal 0 0 1
    outer loop
      vertex -4.05689 -23.087 26
      vertex -21 -44 26
      vertex -3.94671 -23.4365 26
    endloop
  endfacet
  facet normal 0 0 1
    outer loop
      vertex -3.94671 -23.4365 26
      vertex -21 -44 26
      vertex -3.80649 -23.775 26
    endloop
  endfacet
  facet normal 0 0 1
    outer loop
      vertex -3.80649 -23.775 26
      vertex -21 -44 26
      vertex -3.63731 -24.1 26
    endloop
  endfacet
  facet normal 0 0 1
    outer loop
      vertex 0 -26.2 26
      vertex -21 -44 26
      vertex 21 -44 26
    endloop
  endfacet
  facet normal 0 0 1
    outer loop
      vertex -2.96985 -24.9698 26
      vertex -21 -44 26
      vertex -2.69971 -25.2174 26
    endloop
  endfacet
  facet normal 0 0 1
    outer loop
      vertex -3.21739 -24.6997 26
      vertex -21 -44 26
      vertex -2.96985 -24.9698 26
    endloop
  endfacet
  facet normal 0 0 1
    outer loop
      vertex -3.44044 -24.409 26
      vertex -21 -44 26
      vertex -3.21739 -24.6997 26
    endloop
  endfacet
  facet normal 0 0 1
    outer loop
      vertex -3.63731 -24.1 26
      vertex -21 -44 26
      vertex -3.44044 -24.409 26
    endloop
  endfacet
  facet normal -0.537172 0 0.843473
    outer loop
      vertex -23.8679 0 25.0958
      vertex -23.5 -44 25.3301
      vertex -23.5 0 25.3301
    endloop
  endfacet
  facet normal -0.537172 0 0.843473
    outer loop
      vertex -23.5 -44 25.3301
      vertex -23.8679 0 25.0958
      vertex -23.8679 -44 25.0958
    endloop
  endfacet
  facet normal 0.0435566 0 0.999051
    outer loop
      vertex 21 0 26
      vertex 21.4358 -44 25.981
      vertex 21.4358 0 25.981
    endloop
  endfacet
  facet normal 0.0435566 0 0.999051
    outer loop
      vertex 21.4358 -44 25.981
      vertex 21 0 26
      vertex 21 -44 26
    endloop
  endfacet
  facet normal -0.382824 0 -0.923821
    outer loop
      vertex -23.1131 -44 -25.5315
      vertex -22.7101 0 -25.6985
      vertex -22.7101 -44 -25.6985
    endloop
  endfacet
  facet normal -0.382824 0 -0.923821
    outer loop
      vertex -22.7101 0 -25.6985
      vertex -23.1131 -44 -25.5315
      vertex -23.1131 0 -25.5315
    endloop
  endfacet
  facet normal -0.991423 0 -0.130692
    outer loop
      vertex -25.924 -44 -21.8682
      vertex -25.981 0 -21.4358
      vertex -25.924 0 -21.8682
    endloop
  endfacet
  facet normal -0.991423 -0 -0.130692
    outer loop
      vertex -25.981 0 -21.4358
      vertex -25.924 -44 -21.8682
      vertex -25.981 -44 -21.4358
    endloop
  endfacet
  facet normal 0.999051 -0 0.0435566
    outer loop
      vertex 25.981 -44 21.4358
      vertex 26 0 21
      vertex 25.981 0 21.4358
    endloop
  endfacet
  facet normal 0.999051 0 0.0435566
    outer loop
      vertex 26 0 21
      vertex 25.981 -44 21.4358
      vertex 26 -44 21
    endloop
  endfacet
  facet normal -0.300572 0 -0.953759
    outer loop
      vertex -22.7101 -44 -25.6985
      vertex -22.2941 0 -25.8296
      vertex -22.2941 -44 -25.8296
    endloop
  endfacet
  facet normal -0.300572 0 -0.953759
    outer loop
      vertex -22.2941 0 -25.8296
      vertex -22.7101 -44 -25.6985
      vertex -22.7101 0 -25.6985
    endloop
  endfacet
  facet normal 0.0435566 0 -0.999051
    outer loop
      vertex 21 -44 -26
      vertex 21.4358 0 -25.981
      vertex 21.4358 -44 -25.981
    endloop
  endfacet
  facet normal 0.0435566 0 -0.999051
    outer loop
      vertex 21.4358 0 -25.981
      vertex 21 -44 -26
      vertex 21 0 -26
    endloop
  endfacet
  facet normal 0.887018 0 -0.461735
    outer loop
      vertex 25.5315 -44 -23.1131
      vertex 25.3301 0 -23.5
      vertex 25.5315 0 -23.1131
    endloop
  endfacet
  facet normal 0.887018 0 -0.461735
    outer loop
      vertex 25.3301 0 -23.5
      vertex 25.5315 -44 -23.1131
      vertex 25.3301 -44 -23.5
    endloop
  endfacet
  facet normal -0.608913 0 -0.793237
    outer loop
      vertex -24.2139 -44 -24.8302
      vertex -23.8679 0 -25.0958
      vertex -23.8679 -44 -25.0958
    endloop
  endfacet
  facet normal -0.608913 0 -0.793237
    outer loop
      vertex -23.8679 0 -25.0958
      vertex -24.2139 -44 -24.8302
      vertex -24.2139 0 -24.8302
    endloop
  endfacet
  facet normal -0.6756 0 -0.737268
    outer loop
      vertex -24.5355 -44 -24.5355
      vertex -24.2139 0 -24.8302
      vertex -24.2139 -44 -24.8302
    endloop
  endfacet
  facet normal -0.6756 0 -0.737268
    outer loop
      vertex -24.2139 0 -24.8302
      vertex -24.5355 -44 -24.5355
      vertex -24.5355 0 -24.5355
    endloop
  endfacet
  facet normal 0.923821 0 -0.382824
    outer loop
      vertex 25.6985 -44 -22.7101
      vertex 25.5315 0 -23.1131
      vertex 25.6985 0 -22.7101
    endloop
  endfacet
  facet normal 0.923821 0 -0.382824
    outer loop
      vertex 25.5315 0 -23.1131
      vertex 25.6985 -44 -22.7101
      vertex 25.5315 -44 -23.1131
    endloop
  endfacet
  facet normal 0 0 -1
    outer loop
      vertex 21 -44 -26
      vertex 8.37158 -22 -26
      vertex 21 0 -26
    endloop
  endfacet
  facet normal 0 0 -1
    outer loop
      vertex 21 -44 -26
      vertex 4.18579 -29.25 -26
      vertex 8.37158 -22 -26
    endloop
  endfacet
  facet normal 0 0 -1
    outer loop
      vertex 21 -44 -26
      vertex -4.18579 -29.25 -26
      vertex 4.18579 -29.25 -26
    endloop
  endfacet
  facet normal -0 0 -1
    outer loop
      vertex -4.18579 -29.25 -26
      vertex -21 -44 -26
      vertex -8.37158 -22 -26
    endloop
  endfacet
  facet normal 0 0 -1
    outer loop
      vertex -21 -44 -26
      vertex -4.18579 -29.25 -26
      vertex 21 -44 -26
    endloop
  endfacet
  facet normal 0 0 -1
    outer loop
      vertex 4.18579 -14.75 -26
      vertex 21 0 -26
      vertex 8.37158 -22 -26
    endloop
  endfacet
  facet normal 0 0 -1
    outer loop
      vertex -4.18579 -14.75 -26
      vertex 21 0 -26
      vertex 4.18579 -14.75 -26
    endloop
  endfacet
  facet normal 0 0 -1
    outer loop
      vertex -4.18579 -14.75 -26
      vertex -21 0 -26
      vertex 21 0 -26
    endloop
  endfacet
  facet normal 0 0 -1
    outer loop
      vertex -8.37158 -22 -26
      vertex -21 0 -26
      vertex -4.18579 -14.75 -26
    endloop
  endfacet
  facet normal 0 0 -1
    outer loop
      vertex -21 0 -26
      vertex -8.37158 -22 -26
      vertex -21 -44 -26
    endloop
  endfacet
  facet normal -0.461735 0 -0.887018
    outer loop
      vertex -23.5 -44 -25.3301
      vertex -23.1131 0 -25.5315
      vertex -23.1131 -44 -25.5315
    endloop
  endfacet
  facet normal -0.461735 0 -0.887018
    outer loop
      vertex -23.1131 0 -25.5315
      vertex -23.5 -44 -25.3301
      vertex -23.5 0 -25.3301
    endloop
  endfacet
  facet normal 0.843473 -0 0.537172
    outer loop
      vertex 25.0958 -44 23.8679
      vertex 25.3301 0 23.5
      vertex 25.0958 0 23.8679
    endloop
  endfacet
  facet normal 0.843473 0 0.537172
    outer loop
      vertex 25.3301 0 23.5
      vertex 25.0958 -44 23.8679
      vertex 25.3301 -44 23.5
    endloop
  endfacet
  facet normal 1 0 0
    outer loop
      vertex 26 0 21
      vertex 26 -6.45291 0
      vertex 26 0 -21
    endloop
  endfacet
  facet normal 1 0 0
    outer loop
      vertex 26 0 21
      vertex 26 -9.16645 4.7
      vertex 26 -6.45291 0
    endloop
  endfacet
  facet normal 1 0 0
    outer loop
      vertex 26 0 21
      vertex 26 -14.5935 4.7
      vertex 26 -9.16645 4.7
    endloop
  endfacet
  facet normal 1 0 0
    outer loop
      vertex 26 -14.5935 4.7
      vertex 26 -26.6929 0
      vertex 26 -17.3071 0
    endloop
  endfacet
  facet normal 1 0 0
    outer loop
      vertex 26 -29.4065 4.7
      vertex 26 -14.5935 4.7
      vertex 26 0 21
    endloop
  endfacet
  facet normal 1 0 0
    outer loop
      vertex 26 -14.5935 4.7
      vertex 26 -29.4065 4.7
      vertex 26 -26.6929 0
    endloop
  endfacet
  facet normal 1 -0 0
    outer loop
      vertex 26 -44 21
      vertex 26 -29.4065 4.7
      vertex 26 0 21
    endloop
  endfacet
  facet normal 1 0 0
    outer loop
      vertex 26 -34.8335 4.7
      vertex 26 -44 21
      vertex 26 -37.5471 0
    endloop
  endfacet
  facet normal 1 0 0
    outer loop
      vertex 26 -29.4065 4.7
      vertex 26 -44 21
      vertex 26 -34.8335 4.7
    endloop
  endfacet
  facet normal 1 -0 0
    outer loop
      vertex 26 -9.16645 -4.7
      vertex 26 0 -21
      vertex 26 -6.45291 0
    endloop
  endfacet
  facet normal 1 -0 0
    outer loop
      vertex 26 -14.5935 -4.7
      vertex 26 0 -21
      vertex 26 -9.16645 -4.7
    endloop
  endfacet
  facet normal 1 -0 0
    outer loop
      vertex 26 -26.6929 0
      vertex 26 -14.5935 -4.7
      vertex 26 -17.3071 0
    endloop
  endfacet
  facet normal 1 0 0
    outer loop
      vertex 26 -29.4065 -4.7
      vertex 26 -14.5935 -4.7
      vertex 26 -26.6929 0
    endloop
  endfacet
  facet normal 1 0 0
    outer loop
      vertex 26 -14.5935 -4.7
      vertex 26 -29.4065 -4.7
      vertex 26 0 -21
    endloop
  endfacet
  facet normal 1 0 0
    outer loop
      vertex 26 -44 -21
      vertex 26 -29.4065 -4.7
      vertex 26 -34.8335 -4.7
    endloop
  endfacet
  facet normal 1 0 0
    outer loop
      vertex 26 -29.4065 -4.7
      vertex 26 -44 -21
      vertex 26 0 -21
    endloop
  endfacet
  facet normal 1 0 0
    outer loop
      vertex 26 -37.5471 0
      vertex 26 -44 -21
      vertex 26 -34.8335 -4.7
    endloop
  endfacet
  facet normal 1 0 0
    outer loop
      vertex 26 -44 -21
      vertex 26 -37.5471 0
      vertex 26 -44 21
    endloop
  endfacet
  facet normal -0.887018 0 0.461735
    outer loop
      vertex -25.5315 -44 23.1131
      vertex -25.3301 0 23.5
      vertex -25.5315 0 23.1131
    endloop
  endfacet
  facet normal -0.887018 0 0.461735
    outer loop
      vertex -25.3301 0 23.5
      vertex -25.5315 -44 23.1131
      vertex -25.3301 -44 23.5
    endloop
  endfacet
  facet normal -1 0 0
    outer loop
      vertex -26 -9.4368 0.889252
      vertex -26 0 0.799999
      vertex -26 -9.40866 0.799999
    endloop
  endfacet
  facet normal -1 0 0
    outer loop
      vertex -26 -9.5236 1.09881
      vertex -26 0 0.799999
      vertex -26 -9.4368 0.889252
    endloop
  endfacet
  facet normal -1 0 0
    outer loop
      vertex -26 -9.62833 1.3
      vertex -26 0 0.799999
      vertex -26 -9.5236 1.09881
    endloop
  endfacet
  facet normal -1 0 0
    outer loop
      vertex -26 -9.75021 1.4913
      vertex -26 0 0.799999
      vertex -26 -9.62833 1.3
    endloop
  endfacet
  facet normal -1 0 0
    outer loop
      vertex -26 -9.88828 1.67125
      vertex -26 0 0.799999
      vertex -26 -9.75021 1.4913
    endloop
  endfacet
  facet normal -1 0 0
    outer loop
      vertex -26 -10.0415 1.83848
      vertex -26 0 0.799999
      vertex -26 -9.88828 1.67125
    endloop
  endfacet
  facet normal -1 0 0
    outer loop
      vertex -26 -10.2088 1.99172
      vertex -26 0 0.799999
      vertex -26 -10.0415 1.83848
    endloop
  endfacet
  facet normal -1 0 0
    outer loop
      vertex -26 -10.3887 2.1298
      vertex -26 0 0.799999
      vertex -26 -10.2088 1.99172
    endloop
  endfacet
  facet normal -1 0 0
    outer loop
      vertex -26 0 0.799999
      vertex -26 -10.3887 2.1298
      vertex -26 0 21
    endloop
  endfacet
  facet normal -1 0 0
    outer loop
      vertex -26 -10.58 2.25167
      vertex -26 0 21
      vertex -26 -10.3887 2.1298
    endloop
  endfacet
  facet normal -1 0 0
    outer loop
      vertex -26 -10.7812 2.3564
      vertex -26 0 21
      vertex -26 -10.58 2.25167
    endloop
  endfacet
  facet normal -1 0 0
    outer loop
      vertex -26 -10.9907 2.4432
      vertex -26 0 21
      vertex -26 -10.7812 2.3564
    endloop
  endfacet
  facet normal -1 0 0
    outer loop
      vertex -26 -11.2071 2.51141
      vertex -26 0 21
      vertex -26 -10.9907 2.4432
    endloop
  endfacet
  facet normal -1 0 0
    outer loop
      vertex -26 -11.4285 2.5605
      vertex -26 0 21
      vertex -26 -11.2071 2.51141
    endloop
  endfacet
  facet normal -1 0 0
    outer loop
      vertex -26 -11.6534 2.59011
      vertex -26 0 21
      vertex -26 -11.4285 2.5605
    endloop
  endfacet
  facet normal -1 0 0
    outer loop
      vertex -26 -11.88 2.6
      vertex -26 0 21
      vertex -26 -11.6534 2.59011
    endloop
  endfacet
  facet normal -1 0 0
    outer loop
      vertex -26 -12.1066 2.59011
      vertex -26 0 21
      vertex -26 -11.88 2.6
    endloop
  endfacet
  facet normal -1 0 0
    outer loop
      vertex -26 -12.3315 2.5605
      vertex -26 0 21
      vertex -26 -12.1066 2.59011
    endloop
  endfacet
  facet normal -1 0 0
    outer loop
      vertex -26 -12.5529 2.51141
      vertex -26 0 21
      vertex -26 -12.3315 2.5605
    endloop
  endfacet
  facet normal -1 0 0
    outer loop
      vertex -26 -12.7693 2.4432
      vertex -26 0 21
      vertex -26 -12.5529 2.51141
    endloop
  endfacet
  facet normal -1 0 0
    outer loop
      vertex -26 -12.9788 2.3564
      vertex -26 0 21
      vertex -26 -12.7693 2.4432
    endloop
  endfacet
  facet normal -1 0 0
    outer loop
      vertex -26 -31.0212 2.3564
      vertex -26 -12.9788 2.3564
      vertex -26 -13.18 2.25167
    endloop
  endfacet
  facet normal -1 0 0
    outer loop
      vertex -26 -30.82 2.25167
      vertex -26 -13.18 2.25167
      vertex -26 -13.3713 2.1298
    endloop
  endfacet
  facet normal -1 0 0
    outer loop
      vertex -26 -30.6287 2.1298
      vertex -26 -13.3713 2.1298
      vertex -26 -13.5512 1.99172
    endloop
  endfacet
  facet normal -1 0 0
    outer loop
      vertex -26 -30.4488 1.99172
      vertex -26 -13.5512 1.99172
      vertex -26 -13.7185 1.83848
    endloop
  endfacet
  facet normal -1 0 0
    outer loop
      vertex -26 -30.2815 1.83848
      vertex -26 -13.7185 1.83848
      vertex -26 -13.8717 1.67125
    endloop
  endfacet
  facet normal -1 0 0
    outer loop
      vertex -26 -30.1283 1.67125
      vertex -26 -13.8717 1.67125
      vertex -26 -14.0098 1.4913
    endloop
  endfacet
  facet normal -1 0 0
    outer loop
      vertex -26 -29.6487 0.799999
      vertex -26 -14.3232 0.889252
      vertex -26 -14.3513 0.799999
    endloop
  endfacet
  facet normal -1 0 0
    outer loop
      vertex -26 -29.6768 0.889252
      vertex -26 -14.3232 0.889252
      vertex -26 -29.6487 0.799999
    endloop
  endfacet
  facet normal -1 0 0
    outer loop
      vertex -26 -14.3232 0.889252
      vertex -26 -29.6768 0.889252
      vertex -26 -14.2364 1.09881
    endloop
  endfacet
  facet normal -1 0 0
    outer loop
      vertex -26 -29.7636 1.09881
      vertex -26 -14.2364 1.09881
      vertex -26 -29.6768 0.889252
    endloop
  endfacet
  facet normal -1 0 0
    outer loop
      vertex -26 -14.2364 1.09881
      vertex -26 -29.7636 1.09881
      vertex -26 -14.1317 1.3
    endloop
  endfacet
  facet normal -1 0 0
    outer loop
      vertex -26 -29.8683 1.3
      vertex -26 -14.1317 1.3
      vertex -26 -29.7636 1.09881
    endloop
  endfacet
  facet normal -1 0 0
    outer loop
      vertex -26 -14.1317 1.3
      vertex -26 -29.8683 1.3
      vertex -26 -14.0098 1.4913
    endloop
  endfacet
  facet normal -1 0 0
    outer loop
      vertex -26 -29.9902 1.4913
      vertex -26 -14.0098 1.4913
      vertex -26 -29.8683 1.3
    endloop
  endfacet
  facet normal -1 0 0
    outer loop
      vertex -26 -30.1283 1.67125
      vertex -26 -14.0098 1.4913
      vertex -26 -29.9902 1.4913
    endloop
  endfacet
  facet normal -1 0 0
    outer loop
      vertex -26 -13.8717 1.67125
      vertex -26 -30.1283 1.67125
      vertex -26 -30.2815 1.83848
    endloop
  endfacet
  facet normal -1 0 0
    outer loop
      vertex -26 -13.7185 1.83848
      vertex -26 -30.2815 1.83848
      vertex -26 -30.4488 1.99172
    endloop
  endfacet
  facet normal -1 0 0
    outer loop
      vertex -26 -13.5512 1.99172
      vertex -26 -30.4488 1.99172
      vertex -26 -30.6287 2.1298
    endloop
  endfacet
  facet normal -1 0 0
    outer loop
      vertex -26 -13.3713 2.1298
      vertex -26 -30.6287 2.1298
      vertex -26 -30.82 2.25167
    endloop
  endfacet
  facet normal -1 0 0
    outer loop
      vertex -26 -13.18 2.25167
      vertex -26 -30.82 2.25167
      vertex -26 -31.0212 2.3564
    endloop
  endfacet
  facet normal -1 0 0
    outer loop
      vertex -26 -12.9788 2.3564
      vertex -26 -31.0212 2.3564
      vertex -26 0 21
    endloop
  endfacet
  facet normal -1 0 0
    outer loop
      vertex -26 -44 21
      vertex -26 -31.0212 2.3564
      vertex -26 -31.2307 2.4432
    endloop
  endfacet
  facet normal -1 0 0
    outer loop
      vertex -26 -44 21
      vertex -26 -31.2307 2.4432
      vertex -26 -31.4471 2.51141
    endloop
  endfacet
  facet normal -1 0 0
    outer loop
      vertex -26 -44 21
      vertex -26 -31.4471 2.51141
      vertex -26 -31.6685 2.5605
    endloop
  endfacet
  facet normal -1 0 0
    outer loop
      vertex -26 -44 21
      vertex -26 -31.6685 2.5605
      vertex -26 -31.8934 2.59011
    endloop
  endfacet
  facet normal -1 0 0
    outer loop
      vertex -26 -44 21
      vertex -26 -31.8934 2.59011
      vertex -26 -32.12 2.6
    endloop
  endfacet
  facet normal -1 0 0
    outer loop
      vertex -26 -44 21
      vertex -26 -32.12 2.6
      vertex -26 -32.3466 2.59011
    endloop
  endfacet
  facet normal -1 0 0
    outer loop
      vertex -26 -44 21
      vertex -26 -32.3466 2.59011
      vertex -26 -32.5715 2.5605
    endloop
  endfacet
  facet normal -1 0 0
    outer loop
      vertex -26 -44 21
      vertex -26 -32.5715 2.5605
      vertex -26 -32.7929 2.51141
    endloop
  endfacet
  facet normal -1 0 0
    outer loop
      vertex -26 -44 21
      vertex -26 -32.7929 2.51141
      vertex -26 -33.0093 2.4432
    endloop
  endfacet
  facet normal -1 0 0
    outer loop
      vertex -26 -44 21
      vertex -26 -33.0093 2.4432
      vertex -26 -33.2188 2.3564
    endloop
  endfacet
  facet normal -1 0 0
    outer loop
      vertex -26 -44 21
      vertex -26 -33.2188 2.3564
      vertex -26 -33.42 2.25167
    endloop
  endfacet
  facet normal -1 0 0
    outer loop
      vertex -26 -44 0.799999
      vertex -26 -34.5632 0.889252
      vertex -26 -34.5913 0.799999
    endloop
  endfacet
  facet normal -1 0 0
    outer loop
      vertex -26 -44 0.799999
      vertex -26 -34.4764 1.09881
      vertex -26 -34.5632 0.889252
    endloop
  endfacet
  facet normal -1 0 0
    outer loop
      vertex -26 -44 0.799999
      vertex -26 -34.3717 1.3
      vertex -26 -34.4764 1.09881
    endloop
  endfacet
  facet normal -1 0 0
    outer loop
      vertex -26 -44 0.799999
      vertex -26 -34.2498 1.4913
      vertex -26 -34.3717 1.3
    endloop
  endfacet
  facet normal -1 0 0
    outer loop
      vertex -26 -44 0.799999
      vertex -26 -34.1117 1.67125
      vertex -26 -34.2498 1.4913
    endloop
  endfacet
  facet normal -1 0 0
    outer loop
      vertex -26 -44 0.799999
      vertex -26 -33.9585 1.83848
      vertex -26 -34.1117 1.67125
    endloop
  endfacet
  facet normal -1 0 0
    outer loop
      vertex -26 -44 0.799999
      vertex -26 -33.7912 1.99172
      vertex -26 -33.9585 1.83848
    endloop
  endfacet
  facet normal -1 0 0
    outer loop
      vertex -26 -44 0.799999
      vertex -26 -33.6113 2.1298
      vertex -26 -33.7912 1.99172
    endloop
  endfacet
  facet normal -1 0 0
    outer loop
      vertex -26 -44 21
      vertex -26 -33.6113 2.1298
      vertex -26 -44 0.799999
    endloop
  endfacet
  facet normal -1 0 0
    outer loop
      vertex -26 -33.6113 2.1298
      vertex -26 -44 21
      vertex -26 -33.42 2.25167
    endloop
  endfacet
  facet normal -1 0 0
    outer loop
      vertex -26 -31.0212 2.3564
      vertex -26 -44 21
      vertex -26 0 21
    endloop
  endfacet
  facet normal -1 0 0
    outer loop
      vertex -26 -10.3887 -2.1298
      vertex -26 0 -0.799999
      vertex -26 0 -21
    endloop
  endfacet
  facet normal -1 -0 0
    outer loop
      vertex -26 0 -0.799999
      vertex -26 -9.4368 -0.889252
      vertex -26 -9.40866 -0.799999
    endloop
  endfacet
  facet normal -1 0 0
    outer loop
      vertex -26 0 -0.799999
      vertex -26 -9.5236 -1.09881
      vertex -26 -9.4368 -0.889252
    endloop
  endfacet
  facet normal -1 0 0
    outer loop
      vertex -26 0 -0.799999
      vertex -26 -9.62833 -1.3
      vertex -26 -9.5236 -1.09881
    endloop
  endfacet
  facet normal -1 0 0
    outer loop
      vertex -26 0 -0.799999
      vertex -26 -9.75021 -1.4913
      vertex -26 -9.62833 -1.3
    endloop
  endfacet
  facet normal -1 0 0
    outer loop
      vertex -26 0 -0.799999
      vertex -26 -9.88828 -1.67125
      vertex -26 -9.75021 -1.4913
    endloop
  endfacet
  facet normal -1 0 0
    outer loop
      vertex -26 0 -0.799999
      vertex -26 -10.0415 -1.83848
      vertex -26 -9.88828 -1.67125
    endloop
  endfacet
  facet normal -1 0 0
    outer loop
      vertex -26 0 -0.799999
      vertex -26 -10.2088 -1.99172
      vertex -26 -10.0415 -1.83848
    endloop
  endfacet
  facet normal -1 0 0
    outer loop
      vertex -26 0 -0.799999
      vertex -26 -10.3887 -2.1298
      vertex -26 -10.2088 -1.99172
    endloop
  endfacet
  facet normal -1 0 0
    outer loop
      vertex -26 0 -21
      vertex -26 -10.58 -2.25167
      vertex -26 -10.3887 -2.1298
    endloop
  endfacet
  facet normal -1 0 0
    outer loop
      vertex -26 0 -21
      vertex -26 -10.7812 -2.3564
      vertex -26 -10.58 -2.25167
    endloop
  endfacet
  facet normal -1 0 0
    outer loop
      vertex -26 0 -21
      vertex -26 -10.9907 -2.4432
      vertex -26 -10.7812 -2.3564
    endloop
  endfacet
  facet normal -1 0 0
    outer loop
      vertex -26 0 -21
      vertex -26 -11.2071 -2.51141
      vertex -26 -10.9907 -2.4432
    endloop
  endfacet
  facet normal -1 0 0
    outer loop
      vertex -26 0 -21
      vertex -26 -11.4285 -2.5605
      vertex -26 -11.2071 -2.51141
    endloop
  endfacet
  facet normal -1 0 0
    outer loop
      vertex -26 0 -21
      vertex -26 -11.6534 -2.59011
      vertex -26 -11.4285 -2.5605
    endloop
  endfacet
  facet normal -1 0 0
    outer loop
      vertex -26 0 -21
      vertex -26 -11.88 -2.6
      vertex -26 -11.6534 -2.59011
    endloop
  endfacet
  facet normal -1 0 0
    outer loop
      vertex -26 0 -21
      vertex -26 -12.1066 -2.59011
      vertex -26 -11.88 -2.6
    endloop
  endfacet
  facet normal -1 0 0
    outer loop
      vertex -26 0 -21
      vertex -26 -12.3315 -2.5605
      vertex -26 -12.1066 -2.59011
    endloop
  endfacet
  facet normal -1 0 0
    outer loop
      vertex -26 0 -21
      vertex -26 -12.5529 -2.51141
      vertex -26 -12.3315 -2.5605
    endloop
  endfacet
  facet normal -1 0 0
    outer loop
      vertex -26 0 -21
      vertex -26 -12.7693 -2.4432
      vertex -26 -12.5529 -2.51141
    endloop
  endfacet
  facet normal -1 0 0
    outer loop
      vertex -26 0 -21
      vertex -26 -12.9788 -2.3564
      vertex -26 -12.7693 -2.4432
    endloop
  endfacet
  facet normal -1 0 0
    outer loop
      vertex -26 -31.0212 -2.3564
      vertex -26 -12.9788 -2.3564
      vertex -26 0 -21
    endloop
  endfacet
  facet normal -1 0 0
    outer loop
      vertex -26 -12.9788 -2.3564
      vertex -26 -31.0212 -2.3564
      vertex -26 -13.18 -2.25167
    endloop
  endfacet
  facet normal -1 0 -0
    outer loop
      vertex -26 -30.82 -2.25167
      vertex -26 -13.18 -2.25167
      vertex -26 -31.0212 -2.3564
    endloop
  endfacet
  facet normal -1 0 0
    outer loop
      vertex -26 -13.18 -2.25167
      vertex -26 -30.82 -2.25167
      vertex -26 -13.3713 -2.1298
    endloop
  endfacet
  facet normal -1 0 -0
    outer loop
      vertex -26 -30.6287 -2.1298
      vertex -26 -13.3713 -2.1298
      vertex -26 -30.82 -2.25167
    endloop
  endfacet
  facet normal -1 0 0
    outer loop
      vertex -26 -13.3713 -2.1298
      vertex -26 -30.6287 -2.1298
      vertex -26 -13.5512 -1.99172
    endloop
  endfacet
  facet normal -1 0 0
    outer loop
      vertex -26 -14.3232 -0.889252
      vertex -26 -29.6487 -0.799999
      vertex -26 -14.3513 -0.799999
    endloop
  endfacet
  facet normal -1 0 0
    outer loop
      vertex -26 -29.6768 -0.889252
      vertex -26 -14.3232 -0.889252
      vertex -26 -14.2364 -1.09881
    endloop
  endfacet
  facet normal -1 0 0
    outer loop
      vertex -26 -29.7636 -1.09881
      vertex -26 -14.2364 -1.09881
      vertex -26 -14.1317 -1.3
    endloop
  endfacet
  facet normal -1 0 0
    outer loop
      vertex -26 -29.8683 -1.3
      vertex -26 -14.1317 -1.3
      vertex -26 -14.0098 -1.4913
    endloop
  endfacet
  facet normal -1 0 -0
    outer loop
      vertex -26 -30.4488 -1.99172
      vertex -26 -13.5512 -1.99172
      vertex -26 -30.6287 -2.1298
    endloop
  endfacet
  facet normal -1 0 0
    outer loop
      vertex -26 -14.3232 -0.889252
      vertex -26 -29.6768 -0.889252
      vertex -26 -29.6487 -0.799999
    endloop
  endfacet
  facet normal -1 0 0
    outer loop
      vertex -26 -14.2364 -1.09881
      vertex -26 -29.7636 -1.09881
      vertex -26 -29.6768 -0.889252
    endloop
  endfacet
  facet normal -1 0 0
    outer loop
      vertex -26 -14.1317 -1.3
      vertex -26 -29.8683 -1.3
      vertex -26 -29.7636 -1.09881
    endloop
  endfacet
  facet normal -1 0 0
    outer loop
      vertex -26 -14.0098 -1.4913
      vertex -26 -29.9902 -1.4913
      vertex -26 -29.8683 -1.3
    endloop
  endfacet
  facet normal -1 -0 0
    outer loop
      vertex -26 -14.0098 -1.4913
      vertex -26 -30.1283 -1.67125
      vertex -26 -29.9902 -1.4913
    endloop
  endfacet
  facet normal -1 0 0
    outer loop
      vertex -26 -13.8717 -1.67125
      vertex -26 -30.1283 -1.67125
      vertex -26 -14.0098 -1.4913
    endloop
  endfacet
  facet normal -1 0 -0
    outer loop
      vertex -26 -30.1283 -1.67125
      vertex -26 -13.8717 -1.67125
      vertex -26 -30.2815 -1.83848
    endloop
  endfacet
  facet normal -1 0 0
    outer loop
      vertex -26 -13.7185 -1.83848
      vertex -26 -30.2815 -1.83848
      vertex -26 -13.8717 -1.67125
    endloop
  endfacet
  facet normal -1 0 -0
    outer loop
      vertex -26 -30.2815 -1.83848
      vertex -26 -13.7185 -1.83848
      vertex -26 -30.4488 -1.99172
    endloop
  endfacet
  facet normal -1 0 0
    outer loop
      vertex -26 -13.5512 -1.99172
      vertex -26 -30.4488 -1.99172
      vertex -26 -13.7185 -1.83848
    endloop
  endfacet
  facet normal -1 0 0
    outer loop
      vertex -26 -44 -21
      vertex -26 -31.0212 -2.3564
      vertex -26 0 -21
    endloop
  endfacet
  facet normal -1 0 0
    outer loop
      vertex -26 -31.0212 -2.3564
      vertex -26 -44 -21
      vertex -26 -31.2307 -2.4432
    endloop
  endfacet
  facet normal -1 0 0
    outer loop
      vertex -26 -31.2307 -2.4432
      vertex -26 -44 -21
      vertex -26 -31.4471 -2.51141
    endloop
  endfacet
  facet normal -1 0 0
    outer loop
      vertex -26 -31.4471 -2.51141
      vertex -26 -44 -21
      vertex -26 -31.6685 -2.5605
    endloop
  endfacet
  facet normal -1 0 0
    outer loop
      vertex -26 -31.6685 -2.5605
      vertex -26 -44 -21
      vertex -26 -31.8934 -2.59011
    endloop
  endfacet
  facet normal -1 0 0
    outer loop
      vertex -26 -31.8934 -2.59011
      vertex -26 -44 -21
      vertex -26 -32.12 -2.6
    endloop
  endfacet
  facet normal -1 -0 0
    outer loop
      vertex -26 -32.12 -2.6
      vertex -26 -44 -21
      vertex -26 -32.3466 -2.59011
    endloop
  endfacet
  facet normal -1 -0 0
    outer loop
      vertex -26 -32.3466 -2.59011
      vertex -26 -44 -21
      vertex -26 -32.5715 -2.5605
    endloop
  endfacet
  facet normal -1 -0 0
    outer loop
      vertex -26 -32.5715 -2.5605
      vertex -26 -44 -21
      vertex -26 -32.7929 -2.51141
    endloop
  endfacet
  facet normal -1 -0 0
    outer loop
      vertex -26 -32.7929 -2.51141
      vertex -26 -44 -21
      vertex -26 -33.0093 -2.4432
    endloop
  endfacet
  facet normal -1 -0 0
    outer loop
      vertex -26 -33.0093 -2.4432
      vertex -26 -44 -21
      vertex -26 -33.2188 -2.3564
    endloop
  endfacet
  facet normal -1 -0 0
    outer loop
      vertex -26 -33.2188 -2.3564
      vertex -26 -44 -21
      vertex -26 -33.42 -2.25167
    endloop
  endfacet
  facet normal -1 0 0
    outer loop
      vertex -26 -44 -21
      vertex -26 -33.6113 -2.1298
      vertex -26 -33.42 -2.25167
    endloop
  endfacet
  facet normal -1 0 0
    outer loop
      vertex -26 -44 -0.799999
      vertex -26 -33.6113 -2.1298
      vertex -26 -44 -21
    endloop
  endfacet
  facet normal -1 0 0
    outer loop
      vertex -26 -33.6113 -2.1298
      vertex -26 -44 -0.799999
      vertex -26 -33.7912 -1.99172
    endloop
  endfacet
  facet normal -1 0 0
    outer loop
      vertex -26 -33.7912 -1.99172
      vertex -26 -44 -0.799999
      vertex -26 -33.9585 -1.83848
    endloop
  endfacet
  facet normal -1 0 0
    outer loop
      vertex -26 -33.9585 -1.83848
      vertex -26 -44 -0.799999
      vertex -26 -34.1117 -1.67125
    endloop
  endfacet
  facet normal -1 0 0
    outer loop
      vertex -26 -34.1117 -1.67125
      vertex -26 -44 -0.799999
      vertex -26 -34.2498 -1.4913
    endloop
  endfacet
  facet normal -1 0 0
    outer loop
      vertex -26 -34.2498 -1.4913
      vertex -26 -44 -0.799999
      vertex -26 -34.3717 -1.3
    endloop
  endfacet
  facet normal -1 0 0
    outer loop
      vertex -26 -34.3717 -1.3
      vertex -26 -44 -0.799999
      vertex -26 -34.4764 -1.09881
    endloop
  endfacet
  facet normal -1 0 0
    outer loop
      vertex -26 -34.4764 -1.09881
      vertex -26 -44 -0.799999
      vertex -26 -34.5632 -0.889252
    endloop
  endfacet
  facet normal -1 0 0
    outer loop
      vertex -26 -34.5632 -0.889252
      vertex -26 -44 -0.799999
      vertex -26 -34.5913 -0.799999
    endloop
  endfacet
  facet normal -0.953759 0 0.300572
    outer loop
      vertex -25.8296 -44 22.2941
      vertex -25.6985 0 22.7101
      vertex -25.8296 0 22.2941
    endloop
  endfacet
  facet normal -0.953759 0 0.300572
    outer loop
      vertex -25.6985 0 22.7101
      vertex -25.8296 -44 22.2941
      vertex -25.6985 -44 22.7101
    endloop
  endfacet
  facet normal -0.923821 0 0.382824
    outer loop
      vertex -25.6985 -44 22.7101
      vertex -25.5315 0 23.1131
      vertex -25.6985 0 22.7101
    endloop
  endfacet
  facet normal -0.923821 0 0.382824
    outer loop
      vertex -25.5315 0 23.1131
      vertex -25.6985 -44 22.7101
      vertex -25.5315 -44 23.1131
    endloop
  endfacet
  facet normal -0.0435566 0 -0.999051
    outer loop
      vertex -21.4358 -44 -25.981
      vertex -21 0 -26
      vertex -21 -44 -26
    endloop
  endfacet
  facet normal -0.0435566 0 -0.999051
    outer loop
      vertex -21 0 -26
      vertex -21.4358 -44 -25.981
      vertex -21.4358 0 -25.981
    endloop
  endfacet
  facet normal -0.537172 0 -0.843473
    outer loop
      vertex -23.8679 -44 -25.0958
      vertex -23.5 0 -25.3301
      vertex -23.5 -44 -25.3301
    endloop
  endfacet
  facet normal -0.537172 0 -0.843473
    outer loop
      vertex -23.5 0 -25.3301
      vertex -23.8679 -44 -25.0958
      vertex -23.8679 0 -25.0958
    endloop
  endfacet
  facet normal -0.999051 0 -0.0435566
    outer loop
      vertex -25.981 -44 -21.4358
      vertex -26 0 -21
      vertex -25.981 0 -21.4358
    endloop
  endfacet
  facet normal -0.999051 -0 -0.0435566
    outer loop
      vertex -26 0 -21
      vertex -25.981 -44 -21.4358
      vertex -26 -44 -21
    endloop
  endfacet
  facet normal -0.0435566 0 0.999051
    outer loop
      vertex -21.4358 0 25.981
      vertex -21 -44 26
      vertex -21 0 26
    endloop
  endfacet
  facet normal -0.0435566 0 0.999051
    outer loop
      vertex -21 -44 26
      vertex -21.4358 0 25.981
      vertex -21.4358 -44 25.981
    endloop
  endfacet
  facet normal 0.737268 0 -0.6756
    outer loop
      vertex 24.8302 -44 -24.2139
      vertex 24.5355 0 -24.5355
      vertex 24.8302 0 -24.2139
    endloop
  endfacet
  facet normal 0.737268 0 -0.6756
    outer loop
      vertex 24.5355 0 -24.5355
      vertex 24.8302 -44 -24.2139
      vertex 24.5355 -44 -24.5355
    endloop
  endfacet
  facet normal -0.382824 0 0.923821
    outer loop
      vertex -23.1131 0 25.5315
      vertex -22.7101 -44 25.6985
      vertex -22.7101 0 25.6985
    endloop
  endfacet
  facet normal -0.382824 0 0.923821
    outer loop
      vertex -22.7101 -44 25.6985
      vertex -23.1131 0 25.5315
      vertex -23.1131 -44 25.5315
    endloop
  endfacet
  facet normal 0.976306 0 -0.216396
    outer loop
      vertex 25.924 -44 -21.8682
      vertex 25.8296 0 -22.2941
      vertex 25.924 0 -21.8682
    endloop
  endfacet
  facet normal 0.976306 0 -0.216396
    outer loop
      vertex 25.8296 0 -22.2941
      vertex 25.924 -44 -21.8682
      vertex 25.8296 -44 -22.2941
    endloop
  endfacet
  facet normal 0.991423 0 -0.130692
    outer loop
      vertex 25.981 -44 -21.4358
      vertex 25.924 0 -21.8682
      vertex 25.981 0 -21.4358
    endloop
  endfacet
  facet normal 0.991423 0 -0.130692
    outer loop
      vertex 25.924 0 -21.8682
      vertex 25.981 -44 -21.4358
      vertex 25.924 -44 -21.8682
    endloop
  endfacet
  facet normal -0.991423 0 0.130692
    outer loop
      vertex -25.981 -44 21.4358
      vertex -25.924 0 21.8682
      vertex -25.981 0 21.4358
    endloop
  endfacet
  facet normal -0.991423 0 0.130692
    outer loop
      vertex -25.924 0 21.8682
      vertex -25.981 -44 21.4358
      vertex -25.924 -44 21.8682
    endloop
  endfacet
  facet normal 0.130692 0 -0.991423
    outer loop
      vertex 21.4358 -44 -25.981
      vertex 21.8682 0 -25.924
      vertex 21.8682 -44 -25.924
    endloop
  endfacet
  facet normal 0.130692 0 -0.991423
    outer loop
      vertex 21.8682 0 -25.924
      vertex 21.4358 -44 -25.981
      vertex 21.4358 0 -25.981
    endloop
  endfacet
  facet normal -0.6756 0 0.737268
    outer loop
      vertex -24.5355 0 24.5355
      vertex -24.2139 -44 24.8302
      vertex -24.2139 0 24.8302
    endloop
  endfacet
  facet normal -0.6756 0 0.737268
    outer loop
      vertex -24.2139 -44 24.8302
      vertex -24.5355 0 24.5355
      vertex -24.5355 -44 24.5355
    endloop
  endfacet
  facet normal -0.843473 0 -0.537172
    outer loop
      vertex -25.0958 -44 -23.8679
      vertex -25.3301 0 -23.5
      vertex -25.0958 0 -23.8679
    endloop
  endfacet
  facet normal -0.843473 -0 -0.537172
    outer loop
      vertex -25.3301 0 -23.5
      vertex -25.0958 -44 -23.8679
      vertex -25.3301 -44 -23.5
    endloop
  endfacet
  facet normal 0.608913 0 -0.793237
    outer loop
      vertex 23.8679 -44 -25.0958
      vertex 24.2139 0 -24.8302
      vertex 24.2139 -44 -24.8302
    endloop
  endfacet
  facet normal 0.608913 0 -0.793237
    outer loop
      vertex 24.2139 0 -24.8302
      vertex 23.8679 -44 -25.0958
      vertex 23.8679 0 -25.0958
    endloop
  endfacet
  facet normal 0.6756 0 -0.737268
    outer loop
      vertex 24.2139 -44 -24.8302
      vertex 24.5355 0 -24.5355
      vertex 24.5355 -44 -24.5355
    endloop
  endfacet
  facet normal 0.6756 0 -0.737268
    outer loop
      vertex 24.5355 0 -24.5355
      vertex 24.2139 -44 -24.8302
      vertex 24.2139 0 -24.8302
    endloop
  endfacet
  facet normal -0.300572 0 0.953759
    outer loop
      vertex -22.7101 0 25.6985
      vertex -22.2941 -44 25.8296
      vertex -22.2941 0 25.8296
    endloop
  endfacet
  facet normal -0.300572 0 0.953759
    outer loop
      vertex -22.2941 -44 25.8296
      vertex -22.7101 0 25.6985
      vertex -22.7101 -44 25.6985
    endloop
  endfacet
  facet normal 0.461735 0 -0.887018
    outer loop
      vertex 23.1131 -44 -25.5315
      vertex 23.5 0 -25.3301
      vertex 23.5 -44 -25.3301
    endloop
  endfacet
  facet normal 0.461735 0 -0.887018
    outer loop
      vertex 23.5 0 -25.3301
      vertex 23.1131 -44 -25.5315
      vertex 23.1131 0 -25.5315
    endloop
  endfacet
  facet normal -0.216396 0 0.976306
    outer loop
      vertex -22.2941 0 25.8296
      vertex -21.8682 -44 25.924
      vertex -21.8682 0 25.924
    endloop
  endfacet
  facet normal -0.216396 0 0.976306
    outer loop
      vertex -21.8682 -44 25.924
      vertex -22.2941 0 25.8296
      vertex -22.2941 -44 25.8296
    endloop
  endfacet
  facet normal -0.999051 0 0.0435566
    outer loop
      vertex -26 -44 21
      vertex -25.981 0 21.4358
      vertex -26 0 21
    endloop
  endfacet
  facet normal -0.999051 0 0.0435566
    outer loop
      vertex -25.981 0 21.4358
      vertex -26 -44 21
      vertex -25.981 -44 21.4358
    endloop
  endfacet
  facet normal -0.737268 0 0.6756
    outer loop
      vertex -24.8302 -44 24.2139
      vertex -24.5355 0 24.5355
      vertex -24.8302 0 24.2139
    endloop
  endfacet
  facet normal -0.737268 0 0.6756
    outer loop
      vertex -24.5355 0 24.5355
      vertex -24.8302 -44 24.2139
      vertex -24.5355 -44 24.5355
    endloop
  endfacet
  facet normal 0.793237 0 -0.608913
    outer loop
      vertex 25.0958 -44 -23.8679
      vertex 24.8302 0 -24.2139
      vertex 25.0958 0 -23.8679
    endloop
  endfacet
  facet normal 0.793237 0 -0.608913
    outer loop
      vertex 24.8302 0 -24.2139
      vertex 25.0958 -44 -23.8679
      vertex 24.8302 -44 -24.2139
    endloop
  endfacet
  facet normal 0.953759 -0 0.300572
    outer loop
      vertex 25.6985 -44 22.7101
      vertex 25.8296 0 22.2941
      vertex 25.6985 0 22.7101
    endloop
  endfacet
  facet normal 0.953759 0 0.300572
    outer loop
      vertex 25.8296 0 22.2941
      vertex 25.6985 -44 22.7101
      vertex 25.8296 -44 22.2941
    endloop
  endfacet
  facet normal 0.608913 0 0.793237
    outer loop
      vertex 23.8679 0 25.0958
      vertex 24.2139 -44 24.8302
      vertex 24.2139 0 24.8302
    endloop
  endfacet
  facet normal 0.608913 0 0.793237
    outer loop
      vertex 24.2139 -44 24.8302
      vertex 23.8679 0 25.0958
      vertex 23.8679 -44 25.0958
    endloop
  endfacet
  facet normal -0.887018 0 -0.461735
    outer loop
      vertex -25.3301 -44 -23.5
      vertex -25.5315 0 -23.1131
      vertex -25.3301 0 -23.5
    endloop
  endfacet
  facet normal -0.887018 -0 -0.461735
    outer loop
      vertex -25.5315 0 -23.1131
      vertex -25.3301 -44 -23.5
      vertex -25.5315 -44 -23.1131
    endloop
  endfacet
  facet normal 0.537172 0 0.843473
    outer loop
      vertex 23.5 0 25.3301
      vertex 23.8679 -44 25.0958
      vertex 23.8679 0 25.0958
    endloop
  endfacet
  facet normal 0.537172 0 0.843473
    outer loop
      vertex 23.8679 -44 25.0958
      vertex 23.5 0 25.3301
      vertex 23.5 -44 25.3301
    endloop
  endfacet
  facet normal 0.300572 0 -0.953759
    outer loop
      vertex 22.2941 -44 -25.8296
      vertex 22.7101 0 -25.6985
      vertex 22.7101 -44 -25.6985
    endloop
  endfacet
  facet normal 0.300572 0 -0.953759
    outer loop
      vertex 22.7101 0 -25.6985
      vertex 22.2941 -44 -25.8296
      vertex 22.2941 0 -25.8296
    endloop
  endfacet
  facet normal 0.382824 0 -0.923821
    outer loop
      vertex 22.7101 -44 -25.6985
      vertex 23.1131 0 -25.5315
      vertex 23.1131 -44 -25.5315
    endloop
  endfacet
  facet normal 0.382824 0 -0.923821
    outer loop
      vertex 23.1131 0 -25.5315
      vertex 22.7101 -44 -25.6985
      vertex 22.7101 0 -25.6985
    endloop
  endfacet
  facet normal 0.976306 -0 0.216396
    outer loop
      vertex 25.8296 -44 22.2941
      vertex 25.924 0 21.8682
      vertex 25.8296 0 22.2941
    endloop
  endfacet
  facet normal 0.976306 0 0.216396
    outer loop
      vertex 25.924 0 21.8682
      vertex 25.8296 -44 22.2941
      vertex 25.924 -44 21.8682
    endloop
  endfacet
  facet normal 0.461735 0 0.887018
    outer loop
      vertex 23.1131 0 25.5315
      vertex 23.5 -44 25.3301
      vertex 23.5 0 25.3301
    endloop
  endfacet
  facet normal 0.461735 0 0.887018
    outer loop
      vertex 23.5 -44 25.3301
      vertex 23.1131 0 25.5315
      vertex 23.1131 -44 25.5315
    endloop
  endfacet
  facet normal -0.130692 0 0.991423
    outer loop
      vertex -21.8682 0 25.924
      vertex -21.4358 -44 25.981
      vertex -21.4358 0 25.981
    endloop
  endfacet
  facet normal -0.130692 0 0.991423
    outer loop
      vertex -21.4358 -44 25.981
      vertex -21.8682 0 25.924
      vertex -21.8682 -44 25.924
    endloop
  endfacet
  facet normal -0.923821 0 -0.382824
    outer loop
      vertex -25.5315 -44 -23.1131
      vertex -25.6985 0 -22.7101
      vertex -25.5315 0 -23.1131
    endloop
  endfacet
  facet normal -0.923821 -0 -0.382824
    outer loop
      vertex -25.6985 0 -22.7101
      vertex -25.5315 -44 -23.1131
      vertex -25.6985 -44 -22.7101
    endloop
  endfacet
  facet normal -0.216396 0 -0.976306
    outer loop
      vertex -22.2941 -44 -25.8296
      vertex -21.8682 0 -25.924
      vertex -21.8682 -44 -25.924
    endloop
  endfacet
  facet normal -0.216396 0 -0.976306
    outer loop
      vertex -21.8682 0 -25.924
      vertex -22.2941 -44 -25.8296
      vertex -22.2941 0 -25.8296
    endloop
  endfacet
  facet normal 0.737268 -0 0.6756
    outer loop
      vertex 24.5355 -44 24.5355
      vertex 24.8302 0 24.2139
      vertex 24.5355 0 24.5355
    endloop
  endfacet
  facet normal 0.737268 0 0.6756
    outer loop
      vertex 24.8302 0 24.2139
      vertex 24.5355 -44 24.5355
      vertex 24.8302 -44 24.2139
    endloop
  endfacet
  facet normal -0.130692 0 -0.991423
    outer loop
      vertex -21.8682 -44 -25.924
      vertex -21.4358 0 -25.981
      vertex -21.4358 -44 -25.981
    endloop
  endfacet
  facet normal -0.130692 0 -0.991423
    outer loop
      vertex -21.4358 0 -25.981
      vertex -21.8682 -44 -25.924
      vertex -21.8682 0 -25.924
    endloop
  endfacet
  facet normal -0.976306 0 0.216396
    outer loop
      vertex -25.924 -44 21.8682
      vertex -25.8296 0 22.2941
      vertex -25.924 0 21.8682
    endloop
  endfacet
  facet normal -0.976306 0 0.216396
    outer loop
      vertex -25.8296 0 22.2941
      vertex -25.924 -44 21.8682
      vertex -25.8296 -44 22.2941
    endloop
  endfacet
  facet normal -0.793237 0 -0.608913
    outer loop
      vertex -24.8302 -44 -24.2139
      vertex -25.0958 0 -23.8679
      vertex -24.8302 0 -24.2139
    endloop
  endfacet
  facet normal -0.793237 -0 -0.608913
    outer loop
      vertex -25.0958 0 -23.8679
      vertex -24.8302 -44 -24.2139
      vertex -25.0958 -44 -23.8679
    endloop
  endfacet
  facet normal 0.793237 -0 0.608913
    outer loop
      vertex 24.8302 -44 24.2139
      vertex 25.0958 0 23.8679
      vertex 24.8302 0 24.2139
    endloop
  endfacet
  facet normal 0.793237 0 0.608913
    outer loop
      vertex 25.0958 0 23.8679
      vertex 24.8302 -44 24.2139
      vertex 25.0958 -44 23.8679
    endloop
  endfacet
  facet normal -0.608913 0 0.793237
    outer loop
      vertex -24.2139 0 24.8302
      vertex -23.8679 -44 25.0958
      vertex -23.8679 0 25.0958
    endloop
  endfacet
  facet normal -0.608913 0 0.793237
    outer loop
      vertex -23.8679 -44 25.0958
      vertex -24.2139 0 24.8302
      vertex -24.2139 -44 24.8302
    endloop
  endfacet
  facet normal 0.991423 -0 0.130692
    outer loop
      vertex 25.924 -44 21.8682
      vertex 25.981 0 21.4358
      vertex 25.924 0 21.8682
    endloop
  endfacet
  facet normal 0.991423 0 0.130692
    outer loop
      vertex 25.981 0 21.4358
      vertex 25.924 -44 21.8682
      vertex 25.981 -44 21.4358
    endloop
  endfacet
  facet normal 0.843473 0 -0.537172
    outer loop
      vertex 25.3301 -44 -23.5
      vertex 25.0958 0 -23.8679
      vertex 25.3301 0 -23.5
    endloop
  endfacet
  facet normal 0.843473 0 -0.537172
    outer loop
      vertex 25.0958 0 -23.8679
      vertex 25.3301 -44 -23.5
      vertex 25.0958 -44 -23.8679
    endloop
  endfacet
  facet normal 0.216396 0 -0.976306
    outer loop
      vertex 21.8682 -44 -25.924
      vertex 22.2941 0 -25.8296
      vertex 22.2941 -44 -25.8296
    endloop
  endfacet
  facet normal 0.216396 0 -0.976306
    outer loop
      vertex 22.2941 0 -25.8296
      vertex 21.8682 -44 -25.924
      vertex 21.8682 0 -25.924
    endloop
  endfacet
  facet normal -0.843473 0 0.537172
    outer loop
      vertex -25.3301 -44 23.5
      vertex -25.0958 0 23.8679
      vertex -25.3301 0 23.5
    endloop
  endfacet
  facet normal -0.843473 0 0.537172
    outer loop
      vertex -25.0958 0 23.8679
      vertex -25.3301 -44 23.5
      vertex -25.0958 -44 23.8679
    endloop
  endfacet
  facet normal 0.999051 0 -0.0435566
    outer loop
      vertex 26 -44 -21
      vertex 25.981 0 -21.4358
      vertex 26 0 -21
    endloop
  endfacet
  facet normal 0.999051 0 -0.0435566
    outer loop
      vertex 25.981 0 -21.4358
      vertex 26 -44 -21
      vertex 25.981 -44 -21.4358
    endloop
  endfacet
  facet normal 0.953759 0 -0.300572
    outer loop
      vertex 25.8296 -44 -22.2941
      vertex 25.6985 0 -22.7101
      vertex 25.8296 0 -22.2941
    endloop
  endfacet
  facet normal 0.953759 0 -0.300572
    outer loop
      vertex 25.6985 0 -22.7101
      vertex 25.8296 -44 -22.2941
      vertex 25.6985 -44 -22.7101
    endloop
  endfacet
  facet normal -0.793237 0 0.608913
    outer loop
      vertex -25.0958 -44 23.8679
      vertex -24.8302 0 24.2139
      vertex -25.0958 0 23.8679
    endloop
  endfacet
  facet normal -0.793237 0 0.608913
    outer loop
      vertex -24.8302 0 24.2139
      vertex -25.0958 -44 23.8679
      vertex -24.8302 -44 24.2139
    endloop
  endfacet
  facet normal 0.923821 -0 0.382824
    outer loop
      vertex 25.5315 -44 23.1131
      vertex 25.6985 0 22.7101
      vertex 25.5315 0 23.1131
    endloop
  endfacet
  facet normal 0.923821 0 0.382824
    outer loop
      vertex 25.6985 0 22.7101
      vertex 25.5315 -44 23.1131
      vertex 25.6985 -44 22.7101
    endloop
  endfacet
  facet normal -0.461735 0 0.887018
    outer loop
      vertex -23.5 0 25.3301
      vertex -23.1131 -44 25.5315
      vertex -23.1131 0 25.5315
    endloop
  endfacet
  facet normal -0.461735 0 0.887018
    outer loop
      vertex -23.1131 -44 25.5315
      vertex -23.5 0 25.3301
      vertex -23.5 -44 25.3301
    endloop
  endfacet
  facet normal 0.537172 0 -0.843473
    outer loop
      vertex 23.5 -44 -25.3301
      vertex 23.8679 0 -25.0958
      vertex 23.8679 -44 -25.0958
    endloop
  endfacet
  facet normal 0.537172 0 -0.843473
    outer loop
      vertex 23.8679 0 -25.0958
      vertex 23.5 -44 -25.3301
      vertex 23.5 0 -25.3301
    endloop
  endfacet
  facet normal 0.300572 0 0.953759
    outer loop
      vertex 22.2941 0 25.8296
      vertex 22.7101 -44 25.6985
      vertex 22.7101 0 25.6985
    endloop
  endfacet
  facet normal 0.300572 0 0.953759
    outer loop
      vertex 22.7101 -44 25.6985
      vertex 22.2941 0 25.8296
      vertex 22.2941 -44 25.8296
    endloop
  endfacet
  facet normal -0.953759 0 -0.300572
    outer loop
      vertex -25.6985 -44 -22.7101
      vertex -25.8296 0 -22.2941
      vertex -25.6985 0 -22.7101
    endloop
  endfacet
  facet normal -0.953759 -0 -0.300572
    outer loop
      vertex -25.8296 0 -22.2941
      vertex -25.6985 -44 -22.7101
      vertex -25.8296 -44 -22.2941
    endloop
  endfacet
  facet normal -0.737268 0 -0.6756
    outer loop
      vertex -24.5355 -44 -24.5355
      vertex -24.8302 0 -24.2139
      vertex -24.5355 0 -24.5355
    endloop
  endfacet
  facet normal -0.737268 -0 -0.6756
    outer loop
      vertex -24.8302 0 -24.2139
      vertex -24.5355 -44 -24.5355
      vertex -24.8302 -44 -24.2139
    endloop
  endfacet
  facet normal 0.887018 -0 0.461735
    outer loop
      vertex 25.3301 -44 23.5
      vertex 25.5315 0 23.1131
      vertex 25.3301 0 23.5
    endloop
  endfacet
  facet normal 0.887018 0 0.461735
    outer loop
      vertex 25.5315 0 23.1131
      vertex 25.3301 -44 23.5
      vertex 25.5315 -44 23.1131
    endloop
  endfacet
  facet normal 0 -1 0
    outer loop
      vertex -26 -44 -0.799999
      vertex -20.2 -44 -20.2
      vertex -20.2 -44 -0.799999
    endloop
  endfacet
  facet normal 0 -1 0
    outer loop
      vertex -25.981 -44 -21.4358
      vertex -20.2 -44 -20.2
      vertex -26 -44 -21
    endloop
  endfacet
  facet normal 0 -1 0
    outer loop
      vertex -26 -44 -21
      vertex -20.2 -44 -20.2
      vertex -26 -44 -0.799999
    endloop
  endfacet
  facet normal 0 -1 0
    outer loop
      vertex -20.2 -44 20.2
      vertex -21 -44 26
      vertex -21.4358 -44 25.981
    endloop
  endfacet
  facet normal 0 -1 0
    outer loop
      vertex -21 -44 26
      vertex -20.2 -44 20.2
      vertex 21 -44 26
    endloop
  endfacet
  facet normal 0 -1 0
    outer loop
      vertex -20.2 -44 20.2
      vertex -21.4358 -44 25.981
      vertex -21.8682 -44 25.924
    endloop
  endfacet
  facet normal 0 -1 0
    outer loop
      vertex 20.2 -44 20.2
      vertex 21 -44 26
      vertex -20.2 -44 20.2
    endloop
  endfacet
  facet normal 0 -1 0
    outer loop
      vertex -20.2 -44 20.2
      vertex -21.8682 -44 25.924
      vertex -22.2941 -44 25.8296
    endloop
  endfacet
  facet normal 0 -1 -0
    outer loop
      vertex 21 -44 26
      vertex 20.2 -44 20.2
      vertex 21.4358 -44 25.981
    endloop
  endfacet
  facet normal 0 -1 0
    outer loop
      vertex -20.2 -44 20.2
      vertex -22.2941 -44 25.8296
      vertex -22.7101 -44 25.6985
    endloop
  endfacet
  facet normal 0 -1 -0
    outer loop
      vertex 21.4358 -44 25.981
      vertex 20.2 -44 20.2
      vertex 21.8682 -44 25.924
    endloop
  endfacet
  facet normal 0 -1 0
    outer loop
      vertex -20.2 -44 20.2
      vertex -22.7101 -44 25.6985
      vertex -23.1131 -44 25.5315
    endloop
  endfacet
  facet normal 0 -1 -0
    outer loop
      vertex 21.8682 -44 25.924
      vertex 20.2 -44 20.2
      vertex 22.2941 -44 25.8296
    endloop
  endfacet
  facet normal 0 -1 0
    outer loop
      vertex -20.2 -44 20.2
      vertex -23.1131 -44 25.5315
      vertex -23.5 -44 25.3301
    endloop
  endfacet
  facet normal 0 -1 -0
    outer loop
      vertex 22.2941 -44 25.8296
      vertex 20.2 -44 20.2
      vertex 22.7101 -44 25.6985
    endloop
  endfacet
  facet normal 0 -1 0
    outer loop
      vertex -20.2 -44 20.2
      vertex -23.5 -44 25.3301
      vertex -23.8679 -44 25.0958
    endloop
  endfacet
  facet normal 0 -1 -0
    outer loop
      vertex 22.7101 -44 25.6985
      vertex 20.2 -44 20.2
      vertex 23.1131 -44 25.5315
    endloop
  endfacet
  facet normal 0 -1 0
    outer loop
      vertex -20.2 -44 20.2
      vertex -23.8679 -44 25.0958
      vertex -24.2139 -44 24.8302
    endloop
  endfacet
  facet normal 0 -1 -0
    outer loop
      vertex 23.1131 -44 25.5315
      vertex 20.2 -44 20.2
      vertex 23.5 -44 25.3301
    endloop
  endfacet
  facet normal 0 -1 0
    outer loop
      vertex -20.2 -44 20.2
      vertex -24.2139 -44 24.8302
      vertex -24.5355 -44 24.5355
    endloop
  endfacet
  facet normal 0 -1 -0
    outer loop
      vertex 23.5 -44 25.3301
      vertex 20.2 -44 20.2
      vertex 23.8679 -44 25.0958
    endloop
  endfacet
  facet normal 0 -1 0
    outer loop
      vertex -20.2 -44 20.2
      vertex -24.5355 -44 24.5355
      vertex -24.8302 -44 24.2139
    endloop
  endfacet
  facet normal 0 -1 -0
    outer loop
      vertex 23.8679 -44 25.0958
      vertex 20.2 -44 20.2
      vertex 24.2139 -44 24.8302
    endloop
  endfacet
  facet normal 0 -1 0
    outer loop
      vertex -20.2 -44 20.2
      vertex -24.8302 -44 24.2139
      vertex -25.0958 -44 23.8679
    endloop
  endfacet
  facet normal 0 -1 -0
    outer loop
      vertex 24.2139 -44 24.8302
      vertex 20.2 -44 20.2
      vertex 24.5355 -44 24.5355
    endloop
  endfacet
  facet normal 0 -1 0
    outer loop
      vertex -20.2 -44 20.2
      vertex -25.0958 -44 23.8679
      vertex -25.3301 -44 23.5
    endloop
  endfacet
  facet normal 0 -1 -0
    outer loop
      vertex 24.5355 -44 24.5355
      vertex 20.2 -44 20.2
      vertex 24.8302 -44 24.2139
    endloop
  endfacet
  facet normal 0 -1 0
    outer loop
      vertex -20.2 -44 20.2
      vertex -25.3301 -44 23.5
      vertex -25.5315 -44 23.1131
    endloop
  endfacet
  facet normal 0 -1 -0
    outer loop
      vertex 24.8302 -44 24.2139
      vertex 20.2 -44 20.2
      vertex 25.0958 -44 23.8679
    endloop
  endfacet
  facet normal 0 -1 0
    outer loop
      vertex -20.2 -44 20.2
      vertex -25.5315 -44 23.1131
      vertex -25.6985 -44 22.7101
    endloop
  endfacet
  facet normal 0 -1 -0
    outer loop
      vertex 25.0958 -44 23.8679
      vertex 20.2 -44 20.2
      vertex 25.3301 -44 23.5
    endloop
  endfacet
  facet normal 0 -1 0
    outer loop
      vertex -20.2 -44 20.2
      vertex -25.6985 -44 22.7101
      vertex -25.8296 -44 22.2941
    endloop
  endfacet
  facet normal 0 -1 -0
    outer loop
      vertex 25.3301 -44 23.5
      vertex 20.2 -44 20.2
      vertex 25.5315 -44 23.1131
    endloop
  endfacet
  facet normal 0 -1 0
    outer loop
      vertex -20.2 -44 20.2
      vertex -25.8296 -44 22.2941
      vertex -25.924 -44 21.8682
    endloop
  endfacet
  facet normal 0 -1 -0
    outer loop
      vertex 25.5315 -44 23.1131
      vertex 20.2 -44 20.2
      vertex 25.6985 -44 22.7101
    endloop
  endfacet
  facet normal 0 -1 0
    outer loop
      vertex -20.2 -44 20.2
      vertex -25.924 -44 21.8682
      vertex -25.981 -44 21.4358
    endloop
  endfacet
  facet normal 0 -1 -0
    outer loop
      vertex 25.6985 -44 22.7101
      vertex 20.2 -44 20.2
      vertex 25.8296 -44 22.2941
    endloop
  endfacet
  facet normal 0 -1 0
    outer loop
      vertex -20.2 -44 20.2
      vertex -25.981 -44 21.4358
      vertex -26 -44 21
    endloop
  endfacet
  facet normal 0 -1 -0
    outer loop
      vertex 25.8296 -44 22.2941
      vertex 20.2 -44 20.2
      vertex 25.924 -44 21.8682
    endloop
  endfacet
  facet normal 0 -1 -0
    outer loop
      vertex 25.924 -44 21.8682
      vertex 20.2 -44 20.2
      vertex 25.981 -44 21.4358
    endloop
  endfacet
  facet normal 0 -1 0
    outer loop
      vertex -26 -44 0.799999
      vertex -20.2 -44 20.2
      vertex -26 -44 21
    endloop
  endfacet
  facet normal 0 -1 -0
    outer loop
      vertex -20.2 -44 20.2
      vertex -26 -44 0.799999
      vertex -20.2 -44 0.799999
    endloop
  endfacet
  facet normal 0 -1 -0
    outer loop
      vertex 25.981 -44 21.4358
      vertex 20.2 -44 20.2
      vertex 26 -44 21
    endloop
  endfacet
  facet normal 0 -1 0
    outer loop
      vertex 20.2 -44 -20.2
      vertex 26 -44 21
      vertex 20.2 -44 20.2
    endloop
  endfacet
  facet normal 0 -1 0
    outer loop
      vertex 20.2 -44 -20.2
      vertex 26 -44 -21
      vertex 26 -44 21
    endloop
  endfacet
  facet normal 0 -1 -0
    outer loop
      vertex -20.2 -44 -20.2
      vertex -21 -44 -26
      vertex 20.2 -44 -20.2
    endloop
  endfacet
  facet normal 0 -1 0
    outer loop
      vertex -25.924 -44 -21.8682
      vertex -20.2 -44 -20.2
      vertex -25.981 -44 -21.4358
    endloop
  endfacet
  facet normal 0 -1 0
    outer loop
      vertex 21 -44 -26
      vertex 20.2 -44 -20.2
      vertex -21 -44 -26
    endloop
  endfacet
  facet normal 0 -1 0
    outer loop
      vertex -25.8296 -44 -22.2941
      vertex -20.2 -44 -20.2
      vertex -25.924 -44 -21.8682
    endloop
  endfacet
  facet normal -0 -1 0
    outer loop
      vertex 21.4358 -44 -25.981
      vertex 20.2 -44 -20.2
      vertex 21 -44 -26
    endloop
  endfacet
  facet normal 0 -1 0
    outer loop
      vertex -25.6985 -44 -22.7101
      vertex -20.2 -44 -20.2
      vertex -25.8296 -44 -22.2941
    endloop
  endfacet
  facet normal 0 -1 0
    outer loop
      vertex 20.2 -44 -20.2
      vertex 25.981 -44 -21.4358
      vertex 26 -44 -21
    endloop
  endfacet
  facet normal 0 -1 0
    outer loop
      vertex -25.5315 -44 -23.1131
      vertex -20.2 -44 -20.2
      vertex -25.6985 -44 -22.7101
    endloop
  endfacet
  facet normal 0 -1 0
    outer loop
      vertex 20.2 -44 -20.2
      vertex 25.924 -44 -21.8682
      vertex 25.981 -44 -21.4358
    endloop
  endfacet
  facet normal 0 -1 0
    outer loop
      vertex -25.3301 -44 -23.5
      vertex -20.2 -44 -20.2
      vertex -25.5315 -44 -23.1131
    endloop
  endfacet
  facet normal 0 -1 0
    outer loop
      vertex 20.2 -44 -20.2
      vertex 25.8296 -44 -22.2941
      vertex 25.924 -44 -21.8682
    endloop
  endfacet
  facet normal 0 -1 0
    outer loop
      vertex -25.0958 -44 -23.8679
      vertex -20.2 -44 -20.2
      vertex -25.3301 -44 -23.5
    endloop
  endfacet
  facet normal 0 -1 0
    outer loop
      vertex 20.2 -44 -20.2
      vertex 25.6985 -44 -22.7101
      vertex 25.8296 -44 -22.2941
    endloop
  endfacet
  facet normal 0 -1 0
    outer loop
      vertex -24.8302 -44 -24.2139
      vertex -20.2 -44 -20.2
      vertex -25.0958 -44 -23.8679
    endloop
  endfacet
  facet normal 0 -1 0
    outer loop
      vertex 20.2 -44 -20.2
      vertex 25.5315 -44 -23.1131
      vertex 25.6985 -44 -22.7101
    endloop
  endfacet
  facet normal 0 -1 0
    outer loop
      vertex -24.5355 -44 -24.5355
      vertex -20.2 -44 -20.2
      vertex -24.8302 -44 -24.2139
    endloop
  endfacet
  facet normal 0 -1 0
    outer loop
      vertex 20.2 -44 -20.2
      vertex 25.3301 -44 -23.5
      vertex 25.5315 -44 -23.1131
    endloop
  endfacet
  facet normal 0 -1 0
    outer loop
      vertex -24.2139 -44 -24.8302
      vertex -20.2 -44 -20.2
      vertex -24.5355 -44 -24.5355
    endloop
  endfacet
  facet normal 0 -1 0
    outer loop
      vertex 20.2 -44 -20.2
      vertex 25.0958 -44 -23.8679
      vertex 25.3301 -44 -23.5
    endloop
  endfacet
  facet normal 0 -1 0
    outer loop
      vertex -23.8679 -44 -25.0958
      vertex -20.2 -44 -20.2
      vertex -24.2139 -44 -24.8302
    endloop
  endfacet
  facet normal 0 -1 0
    outer loop
      vertex 20.2 -44 -20.2
      vertex 24.8302 -44 -24.2139
      vertex 25.0958 -44 -23.8679
    endloop
  endfacet
  facet normal 0 -1 0
    outer loop
      vertex -23.5 -44 -25.3301
      vertex -20.2 -44 -20.2
      vertex -23.8679 -44 -25.0958
    endloop
  endfacet
  facet normal 0 -1 0
    outer loop
      vertex 20.2 -44 -20.2
      vertex 24.5355 -44 -24.5355
      vertex 24.8302 -44 -24.2139
    endloop
  endfacet
  facet normal 0 -1 0
    outer loop
      vertex -23.1131 -44 -25.5315
      vertex -20.2 -44 -20.2
      vertex -23.5 -44 -25.3301
    endloop
  endfacet
  facet normal 0 -1 0
    outer loop
      vertex 20.2 -44 -20.2
      vertex 24.2139 -44 -24.8302
      vertex 24.5355 -44 -24.5355
    endloop
  endfacet
  facet normal 0 -1 0
    outer loop
      vertex -22.7101 -44 -25.6985
      vertex -20.2 -44 -20.2
      vertex -23.1131 -44 -25.5315
    endloop
  endfacet
  facet normal 0 -1 0
    outer loop
      vertex 20.2 -44 -20.2
      vertex 23.8679 -44 -25.0958
      vertex 24.2139 -44 -24.8302
    endloop
  endfacet
  facet normal 0 -1 0
    outer loop
      vertex -22.2941 -44 -25.8296
      vertex -20.2 -44 -20.2
      vertex -22.7101 -44 -25.6985
    endloop
  endfacet
  facet normal 0 -1 0
    outer loop
      vertex 20.2 -44 -20.2
      vertex 23.5 -44 -25.3301
      vertex 23.8679 -44 -25.0958
    endloop
  endfacet
  facet normal 0 -1 0
    outer loop
      vertex -21.8682 -44 -25.924
      vertex -20.2 -44 -20.2
      vertex -22.2941 -44 -25.8296
    endloop
  endfacet
  facet normal 0 -1 0
    outer loop
      vertex 20.2 -44 -20.2
      vertex 23.1131 -44 -25.5315
      vertex 23.5 -44 -25.3301
    endloop
  endfacet
  facet normal 0 -1 0
    outer loop
      vertex -21.4358 -44 -25.981
      vertex -20.2 -44 -20.2
      vertex -21.8682 -44 -25.924
    endloop
  endfacet
  facet normal 0 -1 0
    outer loop
      vertex 20.2 -44 -20.2
      vertex 22.7101 -44 -25.6985
      vertex 23.1131 -44 -25.5315
    endloop
  endfacet
  facet normal 0 -1 0
    outer loop
      vertex -20.2 -44 -20.2
      vertex -21.4358 -44 -25.981
      vertex -21 -44 -26
    endloop
  endfacet
  facet normal 0 -1 0
    outer loop
      vertex 20.2 -44 -20.2
      vertex 22.2941 -44 -25.8296
      vertex 22.7101 -44 -25.6985
    endloop
  endfacet
  facet normal 0 -1 0
    outer loop
      vertex 20.2 -44 -20.2
      vertex 21.8682 -44 -25.924
      vertex 22.2941 -44 -25.8296
    endloop
  endfacet
  facet normal 0 -1 0
    outer loop
      vertex 20.2 -44 -20.2
      vertex 21.4358 -44 -25.981
      vertex 21.8682 -44 -25.924
    endloop
  endfacet
  facet normal -0.976306 0 -0.216396
    outer loop
      vertex -25.8296 -44 -22.2941
      vertex -25.924 0 -21.8682
      vertex -25.8296 0 -22.2941
    endloop
  endfacet
  facet normal -0.976306 -0 -0.216396
    outer loop
      vertex -25.924 0 -21.8682
      vertex -25.8296 -44 -22.2941
      vertex -25.924 -44 -21.8682
    endloop
  endfacet
  facet normal 0 1 0
    outer loop
      vertex 20.2 0 20.2
      vertex 21 0 26
      vertex 21.4358 0 25.981
    endloop
  endfacet
  facet normal 0 1 0
    outer loop
      vertex 21 0 26
      vertex 20.2 0 20.2
      vertex -21 0 26
    endloop
  endfacet
  facet normal 0 1 0
    outer loop
      vertex 20.2 0 20.2
      vertex 21.4358 0 25.981
      vertex 21.8682 0 25.924
    endloop
  endfacet
  facet normal 0 1 -0
    outer loop
      vertex -20.2 0 20.2
      vertex -21 0 26
      vertex 20.2 0 20.2
    endloop
  endfacet
  facet normal 0 1 0
    outer loop
      vertex 20.2 0 20.2
      vertex 21.8682 0 25.924
      vertex 22.2941 0 25.8296
    endloop
  endfacet
  facet normal 0 1 0
    outer loop
      vertex -21 0 26
      vertex -20.2 0 20.2
      vertex -21.4358 0 25.981
    endloop
  endfacet
  facet normal 0 1 0
    outer loop
      vertex 20.2 0 20.2
      vertex 22.2941 0 25.8296
      vertex 22.7101 0 25.6985
    endloop
  endfacet
  facet normal 0 1 0
    outer loop
      vertex -21.4358 0 25.981
      vertex -20.2 0 20.2
      vertex -21.8682 0 25.924
    endloop
  endfacet
  facet normal 0 1 0
    outer loop
      vertex 20.2 0 20.2
      vertex 22.7101 0 25.6985
      vertex 23.1131 0 25.5315
    endloop
  endfacet
  facet normal 0 1 0
    outer loop
      vertex -21.8682 0 25.924
      vertex -20.2 0 20.2
      vertex -22.2941 0 25.8296
    endloop
  endfacet
  facet normal 0 1 0
    outer loop
      vertex 20.2 0 20.2
      vertex 23.1131 0 25.5315
      vertex 23.5 0 25.3301
    endloop
  endfacet
  facet normal 0 1 0
    outer loop
      vertex -22.2941 0 25.8296
      vertex -20.2 0 20.2
      vertex -22.7101 0 25.6985
    endloop
  endfacet
  facet normal 0 1 0
    outer loop
      vertex 20.2 0 20.2
      vertex 23.5 0 25.3301
      vertex 23.8679 0 25.0958
    endloop
  endfacet
  facet normal 0 1 0
    outer loop
      vertex -22.7101 0 25.6985
      vertex -20.2 0 20.2
      vertex -23.1131 0 25.5315
    endloop
  endfacet
  facet normal 0 1 0
    outer loop
      vertex 20.2 0 20.2
      vertex 23.8679 0 25.0958
      vertex 24.2139 0 24.8302
    endloop
  endfacet
  facet normal 0 1 0
    outer loop
      vertex -23.1131 0 25.5315
      vertex -20.2 0 20.2
      vertex -23.5 0 25.3301
    endloop
  endfacet
  facet normal 0 1 0
    outer loop
      vertex 20.2 0 20.2
      vertex 24.2139 0 24.8302
      vertex 24.5355 0 24.5355
    endloop
  endfacet
  facet normal 0 1 0
    outer loop
      vertex -23.5 0 25.3301
      vertex -20.2 0 20.2
      vertex -23.8679 0 25.0958
    endloop
  endfacet
  facet normal 0 1 0
    outer loop
      vertex 20.2 0 20.2
      vertex 24.5355 0 24.5355
      vertex 24.8302 0 24.2139
    endloop
  endfacet
  facet normal 0 1 0
    outer loop
      vertex -23.8679 0 25.0958
      vertex -20.2 0 20.2
      vertex -24.2139 0 24.8302
    endloop
  endfacet
  facet normal 0 1 0
    outer loop
      vertex 20.2 0 20.2
      vertex 24.8302 0 24.2139
      vertex 25.0958 0 23.8679
    endloop
  endfacet
  facet normal 0 1 0
    outer loop
      vertex -24.2139 0 24.8302
      vertex -20.2 0 20.2
      vertex -24.5355 0 24.5355
    endloop
  endfacet
  facet normal 0 1 0
    outer loop
      vertex 20.2 0 20.2
      vertex 25.0958 0 23.8679
      vertex 25.3301 0 23.5
    endloop
  endfacet
  facet normal 0 1 0
    outer loop
      vertex -24.5355 0 24.5355
      vertex -20.2 0 20.2
      vertex -24.8302 0 24.2139
    endloop
  endfacet
  facet normal 0 1 0
    outer loop
      vertex 20.2 0 20.2
      vertex 25.3301 0 23.5
      vertex 25.5315 0 23.1131
    endloop
  endfacet
  facet normal 0 1 0
    outer loop
      vertex -24.8302 0 24.2139
      vertex -20.2 0 20.2
      vertex -25.0958 0 23.8679
    endloop
  endfacet
  facet normal 0 1 0
    outer loop
      vertex 20.2 0 20.2
      vertex 25.5315 0 23.1131
      vertex 25.6985 0 22.7101
    endloop
  endfacet
  facet normal 0 1 0
    outer loop
      vertex -25.0958 0 23.8679
      vertex -20.2 0 20.2
      vertex -25.3301 0 23.5
    endloop
  endfacet
  facet normal 0 1 0
    outer loop
      vertex 20.2 0 20.2
      vertex 25.6985 0 22.7101
      vertex 25.8296 0 22.2941
    endloop
  endfacet
  facet normal 0 1 0
    outer loop
      vertex -25.3301 0 23.5
      vertex -20.2 0 20.2
      vertex -25.5315 0 23.1131
    endloop
  endfacet
  facet normal 0 1 0
    outer loop
      vertex 20.2 0 20.2
      vertex 25.8296 0 22.2941
      vertex 25.924 0 21.8682
    endloop
  endfacet
  facet normal 0 1 0
    outer loop
      vertex -25.5315 0 23.1131
      vertex -20.2 0 20.2
      vertex -25.6985 0 22.7101
    endloop
  endfacet
  facet normal 0 1 0
    outer loop
      vertex 20.2 0 20.2
      vertex 25.924 0 21.8682
      vertex 25.981 0 21.4358
    endloop
  endfacet
  facet normal 0 1 0
    outer loop
      vertex -25.6985 0 22.7101
      vertex -20.2 0 20.2
      vertex -25.8296 0 22.2941
    endloop
  endfacet
  facet normal 0 1 0
    outer loop
      vertex 20.2 0 20.2
      vertex 25.981 0 21.4358
      vertex 26 0 21
    endloop
  endfacet
  facet normal 0 1 0
    outer loop
      vertex -25.8296 0 22.2941
      vertex -20.2 0 20.2
      vertex -25.924 0 21.8682
    endloop
  endfacet
  facet normal 0 1 0
    outer loop
      vertex -25.924 0 21.8682
      vertex -20.2 0 20.2
      vertex -25.981 0 21.4358
    endloop
  endfacet
  facet normal 0 1 0
    outer loop
      vertex 26 0 21
      vertex 20.2 0 -20.2
      vertex 20.2 0 20.2
    endloop
  endfacet
  facet normal 0 1 -0
    outer loop
      vertex 25.981 0 -21.4358
      vertex 20.2 0 -20.2
      vertex 26 0 -21
    endloop
  endfacet
  facet normal 0 1 -0
    outer loop
      vertex 26 0 -21
      vertex 20.2 0 -20.2
      vertex 26 0 21
    endloop
  endfacet
  facet normal 0 1 0
    outer loop
      vertex -25.981 0 21.4358
      vertex -20.2 0 20.2
      vertex -26 0 21
    endloop
  endfacet
  facet normal 0 1 0
    outer loop
      vertex -26 0 0.799999
      vertex -20.2 0 20.2
      vertex -20.2 0 0.799999
    endloop
  endfacet
  facet normal 0 1 0
    outer loop
      vertex -20.2 0 20.2
      vertex -26 0 0.799999
      vertex -26 0 21
    endloop
  endfacet
  facet normal 0 1 -0
    outer loop
      vertex -20.2 0 -20.2
      vertex -26 0 -0.799999
      vertex -20.2 0 -0.799999
    endloop
  endfacet
  facet normal 0 1 0
    outer loop
      vertex -20.2 0 -20.2
      vertex -26 0 -21
      vertex -26 0 -0.799999
    endloop
  endfacet
  facet normal 0 1 0
    outer loop
      vertex 20.2 0 -20.2
      vertex 21 0 -26
      vertex -20.2 0 -20.2
    endloop
  endfacet
  facet normal 0 1 -0
    outer loop
      vertex 25.924 0 -21.8682
      vertex 20.2 0 -20.2
      vertex 25.981 0 -21.4358
    endloop
  endfacet
  facet normal 0 1 0
    outer loop
      vertex -21 0 -26
      vertex -20.2 0 -20.2
      vertex 21 0 -26
    endloop
  endfacet
  facet normal 0 1 -0
    outer loop
      vertex 25.8296 0 -22.2941
      vertex 20.2 0 -20.2
      vertex 25.924 0 -21.8682
    endloop
  endfacet
  facet normal -0 1 0
    outer loop
      vertex -21.4358 0 -25.981
      vertex -20.2 0 -20.2
      vertex -21 0 -26
    endloop
  endfacet
  facet normal 0 1 -0
    outer loop
      vertex 25.6985 0 -22.7101
      vertex 20.2 0 -20.2
      vertex 25.8296 0 -22.2941
    endloop
  endfacet
  facet normal 0 1 0
    outer loop
      vertex -20.2 0 -20.2
      vertex -25.981 0 -21.4358
      vertex -26 0 -21
    endloop
  endfacet
  facet normal 0 1 -0
    outer loop
      vertex 25.5315 0 -23.1131
      vertex 20.2 0 -20.2
      vertex 25.6985 0 -22.7101
    endloop
  endfacet
  facet normal 0 1 0
    outer loop
      vertex -20.2 0 -20.2
      vertex -25.924 0 -21.8682
      vertex -25.981 0 -21.4358
    endloop
  endfacet
  facet normal 0 1 -0
    outer loop
      vertex 25.3301 0 -23.5
      vertex 20.2 0 -20.2
      vertex 25.5315 0 -23.1131
    endloop
  endfacet
  facet normal 0 1 0
    outer loop
      vertex -20.2 0 -20.2
      vertex -25.8296 0 -22.2941
      vertex -25.924 0 -21.8682
    endloop
  endfacet
  facet normal 0 1 -0
    outer loop
      vertex 25.0958 0 -23.8679
      vertex 20.2 0 -20.2
      vertex 25.3301 0 -23.5
    endloop
  endfacet
  facet normal 0 1 0
    outer loop
      vertex -20.2 0 -20.2
      vertex -25.6985 0 -22.7101
      vertex -25.8296 0 -22.2941
    endloop
  endfacet
  facet normal 0 1 -0
    outer loop
      vertex 24.8302 0 -24.2139
      vertex 20.2 0 -20.2
      vertex 25.0958 0 -23.8679
    endloop
  endfacet
  facet normal 0 1 0
    outer loop
      vertex -20.2 0 -20.2
      vertex -25.5315 0 -23.1131
      vertex -25.6985 0 -22.7101
    endloop
  endfacet
  facet normal 0 1 -0
    outer loop
      vertex 24.5355 0 -24.5355
      vertex 20.2 0 -20.2
      vertex 24.8302 0 -24.2139
    endloop
  endfacet
  facet normal 0 1 0
    outer loop
      vertex -20.2 0 -20.2
      vertex -25.3301 0 -23.5
      vertex -25.5315 0 -23.1131
    endloop
  endfacet
  facet normal 0 1 -0
    outer loop
      vertex 24.2139 0 -24.8302
      vertex 20.2 0 -20.2
      vertex 24.5355 0 -24.5355
    endloop
  endfacet
  facet normal 0 1 0
    outer loop
      vertex -20.2 0 -20.2
      vertex -25.0958 0 -23.8679
      vertex -25.3301 0 -23.5
    endloop
  endfacet
  facet normal 0 1 -0
    outer loop
      vertex 23.8679 0 -25.0958
      vertex 20.2 0 -20.2
      vertex 24.2139 0 -24.8302
    endloop
  endfacet
  facet normal 0 1 0
    outer loop
      vertex -20.2 0 -20.2
      vertex -24.8302 0 -24.2139
      vertex -25.0958 0 -23.8679
    endloop
  endfacet
  facet normal 0 1 -0
    outer loop
      vertex 23.5 0 -25.3301
      vertex 20.2 0 -20.2
      vertex 23.8679 0 -25.0958
    endloop
  endfacet
  facet normal 0 1 0
    outer loop
      vertex -20.2 0 -20.2
      vertex -24.5355 0 -24.5355
      vertex -24.8302 0 -24.2139
    endloop
  endfacet
  facet normal 0 1 -0
    outer loop
      vertex 23.1131 0 -25.5315
      vertex 20.2 0 -20.2
      vertex 23.5 0 -25.3301
    endloop
  endfacet
  facet normal 0 1 0
    outer loop
      vertex -20.2 0 -20.2
      vertex -24.2139 0 -24.8302
      vertex -24.5355 0 -24.5355
    endloop
  endfacet
  facet normal 0 1 -0
    outer loop
      vertex 22.7101 0 -25.6985
      vertex 20.2 0 -20.2
      vertex 23.1131 0 -25.5315
    endloop
  endfacet
  facet normal 0 1 0
    outer loop
      vertex -20.2 0 -20.2
      vertex -23.8679 0 -25.0958
      vertex -24.2139 0 -24.8302
    endloop
  endfacet
  facet normal 0 1 -0
    outer loop
      vertex 22.2941 0 -25.8296
      vertex 20.2 0 -20.2
      vertex 22.7101 0 -25.6985
    endloop
  endfacet
  facet normal 0 1 0
    outer loop
      vertex -20.2 0 -20.2
      vertex -23.5 0 -25.3301
      vertex -23.8679 0 -25.0958
    endloop
  endfacet
  facet normal 0 1 -0
    outer loop
      vertex 21.8682 0 -25.924
      vertex 20.2 0 -20.2
      vertex 22.2941 0 -25.8296
    endloop
  endfacet
  facet normal 0 1 0
    outer loop
      vertex -20.2 0 -20.2
      vertex -23.1131 0 -25.5315
      vertex -23.5 0 -25.3301
    endloop
  endfacet
  facet normal 0 1 -0
    outer loop
      vertex 21.4358 0 -25.981
      vertex 20.2 0 -20.2
      vertex 21.8682 0 -25.924
    endloop
  endfacet
  facet normal 0 1 0
    outer loop
      vertex -20.2 0 -20.2
      vertex -22.7101 0 -25.6985
      vertex -23.1131 0 -25.5315
    endloop
  endfacet
  facet normal 0 1 0
    outer loop
      vertex 20.2 0 -20.2
      vertex 21.4358 0 -25.981
      vertex 21 0 -26
    endloop
  endfacet
  facet normal 0 1 0
    outer loop
      vertex -20.2 0 -20.2
      vertex -22.2941 0 -25.8296
      vertex -22.7101 0 -25.6985
    endloop
  endfacet
  facet normal 0 1 0
    outer loop
      vertex -20.2 0 -20.2
      vertex -21.8682 0 -25.924
      vertex -22.2941 0 -25.8296
    endloop
  endfacet
  facet normal 0 1 0
    outer loop
      vertex -20.2 0 -20.2
      vertex -21.4358 0 -25.981
      vertex -21.8682 0 -25.924
    endloop
  endfacet
  facet normal 0.6756 0 0.737268
    outer loop
      vertex 24.2139 0 24.8302
      vertex 24.5355 -44 24.5355
      vertex 24.5355 0 24.5355
    endloop
  endfacet
  facet normal 0.6756 0 0.737268
    outer loop
      vertex 24.5355 -44 24.5355
      vertex 24.2139 0 24.8302
      vertex 24.2139 -44 24.8302
    endloop
  endfacet
  facet normal 0.382824 0 0.923821
    outer loop
      vertex 22.7101 0 25.6985
      vertex 23.1131 -44 25.5315
      vertex 23.1131 0 25.5315
    endloop
  endfacet
  facet normal 0.382824 0 0.923821
    outer loop
      vertex 23.1131 -44 25.5315
      vertex 22.7101 0 25.6985
      vertex 22.7101 -44 25.6985
    endloop
  endfacet
  facet normal 0.216396 0 0.976306
    outer loop
      vertex 21.8682 0 25.924
      vertex 22.2941 -44 25.8296
      vertex 22.2941 0 25.8296
    endloop
  endfacet
  facet normal 0.216396 0 0.976306
    outer loop
      vertex 22.2941 -44 25.8296
      vertex 21.8682 0 25.924
      vertex 21.8682 -44 25.924
    endloop
  endfacet
  facet normal 0.130692 0 0.991423
    outer loop
      vertex 21.4358 0 25.981
      vertex 21.8682 -44 25.924
      vertex 21.8682 0 25.924
    endloop
  endfacet
  facet normal 0.130692 0 0.991423
    outer loop
      vertex 21.8682 -44 25.924
      vertex 21.4358 0 25.981
      vertex 21.4358 -44 25.981
    endloop
  endfacet
  facet normal 1 -0 0
    outer loop
      vertex -20.2 -10.3887 2.1298
      vertex -20.2 0 0.799999
      vertex -20.2 0 20.2
    endloop
  endfacet
  facet normal 1 0 0
    outer loop
      vertex -20.2 0 0.799999
      vertex -20.2 -9.4368 0.889252
      vertex -20.2 -9.40866 0.799999
    endloop
  endfacet
  facet normal 1 0 0
    outer loop
      vertex -20.2 0 0.799999
      vertex -20.2 -9.5236 1.09881
      vertex -20.2 -9.4368 0.889252
    endloop
  endfacet
  facet normal 1 0 0
    outer loop
      vertex -20.2 0 0.799999
      vertex -20.2 -9.62833 1.3
      vertex -20.2 -9.5236 1.09881
    endloop
  endfacet
  facet normal 1 0 0
    outer loop
      vertex -20.2 0 0.799999
      vertex -20.2 -9.75021 1.4913
      vertex -20.2 -9.62833 1.3
    endloop
  endfacet
  facet normal 1 0 0
    outer loop
      vertex -20.2 0 0.799999
      vertex -20.2 -9.88828 1.67125
      vertex -20.2 -9.75021 1.4913
    endloop
  endfacet
  facet normal 1 0 0
    outer loop
      vertex -20.2 0 0.799999
      vertex -20.2 -10.0415 1.83848
      vertex -20.2 -9.88828 1.67125
    endloop
  endfacet
  facet normal 1 0 0
    outer loop
      vertex -20.2 0 0.799999
      vertex -20.2 -10.2088 1.99172
      vertex -20.2 -10.0415 1.83848
    endloop
  endfacet
  facet normal 1 0 0
    outer loop
      vertex -20.2 0 0.799999
      vertex -20.2 -10.3887 2.1298
      vertex -20.2 -10.2088 1.99172
    endloop
  endfacet
  facet normal 1 0 0
    outer loop
      vertex -20.2 0 20.2
      vertex -20.2 -10.58 2.25167
      vertex -20.2 -10.3887 2.1298
    endloop
  endfacet
  facet normal 1 0 0
    outer loop
      vertex -20.2 0 20.2
      vertex -20.2 -10.7812 2.3564
      vertex -20.2 -10.58 2.25167
    endloop
  endfacet
  facet normal 1 0 0
    outer loop
      vertex -20.2 0 20.2
      vertex -20.2 -10.9907 2.4432
      vertex -20.2 -10.7812 2.3564
    endloop
  endfacet
  facet normal 1 0 0
    outer loop
      vertex -20.2 0 20.2
      vertex -20.2 -11.2071 2.51141
      vertex -20.2 -10.9907 2.4432
    endloop
  endfacet
  facet normal 1 0 0
    outer loop
      vertex -20.2 0 20.2
      vertex -20.2 -11.4285 2.5605
      vertex -20.2 -11.2071 2.51141
    endloop
  endfacet
  facet normal 1 0 0
    outer loop
      vertex -20.2 0 20.2
      vertex -20.2 -11.6534 2.59011
      vertex -20.2 -11.4285 2.5605
    endloop
  endfacet
  facet normal 1 0 0
    outer loop
      vertex -20.2 0 20.2
      vertex -20.2 -11.88 2.6
      vertex -20.2 -11.6534 2.59011
    endloop
  endfacet
  facet normal 1 0 0
    outer loop
      vertex -20.2 0 20.2
      vertex -20.2 -12.1066 2.59011
      vertex -20.2 -11.88 2.6
    endloop
  endfacet
  facet normal 1 0 0
    outer loop
      vertex -20.2 0 20.2
      vertex -20.2 -12.3315 2.5605
      vertex -20.2 -12.1066 2.59011
    endloop
  endfacet
  facet normal 1 0 0
    outer loop
      vertex -20.2 0 20.2
      vertex -20.2 -12.5529 2.51141
      vertex -20.2 -12.3315 2.5605
    endloop
  endfacet
  facet normal 1 0 0
    outer loop
      vertex -20.2 0 20.2
      vertex -20.2 -12.7693 2.4432
      vertex -20.2 -12.5529 2.51141
    endloop
  endfacet
  facet normal 1 0 0
    outer loop
      vertex -20.2 0 20.2
      vertex -20.2 -12.9788 2.3564
      vertex -20.2 -12.7693 2.4432
    endloop
  endfacet
  facet normal 1 0 0
    outer loop
      vertex -20.2 -31.0212 2.3564
      vertex -20.2 -12.9788 2.3564
      vertex -20.2 0 20.2
    endloop
  endfacet
  facet normal 1 0 0
    outer loop
      vertex -20.2 -12.9788 2.3564
      vertex -20.2 -31.0212 2.3564
      vertex -20.2 -13.18 2.25167
    endloop
  endfacet
  facet normal 1 0 -0
    outer loop
      vertex -20.2 -30.82 2.25167
      vertex -20.2 -13.18 2.25167
      vertex -20.2 -31.0212 2.3564
    endloop
  endfacet
  facet normal 1 0 0
    outer loop
      vertex -20.2 -13.18 2.25167
      vertex -20.2 -30.82 2.25167
      vertex -20.2 -13.3713 2.1298
    endloop
  endfacet
  facet normal 1 0 -0
    outer loop
      vertex -20.2 -30.6287 2.1298
      vertex -20.2 -13.3713 2.1298
      vertex -20.2 -30.82 2.25167
    endloop
  endfacet
  facet normal 1 0 0
    outer loop
      vertex -20.2 -13.3713 2.1298
      vertex -20.2 -30.6287 2.1298
      vertex -20.2 -13.5512 1.99172
    endloop
  endfacet
  facet normal 1 0 0
    outer loop
      vertex -20.2 -14.3232 0.889252
      vertex -20.2 -29.6487 0.799999
      vertex -20.2 -14.3513 0.799999
    endloop
  endfacet
  facet normal 1 0 0
    outer loop
      vertex -20.2 -29.6768 0.889252
      vertex -20.2 -14.3232 0.889252
      vertex -20.2 -14.2364 1.09881
    endloop
  endfacet
  facet normal 1 0 0
    outer loop
      vertex -20.2 -29.7636 1.09881
      vertex -20.2 -14.2364 1.09881
      vertex -20.2 -14.1317 1.3
    endloop
  endfacet
  facet normal 1 0 0
    outer loop
      vertex -20.2 -29.8683 1.3
      vertex -20.2 -14.1317 1.3
      vertex -20.2 -14.0098 1.4913
    endloop
  endfacet
  facet normal 1 0 -0
    outer loop
      vertex -20.2 -30.4488 1.99172
      vertex -20.2 -13.5512 1.99172
      vertex -20.2 -30.6287 2.1298
    endloop
  endfacet
  facet normal 1 0 0
    outer loop
      vertex -20.2 -14.3232 0.889252
      vertex -20.2 -29.6768 0.889252
      vertex -20.2 -29.6487 0.799999
    endloop
  endfacet
  facet normal 1 0 0
    outer loop
      vertex -20.2 -14.2364 1.09881
      vertex -20.2 -29.7636 1.09881
      vertex -20.2 -29.6768 0.889252
    endloop
  endfacet
  facet normal 1 0 0
    outer loop
      vertex -20.2 -14.1317 1.3
      vertex -20.2 -29.8683 1.3
      vertex -20.2 -29.7636 1.09881
    endloop
  endfacet
  facet normal 1 0 0
    outer loop
      vertex -20.2 -14.0098 1.4913
      vertex -20.2 -29.9902 1.4913
      vertex -20.2 -29.8683 1.3
    endloop
  endfacet
  facet normal 1 0 0
    outer loop
      vertex -20.2 -14.0098 1.4913
      vertex -20.2 -30.1283 1.67125
      vertex -20.2 -29.9902 1.4913
    endloop
  endfacet
  facet normal 1 0 0
    outer loop
      vertex -20.2 -13.8717 1.67125
      vertex -20.2 -30.1283 1.67125
      vertex -20.2 -14.0098 1.4913
    endloop
  endfacet
  facet normal 1 0 -0
    outer loop
      vertex -20.2 -30.1283 1.67125
      vertex -20.2 -13.8717 1.67125
      vertex -20.2 -30.2815 1.83848
    endloop
  endfacet
  facet normal 1 0 0
    outer loop
      vertex -20.2 -13.7185 1.83848
      vertex -20.2 -30.2815 1.83848
      vertex -20.2 -13.8717 1.67125
    endloop
  endfacet
  facet normal 1 0 -0
    outer loop
      vertex -20.2 -30.2815 1.83848
      vertex -20.2 -13.7185 1.83848
      vertex -20.2 -30.4488 1.99172
    endloop
  endfacet
  facet normal 1 0 0
    outer loop
      vertex -20.2 -13.5512 1.99172
      vertex -20.2 -30.4488 1.99172
      vertex -20.2 -13.7185 1.83848
    endloop
  endfacet
  facet normal 1 -0 0
    outer loop
      vertex -20.2 -44 20.2
      vertex -20.2 -31.0212 2.3564
      vertex -20.2 0 20.2
    endloop
  endfacet
  facet normal 1 0 0
    outer loop
      vertex -20.2 -31.0212 2.3564
      vertex -20.2 -44 20.2
      vertex -20.2 -31.2307 2.4432
    endloop
  endfacet
  facet normal 1 0 0
    outer loop
      vertex -20.2 -31.2307 2.4432
      vertex -20.2 -44 20.2
      vertex -20.2 -31.4471 2.51141
    endloop
  endfacet
  facet normal 1 0 0
    outer loop
      vertex -20.2 -31.4471 2.51141
      vertex -20.2 -44 20.2
      vertex -20.2 -31.6685 2.5605
    endloop
  endfacet
  facet normal 1 0 0
    outer loop
      vertex -20.2 -31.6685 2.5605
      vertex -20.2 -44 20.2
      vertex -20.2 -31.8934 2.59011
    endloop
  endfacet
  facet normal 1 0 0
    outer loop
      vertex -20.2 -31.8934 2.59011
      vertex -20.2 -44 20.2
      vertex -20.2 -32.12 2.6
    endloop
  endfacet
  facet normal 1 0 0
    outer loop
      vertex -20.2 -32.12 2.6
      vertex -20.2 -44 20.2
      vertex -20.2 -32.3466 2.59011
    endloop
  endfacet
  facet normal 1 0 0
    outer loop
      vertex -20.2 -32.3466 2.59011
      vertex -20.2 -44 20.2
      vertex -20.2 -32.5715 2.5605
    endloop
  endfacet
  facet normal 1 0 0
    outer loop
      vertex -20.2 -32.5715 2.5605
      vertex -20.2 -44 20.2
      vertex -20.2 -32.7929 2.51141
    endloop
  endfacet
  facet normal 1 0 0
    outer loop
      vertex -20.2 -32.7929 2.51141
      vertex -20.2 -44 20.2
      vertex -20.2 -33.0093 2.4432
    endloop
  endfacet
  facet normal 1 0 0
    outer loop
      vertex -20.2 -33.0093 2.4432
      vertex -20.2 -44 20.2
      vertex -20.2 -33.2188 2.3564
    endloop
  endfacet
  facet normal 1 0 0
    outer loop
      vertex -20.2 -33.2188 2.3564
      vertex -20.2 -44 20.2
      vertex -20.2 -33.42 2.25167
    endloop
  endfacet
  facet normal 1 0 0
    outer loop
      vertex -20.2 -44 20.2
      vertex -20.2 -33.6113 2.1298
      vertex -20.2 -33.42 2.25167
    endloop
  endfacet
  facet normal 1 0 0
    outer loop
      vertex -20.2 -44 0.799999
      vertex -20.2 -33.6113 2.1298
      vertex -20.2 -44 20.2
    endloop
  endfacet
  facet normal 1 0 0
    outer loop
      vertex -20.2 -33.6113 2.1298
      vertex -20.2 -44 0.799999
      vertex -20.2 -33.7912 1.99172
    endloop
  endfacet
  facet normal 1 0 0
    outer loop
      vertex -20.2 -33.7912 1.99172
      vertex -20.2 -44 0.799999
      vertex -20.2 -33.9585 1.83848
    endloop
  endfacet
  facet normal 1 0 0
    outer loop
      vertex -20.2 -33.9585 1.83848
      vertex -20.2 -44 0.799999
      vertex -20.2 -34.1117 1.67125
    endloop
  endfacet
  facet normal 1 0 0
    outer loop
      vertex -20.2 -34.1117 1.67125
      vertex -20.2 -44 0.799999
      vertex -20.2 -34.2498 1.4913
    endloop
  endfacet
  facet normal 1 0 0
    outer loop
      vertex -20.2 -34.2498 1.4913
      vertex -20.2 -44 0.799999
      vertex -20.2 -34.3717 1.3
    endloop
  endfacet
  facet normal 1 0 0
    outer loop
      vertex -20.2 -34.3717 1.3
      vertex -20.2 -44 0.799999
      vertex -20.2 -34.4764 1.09881
    endloop
  endfacet
  facet normal 1 0 0
    outer loop
      vertex -20.2 -34.4764 1.09881
      vertex -20.2 -44 0.799999
      vertex -20.2 -34.5632 0.889252
    endloop
  endfacet
  facet normal 1 0 0
    outer loop
      vertex -20.2 -34.5632 0.889252
      vertex -20.2 -44 0.799999
      vertex -20.2 -34.5913 0.799999
    endloop
  endfacet
  facet normal 1 0 0
    outer loop
      vertex -20.2 -9.4368 -0.889252
      vertex -20.2 0 -0.799999
      vertex -20.2 -9.40866 -0.799999
    endloop
  endfacet
  facet normal 1 0 0
    outer loop
      vertex -20.2 -9.5236 -1.09881
      vertex -20.2 0 -0.799999
      vertex -20.2 -9.4368 -0.889252
    endloop
  endfacet
  facet normal 1 0 0
    outer loop
      vertex -20.2 -9.62833 -1.3
      vertex -20.2 0 -0.799999
      vertex -20.2 -9.5236 -1.09881
    endloop
  endfacet
  facet normal 1 0 0
    outer loop
      vertex -20.2 -9.75021 -1.4913
      vertex -20.2 0 -0.799999
      vertex -20.2 -9.62833 -1.3
    endloop
  endfacet
  facet normal 1 0 0
    outer loop
      vertex -20.2 -9.88828 -1.67125
      vertex -20.2 0 -0.799999
      vertex -20.2 -9.75021 -1.4913
    endloop
  endfacet
  facet normal 1 0 0
    outer loop
      vertex -20.2 -10.0415 -1.83848
      vertex -20.2 0 -0.799999
      vertex -20.2 -9.88828 -1.67125
    endloop
  endfacet
  facet normal 1 0 0
    outer loop
      vertex -20.2 -10.2088 -1.99172
      vertex -20.2 0 -0.799999
      vertex -20.2 -10.0415 -1.83848
    endloop
  endfacet
  facet normal 1 0 0
    outer loop
      vertex -20.2 -10.3887 -2.1298
      vertex -20.2 0 -0.799999
      vertex -20.2 -10.2088 -1.99172
    endloop
  endfacet
  facet normal 1 0 0
    outer loop
      vertex -20.2 0 -0.799999
      vertex -20.2 -10.3887 -2.1298
      vertex -20.2 0 -20.2
    endloop
  endfacet
  facet normal 1 -0 0
    outer loop
      vertex -20.2 -10.58 -2.25167
      vertex -20.2 0 -20.2
      vertex -20.2 -10.3887 -2.1298
    endloop
  endfacet
  facet normal 1 -0 0
    outer loop
      vertex -20.2 -10.7812 -2.3564
      vertex -20.2 0 -20.2
      vertex -20.2 -10.58 -2.25167
    endloop
  endfacet
  facet normal 1 -0 0
    outer loop
      vertex -20.2 -10.9907 -2.4432
      vertex -20.2 0 -20.2
      vertex -20.2 -10.7812 -2.3564
    endloop
  endfacet
  facet normal 1 -0 0
    outer loop
      vertex -20.2 -11.2071 -2.51141
      vertex -20.2 0 -20.2
      vertex -20.2 -10.9907 -2.4432
    endloop
  endfacet
  facet normal 1 -0 0
    outer loop
      vertex -20.2 -11.4285 -2.5605
      vertex -20.2 0 -20.2
      vertex -20.2 -11.2071 -2.51141
    endloop
  endfacet
  facet normal 1 -0 0
    outer loop
      vertex -20.2 -11.6534 -2.59011
      vertex -20.2 0 -20.2
      vertex -20.2 -11.4285 -2.5605
    endloop
  endfacet
  facet normal 1 -0 0
    outer loop
      vertex -20.2 -11.88 -2.6
      vertex -20.2 0 -20.2
      vertex -20.2 -11.6534 -2.59011
    endloop
  endfacet
  facet normal 1 0 0
    outer loop
      vertex -20.2 -12.1066 -2.59011
      vertex -20.2 0 -20.2
      vertex -20.2 -11.88 -2.6
    endloop
  endfacet
  facet normal 1 0 0
    outer loop
      vertex -20.2 -12.3315 -2.5605
      vertex -20.2 0 -20.2
      vertex -20.2 -12.1066 -2.59011
    endloop
  endfacet
  facet normal 1 0 0
    outer loop
      vertex -20.2 -12.5529 -2.51141
      vertex -20.2 0 -20.2
      vertex -20.2 -12.3315 -2.5605
    endloop
  endfacet
  facet normal 1 0 0
    outer loop
      vertex -20.2 -12.7693 -2.4432
      vertex -20.2 0 -20.2
      vertex -20.2 -12.5529 -2.51141
    endloop
  endfacet
  facet normal 1 0 0
    outer loop
      vertex -20.2 -12.9788 -2.3564
      vertex -20.2 0 -20.2
      vertex -20.2 -12.7693 -2.4432
    endloop
  endfacet
  facet normal 1 0 0
    outer loop
      vertex -20.2 -31.0212 -2.3564
      vertex -20.2 -12.9788 -2.3564
      vertex -20.2 -13.18 -2.25167
    endloop
  endfacet
  facet normal 1 0 0
    outer loop
      vertex -20.2 -30.82 -2.25167
      vertex -20.2 -13.18 -2.25167
      vertex -20.2 -13.3713 -2.1298
    endloop
  endfacet
  facet normal 1 0 0
    outer loop
      vertex -20.2 -30.6287 -2.1298
      vertex -20.2 -13.3713 -2.1298
      vertex -20.2 -13.5512 -1.99172
    endloop
  endfacet
  facet normal 1 0 0
    outer loop
      vertex -20.2 -30.4488 -1.99172
      vertex -20.2 -13.5512 -1.99172
      vertex -20.2 -13.7185 -1.83848
    endloop
  endfacet
  facet normal 1 0 0
    outer loop
      vertex -20.2 -30.2815 -1.83848
      vertex -20.2 -13.7185 -1.83848
      vertex -20.2 -13.8717 -1.67125
    endloop
  endfacet
  facet normal 1 0 0
    outer loop
      vertex -20.2 -30.1283 -1.67125
      vertex -20.2 -13.8717 -1.67125
      vertex -20.2 -14.0098 -1.4913
    endloop
  endfacet
  facet normal 1 -0 0
    outer loop
      vertex -20.2 -29.6487 -0.799999
      vertex -20.2 -14.3232 -0.889252
      vertex -20.2 -14.3513 -0.799999
    endloop
  endfacet
  facet normal 1 0 0
    outer loop
      vertex -20.2 -29.6768 -0.889252
      vertex -20.2 -14.3232 -0.889252
      vertex -20.2 -29.6487 -0.799999
    endloop
  endfacet
  facet normal 1 0 0
    outer loop
      vertex -20.2 -14.3232 -0.889252
      vertex -20.2 -29.6768 -0.889252
      vertex -20.2 -14.2364 -1.09881
    endloop
  endfacet
  facet normal 1 0 0
    outer loop
      vertex -20.2 -29.7636 -1.09881
      vertex -20.2 -14.2364 -1.09881
      vertex -20.2 -29.6768 -0.889252
    endloop
  endfacet
  facet normal 1 0 0
    outer loop
      vertex -20.2 -14.2364 -1.09881
      vertex -20.2 -29.7636 -1.09881
      vertex -20.2 -14.1317 -1.3
    endloop
  endfacet
  facet normal 1 0 0
    outer loop
      vertex -20.2 -29.8683 -1.3
      vertex -20.2 -14.1317 -1.3
      vertex -20.2 -29.7636 -1.09881
    endloop
  endfacet
  facet normal 1 0 0
    outer loop
      vertex -20.2 -14.1317 -1.3
      vertex -20.2 -29.8683 -1.3
      vertex -20.2 -14.0098 -1.4913
    endloop
  endfacet
  facet normal 1 0 0
    outer loop
      vertex -20.2 -29.9902 -1.4913
      vertex -20.2 -14.0098 -1.4913
      vertex -20.2 -29.8683 -1.3
    endloop
  endfacet
  facet normal 1 0 0
    outer loop
      vertex -20.2 -30.1283 -1.67125
      vertex -20.2 -14.0098 -1.4913
      vertex -20.2 -29.9902 -1.4913
    endloop
  endfacet
  facet normal 1 0 0
    outer loop
      vertex -20.2 -13.8717 -1.67125
      vertex -20.2 -30.1283 -1.67125
      vertex -20.2 -30.2815 -1.83848
    endloop
  endfacet
  facet normal 1 0 0
    outer loop
      vertex -20.2 -13.7185 -1.83848
      vertex -20.2 -30.2815 -1.83848
      vertex -20.2 -30.4488 -1.99172
    endloop
  endfacet
  facet normal 1 0 0
    outer loop
      vertex -20.2 -13.5512 -1.99172
      vertex -20.2 -30.4488 -1.99172
      vertex -20.2 -30.6287 -2.1298
    endloop
  endfacet
  facet normal 1 0 0
    outer loop
      vertex -20.2 -13.3713 -2.1298
      vertex -20.2 -30.6287 -2.1298
      vertex -20.2 -30.82 -2.25167
    endloop
  endfacet
  facet normal 1 0 0
    outer loop
      vertex -20.2 -13.18 -2.25167
      vertex -20.2 -30.82 -2.25167
      vertex -20.2 -31.0212 -2.3564
    endloop
  endfacet
  facet normal 1 0 0
    outer loop
      vertex -20.2 -12.9788 -2.3564
      vertex -20.2 -31.0212 -2.3564
      vertex -20.2 0 -20.2
    endloop
  endfacet
  facet normal 1 0 0
    outer loop
      vertex -20.2 -44 -20.2
      vertex -20.2 -31.0212 -2.3564
      vertex -20.2 -31.2307 -2.4432
    endloop
  endfacet
  facet normal 1 0 0
    outer loop
      vertex -20.2 -44 -20.2
      vertex -20.2 -31.2307 -2.4432
      vertex -20.2 -31.4471 -2.51141
    endloop
  endfacet
  facet normal 1 0 0
    outer loop
      vertex -20.2 -44 -20.2
      vertex -20.2 -31.4471 -2.51141
      vertex -20.2 -31.6685 -2.5605
    endloop
  endfacet
  facet normal 1 0 0
    outer loop
      vertex -20.2 -44 -20.2
      vertex -20.2 -31.6685 -2.5605
      vertex -20.2 -31.8934 -2.59011
    endloop
  endfacet
  facet normal 1 0 0
    outer loop
      vertex -20.2 -44 -20.2
      vertex -20.2 -31.8934 -2.59011
      vertex -20.2 -32.12 -2.6
    endloop
  endfacet
  facet normal 1 0 0
    outer loop
      vertex -20.2 -44 -20.2
      vertex -20.2 -32.12 -2.6
      vertex -20.2 -32.3466 -2.59011
    endloop
  endfacet
  facet normal 1 0 0
    outer loop
      vertex -20.2 -44 -20.2
      vertex -20.2 -32.3466 -2.59011
      vertex -20.2 -32.5715 -2.5605
    endloop
  endfacet
  facet normal 1 0 0
    outer loop
      vertex -20.2 -44 -20.2
      vertex -20.2 -32.5715 -2.5605
      vertex -20.2 -32.7929 -2.51141
    endloop
  endfacet
  facet normal 1 0 0
    outer loop
      vertex -20.2 -44 -20.2
      vertex -20.2 -32.7929 -2.51141
      vertex -20.2 -33.0093 -2.4432
    endloop
  endfacet
  facet normal 1 0 0
    outer loop
      vertex -20.2 -44 -20.2
      vertex -20.2 -33.0093 -2.4432
      vertex -20.2 -33.2188 -2.3564
    endloop
  endfacet
  facet normal 1 0 0
    outer loop
      vertex -20.2 -44 -20.2
      vertex -20.2 -33.2188 -2.3564
      vertex -20.2 -33.42 -2.25167
    endloop
  endfacet
  facet normal 1 -0 0
    outer loop
      vertex -20.2 -44 -0.799999
      vertex -20.2 -34.5632 -0.889252
      vertex -20.2 -34.5913 -0.799999
    endloop
  endfacet
  facet normal 1 0 0
    outer loop
      vertex -20.2 -44 -0.799999
      vertex -20.2 -34.4764 -1.09881
      vertex -20.2 -34.5632 -0.889252
    endloop
  endfacet
  facet normal 1 0 0
    outer loop
      vertex -20.2 -44 -0.799999
      vertex -20.2 -34.3717 -1.3
      vertex -20.2 -34.4764 -1.09881
    endloop
  endfacet
  facet normal 1 0 0
    outer loop
      vertex -20.2 -44 -0.799999
      vertex -20.2 -34.2498 -1.4913
      vertex -20.2 -34.3717 -1.3
    endloop
  endfacet
  facet normal 1 0 0
    outer loop
      vertex -20.2 -44 -0.799999
      vertex -20.2 -34.1117 -1.67125
      vertex -20.2 -34.2498 -1.4913
    endloop
  endfacet
  facet normal 1 0 0
    outer loop
      vertex -20.2 -44 -0.799999
      vertex -20.2 -33.9585 -1.83848
      vertex -20.2 -34.1117 -1.67125
    endloop
  endfacet
  facet normal 1 0 0
    outer loop
      vertex -20.2 -44 -0.799999
      vertex -20.2 -33.7912 -1.99172
      vertex -20.2 -33.9585 -1.83848
    endloop
  endfacet
  facet normal 1 0 0
    outer loop
      vertex -20.2 -44 -0.799999
      vertex -20.2 -33.6113 -2.1298
      vertex -20.2 -33.7912 -1.99172
    endloop
  endfacet
  facet normal 1 0 0
    outer loop
      vertex -20.2 -44 -20.2
      vertex -20.2 -33.6113 -2.1298
      vertex -20.2 -44 -0.799999
    endloop
  endfacet
  facet normal 1 0 0
    outer loop
      vertex -20.2 -33.6113 -2.1298
      vertex -20.2 -44 -20.2
      vertex -20.2 -33.42 -2.25167
    endloop
  endfacet
  facet normal 1 0 0
    outer loop
      vertex -20.2 -31.0212 -2.3564
      vertex -20.2 -44 -20.2
      vertex -20.2 0 -20.2
    endloop
  endfacet
  facet normal 0 0 -1
    outer loop
      vertex 20.2 -44 20.2
      vertex 4.2 -22 20.2
      vertex 20.2 0 20.2
    endloop
  endfacet
  facet normal 0 0 -1
    outer loop
      vertex 20.2 -44 20.2
      vertex 4.18402 -22.3661 20.2
      vertex 4.2 -22 20.2
    endloop
  endfacet
  facet normal 0 0 -1
    outer loop
      vertex 20.2 -44 20.2
      vertex 4.13619 -22.7293 20.2
      vertex 4.18402 -22.3661 20.2
    endloop
  endfacet
  facet normal 0 0 -1
    outer loop
      vertex 20.2 -44 20.2
      vertex 4.05689 -23.087 20.2
      vertex 4.13619 -22.7293 20.2
    endloop
  endfacet
  facet normal 0 0 -1
    outer loop
      vertex 20.2 -44 20.2
      vertex 3.94671 -23.4365 20.2
      vertex 4.05689 -23.087 20.2
    endloop
  endfacet
  facet normal 0 0 -1
    outer loop
      vertex 20.2 -44 20.2
      vertex 3.80649 -23.775 20.2
      vertex 3.94671 -23.4365 20.2
    endloop
  endfacet
  facet normal 0 0 -1
    outer loop
      vertex 20.2 -44 20.2
      vertex 3.63731 -24.1 20.2
      vertex 3.80649 -23.775 20.2
    endloop
  endfacet
  facet normal 0 0 -1
    outer loop
      vertex 20.2 -44 20.2
      vertex 3.44044 -24.409 20.2
      vertex 3.63731 -24.1 20.2
    endloop
  endfacet
  facet normal 0 0 -1
    outer loop
      vertex 20.2 -44 20.2
      vertex 3.21739 -24.6997 20.2
      vertex 3.44044 -24.409 20.2
    endloop
  endfacet
  facet normal 0 0 -1
    outer loop
      vertex 20.2 -44 20.2
      vertex 2.96985 -24.9698 20.2
      vertex 3.21739 -24.6997 20.2
    endloop
  endfacet
  facet normal 0 0 -1
    outer loop
      vertex 20.2 -44 20.2
      vertex 2.69971 -25.2174 20.2
      vertex 2.96985 -24.9698 20.2
    endloop
  endfacet
  facet normal 0 0 -1
    outer loop
      vertex 20.2 -44 20.2
      vertex 2.40902 -25.4404 20.2
      vertex 2.69971 -25.2174 20.2
    endloop
  endfacet
  facet normal 0 0 -1
    outer loop
      vertex 20.2 -44 20.2
      vertex 2.1 -25.6373 20.2
      vertex 2.40902 -25.4404 20.2
    endloop
  endfacet
  facet normal 0 0 -1
    outer loop
      vertex 20.2 -44 20.2
      vertex 1.775 -25.8065 20.2
      vertex 2.1 -25.6373 20.2
    endloop
  endfacet
  facet normal 0 0 -1
    outer loop
      vertex 20.2 -44 20.2
      vertex 1.43648 -25.9467 20.2
      vertex 1.775 -25.8065 20.2
    endloop
  endfacet
  facet normal 0 0 -1
    outer loop
      vertex 20.2 -44 20.2
      vertex 1.08704 -26.0569 20.2
      vertex 1.43648 -25.9467 20.2
    endloop
  endfacet
  facet normal 0 0 -1
    outer loop
      vertex 20.2 -44 20.2
      vertex 0.729321 -26.1362 20.2
      vertex 1.08704 -26.0569 20.2
    endloop
  endfacet
  facet normal 0 0 -1
    outer loop
      vertex 20.2 -44 20.2
      vertex 0.366054 -26.184 20.2
      vertex 0.729321 -26.1362 20.2
    endloop
  endfacet
  facet normal 0 0 -1
    outer loop
      vertex 20.2 -44 20.2
      vertex 0 -26.2 20.2
      vertex 0.366054 -26.184 20.2
    endloop
  endfacet
  facet normal 0 0 -1
    outer loop
      vertex -20.2 -44 20.2
      vertex 0 -26.2 20.2
      vertex 20.2 -44 20.2
    endloop
  endfacet
  facet normal -0 0 -1
    outer loop
      vertex 0 -26.2 20.2
      vertex -20.2 -44 20.2
      vertex -0.366054 -26.184 20.2
    endloop
  endfacet
  facet normal -0 0 -1
    outer loop
      vertex -0.366054 -26.184 20.2
      vertex -20.2 -44 20.2
      vertex -0.729321 -26.1362 20.2
    endloop
  endfacet
  facet normal -0 0 -1
    outer loop
      vertex -0.729321 -26.1362 20.2
      vertex -20.2 -44 20.2
      vertex -1.08704 -26.0569 20.2
    endloop
  endfacet
  facet normal -0 0 -1
    outer loop
      vertex -1.08704 -26.0569 20.2
      vertex -20.2 -44 20.2
      vertex -1.43648 -25.9467 20.2
    endloop
  endfacet
  facet normal -0 0 -1
    outer loop
      vertex -1.43648 -25.9467 20.2
      vertex -20.2 -44 20.2
      vertex -1.775 -25.8065 20.2
    endloop
  endfacet
  facet normal -0 0 -1
    outer loop
      vertex -1.775 -25.8065 20.2
      vertex -20.2 -44 20.2
      vertex -2.1 -25.6373 20.2
    endloop
  endfacet
  facet normal -0 0 -1
    outer loop
      vertex -2.1 -25.6373 20.2
      vertex -20.2 -44 20.2
      vertex -2.40902 -25.4404 20.2
    endloop
  endfacet
  facet normal -0 0 -1
    outer loop
      vertex -4.18402 -22.3661 20.2
      vertex -20.2 -44 20.2
      vertex -4.2 -22 20.2
    endloop
  endfacet
  facet normal -0 0 -1
    outer loop
      vertex -4.13619 -22.7293 20.2
      vertex -20.2 -44 20.2
      vertex -4.18402 -22.3661 20.2
    endloop
  endfacet
  facet normal -0 0 -1
    outer loop
      vertex -4.05689 -23.087 20.2
      vertex -20.2 -44 20.2
      vertex -4.13619 -22.7293 20.2
    endloop
  endfacet
  facet normal -0 0 -1
    outer loop
      vertex -3.94671 -23.4365 20.2
      vertex -20.2 -44 20.2
      vertex -4.05689 -23.087 20.2
    endloop
  endfacet
  facet normal -0 0 -1
    outer loop
      vertex -3.80649 -23.775 20.2
      vertex -20.2 -44 20.2
      vertex -3.94671 -23.4365 20.2
    endloop
  endfacet
  facet normal -0 0 -1
    outer loop
      vertex -3.63731 -24.1 20.2
      vertex -20.2 -44 20.2
      vertex -3.80649 -23.775 20.2
    endloop
  endfacet
  facet normal -0 0 -1
    outer loop
      vertex -3.44044 -24.409 20.2
      vertex -20.2 -44 20.2
      vertex -3.63731 -24.1 20.2
    endloop
  endfacet
  facet normal -0 0 -1
    outer loop
      vertex -3.21739 -24.6997 20.2
      vertex -20.2 -44 20.2
      vertex -3.44044 -24.409 20.2
    endloop
  endfacet
  facet normal -0 0 -1
    outer loop
      vertex -2.96985 -24.9698 20.2
      vertex -20.2 -44 20.2
      vertex -3.21739 -24.6997 20.2
    endloop
  endfacet
  facet normal -0 0 -1
    outer loop
      vertex -2.69971 -25.2174 20.2
      vertex -20.2 -44 20.2
      vertex -2.96985 -24.9698 20.2
    endloop
  endfacet
  facet normal -0 0 -1
    outer loop
      vertex -2.40902 -25.4404 20.2
      vertex -20.2 -44 20.2
      vertex -2.69971 -25.2174 20.2
    endloop
  endfacet
  facet normal 0 0 -1
    outer loop
      vertex 4.18402 -21.6339 20.2
      vertex 20.2 0 20.2
      vertex 4.2 -22 20.2
    endloop
  endfacet
  facet normal 0 0 -1
    outer loop
      vertex 4.13619 -21.2707 20.2
      vertex 20.2 0 20.2
      vertex 4.18402 -21.6339 20.2
    endloop
  endfacet
  facet normal 0 0 -1
    outer loop
      vertex 4.05689 -20.913 20.2
      vertex 20.2 0 20.2
      vertex 4.13619 -21.2707 20.2
    endloop
  endfacet
  facet normal 0 0 -1
    outer loop
      vertex 3.94671 -20.5635 20.2
      vertex 20.2 0 20.2
      vertex 4.05689 -20.913 20.2
    endloop
  endfacet
  facet normal 0 0 -1
    outer loop
      vertex 3.80649 -20.225 20.2
      vertex 20.2 0 20.2
      vertex 3.94671 -20.5635 20.2
    endloop
  endfacet
  facet normal 0 0 -1
    outer loop
      vertex 3.63731 -19.9 20.2
      vertex 20.2 0 20.2
      vertex 3.80649 -20.225 20.2
    endloop
  endfacet
  facet normal 0 0 -1
    outer loop
      vertex 3.44044 -19.591 20.2
      vertex 20.2 0 20.2
      vertex 3.63731 -19.9 20.2
    endloop
  endfacet
  facet normal 0 0 -1
    outer loop
      vertex 3.21739 -19.3003 20.2
      vertex 20.2 0 20.2
      vertex 3.44044 -19.591 20.2
    endloop
  endfacet
  facet normal 0 0 -1
    outer loop
      vertex 2.96985 -19.0302 20.2
      vertex 20.2 0 20.2
      vertex 3.21739 -19.3003 20.2
    endloop
  endfacet
  facet normal 0 0 -1
    outer loop
      vertex 2.69971 -18.7826 20.2
      vertex 20.2 0 20.2
      vertex 2.96985 -19.0302 20.2
    endloop
  endfacet
  facet normal 0 0 -1
    outer loop
      vertex 2.40902 -18.5596 20.2
      vertex 20.2 0 20.2
      vertex 2.69971 -18.7826 20.2
    endloop
  endfacet
  facet normal 0 0 -1
    outer loop
      vertex 2.1 -18.3627 20.2
      vertex 20.2 0 20.2
      vertex 2.40902 -18.5596 20.2
    endloop
  endfacet
  facet normal 0 0 -1
    outer loop
      vertex 1.775 -18.1935 20.2
      vertex 20.2 0 20.2
      vertex 2.1 -18.3627 20.2
    endloop
  endfacet
  facet normal 0 0 -1
    outer loop
      vertex 1.43648 -18.0533 20.2
      vertex 20.2 0 20.2
      vertex 1.775 -18.1935 20.2
    endloop
  endfacet
  facet normal 0 0 -1
    outer loop
      vertex 1.08704 -17.9431 20.2
      vertex 20.2 0 20.2
      vertex 1.43648 -18.0533 20.2
    endloop
  endfacet
  facet normal 0 0 -1
    outer loop
      vertex 0.729321 -17.8638 20.2
      vertex 20.2 0 20.2
      vertex 1.08704 -17.9431 20.2
    endloop
  endfacet
  facet normal 0 0 -1
    outer loop
      vertex 0.366054 -17.816 20.2
      vertex 20.2 0 20.2
      vertex 0.729321 -17.8638 20.2
    endloop
  endfacet
  facet normal 0 0 -1
    outer loop
      vertex 0 -17.8 20.2
      vertex 20.2 0 20.2
      vertex 0.366054 -17.816 20.2
    endloop
  endfacet
  facet normal 0 0 -1
    outer loop
      vertex -20.2 0 20.2
      vertex 0 -17.8 20.2
      vertex -0.366054 -17.816 20.2
    endloop
  endfacet
  facet normal 0 0 -1
    outer loop
      vertex -20.2 0 20.2
      vertex -0.366054 -17.816 20.2
      vertex -0.729321 -17.8638 20.2
    endloop
  endfacet
  facet normal 0 0 -1
    outer loop
      vertex -20.2 0 20.2
      vertex -0.729321 -17.8638 20.2
      vertex -1.08704 -17.9431 20.2
    endloop
  endfacet
  facet normal 0 0 -1
    outer loop
      vertex -20.2 0 20.2
      vertex -1.08704 -17.9431 20.2
      vertex -1.43648 -18.0533 20.2
    endloop
  endfacet
  facet normal 0 0 -1
    outer loop
      vertex -20.2 0 20.2
      vertex -1.43648 -18.0533 20.2
      vertex -1.775 -18.1935 20.2
    endloop
  endfacet
  facet normal 0 0 -1
    outer loop
      vertex -20.2 0 20.2
      vertex -1.775 -18.1935 20.2
      vertex -2.1 -18.3627 20.2
    endloop
  endfacet
  facet normal 0 0 -1
    outer loop
      vertex -20.2 0 20.2
      vertex -2.1 -18.3627 20.2
      vertex -2.40902 -18.5596 20.2
    endloop
  endfacet
  facet normal 0 0 -1
    outer loop
      vertex -20.2 0 20.2
      vertex -2.40902 -18.5596 20.2
      vertex -2.69971 -18.7826 20.2
    endloop
  endfacet
  facet normal 0 0 -1
    outer loop
      vertex -20.2 0 20.2
      vertex -4.2 -22 20.2
      vertex -20.2 -44 20.2
    endloop
  endfacet
  facet normal 0 0 -1
    outer loop
      vertex -4.2 -22 20.2
      vertex -20.2 0 20.2
      vertex -4.18402 -21.6339 20.2
    endloop
  endfacet
  facet normal 0 0 -1
    outer loop
      vertex -4.18402 -21.6339 20.2
      vertex -20.2 0 20.2
      vertex -4.13619 -21.2707 20.2
    endloop
  endfacet
  facet normal 0 0 -1
    outer loop
      vertex -4.13619 -21.2707 20.2
      vertex -20.2 0 20.2
      vertex -4.05689 -20.913 20.2
    endloop
  endfacet
  facet normal 0 0 -1
    outer loop
      vertex -4.05689 -20.913 20.2
      vertex -20.2 0 20.2
      vertex -3.94671 -20.5635 20.2
    endloop
  endfacet
  facet normal 0 0 -1
    outer loop
      vertex -3.94671 -20.5635 20.2
      vertex -20.2 0 20.2
      vertex -3.80649 -20.225 20.2
    endloop
  endfacet
  facet normal 0 0 -1
    outer loop
      vertex -3.80649 -20.225 20.2
      vertex -20.2 0 20.2
      vertex -3.63731 -19.9 20.2
    endloop
  endfacet
  facet normal 0 0 -1
    outer loop
      vertex 0 -17.8 20.2
      vertex -20.2 0 20.2
      vertex 20.2 0 20.2
    endloop
  endfacet
  facet normal 0 0 -1
    outer loop
      vertex -2.96985 -19.0302 20.2
      vertex -20.2 0 20.2
      vertex -2.69971 -18.7826 20.2
    endloop
  endfacet
  facet normal 0 0 -1
    outer loop
      vertex -3.21739 -19.3003 20.2
      vertex -20.2 0 20.2
      vertex -2.96985 -19.0302 20.2
    endloop
  endfacet
  facet normal 0 0 -1
    outer loop
      vertex -3.44044 -19.591 20.2
      vertex -20.2 0 20.2
      vertex -3.21739 -19.3003 20.2
    endloop
  endfacet
  facet normal 0 0 -1
    outer loop
      vertex -3.63731 -19.9 20.2
      vertex -20.2 0 20.2
      vertex -3.44044 -19.591 20.2
    endloop
  endfacet
  facet normal -1 0 0
    outer loop
      vertex 20.2 0 -20.2
      vertex 20.2 -9.28 0
      vertex 20.2 0 20.2
    endloop
  endfacet
  facet normal -1 0 0
    outer loop
      vertex 20.2 0 -20.2
      vertex 20.2 -9.28989 -0.226604
      vertex 20.2 -9.28 0
    endloop
  endfacet
  facet normal -1 0 0
    outer loop
      vertex 20.2 0 -20.2
      vertex 20.2 -9.3195 -0.451485
      vertex 20.2 -9.28989 -0.226604
    endloop
  endfacet
  facet normal -1 0 0
    outer loop
      vertex 20.2 0 -20.2
      vertex 20.2 -9.36859 -0.672929
      vertex 20.2 -9.3195 -0.451485
    endloop
  endfacet
  facet normal -1 0 0
    outer loop
      vertex 20.2 0 -20.2
      vertex 20.2 -9.4368 -0.889252
      vertex 20.2 -9.36859 -0.672929
    endloop
  endfacet
  facet normal -1 0 0
    outer loop
      vertex 20.2 0 -20.2
      vertex 20.2 -9.5236 -1.09881
      vertex 20.2 -9.4368 -0.889252
    endloop
  endfacet
  facet normal -1 0 0
    outer loop
      vertex 20.2 0 -20.2
      vertex 20.2 -9.62833 -1.3
      vertex 20.2 -9.5236 -1.09881
    endloop
  endfacet
  facet normal -1 0 0
    outer loop
      vertex 20.2 0 -20.2
      vertex 20.2 -9.75021 -1.4913
      vertex 20.2 -9.62833 -1.3
    endloop
  endfacet
  facet normal -1 0 0
    outer loop
      vertex 20.2 0 -20.2
      vertex 20.2 -9.88828 -1.67125
      vertex 20.2 -9.75021 -1.4913
    endloop
  endfacet
  facet normal -1 0 0
    outer loop
      vertex 20.2 0 -20.2
      vertex 20.2 -10.0415 -1.83848
      vertex 20.2 -9.88828 -1.67125
    endloop
  endfacet
  facet normal -1 0 0
    outer loop
      vertex 20.2 0 -20.2
      vertex 20.2 -10.2088 -1.99172
      vertex 20.2 -10.0415 -1.83848
    endloop
  endfacet
  facet normal -1 0 0
    outer loop
      vertex 20.2 0 -20.2
      vertex 20.2 -10.3887 -2.1298
      vertex 20.2 -10.2088 -1.99172
    endloop
  endfacet
  facet normal -1 0 0
    outer loop
      vertex 20.2 0 -20.2
      vertex 20.2 -10.58 -2.25167
      vertex 20.2 -10.3887 -2.1298
    endloop
  endfacet
  facet normal -1 0 0
    outer loop
      vertex 20.2 0 -20.2
      vertex 20.2 -10.7812 -2.3564
      vertex 20.2 -10.58 -2.25167
    endloop
  endfacet
  facet normal -1 0 0
    outer loop
      vertex 20.2 0 -20.2
      vertex 20.2 -10.9907 -2.4432
      vertex 20.2 -10.7812 -2.3564
    endloop
  endfacet
  facet normal -1 0 0
    outer loop
      vertex 20.2 0 -20.2
      vertex 20.2 -11.2071 -2.51141
      vertex 20.2 -10.9907 -2.4432
    endloop
  endfacet
  facet normal -1 0 0
    outer loop
      vertex 20.2 0 -20.2
      vertex 20.2 -11.4285 -2.5605
      vertex 20.2 -11.2071 -2.51141
    endloop
  endfacet
  facet normal -1 0 0
    outer loop
      vertex 20.2 0 -20.2
      vertex 20.2 -11.6534 -2.59011
      vertex 20.2 -11.4285 -2.5605
    endloop
  endfacet
  facet normal -1 0 0
    outer loop
      vertex 20.2 0 -20.2
      vertex 20.2 -11.88 -2.6
      vertex 20.2 -11.6534 -2.59011
    endloop
  endfacet
  facet normal -1 0 0
    outer loop
      vertex 20.2 0 -20.2
      vertex 20.2 -12.1066 -2.59011
      vertex 20.2 -11.88 -2.6
    endloop
  endfacet
  facet normal -1 0 0
    outer loop
      vertex 20.2 0 -20.2
      vertex 20.2 -12.3315 -2.5605
      vertex 20.2 -12.1066 -2.59011
    endloop
  endfacet
  facet normal -1 0 0
    outer loop
      vertex 20.2 0 -20.2
      vertex 20.2 -12.5529 -2.51141
      vertex 20.2 -12.3315 -2.5605
    endloop
  endfacet
  facet normal -1 0 0
    outer loop
      vertex 20.2 0 -20.2
      vertex 20.2 -12.7693 -2.4432
      vertex 20.2 -12.5529 -2.51141
    endloop
  endfacet
  facet normal -1 0 0
    outer loop
      vertex 20.2 0 -20.2
      vertex 20.2 -12.9788 -2.3564
      vertex 20.2 -12.7693 -2.4432
    endloop
  endfacet
  facet normal -1 0 0
    outer loop
      vertex 20.2 -31.0212 -2.3564
      vertex 20.2 -12.9788 -2.3564
      vertex 20.2 0 -20.2
    endloop
  endfacet
  facet normal -1 0 0
    outer loop
      vertex 20.2 -12.9788 -2.3564
      vertex 20.2 -31.0212 -2.3564
      vertex 20.2 -13.18 -2.25167
    endloop
  endfacet
  facet normal -1 0 -0
    outer loop
      vertex 20.2 -30.82 -2.25167
      vertex 20.2 -13.18 -2.25167
      vertex 20.2 -31.0212 -2.3564
    endloop
  endfacet
  facet normal -1 0 0
    outer loop
      vertex 20.2 -13.18 -2.25167
      vertex 20.2 -30.82 -2.25167
      vertex 20.2 -13.3713 -2.1298
    endloop
  endfacet
  facet normal -1 0 -0
    outer loop
      vertex 20.2 -30.6287 -2.1298
      vertex 20.2 -13.3713 -2.1298
      vertex 20.2 -30.82 -2.25167
    endloop
  endfacet
  facet normal -1 0 0
    outer loop
      vertex 20.2 -13.3713 -2.1298
      vertex 20.2 -30.6287 -2.1298
      vertex 20.2 -13.5512 -1.99172
    endloop
  endfacet
  facet normal -1 0 0
    outer loop
      vertex 20.2 -14.4701 -0.226604
      vertex 20.2 -29.52 0
      vertex 20.2 -14.48 0
    endloop
  endfacet
  facet normal -1 0 0
    outer loop
      vertex 20.2 -29.5299 -0.226604
      vertex 20.2 -14.4701 -0.226604
      vertex 20.2 -14.4405 -0.451485
    endloop
  endfacet
  facet normal -1 0 0
    outer loop
      vertex 20.2 -29.5595 -0.451485
      vertex 20.2 -14.4405 -0.451485
      vertex 20.2 -14.3914 -0.672929
    endloop
  endfacet
  facet normal -1 0 0
    outer loop
      vertex 20.2 -29.6086 -0.672929
      vertex 20.2 -14.3914 -0.672929
      vertex 20.2 -14.3232 -0.889252
    endloop
  endfacet
  facet normal -1 0 0
    outer loop
      vertex 20.2 -29.6768 -0.889252
      vertex 20.2 -14.3232 -0.889252
      vertex 20.2 -14.2364 -1.09881
    endloop
  endfacet
  facet normal -1 0 0
    outer loop
      vertex 20.2 -29.7636 -1.09881
      vertex 20.2 -14.2364 -1.09881
      vertex 20.2 -14.1317 -1.3
    endloop
  endfacet
  facet normal -1 0 0
    outer loop
      vertex 20.2 -29.8683 -1.3
      vertex 20.2 -14.1317 -1.3
      vertex 20.2 -14.0098 -1.4913
    endloop
  endfacet
  facet normal -1 0 -0
    outer loop
      vertex 20.2 -30.4488 -1.99172
      vertex 20.2 -13.5512 -1.99172
      vertex 20.2 -30.6287 -2.1298
    endloop
  endfacet
  facet normal -1 0 0
    outer loop
      vertex 20.2 -14.4701 -0.226604
      vertex 20.2 -29.5299 -0.226604
      vertex 20.2 -29.52 0
    endloop
  endfacet
  facet normal -1 0 0
    outer loop
      vertex 20.2 -14.4405 -0.451485
      vertex 20.2 -29.5595 -0.451485
      vertex 20.2 -29.5299 -0.226604
    endloop
  endfacet
  facet normal -1 0 0
    outer loop
      vertex 20.2 -14.3914 -0.672929
      vertex 20.2 -29.6086 -0.672929
      vertex 20.2 -29.5595 -0.451485
    endloop
  endfacet
  facet normal -1 0 0
    outer loop
      vertex 20.2 -14.3232 -0.889252
      vertex 20.2 -29.6768 -0.889252
      vertex 20.2 -29.6086 -0.672929
    endloop
  endfacet
  facet normal -1 0 0
    outer loop
      vertex 20.2 -14.2364 -1.09881
      vertex 20.2 -29.7636 -1.09881
      vertex 20.2 -29.6768 -0.889252
    endloop
  endfacet
  facet normal -1 0 0
    outer loop
      vertex 20.2 -14.1317 -1.3
      vertex 20.2 -29.8683 -1.3
      vertex 20.2 -29.7636 -1.09881
    endloop
  endfacet
  facet normal -1 0 0
    outer loop
      vertex 20.2 -14.0098 -1.4913
      vertex 20.2 -29.9902 -1.4913
      vertex 20.2 -29.8683 -1.3
    endloop
  endfacet
  facet normal -1 -0 0
    outer loop
      vertex 20.2 -14.0098 -1.4913
      vertex 20.2 -30.1283 -1.67125
      vertex 20.2 -29.9902 -1.4913
    endloop
  endfacet
  facet normal -1 0 0
    outer loop
      vertex 20.2 -13.8717 -1.67125
      vertex 20.2 -30.1283 -1.67125
      vertex 20.2 -14.0098 -1.4913
    endloop
  endfacet
  facet normal -1 0 -0
    outer loop
      vertex 20.2 -30.1283 -1.67125
      vertex 20.2 -13.8717 -1.67125
      vertex 20.2 -30.2815 -1.83848
    endloop
  endfacet
  facet normal -1 0 0
    outer loop
      vertex 20.2 -13.7185 -1.83848
      vertex 20.2 -30.2815 -1.83848
      vertex 20.2 -13.8717 -1.67125
    endloop
  endfacet
  facet normal -1 0 -0
    outer loop
      vertex 20.2 -30.2815 -1.83848
      vertex 20.2 -13.7185 -1.83848
      vertex 20.2 -30.4488 -1.99172
    endloop
  endfacet
  facet normal -1 0 0
    outer loop
      vertex 20.2 -13.5512 -1.99172
      vertex 20.2 -30.4488 -1.99172
      vertex 20.2 -13.7185 -1.83848
    endloop
  endfacet
  facet normal -1 0 0
    outer loop
      vertex 20.2 -44 -20.2
      vertex 20.2 -31.0212 -2.3564
      vertex 20.2 0 -20.2
    endloop
  endfacet
  facet normal -1 0 0
    outer loop
      vertex 20.2 -31.0212 -2.3564
      vertex 20.2 -44 -20.2
      vertex 20.2 -31.2307 -2.4432
    endloop
  endfacet
  facet normal -1 0 0
    outer loop
      vertex 20.2 -31.2307 -2.4432
      vertex 20.2 -44 -20.2
      vertex 20.2 -31.4471 -2.51141
    endloop
  endfacet
  facet normal -1 0 0
    outer loop
      vertex 20.2 -31.4471 -2.51141
      vertex 20.2 -44 -20.2
      vertex 20.2 -31.6685 -2.5605
    endloop
  endfacet
  facet normal -1 0 0
    outer loop
      vertex 20.2 -31.6685 -2.5605
      vertex 20.2 -44 -20.2
      vertex 20.2 -31.8934 -2.59011
    endloop
  endfacet
  facet normal -1 0 0
    outer loop
      vertex 20.2 -31.8934 -2.59011
      vertex 20.2 -44 -20.2
      vertex 20.2 -32.12 -2.6
    endloop
  endfacet
  facet normal -1 -0 0
    outer loop
      vertex 20.2 -32.12 -2.6
      vertex 20.2 -44 -20.2
      vertex 20.2 -32.3466 -2.59011
    endloop
  endfacet
  facet normal -1 -0 0
    outer loop
      vertex 20.2 -32.3466 -2.59011
      vertex 20.2 -44 -20.2
      vertex 20.2 -32.5715 -2.5605
    endloop
  endfacet
  facet normal -1 -0 0
    outer loop
      vertex 20.2 -32.5715 -2.5605
      vertex 20.2 -44 -20.2
      vertex 20.2 -32.7929 -2.51141
    endloop
  endfacet
  facet normal -1 -0 0
    outer loop
      vertex 20.2 -32.7929 -2.51141
      vertex 20.2 -44 -20.2
      vertex 20.2 -33.0093 -2.4432
    endloop
  endfacet
  facet normal -1 -0 0
    outer loop
      vertex 20.2 -33.0093 -2.4432
      vertex 20.2 -44 -20.2
      vertex 20.2 -33.2188 -2.3564
    endloop
  endfacet
  facet normal -1 -0 0
    outer loop
      vertex 20.2 -34.7101 -0.226604
      vertex 20.2 -44 -20.2
      vertex 20.2 -34.72 0
    endloop
  endfacet
  facet normal -1 -0 0
    outer loop
      vertex 20.2 -34.6805 -0.451485
      vertex 20.2 -44 -20.2
      vertex 20.2 -34.7101 -0.226604
    endloop
  endfacet
  facet normal -1 -0 0
    outer loop
      vertex 20.2 -34.6314 -0.672929
      vertex 20.2 -44 -20.2
      vertex 20.2 -34.6805 -0.451485
    endloop
  endfacet
  facet normal -1 -0 0
    outer loop
      vertex 20.2 -34.5632 -0.889252
      vertex 20.2 -44 -20.2
      vertex 20.2 -34.6314 -0.672929
    endloop
  endfacet
  facet normal -1 -0 0
    outer loop
      vertex 20.2 -34.4764 -1.09881
      vertex 20.2 -44 -20.2
      vertex 20.2 -34.5632 -0.889252
    endloop
  endfacet
  facet normal -1 -0 0
    outer loop
      vertex 20.2 -34.3717 -1.3
      vertex 20.2 -44 -20.2
      vertex 20.2 -34.4764 -1.09881
    endloop
  endfacet
  facet normal -1 -0 0
    outer loop
      vertex 20.2 -34.2498 -1.4913
      vertex 20.2 -44 -20.2
      vertex 20.2 -34.3717 -1.3
    endloop
  endfacet
  facet normal -1 -0 0
    outer loop
      vertex 20.2 -34.1117 -1.67125
      vertex 20.2 -44 -20.2
      vertex 20.2 -34.2498 -1.4913
    endloop
  endfacet
  facet normal -1 -0 0
    outer loop
      vertex 20.2 -33.9585 -1.83848
      vertex 20.2 -44 -20.2
      vertex 20.2 -34.1117 -1.67125
    endloop
  endfacet
  facet normal -1 -0 0
    outer loop
      vertex 20.2 -33.7912 -1.99172
      vertex 20.2 -44 -20.2
      vertex 20.2 -33.9585 -1.83848
    endloop
  endfacet
  facet normal -1 -0 0
    outer loop
      vertex 20.2 -33.6113 -2.1298
      vertex 20.2 -44 -20.2
      vertex 20.2 -33.7912 -1.99172
    endloop
  endfacet
  facet normal -1 -0 0
    outer loop
      vertex 20.2 -33.42 -2.25167
      vertex 20.2 -44 -20.2
      vertex 20.2 -33.6113 -2.1298
    endloop
  endfacet
  facet normal -1 -0 0
    outer loop
      vertex 20.2 -33.2188 -2.3564
      vertex 20.2 -44 -20.2
      vertex 20.2 -33.42 -2.25167
    endloop
  endfacet
  facet normal -1 0 0
    outer loop
      vertex 20.2 -9.28989 0.226604
      vertex 20.2 0 20.2
      vertex 20.2 -9.28 0
    endloop
  endfacet
  facet normal -1 0 0
    outer loop
      vertex 20.2 -9.3195 0.451485
      vertex 20.2 0 20.2
      vertex 20.2 -9.28989 0.226604
    endloop
  endfacet
  facet normal -1 0 0
    outer loop
      vertex 20.2 -9.36859 0.672929
      vertex 20.2 0 20.2
      vertex 20.2 -9.3195 0.451485
    endloop
  endfacet
  facet normal -1 0 0
    outer loop
      vertex 20.2 -9.4368 0.889252
      vertex 20.2 0 20.2
      vertex 20.2 -9.36859 0.672929
    endloop
  endfacet
  facet normal -1 0 0
    outer loop
      vertex 20.2 -9.5236 1.09881
      vertex 20.2 0 20.2
      vertex 20.2 -9.4368 0.889252
    endloop
  endfacet
  facet normal -1 0 0
    outer loop
      vertex 20.2 -9.62833 1.3
      vertex 20.2 0 20.2
      vertex 20.2 -9.5236 1.09881
    endloop
  endfacet
  facet normal -1 0 0
    outer loop
      vertex 20.2 -9.75021 1.4913
      vertex 20.2 0 20.2
      vertex 20.2 -9.62833 1.3
    endloop
  endfacet
  facet normal -1 0 0
    outer loop
      vertex 20.2 -9.88828 1.67125
      vertex 20.2 0 20.2
      vertex 20.2 -9.75021 1.4913
    endloop
  endfacet
  facet normal -1 0 0
    outer loop
      vertex 20.2 -10.0415 1.83848
      vertex 20.2 0 20.2
      vertex 20.2 -9.88828 1.67125
    endloop
  endfacet
  facet normal -1 0 0
    outer loop
      vertex 20.2 -10.2088 1.99172
      vertex 20.2 0 20.2
      vertex 20.2 -10.0415 1.83848
    endloop
  endfacet
  facet normal -1 0 0
    outer loop
      vertex 20.2 -10.3887 2.1298
      vertex 20.2 0 20.2
      vertex 20.2 -10.2088 1.99172
    endloop
  endfacet
  facet normal -1 0 0
    outer loop
      vertex 20.2 -10.58 2.25167
      vertex 20.2 0 20.2
      vertex 20.2 -10.3887 2.1298
    endloop
  endfacet
  facet normal -1 0 0
    outer loop
      vertex 20.2 -10.7812 2.3564
      vertex 20.2 0 20.2
      vertex 20.2 -10.58 2.25167
    endloop
  endfacet
  facet normal -1 0 0
    outer loop
      vertex 20.2 -10.9907 2.4432
      vertex 20.2 0 20.2
      vertex 20.2 -10.7812 2.3564
    endloop
  endfacet
  facet normal -1 0 0
    outer loop
      vertex 20.2 -11.2071 2.51141
      vertex 20.2 0 20.2
      vertex 20.2 -10.9907 2.4432
    endloop
  endfacet
  facet normal -1 0 0
    outer loop
      vertex 20.2 -11.4285 2.5605
      vertex 20.2 0 20.2
      vertex 20.2 -11.2071 2.51141
    endloop
  endfacet
  facet normal -1 0 0
    outer loop
      vertex 20.2 -11.6534 2.59011
      vertex 20.2 0 20.2
      vertex 20.2 -11.4285 2.5605
    endloop
  endfacet
  facet normal -1 0 0
    outer loop
      vertex 20.2 -11.88 2.6
      vertex 20.2 0 20.2
      vertex 20.2 -11.6534 2.59011
    endloop
  endfacet
  facet normal -1 0 0
    outer loop
      vertex 20.2 -12.1066 2.59011
      vertex 20.2 0 20.2
      vertex 20.2 -11.88 2.6
    endloop
  endfacet
  facet normal -1 0 0
    outer loop
      vertex 20.2 -12.3315 2.5605
      vertex 20.2 0 20.2
      vertex 20.2 -12.1066 2.59011
    endloop
  endfacet
  facet normal -1 0 0
    outer loop
      vertex 20.2 -12.5529 2.51141
      vertex 20.2 0 20.2
      vertex 20.2 -12.3315 2.5605
    endloop
  endfacet
  facet normal -1 0 0
    outer loop
      vertex 20.2 -12.7693 2.4432
      vertex 20.2 0 20.2
      vertex 20.2 -12.5529 2.51141
    endloop
  endfacet
  facet normal -1 0 0
    outer loop
      vertex 20.2 -12.9788 2.3564
      vertex 20.2 0 20.2
      vertex 20.2 -12.7693 2.4432
    endloop
  endfacet
  facet normal -1 0 0
    outer loop
      vertex 20.2 -31.0212 2.3564
      vertex 20.2 -12.9788 2.3564
      vertex 20.2 -13.18 2.25167
    endloop
  endfacet
  facet normal -1 0 0
    outer loop
      vertex 20.2 -30.82 2.25167
      vertex 20.2 -13.18 2.25167
      vertex 20.2 -13.3713 2.1298
    endloop
  endfacet
  facet normal -1 0 0
    outer loop
      vertex 20.2 -30.6287 2.1298
      vertex 20.2 -13.3713 2.1298
      vertex 20.2 -13.5512 1.99172
    endloop
  endfacet
  facet normal -1 0 0
    outer loop
      vertex 20.2 -30.4488 1.99172
      vertex 20.2 -13.5512 1.99172
      vertex 20.2 -13.7185 1.83848
    endloop
  endfacet
  facet normal -1 0 0
    outer loop
      vertex 20.2 -30.2815 1.83848
      vertex 20.2 -13.7185 1.83848
      vertex 20.2 -13.8717 1.67125
    endloop
  endfacet
  facet normal -1 0 0
    outer loop
      vertex 20.2 -30.1283 1.67125
      vertex 20.2 -13.8717 1.67125
      vertex 20.2 -14.0098 1.4913
    endloop
  endfacet
  facet normal -1 0 0
    outer loop
      vertex 20.2 -29.52 0
      vertex 20.2 -14.4701 0.226604
      vertex 20.2 -14.48 0
    endloop
  endfacet
  facet normal -1 0 0
    outer loop
      vertex 20.2 -29.5299 0.226604
      vertex 20.2 -14.4701 0.226604
      vertex 20.2 -29.52 0
    endloop
  endfacet
  facet normal -1 0 0
    outer loop
      vertex 20.2 -14.4701 0.226604
      vertex 20.2 -29.5299 0.226604
      vertex 20.2 -14.4405 0.451485
    endloop
  endfacet
  facet normal -1 0 0
    outer loop
      vertex 20.2 -29.5595 0.451485
      vertex 20.2 -14.4405 0.451485
      vertex 20.2 -29.5299 0.226604
    endloop
  endfacet
  facet normal -1 0 0
    outer loop
      vertex 20.2 -14.4405 0.451485
      vertex 20.2 -29.5595 0.451485
      vertex 20.2 -14.3914 0.672929
    endloop
  endfacet
  facet normal -1 0 0
    outer loop
      vertex 20.2 -29.6086 0.672929
      vertex 20.2 -14.3914 0.672929
      vertex 20.2 -29.5595 0.451485
    endloop
  endfacet
  facet normal -1 0 0
    outer loop
      vertex 20.2 -14.3914 0.672929
      vertex 20.2 -29.6086 0.672929
      vertex 20.2 -14.3232 0.889252
    endloop
  endfacet
  facet normal -1 0 0
    outer loop
      vertex 20.2 -29.6768 0.889252
      vertex 20.2 -14.3232 0.889252
      vertex 20.2 -29.6086 0.672929
    endloop
  endfacet
  facet normal -1 0 0
    outer loop
      vertex 20.2 -14.3232 0.889252
      vertex 20.2 -29.6768 0.889252
      vertex 20.2 -14.2364 1.09881
    endloop
  endfacet
  facet normal -1 0 0
    outer loop
      vertex 20.2 -29.7636 1.09881
      vertex 20.2 -14.2364 1.09881
      vertex 20.2 -29.6768 0.889252
    endloop
  endfacet
  facet normal -1 0 0
    outer loop
      vertex 20.2 -14.2364 1.09881
      vertex 20.2 -29.7636 1.09881
      vertex 20.2 -14.1317 1.3
    endloop
  endfacet
  facet normal -1 0 0
    outer loop
      vertex 20.2 -29.8683 1.3
      vertex 20.2 -14.1317 1.3
      vertex 20.2 -29.7636 1.09881
    endloop
  endfacet
  facet normal -1 0 0
    outer loop
      vertex 20.2 -14.1317 1.3
      vertex 20.2 -29.8683 1.3
      vertex 20.2 -14.0098 1.4913
    endloop
  endfacet
  facet normal -1 0 0
    outer loop
      vertex 20.2 -29.9902 1.4913
      vertex 20.2 -14.0098 1.4913
      vertex 20.2 -29.8683 1.3
    endloop
  endfacet
  facet normal -1 0 0
    outer loop
      vertex 20.2 -30.1283 1.67125
      vertex 20.2 -14.0098 1.4913
      vertex 20.2 -29.9902 1.4913
    endloop
  endfacet
  facet normal -1 0 0
    outer loop
      vertex 20.2 -13.8717 1.67125
      vertex 20.2 -30.1283 1.67125
      vertex 20.2 -30.2815 1.83848
    endloop
  endfacet
  facet normal -1 0 0
    outer loop
      vertex 20.2 -13.7185 1.83848
      vertex 20.2 -30.2815 1.83848
      vertex 20.2 -30.4488 1.99172
    endloop
  endfacet
  facet normal -1 0 0
    outer loop
      vertex 20.2 -13.5512 1.99172
      vertex 20.2 -30.4488 1.99172
      vertex 20.2 -30.6287 2.1298
    endloop
  endfacet
  facet normal -1 0 0
    outer loop
      vertex 20.2 -13.3713 2.1298
      vertex 20.2 -30.6287 2.1298
      vertex 20.2 -30.82 2.25167
    endloop
  endfacet
  facet normal -1 0 0
    outer loop
      vertex 20.2 -13.18 2.25167
      vertex 20.2 -30.82 2.25167
      vertex 20.2 -31.0212 2.3564
    endloop
  endfacet
  facet normal -1 0 0
    outer loop
      vertex 20.2 -12.9788 2.3564
      vertex 20.2 -31.0212 2.3564
      vertex 20.2 0 20.2
    endloop
  endfacet
  facet normal -1 0 0
    outer loop
      vertex 20.2 -44 20.2
      vertex 20.2 -31.0212 2.3564
      vertex 20.2 -31.2307 2.4432
    endloop
  endfacet
  facet normal -1 0 0
    outer loop
      vertex 20.2 -44 20.2
      vertex 20.2 -31.2307 2.4432
      vertex 20.2 -31.4471 2.51141
    endloop
  endfacet
  facet normal -1 0 0
    outer loop
      vertex 20.2 -44 20.2
      vertex 20.2 -31.4471 2.51141
      vertex 20.2 -31.6685 2.5605
    endloop
  endfacet
  facet normal -1 0 0
    outer loop
      vertex 20.2 -44 20.2
      vertex 20.2 -31.6685 2.5605
      vertex 20.2 -31.8934 2.59011
    endloop
  endfacet
  facet normal -1 0 0
    outer loop
      vertex 20.2 -44 20.2
      vertex 20.2 -31.8934 2.59011
      vertex 20.2 -32.12 2.6
    endloop
  endfacet
  facet normal -1 0 0
    outer loop
      vertex 20.2 -44 20.2
      vertex 20.2 -32.12 2.6
      vertex 20.2 -32.3466 2.59011
    endloop
  endfacet
  facet normal -1 0 0
    outer loop
      vertex 20.2 -44 20.2
      vertex 20.2 -32.3466 2.59011
      vertex 20.2 -32.5715 2.5605
    endloop
  endfacet
  facet normal -1 0 0
    outer loop
      vertex 20.2 -44 20.2
      vertex 20.2 -32.5715 2.5605
      vertex 20.2 -32.7929 2.51141
    endloop
  endfacet
  facet normal -1 0 0
    outer loop
      vertex 20.2 -44 20.2
      vertex 20.2 -32.7929 2.51141
      vertex 20.2 -33.0093 2.4432
    endloop
  endfacet
  facet normal -1 0 0
    outer loop
      vertex 20.2 -44 20.2
      vertex 20.2 -33.0093 2.4432
      vertex 20.2 -33.2188 2.3564
    endloop
  endfacet
  facet normal -1 0 0
    outer loop
      vertex 20.2 -44 20.2
      vertex 20.2 -33.2188 2.3564
      vertex 20.2 -33.42 2.25167
    endloop
  endfacet
  facet normal -1 0 0
    outer loop
      vertex 20.2 -44 20.2
      vertex 20.2 -34.72 0
      vertex 20.2 -44 -20.2
    endloop
  endfacet
  facet normal -1 0 0
    outer loop
      vertex 20.2 -34.72 0
      vertex 20.2 -44 20.2
      vertex 20.2 -34.7101 0.226604
    endloop
  endfacet
  facet normal -1 0 0
    outer loop
      vertex 20.2 -34.7101 0.226604
      vertex 20.2 -44 20.2
      vertex 20.2 -34.6805 0.451485
    endloop
  endfacet
  facet normal -1 0 0
    outer loop
      vertex 20.2 -34.6805 0.451485
      vertex 20.2 -44 20.2
      vertex 20.2 -34.6314 0.672929
    endloop
  endfacet
  facet normal -1 0 0
    outer loop
      vertex 20.2 -34.6314 0.672929
      vertex 20.2 -44 20.2
      vertex 20.2 -34.5632 0.889252
    endloop
  endfacet
  facet normal -1 0 0
    outer loop
      vertex 20.2 -31.0212 2.3564
      vertex 20.2 -44 20.2
      vertex 20.2 0 20.2
    endloop
  endfacet
  facet normal -1 0 0
    outer loop
      vertex 20.2 -33.6113 2.1298
      vertex 20.2 -44 20.2
      vertex 20.2 -33.42 2.25167
    endloop
  endfacet
  facet normal -1 0 0
    outer loop
      vertex 20.2 -33.7912 1.99172
      vertex 20.2 -44 20.2
      vertex 20.2 -33.6113 2.1298
    endloop
  endfacet
  facet normal -1 0 0
    outer loop
      vertex 20.2 -33.9585 1.83848
      vertex 20.2 -44 20.2
      vertex 20.2 -33.7912 1.99172
    endloop
  endfacet
  facet normal -1 0 0
    outer loop
      vertex 20.2 -34.1117 1.67125
      vertex 20.2 -44 20.2
      vertex 20.2 -33.9585 1.83848
    endloop
  endfacet
  facet normal -1 0 0
    outer loop
      vertex 20.2 -34.2498 1.4913
      vertex 20.2 -44 20.2
      vertex 20.2 -34.1117 1.67125
    endloop
  endfacet
  facet normal -1 0 0
    outer loop
      vertex 20.2 -34.3717 1.3
      vertex 20.2 -44 20.2
      vertex 20.2 -34.2498 1.4913
    endloop
  endfacet
  facet normal -1 0 0
    outer loop
      vertex 20.2 -34.4764 1.09881
      vertex 20.2 -44 20.2
      vertex 20.2 -34.3717 1.3
    endloop
  endfacet
  facet normal -1 0 0
    outer loop
      vertex 20.2 -34.5632 0.889252
      vertex 20.2 -44 20.2
      vertex 20.2 -34.4764 1.09881
    endloop
  endfacet
  facet normal 0 0 1
    outer loop
      vertex 20.2 0 -20.2
      vertex 4.2 -22 -20.2
      vertex 20.2 -44 -20.2
    endloop
  endfacet
  facet normal 0 0 1
    outer loop
      vertex 20.2 0 -20.2
      vertex 4.18402 -21.6339 -20.2
      vertex 4.2 -22 -20.2
    endloop
  endfacet
  facet normal 0 0 1
    outer loop
      vertex 20.2 0 -20.2
      vertex 4.13619 -21.2707 -20.2
      vertex 4.18402 -21.6339 -20.2
    endloop
  endfacet
  facet normal 0 0 1
    outer loop
      vertex 20.2 0 -20.2
      vertex 4.05689 -20.913 -20.2
      vertex 4.13619 -21.2707 -20.2
    endloop
  endfacet
  facet normal 0 0 1
    outer loop
      vertex 20.2 0 -20.2
      vertex 3.94671 -20.5635 -20.2
      vertex 4.05689 -20.913 -20.2
    endloop
  endfacet
  facet normal 0 0 1
    outer loop
      vertex 20.2 0 -20.2
      vertex 3.80649 -20.225 -20.2
      vertex 3.94671 -20.5635 -20.2
    endloop
  endfacet
  facet normal 0 0 1
    outer loop
      vertex 20.2 0 -20.2
      vertex 3.63731 -19.9 -20.2
      vertex 3.80649 -20.225 -20.2
    endloop
  endfacet
  facet normal 0 0 1
    outer loop
      vertex 20.2 0 -20.2
      vertex 3.44044 -19.591 -20.2
      vertex 3.63731 -19.9 -20.2
    endloop
  endfacet
  facet normal 0 0 1
    outer loop
      vertex 20.2 0 -20.2
      vertex 3.21739 -19.3003 -20.2
      vertex 3.44044 -19.591 -20.2
    endloop
  endfacet
  facet normal 0 0 1
    outer loop
      vertex 20.2 0 -20.2
      vertex 2.96985 -19.0302 -20.2
      vertex 3.21739 -19.3003 -20.2
    endloop
  endfacet
  facet normal 0 0 1
    outer loop
      vertex 20.2 0 -20.2
      vertex 2.69971 -18.7826 -20.2
      vertex 2.96985 -19.0302 -20.2
    endloop
  endfacet
  facet normal 0 0 1
    outer loop
      vertex 20.2 0 -20.2
      vertex 2.40902 -18.5596 -20.2
      vertex 2.69971 -18.7826 -20.2
    endloop
  endfacet
  facet normal 0 0 1
    outer loop
      vertex 20.2 0 -20.2
      vertex 2.1 -18.3627 -20.2
      vertex 2.40902 -18.5596 -20.2
    endloop
  endfacet
  facet normal 0 0 1
    outer loop
      vertex 20.2 0 -20.2
      vertex 1.775 -18.1935 -20.2
      vertex 2.1 -18.3627 -20.2
    endloop
  endfacet
  facet normal 0 0 1
    outer loop
      vertex 20.2 0 -20.2
      vertex 1.43648 -18.0533 -20.2
      vertex 1.775 -18.1935 -20.2
    endloop
  endfacet
  facet normal 0 0 1
    outer loop
      vertex 20.2 0 -20.2
      vertex 1.08704 -17.9431 -20.2
      vertex 1.43648 -18.0533 -20.2
    endloop
  endfacet
  facet normal 0 0 1
    outer loop
      vertex 20.2 0 -20.2
      vertex 0.729321 -17.8638 -20.2
      vertex 1.08704 -17.9431 -20.2
    endloop
  endfacet
  facet normal 0 0 1
    outer loop
      vertex 20.2 0 -20.2
      vertex 0.366054 -17.816 -20.2
      vertex 0.729321 -17.8638 -20.2
    endloop
  endfacet
  facet normal 0 0 1
    outer loop
      vertex 20.2 0 -20.2
      vertex 0 -17.8 -20.2
      vertex 0.366054 -17.816 -20.2
    endloop
  endfacet
  facet normal -0 0 1
    outer loop
      vertex -20.2 0 -20.2
      vertex 0 -17.8 -20.2
      vertex 20.2 0 -20.2
    endloop
  endfacet
  facet normal 0 0 1
    outer loop
      vertex 0 -17.8 -20.2
      vertex -20.2 0 -20.2
      vertex -0.366054 -17.816 -20.2
    endloop
  endfacet
  facet normal 0 0 1
    outer loop
      vertex -0.366054 -17.816 -20.2
      vertex -20.2 0 -20.2
      vertex -0.729321 -17.8638 -20.2
    endloop
  endfacet
  facet normal 0 0 1
    outer loop
      vertex -0.729321 -17.8638 -20.2
      vertex -20.2 0 -20.2
      vertex -1.08704 -17.9431 -20.2
    endloop
  endfacet
  facet normal 0 0 1
    outer loop
      vertex -1.08704 -17.9431 -20.2
      vertex -20.2 0 -20.2
      vertex -1.43648 -18.0533 -20.2
    endloop
  endfacet
  facet normal 0 0 1
    outer loop
      vertex -1.43648 -18.0533 -20.2
      vertex -20.2 0 -20.2
      vertex -1.775 -18.1935 -20.2
    endloop
  endfacet
  facet normal 0 0 1
    outer loop
      vertex -1.775 -18.1935 -20.2
      vertex -20.2 0 -20.2
      vertex -2.1 -18.3627 -20.2
    endloop
  endfacet
  facet normal 0 0 1
    outer loop
      vertex -2.1 -18.3627 -20.2
      vertex -20.2 0 -20.2
      vertex -2.40902 -18.5596 -20.2
    endloop
  endfacet
  facet normal 0 0 1
    outer loop
      vertex -4.18402 -21.6339 -20.2
      vertex -20.2 0 -20.2
      vertex -4.2 -22 -20.2
    endloop
  endfacet
  facet normal 0 0 1
    outer loop
      vertex -4.13619 -21.2707 -20.2
      vertex -20.2 0 -20.2
      vertex -4.18402 -21.6339 -20.2
    endloop
  endfacet
  facet normal 0 0 1
    outer loop
      vertex -4.05689 -20.913 -20.2
      vertex -20.2 0 -20.2
      vertex -4.13619 -21.2707 -20.2
    endloop
  endfacet
  facet normal 0 0 1
    outer loop
      vertex -3.94671 -20.5635 -20.2
      vertex -20.2 0 -20.2
      vertex -4.05689 -20.913 -20.2
    endloop
  endfacet
  facet normal 0 0 1
    outer loop
      vertex -3.80649 -20.225 -20.2
      vertex -20.2 0 -20.2
      vertex -3.94671 -20.5635 -20.2
    endloop
  endfacet
  facet normal 0 0 1
    outer loop
      vertex -3.63731 -19.9 -20.2
      vertex -20.2 0 -20.2
      vertex -3.80649 -20.225 -20.2
    endloop
  endfacet
  facet normal 0 0 1
    outer loop
      vertex -3.44044 -19.591 -20.2
      vertex -20.2 0 -20.2
      vertex -3.63731 -19.9 -20.2
    endloop
  endfacet
  facet normal 0 0 1
    outer loop
      vertex -3.21739 -19.3003 -20.2
      vertex -20.2 0 -20.2
      vertex -3.44044 -19.591 -20.2
    endloop
  endfacet
  facet normal 0 0 1
    outer loop
      vertex -2.96985 -19.0302 -20.2
      vertex -20.2 0 -20.2
      vertex -3.21739 -19.3003 -20.2
    endloop
  endfacet
  facet normal 0 0 1
    outer loop
      vertex -2.69971 -18.7826 -20.2
      vertex -20.2 0 -20.2
      vertex -2.96985 -19.0302 -20.2
    endloop
  endfacet
  facet normal 0 0 1
    outer loop
      vertex -2.40902 -18.5596 -20.2
      vertex -20.2 0 -20.2
      vertex -2.69971 -18.7826 -20.2
    endloop
  endfacet
  facet normal -0 0 1
    outer loop
      vertex 4.18402 -22.3661 -20.2
      vertex 20.2 -44 -20.2
      vertex 4.2 -22 -20.2
    endloop
  endfacet
  facet normal -0 0 1
    outer loop
      vertex 4.13619 -22.7293 -20.2
      vertex 20.2 -44 -20.2
      vertex 4.18402 -22.3661 -20.2
    endloop
  endfacet
  facet normal -0 0 1
    outer loop
      vertex 4.05689 -23.087 -20.2
      vertex 20.2 -44 -20.2
      vertex 4.13619 -22.7293 -20.2
    endloop
  endfacet
  facet normal -0 0 1
    outer loop
      vertex 3.94671 -23.4365 -20.2
      vertex 20.2 -44 -20.2
      vertex 4.05689 -23.087 -20.2
    endloop
  endfacet
  facet normal -0 0 1
    outer loop
      vertex 3.80649 -23.775 -20.2
      vertex 20.2 -44 -20.2
      vertex 3.94671 -23.4365 -20.2
    endloop
  endfacet
  facet normal -0 0 1
    outer loop
      vertex 3.63731 -24.1 -20.2
      vertex 20.2 -44 -20.2
      vertex 3.80649 -23.775 -20.2
    endloop
  endfacet
  facet normal -0 0 1
    outer loop
      vertex 3.44044 -24.409 -20.2
      vertex 20.2 -44 -20.2
      vertex 3.63731 -24.1 -20.2
    endloop
  endfacet
  facet normal -0 0 1
    outer loop
      vertex 3.21739 -24.6997 -20.2
      vertex 20.2 -44 -20.2
      vertex 3.44044 -24.409 -20.2
    endloop
  endfacet
  facet normal -0 0 1
    outer loop
      vertex 2.96985 -24.9698 -20.2
      vertex 20.2 -44 -20.2
      vertex 3.21739 -24.6997 -20.2
    endloop
  endfacet
  facet normal -0 0 1
    outer loop
      vertex 2.69971 -25.2174 -20.2
      vertex 20.2 -44 -20.2
      vertex 2.96985 -24.9698 -20.2
    endloop
  endfacet
  facet normal -0 0 1
    outer loop
      vertex 2.40902 -25.4404 -20.2
      vertex 20.2 -44 -20.2
      vertex 2.69971 -25.2174 -20.2
    endloop
  endfacet
  facet normal -0 0 1
    outer loop
      vertex 2.1 -25.6373 -20.2
      vertex 20.2 -44 -20.2
      vertex 2.40902 -25.4404 -20.2
    endloop
  endfacet
  facet normal -0 0 1
    outer loop
      vertex 1.775 -25.8065 -20.2
      vertex 20.2 -44 -20.2
      vertex 2.1 -25.6373 -20.2
    endloop
  endfacet
  facet normal -0 0 1
    outer loop
      vertex 1.43648 -25.9467 -20.2
      vertex 20.2 -44 -20.2
      vertex 1.775 -25.8065 -20.2
    endloop
  endfacet
  facet normal -0 0 1
    outer loop
      vertex 1.08704 -26.0569 -20.2
      vertex 20.2 -44 -20.2
      vertex 1.43648 -25.9467 -20.2
    endloop
  endfacet
  facet normal -0 0 1
    outer loop
      vertex 0.729321 -26.1362 -20.2
      vertex 20.2 -44 -20.2
      vertex 1.08704 -26.0569 -20.2
    endloop
  endfacet
  facet normal -0 0 1
    outer loop
      vertex 0.366054 -26.184 -20.2
      vertex 20.2 -44 -20.2
      vertex 0.729321 -26.1362 -20.2
    endloop
  endfacet
  facet normal -0 0 1
    outer loop
      vertex 0 -26.2 -20.2
      vertex 20.2 -44 -20.2
      vertex 0.366054 -26.184 -20.2
    endloop
  endfacet
  facet normal 0 0 1
    outer loop
      vertex -20.2 -44 -20.2
      vertex 0 -26.2 -20.2
      vertex -0.366054 -26.184 -20.2
    endloop
  endfacet
  facet normal 0 0 1
    outer loop
      vertex -20.2 -44 -20.2
      vertex -0.366054 -26.184 -20.2
      vertex -0.729321 -26.1362 -20.2
    endloop
  endfacet
  facet normal 0 0 1
    outer loop
      vertex -20.2 -44 -20.2
      vertex -0.729321 -26.1362 -20.2
      vertex -1.08704 -26.0569 -20.2
    endloop
  endfacet
  facet normal 0 0 1
    outer loop
      vertex -20.2 -44 -20.2
      vertex -1.08704 -26.0569 -20.2
      vertex -1.43648 -25.9467 -20.2
    endloop
  endfacet
  facet normal 0 0 1
    outer loop
      vertex -20.2 -44 -20.2
      vertex -1.43648 -25.9467 -20.2
      vertex -1.775 -25.8065 -20.2
    endloop
  endfacet
  facet normal 0 0 1
    outer loop
      vertex -20.2 -44 -20.2
      vertex -1.775 -25.8065 -20.2
      vertex -2.1 -25.6373 -20.2
    endloop
  endfacet
  facet normal 0 0 1
    outer loop
      vertex -20.2 -44 -20.2
      vertex -2.1 -25.6373 -20.2
      vertex -2.40902 -25.4404 -20.2
    endloop
  endfacet
  facet normal 0 0 1
    outer loop
      vertex -20.2 -44 -20.2
      vertex -2.40902 -25.4404 -20.2
      vertex -2.69971 -25.2174 -20.2
    endloop
  endfacet
  facet normal 0 0 1
    outer loop
      vertex -20.2 -44 -20.2
      vertex -4.2 -22 -20.2
      vertex -20.2 0 -20.2
    endloop
  endfacet
  facet normal 0 0 1
    outer loop
      vertex -4.2 -22 -20.2
      vertex -20.2 -44 -20.2
      vertex -4.18402 -22.3661 -20.2
    endloop
  endfacet
  facet normal 0 0 1
    outer loop
      vertex -4.18402 -22.3661 -20.2
      vertex -20.2 -44 -20.2
      vertex -4.13619 -22.7293 -20.2
    endloop
  endfacet
  facet normal 0 0 1
    outer loop
      vertex -4.13619 -22.7293 -20.2
      vertex -20.2 -44 -20.2
      vertex -4.05689 -23.087 -20.2
    endloop
  endfacet
  facet normal 0 0 1
    outer loop
      vertex -4.05689 -23.087 -20.2
      vertex -20.2 -44 -20.2
      vertex -3.94671 -23.4365 -20.2
    endloop
  endfacet
  facet normal 0 0 1
    outer loop
      vertex -3.94671 -23.4365 -20.2
      vertex -20.2 -44 -20.2
      vertex -3.80649 -23.775 -20.2
    endloop
  endfacet
  facet normal 0 0 1
    outer loop
      vertex -3.80649 -23.775 -20.2
      vertex -20.2 -44 -20.2
      vertex -3.63731 -24.1 -20.2
    endloop
  endfacet
  facet normal 0 0 1
    outer loop
      vertex 0 -26.2 -20.2
      vertex -20.2 -44 -20.2
      vertex 20.2 -44 -20.2
    endloop
  endfacet
  facet normal 0 0 1
    outer loop
      vertex -2.96985 -24.9698 -20.2
      vertex -20.2 -44 -20.2
      vertex -2.69971 -25.2174 -20.2
    endloop
  endfacet
  facet normal 0 0 1
    outer loop
      vertex -3.21739 -24.6997 -20.2
      vertex -20.2 -44 -20.2
      vertex -2.96985 -24.9698 -20.2
    endloop
  endfacet
  facet normal 0 0 1
    outer loop
      vertex -3.44044 -24.409 -20.2
      vertex -20.2 -44 -20.2
      vertex -3.21739 -24.6997 -20.2
    endloop
  endfacet
  facet normal 0 0 1
    outer loop
      vertex -3.63731 -24.1 -20.2
      vertex -20.2 -44 -20.2
      vertex -3.44044 -24.409 -20.2
    endloop
  endfacet
  facet normal 0 0 -1
    outer loop
      vertex -26 -44 0.799999
      vertex -20.2 -34.5913 0.799999
      vertex -20.2 -44 0.799999
    endloop
  endfacet
  facet normal -0 0 -1
    outer loop
      vertex -20.2 -34.5913 0.799999
      vertex -26 -44 0.799999
      vertex -26 -34.5913 0.799999
    endloop
  endfacet
  facet normal 0 0 -1
    outer loop
      vertex -26 -9.40866 0.799999
      vertex -20.2 0 0.799999
      vertex -20.2 -9.40866 0.799999
    endloop
  endfacet
  facet normal -0 0 -1
    outer loop
      vertex -20.2 0 0.799999
      vertex -26 -9.40866 0.799999
      vertex -26 0 0.799999
    endloop
  endfacet
  facet normal 0 0 -1
    outer loop
      vertex -26 -29.6487 0.799999
      vertex -20.2 -14.3513 0.799999
      vertex -20.2 -29.6487 0.799999
    endloop
  endfacet
  facet normal -0 0 -1
    outer loop
      vertex -20.2 -14.3513 0.799999
      vertex -26 -29.6487 0.799999
      vertex -26 -14.3513 0.799999
    endloop
  endfacet
  facet normal -0 0 1
    outer loop
      vertex -26 -34.5913 -0.799999
      vertex -20.2 -44 -0.799999
      vertex -20.2 -34.5913 -0.799999
    endloop
  endfacet
  facet normal 0 0 1
    outer loop
      vertex -20.2 -44 -0.799999
      vertex -26 -34.5913 -0.799999
      vertex -26 -44 -0.799999
    endloop
  endfacet
  facet normal -0 0 1
    outer loop
      vertex -26 0 -0.799999
      vertex -20.2 -9.40866 -0.799999
      vertex -20.2 0 -0.799999
    endloop
  endfacet
  facet normal 0 0 1
    outer loop
      vertex -20.2 -9.40866 -0.799999
      vertex -26 0 -0.799999
      vertex -26 -9.40866 -0.799999
    endloop
  endfacet
  facet normal -0 0 1
    outer loop
      vertex -26 -14.3513 -0.799999
      vertex -20.2 -29.6487 -0.799999
      vertex -20.2 -14.3513 -0.799999
    endloop
  endfacet
  facet normal 0 0 1
    outer loop
      vertex -20.2 -29.6487 -0.799999
      vertex -26 -14.3513 -0.799999
      vertex -26 -29.6487 -0.799999
    endloop
  endfacet
  facet normal 0 -1 0
    outer loop
      vertex -4.5 -68 -33.5
      vertex 4.5 -68 9.5
      vertex -4.5 -68 9.5
    endloop
  endfacet
  facet normal 0 -1 -0
    outer loop
      vertex 4.5 -68 9.5
      vertex -4.5 -68 -33.5
      vertex 4.5 -68 -33.5
    endloop
  endfacet
  facet normal 0 0.54355 -0.839377
    outer loop
      vertex -4.5 -52.5814 -14.6633
      vertex 4.5 -51.5571 -14
      vertex 4.5 -52.5814 -14.6633
    endloop
  endfacet
  facet normal 0 0.54355 -0.839377
    outer loop
      vertex 4.5 -51.5571 -14
      vertex -4.5 -52.5814 -14.6633
      vertex -4.5 -51.5571 -14
    endloop
  endfacet
  facet normal 1 0 0
    outer loop
      vertex 4.5 -49.3948 14
      vertex 4.5 -41.1243 14.5714
      vertex 4.5 -41.6077 15.5
    endloop
  endfacet
  facet normal 1 0 0
    outer loop
      vertex 4.5 -49.3948 14
      vertex 4.5 -41.6077 15.5
      vertex 4.5 -42.1702 16.3829
    endloop
  endfacet
  facet normal 1 0 0
    outer loop
      vertex 4.5 -49.3948 14
      vertex 4.5 -42.1702 16.3829
      vertex 4.5 -42.8075 17.2135
    endloop
  endfacet
  facet normal 1 0 0
    outer loop
      vertex 4.5 -49.3948 14
      vertex 4.5 -42.8075 17.2135
      vertex 4.5 -43.5147 17.9853
    endloop
  endfacet
  facet normal 1 0 0
    outer loop
      vertex 4.5 -49.3948 14
      vertex 4.5 -43.5147 17.9853
      vertex 4.5 -44.2865 18.6925
    endloop
  endfacet
  facet normal 1 0 0
    outer loop
      vertex 4.5 -49.3948 14
      vertex 4.5 -44.2865 18.6925
      vertex 4.5 -45.1171 19.3298
    endloop
  endfacet
  facet normal 1 0 0
    outer loop
      vertex 4.5 -49.3948 14
      vertex 4.5 -45.1171 19.3298
      vertex 4.5 -46 19.8923
    endloop
  endfacet
  facet normal 1 0 0
    outer loop
      vertex 4.5 -49.4 14.0033
      vertex 4.5 -46 19.8923
      vertex 4.5 -46.9286 20.3757
    endloop
  endfacet
  facet normal 1 0 0
    outer loop
      vertex 4.5 -49.8024 14.2128
      vertex 4.5 -46.9286 20.3757
      vertex 4.5 -47.8958 20.7763
    endloop
  endfacet
  facet normal 1 0 0
    outer loop
      vertex 4.5 -50.2215 14.3864
      vertex 4.5 -47.8958 20.7763
      vertex 4.5 -48.8942 21.0911
    endloop
  endfacet
  facet normal 1 0 0
    outer loop
      vertex 4.5 -41.1243 14.5714
      vertex 4.5 -49.3948 14
      vertex 4.5 -40.8876 14
    endloop
  endfacet
  facet normal 1 0 0
    outer loop
      vertex 4.5 -46 19.8923
      vertex 4.5 -49.4 14.0033
      vertex 4.5 -49.3948 14
    endloop
  endfacet
  facet normal 1 0 0
    outer loop
      vertex 4.5 -46.9286 20.3757
      vertex 4.5 -49.8024 14.2128
      vertex 4.5 -49.4 14.0033
    endloop
  endfacet
  facet normal 1 0 0
    outer loop
      vertex 4.5 -50.6541 14.5228
      vertex 4.5 -48.8942 21.0911
      vertex 4.5 -49.9162 21.3177
    endloop
  endfacet
  facet normal 1 0 0
    outer loop
      vertex 4.5 -47.8958 20.7763
      vertex 4.5 -50.2215 14.3864
      vertex 4.5 -49.8024 14.2128
    endloop
  endfacet
  facet normal 1 0 0
    outer loop
      vertex 4.5 -48.8942 21.0911
      vertex 4.5 -50.6541 14.5228
      vertex 4.5 -50.2215 14.3864
    endloop
  endfacet
  facet normal 1 0 0
    outer loop
      vertex 4.5 -51.097 14.621
      vertex 4.5 -49.9162 21.3177
      vertex 4.5 -50.9541 21.4543
    endloop
  endfacet
  facet normal 1 0 0
    outer loop
      vertex 4.5 -49.9162 21.3177
      vertex 4.5 -51.097 14.621
      vertex 4.5 -50.6541 14.5228
    endloop
  endfacet
  facet normal 1 0 0
    outer loop
      vertex 4.5 -50.9541 21.4543
      vertex 4.5 -51.5468 14.6802
      vertex 4.5 -51.097 14.621
    endloop
  endfacet
  facet normal 1 0 0
    outer loop
      vertex 4.5 -52 21.5
      vertex 4.5 -51.5468 14.6802
      vertex 4.5 -50.9541 21.4543
    endloop
  endfacet
  facet normal 1 0 0
    outer loop
      vertex 4.5 -52 21.5
      vertex 4.5 -52 14.7
      vertex 4.5 -51.5468 14.6802
    endloop
  endfacet
  facet normal 1 0 0
    outer loop
      vertex 4.5 -52 21.5
      vertex 4.5 -52.4532 14.6802
      vertex 4.5 -52 14.7
    endloop
  endfacet
  facet normal 1 -0 0
    outer loop
      vertex 4.5 -53.0459 21.4543
      vertex 4.5 -52.4532 14.6802
      vertex 4.5 -52 21.5
    endloop
  endfacet
  facet normal 1 0 0
    outer loop
      vertex 4.5 -52.4532 14.6802
      vertex 4.5 -53.0459 21.4543
      vertex 4.5 -52.903 14.621
    endloop
  endfacet
  facet normal 1 -0 0
    outer loop
      vertex 4.5 -54.0838 21.3177
      vertex 4.5 -52.903 14.621
      vertex 4.5 -53.0459 21.4543
    endloop
  endfacet
  facet normal 1 0 0
    outer loop
      vertex 4.5 -52.903 14.621
      vertex 4.5 -54.0838 21.3177
      vertex 4.5 -53.3459 14.5228
    endloop
  endfacet
  facet normal 1 -0 0
    outer loop
      vertex 4.5 -55.1058 21.0911
      vertex 4.5 -53.3459 14.5228
      vertex 4.5 -54.0838 21.3177
    endloop
  endfacet
  facet normal 1 0 0
    outer loop
      vertex 4.5 -53.3459 14.5228
      vertex 4.5 -55.1058 21.0911
      vertex 4.5 -53.7785 14.3864
    endloop
  endfacet
  facet normal 1 -0 0
    outer loop
      vertex 4.5 -56.1042 20.7763
      vertex 4.5 -53.7785 14.3864
      vertex 4.5 -55.1058 21.0911
    endloop
  endfacet
  facet normal 1 0 0
    outer loop
      vertex 4.5 -53.7785 14.3864
      vertex 4.5 -56.1042 20.7763
      vertex 4.5 -54.1976 14.2128
    endloop
  endfacet
  facet normal 1 -0 0
    outer loop
      vertex 4.5 -57.0714 20.3757
      vertex 4.5 -54.1976 14.2128
      vertex 4.5 -56.1042 20.7763
    endloop
  endfacet
  facet normal 1 0 0
    outer loop
      vertex 4.5 -54.1976 14.2128
      vertex 4.5 -57.0714 20.3757
      vertex 4.5 -54.6 14.0033
    endloop
  endfacet
  facet normal 1 -0 0
    outer loop
      vertex 4.5 -58 19.8923
      vertex 4.5 -54.6 14.0033
      vertex 4.5 -57.0714 20.3757
    endloop
  endfacet
  facet normal 1 0 0
    outer loop
      vertex 4.5 -54.6 14.0033
      vertex 4.5 -58 19.8923
      vertex 4.5 -54.9826 13.7596
    endloop
  endfacet
  facet normal 1 -0 0
    outer loop
      vertex 4.5 -58.8829 19.3298
      vertex 4.5 -54.9826 13.7596
      vertex 4.5 -58 19.8923
    endloop
  endfacet
  facet normal 1 0 0
    outer loop
      vertex 4.5 -54.9826 13.7596
      vertex 4.5 -58.8829 19.3298
      vertex 4.5 -55.3425 13.4834
    endloop
  endfacet
  facet normal 1 -0 0
    outer loop
      vertex 4.5 -59.7135 18.6925
      vertex 4.5 -55.3425 13.4834
      vertex 4.5 -58.8829 19.3298
    endloop
  endfacet
  facet normal 1 0 0
    outer loop
      vertex 4.5 -55.3425 13.4834
      vertex 4.5 -59.7135 18.6925
      vertex 4.5 -55.677 13.177
    endloop
  endfacet
  facet normal 1 -0 0
    outer loop
      vertex 4.5 -60.4853 17.9853
      vertex 4.5 -55.677 13.177
      vertex 4.5 -59.7135 18.6925
    endloop
  endfacet
  facet normal 1 0 0
    outer loop
      vertex 4.5 -55.677 13.177
      vertex 4.5 -60.4853 17.9853
      vertex 4.5 -55.9834 12.8425
    endloop
  endfacet
  facet normal 1 -0 0
    outer loop
      vertex 4.5 -61.1925 17.2135
      vertex 4.5 -55.9834 12.8425
      vertex 4.5 -60.4853 17.9853
    endloop
  endfacet
  facet normal 1 0 0
    outer loop
      vertex 4.5 -52 12
      vertex 4.5 -52.4794 5.47907
      vertex 4.5 -52 5.5
    endloop
  endfacet
  facet normal 1 -0 0
    outer loop
      vertex 4.5 -53.0459 11.9543
      vertex 4.5 -52.4794 5.47907
      vertex 4.5 -52 12
    endloop
  endfacet
  facet normal 1 0 0
    outer loop
      vertex 4.5 -52.4794 5.47907
      vertex 4.5 -53.0459 11.9543
      vertex 4.5 -52.9551 5.41644
    endloop
  endfacet
  facet normal 1 -0 0
    outer loop
      vertex 4.5 -54.0838 11.8177
      vertex 4.5 -52.9551 5.41644
      vertex 4.5 -53.0459 11.9543
    endloop
  endfacet
  facet normal 1 0 0
    outer loop
      vertex 4.5 -52.9551 5.41644
      vertex 4.5 -54.0838 11.8177
      vertex 4.5 -53.4235 5.31259
    endloop
  endfacet
  facet normal 1 -0 0
    outer loop
      vertex 4.5 -55.1058 11.5911
      vertex 4.5 -53.4235 5.31259
      vertex 4.5 -54.0838 11.8177
    endloop
  endfacet
  facet normal 1 0 0
    outer loop
      vertex 4.5 -53.4235 5.31259
      vertex 4.5 -55.1058 11.5911
      vertex 4.5 -53.8811 5.16831
    endloop
  endfacet
  facet normal 1 -0 0
    outer loop
      vertex 4.5 -56.1042 11.2763
      vertex 4.5 -53.8811 5.16831
      vertex 4.5 -55.1058 11.5911
    endloop
  endfacet
  facet normal 1 -0 0
    outer loop
      vertex 4.5 -57.0047 10.9033
      vertex 4.5 -53.8811 5.16831
      vertex 4.5 -56.1042 11.2763
    endloop
  endfacet
  facet normal 1 0 0
    outer loop
      vertex 4.5 -53.8811 5.16831
      vertex 4.5 -57.0047 10.9033
      vertex 4.5 -54.3244 4.98469
    endloop
  endfacet
  facet normal 1 0 0
    outer loop
      vertex 4.5 -54.3244 4.98469
      vertex 4.5 -57.0047 10.9033
      vertex 4.5 -54.4507 4.91895
    endloop
  endfacet
  facet normal 1 0 -0
    outer loop
      vertex 4.5 -55.5355 3.53553
      vertex 4.5 -54.4507 4.91895
      vertex 4.5 -57.0047 10.9033
    endloop
  endfacet
  facet normal 1 0 0
    outer loop
      vertex 4.5 -54.4507 4.91895
      vertex 4.5 -54.8679 4.09576
      vertex 4.5 -54.5 4.33013
    endloop
  endfacet
  facet normal 1 0 0
    outer loop
      vertex 4.5 -54.4507 4.91895
      vertex 4.5 -55.2139 3.83022
      vertex 4.5 -54.8679 4.09576
    endloop
  endfacet
  facet normal 1 0 0
    outer loop
      vertex 4.5 -54.4507 4.91895
      vertex 4.5 -55.5355 3.53553
      vertex 4.5 -55.2139 3.83022
    endloop
  endfacet
  facet normal 1 0 0
    outer loop
      vertex 4.5 -55.5355 3.53553
      vertex 4.5 -57.0047 10.9033
      vertex 4.5 -55.8302 3.21394
    endloop
  endfacet
  facet normal 1 0 0
    outer loop
      vertex 4.5 -55.8302 3.21394
      vertex 4.5 -57.0047 10.9033
      vertex 4.5 -56.0958 2.86788
    endloop
  endfacet
  facet normal 1 0 0
    outer loop
      vertex 4.5 -56.0958 2.86788
      vertex 4.5 -57.0047 10.9033
      vertex 4.5 -56.3301 2.5
    endloop
  endfacet
  facet normal 1 -0 0
    outer loop
      vertex 4.5 -68 9.5
      vertex 4.5 -56.3301 2.5
      vertex 4.5 -57.0047 10.9033
    endloop
  endfacet
  facet normal 1 0 0
    outer loop
      vertex 4.5 -56.3301 2.5
      vertex 4.5 -68 9.5
      vertex 4.5 -56.5315 2.11309
    endloop
  endfacet
  facet normal 1 0 0
    outer loop
      vertex 4.5 -56.5315 2.11309
      vertex 4.5 -68 9.5
      vertex 4.5 -56.6985 1.7101
    endloop
  endfacet
  facet normal 1 0 0
    outer loop
      vertex 4.5 -56.6985 1.7101
      vertex 4.5 -68 9.5
      vertex 4.5 -56.8296 1.2941
    endloop
  endfacet
  facet normal 1 0 0
    outer loop
      vertex 4.5 -56.924 0.86824
      vertex 4.5 -68 9.5
      vertex 4.5 -56.981 0.435779
    endloop
  endfacet
  facet normal 1 0 0
    outer loop
      vertex 4.5 -56.8296 1.2941
      vertex 4.5 -68 9.5
      vertex 4.5 -56.924 0.86824
    endloop
  endfacet
  facet normal 1 0 0
    outer loop
      vertex 4.5 -54.1976 4.7872
      vertex 4.5 -54.1131 4.53154
      vertex 4.5 -53.8467 4.64186
    endloop
  endfacet
  facet normal 1 0 0
    outer loop
      vertex 4.5 -54.5 4.33013
      vertex 4.5 -54.1976 4.7872
      vertex 4.5 -54.4507 4.91895
    endloop
  endfacet
  facet normal 1 0 0
    outer loop
      vertex 4.5 -54.1976 4.7872
      vertex 4.5 -54.5 4.33013
      vertex 4.5 -54.1131 4.53154
    endloop
  endfacet
  facet normal 1 0 0
    outer loop
      vertex 4.5 -52.4358 -4.98097
      vertex 4.5 -52.9679 -5.41359
      vertex 4.5 -52.3084 -4.98653
    endloop
  endfacet
  facet normal 1 0 0
    outer loop
      vertex 4.5 -52.8682 -4.92404
      vertex 4.5 -52.9679 -5.41359
      vertex 4.5 -52.4358 -4.98097
    endloop
  endfacet
  facet normal 1 0 -0
    outer loop
      vertex 4.5 -52.9679 -5.41359
      vertex 4.5 -52.8682 -4.92404
      vertex 4.5 -53.2941 -4.82963
    endloop
  endfacet
  facet normal 1 0 0
    outer loop
      vertex 4.5 -52 -5.5
      vertex 4.5 -52.4794 -5.47907
      vertex 4.5 -52 -14
    endloop
  endfacet
  facet normal 1 -0 0
    outer loop
      vertex 4.5 -52 -14
      vertex 4.5 -52.5814 -14.6633
      vertex 4.5 -51.5571 -14
    endloop
  endfacet
  facet normal 1 0 0
    outer loop
      vertex 4.5 -52.9551 -5.41644
      vertex 4.5 -52 -14
      vertex 4.5 -52.4794 -5.47907
    endloop
  endfacet
  facet normal 1 0 0
    outer loop
      vertex 4.5 -52.9679 -5.41359
      vertex 4.5 -52 -14
      vertex 4.5 -52.9551 -5.41644
    endloop
  endfacet
  facet normal 1 -0 0
    outer loop
      vertex 4.5 -49.3948 -14
      vertex 4.5 -41.1243 -14.5714
      vertex 4.5 -40.8876 -14
    endloop
  endfacet
  facet normal 1 0 0
    outer loop
      vertex 4.5 -41.1243 -14.5714
      vertex 4.5 -49.3948 -14
      vertex 4.5 -41.6077 -15.5
    endloop
  endfacet
  facet normal 1 0 0
    outer loop
      vertex 4.5 -41.6077 -15.5
      vertex 4.5 -49.3948 -14
      vertex 4.5 -42.1702 -16.3829
    endloop
  endfacet
  facet normal 1 0 0
    outer loop
      vertex 4.5 -42.1702 -16.3829
      vertex 4.5 -49.3948 -14
      vertex 4.5 -42.8075 -17.2135
    endloop
  endfacet
  facet normal 1 0 0
    outer loop
      vertex 4.5 -42.8075 -17.2135
      vertex 4.5 -49.3948 -14
      vertex 4.5 -43.5147 -17.9853
    endloop
  endfacet
  facet normal 1 0 0
    outer loop
      vertex 4.5 -43.5147 -17.9853
      vertex 4.5 -49.3948 -14
      vertex 4.5 -44.2865 -18.6925
    endloop
  endfacet
  facet normal 1 0 0
    outer loop
      vertex 4.5 -44.2865 -18.6925
      vertex 4.5 -49.3948 -14
      vertex 4.5 -45.1171 -19.3298
    endloop
  endfacet
  facet normal 1 -0 0
    outer loop
      vertex 4.5 -49.4 -14.0033
      vertex 4.5 -45.1171 -19.3298
      vertex 4.5 -49.3948 -14
    endloop
  endfacet
  facet normal 1 -0 0
    outer loop
      vertex 4.5 -49.8024 -14.2128
      vertex 4.5 -45.1171 -19.3298
      vertex 4.5 -49.4 -14.0033
    endloop
  endfacet
  facet normal 1 -0 0
    outer loop
      vertex 4.5 -50.2215 -14.3864
      vertex 4.5 -45.1171 -19.3298
      vertex 4.5 -49.8024 -14.2128
    endloop
  endfacet
  facet normal 1 -0 0
    outer loop
      vertex 4.5 -50.6541 -14.5228
      vertex 4.5 -45.1171 -19.3298
      vertex 4.5 -50.2215 -14.3864
    endloop
  endfacet
  facet normal 1 -0 0
    outer loop
      vertex 4.5 -51.097 -14.621
      vertex 4.5 -45.1171 -19.3298
      vertex 4.5 -50.6541 -14.5228
    endloop
  endfacet
  facet normal 1 -0 0
    outer loop
      vertex 4.5 -51.5468 -14.6802
      vertex 4.5 -45.1171 -19.3298
      vertex 4.5 -51.097 -14.621
    endloop
  endfacet
  facet normal 1 -0 0
    outer loop
      vertex 4.5 -52 -14.7
      vertex 4.5 -45.1171 -19.3298
      vertex 4.5 -51.5468 -14.6802
    endloop
  endfacet
  facet normal 1 0 0
    outer loop
      vertex 4.5 -52.4532 -14.6802
      vertex 4.5 -45.1171 -19.3298
      vertex 4.5 -52 -14.7
    endloop
  endfacet
  facet normal 1 0 0
    outer loop
      vertex 4.5 -52.5814 -14.6633
      vertex 4.5 -45.1171 -19.3298
      vertex 4.5 -52.4532 -14.6802
    endloop
  endfacet
  facet normal 1 0 0
    outer loop
      vertex 4.5 -52 -14
      vertex 4.5 -52.9679 -5.41359
      vertex 4.5 -52.5814 -14.6633
    endloop
  endfacet
  facet normal 1 0 0
    outer loop
      vertex 4.5 -53.7101 -4.69846
      vertex 4.5 -52.9679 -5.41359
      vertex 4.5 -53.2941 -4.82963
    endloop
  endfacet
  facet normal 1 0 0
    outer loop
      vertex 4.5 -54.1131 -4.53154
      vertex 4.5 -52.9679 -5.41359
      vertex 4.5 -53.7101 -4.69846
    endloop
  endfacet
  facet normal 1 0 0
    outer loop
      vertex 4.5 -54.5 -4.33013
      vertex 4.5 -52.9679 -5.41359
      vertex 4.5 -54.1131 -4.53154
    endloop
  endfacet
  facet normal 1 0 0
    outer loop
      vertex 4.5 -52.9679 -5.41359
      vertex 4.5 -54.5 -4.33013
      vertex 4.5 -52.5814 -14.6633
    endloop
  endfacet
  facet normal 1 0 0
    outer loop
      vertex 4.5 -54.8679 -4.09576
      vertex 4.5 -52.5814 -14.6633
      vertex 4.5 -54.5 -4.33013
    endloop
  endfacet
  facet normal 1 0 0
    outer loop
      vertex 4.5 -55.2139 -3.83022
      vertex 4.5 -52.5814 -14.6633
      vertex 4.5 -54.8679 -4.09576
    endloop
  endfacet
  facet normal 1 0 0
    outer loop
      vertex 4.5 -55.5355 -3.53553
      vertex 4.5 -52.5814 -14.6633
      vertex 4.5 -55.2139 -3.83022
    endloop
  endfacet
  facet normal 1 0 0
    outer loop
      vertex 4.5 -55.8302 -3.21394
      vertex 4.5 -52.5814 -14.6633
      vertex 4.5 -55.5355 -3.53553
    endloop
  endfacet
  facet normal 1 0 0
    outer loop
      vertex 4.5 -56.0958 -2.86788
      vertex 4.5 -52.5814 -14.6633
      vertex 4.5 -55.8302 -3.21394
    endloop
  endfacet
  facet normal 1 0 0
    outer loop
      vertex 4.5 -68 -33.5
      vertex 4.5 -56.0958 -2.86788
      vertex 4.5 -56.3301 -2.5
    endloop
  endfacet
  facet normal 1 0 0
    outer loop
      vertex 4.5 -68 -33.5
      vertex 4.5 -56.3301 -2.5
      vertex 4.5 -56.5315 -2.11309
    endloop
  endfacet
  facet normal 1 0 0
    outer loop
      vertex 4.5 -68 9.5
      vertex 4.5 -56.5315 -2.11309
      vertex 4.5 -56.6985 -1.7101
    endloop
  endfacet
  facet normal 1 0 0
    outer loop
      vertex 4.5 -55.9834 12.8425
      vertex 4.5 -61.1925 17.2135
      vertex 4.5 -56.2596 12.4826
    endloop
  endfacet
  facet normal 1 0 0
    outer loop
      vertex 4.5 -56.2596 12.4826
      vertex 4.5 -61.1925 17.2135
      vertex 4.5 -56.5033 12.1
    endloop
  endfacet
  facet normal 1 0 0
    outer loop
      vertex 4.5 -56.5033 12.1
      vertex 4.5 -61.1925 17.2135
      vertex 4.5 -56.7128 11.6976
    endloop
  endfacet
  facet normal 1 0 0
    outer loop
      vertex 4.5 -56.7128 11.6976
      vertex 4.5 -61.1925 17.2135
      vertex 4.5 -56.8864 11.2785
    endloop
  endfacet
  facet normal 1 0 0
    outer loop
      vertex 4.5 -56.8864 11.2785
      vertex 4.5 -61.1925 17.2135
      vertex 4.5 -57.0047 10.9033
    endloop
  endfacet
  facet normal 1 0 0
    outer loop
      vertex 4.5 -68 9.5
      vertex 4.5 -57.0047 10.9033
      vertex 4.5 -61.1925 17.2135
    endloop
  endfacet
  facet normal 1 0 0
    outer loop
      vertex 4.5 -56.981 0.435779
      vertex 4.5 -68 9.5
      vertex 4.5 -57 0
    endloop
  endfacet
  facet normal 1 0 0
    outer loop
      vertex 4.5 -57 0
      vertex 4.5 -68 9.5
      vertex 4.5 -56.981 -0.435779
    endloop
  endfacet
  facet normal 1 0 0
    outer loop
      vertex 4.5 -56.981 -0.435779
      vertex 4.5 -68 9.5
      vertex 4.5 -56.924 -0.86824
    endloop
  endfacet
  facet normal 1 0 0
    outer loop
      vertex 4.5 -52.5814 -14.6633
      vertex 4.5 -67 -33.5
      vertex 4.5 -45.1171 -19.3298
    endloop
  endfacet
  facet normal 1 0 0
    outer loop
      vertex 4.5 -56.0958 -2.86788
      vertex 4.5 -68 -33.5
      vertex 4.5 -52.5814 -14.6633
    endloop
  endfacet
  facet normal 1 0 0
    outer loop
      vertex 4.5 -68 9.5
      vertex 4.5 -56.6985 -1.7101
      vertex 4.5 -56.8296 -1.2941
    endloop
  endfacet
  facet normal 1 0 0
    outer loop
      vertex 4.5 -56.924 -0.86824
      vertex 4.5 -68 9.5
      vertex 4.5 -56.8296 -1.2941
    endloop
  endfacet
  facet normal 1 0 0
    outer loop
      vertex 4.5 -56.5315 -2.11309
      vertex 4.5 -68 9.5
      vertex 4.5 -68 -33.5
    endloop
  endfacet
  facet normal 1 0 0
    outer loop
      vertex 4.5 -52.5814 -14.6633
      vertex 4.5 -68 -33.5
      vertex 4.5 -67 -33.5
    endloop
  endfacet
  facet normal 0 -0.0436528 0.999047
    outer loop
      vertex -4.5 -52 12
      vertex 4.5 -53.0459 11.9543
      vertex 4.5 -52 12
    endloop
  endfacet
  facet normal 0 -0.0436528 0.999047
    outer loop
      vertex 4.5 -53.0459 11.9543
      vertex -4.5 -52 12
      vertex -4.5 -53.0459 11.9543
    endloop
  endfacet
  facet normal 0 -0.382684 0.923879
    outer loop
      vertex -4.5 -56.1042 11.2763
      vertex 4.5 -57.0047 10.9033
      vertex 4.5 -56.1042 11.2763
    endloop
  endfacet
  facet normal 0 -0.382684 0.923879
    outer loop
      vertex 4.5 -57.0047 10.9033
      vertex -4.5 -56.1042 11.2763
      vertex -4.5 -57.0047 10.9033
    endloop
  endfacet
  facet normal 0 -0.130487 0.99145
    outer loop
      vertex -4.5 -53.0459 11.9543
      vertex 4.5 -54.0838 11.8177
      vertex 4.5 -53.0459 11.9543
    endloop
  endfacet
  facet normal 0 -0.130487 0.99145
    outer loop
      vertex 4.5 -54.0838 11.8177
      vertex -4.5 -53.0459 11.9543
      vertex -4.5 -54.0838 11.8177
    endloop
  endfacet
  facet normal 0 -0.300711 0.953715
    outer loop
      vertex -4.5 -55.1058 11.5911
      vertex 4.5 -56.1042 11.2763
      vertex 4.5 -55.1058 11.5911
    endloop
  endfacet
  facet normal 0 -0.300711 0.953715
    outer loop
      vertex 4.5 -56.1042 11.2763
      vertex -4.5 -55.1058 11.5911
      vertex -4.5 -56.1042 11.2763
    endloop
  endfacet
  facet normal -1 0 0
    outer loop
      vertex -4.5 -54.1131 4.53154
      vertex -4.5 -54.1976 4.7872
      vertex -4.5 -53.8467 4.64186
    endloop
  endfacet
  facet normal -1 0 0
    outer loop
      vertex -4.5 -54.5 4.33013
      vertex -4.5 -54.1976 4.7872
      vertex -4.5 -54.1131 4.53154
    endloop
  endfacet
  facet normal -1 -0 0
    outer loop
      vertex -4.5 -54.1976 4.7872
      vertex -4.5 -54.5 4.33013
      vertex -4.5 -54.4507 4.91895
    endloop
  endfacet
  facet normal -1 0 0
    outer loop
      vertex -4.5 -52.4794 5.47907
      vertex -4.5 -52 12
      vertex -4.5 -52 5.5
    endloop
  endfacet
  facet normal -1 0 0
    outer loop
      vertex -4.5 -53.0459 11.9543
      vertex -4.5 -52.4794 5.47907
      vertex -4.5 -52.9551 5.41644
    endloop
  endfacet
  facet normal -1 0 0
    outer loop
      vertex -4.5 -52.4794 5.47907
      vertex -4.5 -53.0459 11.9543
      vertex -4.5 -52 12
    endloop
  endfacet
  facet normal -1 0 0
    outer loop
      vertex -4.5 -54.0838 11.8177
      vertex -4.5 -52.9551 5.41644
      vertex -4.5 -53.4235 5.31259
    endloop
  endfacet
  facet normal -1 0 0
    outer loop
      vertex -4.5 -55.1058 11.5911
      vertex -4.5 -53.4235 5.31259
      vertex -4.5 -53.8811 5.16831
    endloop
  endfacet
  facet normal -1 0 0
    outer loop
      vertex -4.5 -52.9551 5.41644
      vertex -4.5 -54.0838 11.8177
      vertex -4.5 -53.0459 11.9543
    endloop
  endfacet
  facet normal -1 0 0
    outer loop
      vertex -4.5 -57.0047 10.9033
      vertex -4.5 -53.8811 5.16831
      vertex -4.5 -54.3244 4.98469
    endloop
  endfacet
  facet normal -1 0 0
    outer loop
      vertex -4.5 -57.0047 10.9033
      vertex -4.5 -54.3244 4.98469
      vertex -4.5 -54.4507 4.91895
    endloop
  endfacet
  facet normal -1 0 0
    outer loop
      vertex -4.5 -54.8679 4.09576
      vertex -4.5 -54.4507 4.91895
      vertex -4.5 -54.5 4.33013
    endloop
  endfacet
  facet normal -1 0 0
    outer loop
      vertex -4.5 -55.2139 3.83022
      vertex -4.5 -54.4507 4.91895
      vertex -4.5 -54.8679 4.09576
    endloop
  endfacet
  facet normal -1 0 0
    outer loop
      vertex -4.5 -53.4235 5.31259
      vertex -4.5 -55.1058 11.5911
      vertex -4.5 -54.0838 11.8177
    endloop
  endfacet
  facet normal -1 0 0
    outer loop
      vertex -4.5 -55.5355 3.53553
      vertex -4.5 -54.4507 4.91895
      vertex -4.5 -55.2139 3.83022
    endloop
  endfacet
  facet normal -1 -0 0
    outer loop
      vertex -4.5 -54.4507 4.91895
      vertex -4.5 -55.5355 3.53553
      vertex -4.5 -57.0047 10.9033
    endloop
  endfacet
  facet normal -1 0 0
    outer loop
      vertex -4.5 -57.0047 10.9033
      vertex -4.5 -55.5355 3.53553
      vertex -4.5 -55.8302 3.21394
    endloop
  endfacet
  facet normal -1 0 0
    outer loop
      vertex -4.5 -57.0047 10.9033
      vertex -4.5 -55.8302 3.21394
      vertex -4.5 -56.0958 2.86788
    endloop
  endfacet
  facet normal -1 0 0
    outer loop
      vertex -4.5 -53.8811 5.16831
      vertex -4.5 -56.1042 11.2763
      vertex -4.5 -55.1058 11.5911
    endloop
  endfacet
  facet normal -1 0 0
    outer loop
      vertex -4.5 -57.0047 10.9033
      vertex -4.5 -56.0958 2.86788
      vertex -4.5 -56.3301 2.5
    endloop
  endfacet
  facet normal -1 0 0
    outer loop
      vertex -4.5 -68 9.5
      vertex -4.5 -56.3301 2.5
      vertex -4.5 -56.5315 2.11309
    endloop
  endfacet
  facet normal -1 0 0
    outer loop
      vertex -4.5 -68 9.5
      vertex -4.5 -56.5315 2.11309
      vertex -4.5 -56.6985 1.7101
    endloop
  endfacet
  facet normal -1 0 0
    outer loop
      vertex -4.5 -68 9.5
      vertex -4.5 -56.6985 1.7101
      vertex -4.5 -56.8296 1.2941
    endloop
  endfacet
  facet normal -1 0 0
    outer loop
      vertex -4.5 -68 9.5
      vertex -4.5 -56.8296 1.2941
      vertex -4.5 -56.924 0.86824
    endloop
  endfacet
  facet normal -1 0 0
    outer loop
      vertex -4.5 -68 9.5
      vertex -4.5 -56.924 0.86824
      vertex -4.5 -56.981 0.435779
    endloop
  endfacet
  facet normal -1 0 0
    outer loop
      vertex -4.5 -53.8811 5.16831
      vertex -4.5 -57.0047 10.9033
      vertex -4.5 -56.1042 11.2763
    endloop
  endfacet
  facet normal -1 0 0
    outer loop
      vertex -4.5 -68 9.5
      vertex -4.5 -56.981 0.435779
      vertex -4.5 -57 0
    endloop
  endfacet
  facet normal -1 0 0
    outer loop
      vertex -4.5 -49.3948 -14
      vertex -4.5 -41.1243 -14.5714
      vertex -4.5 -41.6077 -15.5
    endloop
  endfacet
  facet normal -1 0 0
    outer loop
      vertex -4.5 -49.3948 -14
      vertex -4.5 -41.6077 -15.5
      vertex -4.5 -42.1702 -16.3829
    endloop
  endfacet
  facet normal -1 0 0
    outer loop
      vertex -4.5 -49.3948 -14
      vertex -4.5 -42.1702 -16.3829
      vertex -4.5 -42.8075 -17.2135
    endloop
  endfacet
  facet normal -1 0 0
    outer loop
      vertex -4.5 -49.3948 -14
      vertex -4.5 -42.8075 -17.2135
      vertex -4.5 -43.5147 -17.9853
    endloop
  endfacet
  facet normal -1 0 0
    outer loop
      vertex -4.5 -49.3948 -14
      vertex -4.5 -43.5147 -17.9853
      vertex -4.5 -44.2865 -18.6925
    endloop
  endfacet
  facet normal -1 0 0
    outer loop
      vertex -4.5 -49.3948 -14
      vertex -4.5 -44.2865 -18.6925
      vertex -4.5 -45.1171 -19.3298
    endloop
  endfacet
  facet normal -1 0 0
    outer loop
      vertex -4.5 -41.1243 -14.5714
      vertex -4.5 -49.3948 -14
      vertex -4.5 -40.8876 -14
    endloop
  endfacet
  facet normal -1 0 0
    outer loop
      vertex -4.5 -45.1171 -19.3298
      vertex -4.5 -49.4 -14.0033
      vertex -4.5 -49.3948 -14
    endloop
  endfacet
  facet normal -1 0 0
    outer loop
      vertex -4.5 -45.1171 -19.3298
      vertex -4.5 -49.8024 -14.2128
      vertex -4.5 -49.4 -14.0033
    endloop
  endfacet
  facet normal -1 0 0
    outer loop
      vertex -4.5 -45.1171 -19.3298
      vertex -4.5 -50.2215 -14.3864
      vertex -4.5 -49.8024 -14.2128
    endloop
  endfacet
  facet normal -1 0 0
    outer loop
      vertex -4.5 -45.1171 -19.3298
      vertex -4.5 -50.6541 -14.5228
      vertex -4.5 -50.2215 -14.3864
    endloop
  endfacet
  facet normal -1 0 0
    outer loop
      vertex -4.5 -45.1171 -19.3298
      vertex -4.5 -51.097 -14.621
      vertex -4.5 -50.6541 -14.5228
    endloop
  endfacet
  facet normal -1 0 0
    outer loop
      vertex -4.5 -45.1171 -19.3298
      vertex -4.5 -51.5468 -14.6802
      vertex -4.5 -51.097 -14.621
    endloop
  endfacet
  facet normal -1 0 0
    outer loop
      vertex -4.5 -45.1171 -19.3298
      vertex -4.5 -52 -14.7
      vertex -4.5 -51.5468 -14.6802
    endloop
  endfacet
  facet normal -1 0 0
    outer loop
      vertex -4.5 -45.1171 -19.3298
      vertex -4.5 -52.4532 -14.6802
      vertex -4.5 -52 -14.7
    endloop
  endfacet
  facet normal -1 0 0
    outer loop
      vertex -4.5 -45.1171 -19.3298
      vertex -4.5 -52.5814 -14.6633
      vertex -4.5 -52.4532 -14.6802
    endloop
  endfacet
  facet normal -1 0 0
    outer loop
      vertex -4.5 -52 -14
      vertex -4.5 -52.9679 -5.41359
      vertex -4.5 -52.9551 -5.41644
    endloop
  endfacet
  facet normal -1 0 0
    outer loop
      vertex -4.5 -54.5 -4.33013
      vertex -4.5 -52.9679 -5.41359
      vertex -4.5 -52.5814 -14.6633
    endloop
  endfacet
  facet normal -1 0 0
    outer loop
      vertex -4.5 -52.9679 -5.41359
      vertex -4.5 -53.7101 -4.69846
      vertex -4.5 -53.2941 -4.82963
    endloop
  endfacet
  facet normal -1 0 0
    outer loop
      vertex -4.5 -52.9679 -5.41359
      vertex -4.5 -54.1131 -4.53154
      vertex -4.5 -53.7101 -4.69846
    endloop
  endfacet
  facet normal -1 0 0
    outer loop
      vertex -4.5 -52.9679 -5.41359
      vertex -4.5 -54.5 -4.33013
      vertex -4.5 -54.1131 -4.53154
    endloop
  endfacet
  facet normal -1 0 0
    outer loop
      vertex -4.5 -52.5814 -14.6633
      vertex -4.5 -54.8679 -4.09576
      vertex -4.5 -54.5 -4.33013
    endloop
  endfacet
  facet normal -1 0 0
    outer loop
      vertex -4.5 -52.5814 -14.6633
      vertex -4.5 -55.2139 -3.83022
      vertex -4.5 -54.8679 -4.09576
    endloop
  endfacet
  facet normal -1 0 0
    outer loop
      vertex -4.5 -52.5814 -14.6633
      vertex -4.5 -55.5355 -3.53553
      vertex -4.5 -55.2139 -3.83022
    endloop
  endfacet
  facet normal -1 0 0
    outer loop
      vertex -4.5 -52.5814 -14.6633
      vertex -4.5 -55.8302 -3.21394
      vertex -4.5 -55.5355 -3.53553
    endloop
  endfacet
  facet normal -1 0 0
    outer loop
      vertex -4.5 -52.5814 -14.6633
      vertex -4.5 -56.0958 -2.86788
      vertex -4.5 -55.8302 -3.21394
    endloop
  endfacet
  facet normal -1 0 0
    outer loop
      vertex -4.5 -68 -33.5
      vertex -4.5 -56.0958 -2.86788
      vertex -4.5 -52.5814 -14.6633
    endloop
  endfacet
  facet normal -1 -0 0
    outer loop
      vertex -4.5 -56.0958 -2.86788
      vertex -4.5 -68 -33.5
      vertex -4.5 -56.3301 -2.5
    endloop
  endfacet
  facet normal -1 -0 0
    outer loop
      vertex -4.5 -56.3301 -2.5
      vertex -4.5 -68 -33.5
      vertex -4.5 -56.5315 -2.11309
    endloop
  endfacet
  facet normal -1 0 0
    outer loop
      vertex -4.5 -56.3301 2.5
      vertex -4.5 -68 9.5
      vertex -4.5 -57.0047 10.9033
    endloop
  endfacet
  facet normal -1 0 0
    outer loop
      vertex -4.5 -57.0047 10.9033
      vertex -4.5 -58 19.8923
      vertex -4.5 -57.0714 20.3757
    endloop
  endfacet
  facet normal -1 0 0
    outer loop
      vertex -4.5 -68 9.5
      vertex -4.5 -57 0
      vertex -4.5 -56.981 -0.435779
    endloop
  endfacet
  facet normal -1 0 0
    outer loop
      vertex -4.5 -57.0047 10.9033
      vertex -4.5 -58.8829 19.3298
      vertex -4.5 -58 19.8923
    endloop
  endfacet
  facet normal -1 0 0
    outer loop
      vertex -4.5 -57.0047 10.9033
      vertex -4.5 -59.7135 18.6925
      vertex -4.5 -58.8829 19.3298
    endloop
  endfacet
  facet normal -1 0 0
    outer loop
      vertex -4.5 -68 9.5
      vertex -4.5 -56.981 -0.435779
      vertex -4.5 -56.924 -0.86824
    endloop
  endfacet
  facet normal -1 0 0
    outer loop
      vertex -4.5 -57.0047 10.9033
      vertex -4.5 -60.4853 17.9853
      vertex -4.5 -59.7135 18.6925
    endloop
  endfacet
  facet normal -1 0 0
    outer loop
      vertex -4.5 -57.0047 10.9033
      vertex -4.5 -61.1925 17.2135
      vertex -4.5 -60.4853 17.9853
    endloop
  endfacet
  facet normal -1 0 0
    outer loop
      vertex -4.5 -68 9.5
      vertex -4.5 -56.924 -0.86824
      vertex -4.5 -56.8296 -1.2941
    endloop
  endfacet
  facet normal -1 0 0
    outer loop
      vertex -4.5 -67 -33.5
      vertex -4.5 -52.5814 -14.6633
      vertex -4.5 -45.1171 -19.3298
    endloop
  endfacet
  facet normal -1 0 0
    outer loop
      vertex -4.5 -68 -33.5
      vertex -4.5 -52.5814 -14.6633
      vertex -4.5 -67 -33.5
    endloop
  endfacet
  facet normal -1 0 0
    outer loop
      vertex -4.5 -68 9.5
      vertex -4.5 -56.5315 -2.11309
      vertex -4.5 -68 -33.5
    endloop
  endfacet
  facet normal -1 0 0
    outer loop
      vertex -4.5 -56.5315 -2.11309
      vertex -4.5 -68 9.5
      vertex -4.5 -56.6985 -1.7101
    endloop
  endfacet
  facet normal -1 0 0
    outer loop
      vertex -4.5 -56.6985 -1.7101
      vertex -4.5 -68 9.5
      vertex -4.5 -56.8296 -1.2941
    endloop
  endfacet
  facet normal -1 -0 0
    outer loop
      vertex -4.5 -57.0047 10.9033
      vertex -4.5 -68 9.5
      vertex -4.5 -61.1925 17.2135
    endloop
  endfacet
  facet normal -1 0 0
    outer loop
      vertex -4.5 -52 -14
      vertex -4.5 -52.4794 -5.47907
      vertex -4.5 -52 -5.5
    endloop
  endfacet
  facet normal -1 0 0
    outer loop
      vertex -4.5 -52.5814 -14.6633
      vertex -4.5 -52 -14
      vertex -4.5 -51.5571 -14
    endloop
  endfacet
  facet normal -1 0 0
    outer loop
      vertex -4.5 -52.9679 -5.41359
      vertex -4.5 -52 -14
      vertex -4.5 -52.5814 -14.6633
    endloop
  endfacet
  facet normal -1 0 0
    outer loop
      vertex -4.5 -52 -14
      vertex -4.5 -52.9551 -5.41644
      vertex -4.5 -52.4794 -5.47907
    endloop
  endfacet
  facet normal -1 0 0
    outer loop
      vertex -4.5 -52.9679 -5.41359
      vertex -4.5 -52.4358 -4.98097
      vertex -4.5 -52.3084 -4.98653
    endloop
  endfacet
  facet normal -1 0 0
    outer loop
      vertex -4.5 -52.9679 -5.41359
      vertex -4.5 -52.8682 -4.92404
      vertex -4.5 -52.4358 -4.98097
    endloop
  endfacet
  facet normal -1 -0 0
    outer loop
      vertex -4.5 -52.8682 -4.92404
      vertex -4.5 -52.9679 -5.41359
      vertex -4.5 -53.2941 -4.82963
    endloop
  endfacet
  facet normal -1 0 0
    outer loop
      vertex -4.5 -49.3948 14
      vertex -4.5 -41.1243 14.5714
      vertex -4.5 -40.8876 14
    endloop
  endfacet
  facet normal -1 -0 0
    outer loop
      vertex -4.5 -41.1243 14.5714
      vertex -4.5 -49.3948 14
      vertex -4.5 -41.6077 15.5
    endloop
  endfacet
  facet normal -1 -0 0
    outer loop
      vertex -4.5 -41.6077 15.5
      vertex -4.5 -49.3948 14
      vertex -4.5 -42.1702 16.3829
    endloop
  endfacet
  facet normal -1 -0 0
    outer loop
      vertex -4.5 -42.1702 16.3829
      vertex -4.5 -49.3948 14
      vertex -4.5 -42.8075 17.2135
    endloop
  endfacet
  facet normal -1 -0 0
    outer loop
      vertex -4.5 -42.8075 17.2135
      vertex -4.5 -49.3948 14
      vertex -4.5 -43.5147 17.9853
    endloop
  endfacet
  facet normal -1 -0 0
    outer loop
      vertex -4.5 -43.5147 17.9853
      vertex -4.5 -49.3948 14
      vertex -4.5 -44.2865 18.6925
    endloop
  endfacet
  facet normal -1 -0 0
    outer loop
      vertex -4.5 -44.2865 18.6925
      vertex -4.5 -49.3948 14
      vertex -4.5 -45.1171 19.3298
    endloop
  endfacet
  facet normal -1 -0 0
    outer loop
      vertex -4.5 -45.1171 19.3298
      vertex -4.5 -49.3948 14
      vertex -4.5 -46 19.8923
    endloop
  endfacet
  facet normal -1 0 0
    outer loop
      vertex -4.5 -49.4 14.0033
      vertex -4.5 -46 19.8923
      vertex -4.5 -49.3948 14
    endloop
  endfacet
  facet normal -1 -0 0
    outer loop
      vertex -4.5 -46 19.8923
      vertex -4.5 -49.4 14.0033
      vertex -4.5 -46.9286 20.3757
    endloop
  endfacet
  facet normal -1 0 0
    outer loop
      vertex -4.5 -49.8024 14.2128
      vertex -4.5 -46.9286 20.3757
      vertex -4.5 -49.4 14.0033
    endloop
  endfacet
  facet normal -1 -0 0
    outer loop
      vertex -4.5 -46.9286 20.3757
      vertex -4.5 -49.8024 14.2128
      vertex -4.5 -47.8958 20.7763
    endloop
  endfacet
  facet normal -1 0 0
    outer loop
      vertex -4.5 -50.2215 14.3864
      vertex -4.5 -47.8958 20.7763
      vertex -4.5 -49.8024 14.2128
    endloop
  endfacet
  facet normal -1 -0 0
    outer loop
      vertex -4.5 -47.8958 20.7763
      vertex -4.5 -50.2215 14.3864
      vertex -4.5 -48.8942 21.0911
    endloop
  endfacet
  facet normal -1 0 0
    outer loop
      vertex -4.5 -50.6541 14.5228
      vertex -4.5 -48.8942 21.0911
      vertex -4.5 -50.2215 14.3864
    endloop
  endfacet
  facet normal -1 -0 0
    outer loop
      vertex -4.5 -48.8942 21.0911
      vertex -4.5 -50.6541 14.5228
      vertex -4.5 -49.9162 21.3177
    endloop
  endfacet
  facet normal -1 0 0
    outer loop
      vertex -4.5 -51.097 14.621
      vertex -4.5 -49.9162 21.3177
      vertex -4.5 -50.6541 14.5228
    endloop
  endfacet
  facet normal -1 -0 0
    outer loop
      vertex -4.5 -49.9162 21.3177
      vertex -4.5 -51.097 14.621
      vertex -4.5 -50.9541 21.4543
    endloop
  endfacet
  facet normal -1 0 0
    outer loop
      vertex -4.5 -51.5468 14.6802
      vertex -4.5 -50.9541 21.4543
      vertex -4.5 -51.097 14.621
    endloop
  endfacet
  facet normal -1 0 0
    outer loop
      vertex -4.5 -52 14.7
      vertex -4.5 -50.9541 21.4543
      vertex -4.5 -51.5468 14.6802
    endloop
  endfacet
  facet normal -1 0 0
    outer loop
      vertex -4.5 -52 14.7
      vertex -4.5 -52 21.5
      vertex -4.5 -50.9541 21.4543
    endloop
  endfacet
  facet normal -1 0 0
    outer loop
      vertex -4.5 -52.4532 14.6802
      vertex -4.5 -52 21.5
      vertex -4.5 -52 14.7
    endloop
  endfacet
  facet normal -1 0 0
    outer loop
      vertex -4.5 -53.0459 21.4543
      vertex -4.5 -52.4532 14.6802
      vertex -4.5 -52.903 14.621
    endloop
  endfacet
  facet normal -1 0 0
    outer loop
      vertex -4.5 -52.4532 14.6802
      vertex -4.5 -53.0459 21.4543
      vertex -4.5 -52 21.5
    endloop
  endfacet
  facet normal -1 0 0
    outer loop
      vertex -4.5 -54.0838 21.3177
      vertex -4.5 -52.903 14.621
      vertex -4.5 -53.3459 14.5228
    endloop
  endfacet
  facet normal -1 0 0
    outer loop
      vertex -4.5 -55.1058 21.0911
      vertex -4.5 -53.3459 14.5228
      vertex -4.5 -53.7785 14.3864
    endloop
  endfacet
  facet normal -1 0 0
    outer loop
      vertex -4.5 -52.903 14.621
      vertex -4.5 -54.0838 21.3177
      vertex -4.5 -53.0459 21.4543
    endloop
  endfacet
  facet normal -1 0 0
    outer loop
      vertex -4.5 -56.1042 20.7763
      vertex -4.5 -53.7785 14.3864
      vertex -4.5 -54.1976 14.2128
    endloop
  endfacet
  facet normal -1 0 0
    outer loop
      vertex -4.5 -57.0714 20.3757
      vertex -4.5 -54.1976 14.2128
      vertex -4.5 -54.6 14.0033
    endloop
  endfacet
  facet normal -1 0 0
    outer loop
      vertex -4.5 -57.0714 20.3757
      vertex -4.5 -54.6 14.0033
      vertex -4.5 -54.9826 13.7596
    endloop
  endfacet
  facet normal -1 0 0
    outer loop
      vertex -4.5 -53.3459 14.5228
      vertex -4.5 -55.1058 21.0911
      vertex -4.5 -54.0838 21.3177
    endloop
  endfacet
  facet normal -1 0 0
    outer loop
      vertex -4.5 -57.0714 20.3757
      vertex -4.5 -54.9826 13.7596
      vertex -4.5 -55.3425 13.4834
    endloop
  endfacet
  facet normal -1 0 0
    outer loop
      vertex -4.5 -57.0714 20.3757
      vertex -4.5 -55.3425 13.4834
      vertex -4.5 -55.677 13.177
    endloop
  endfacet
  facet normal -1 0 0
    outer loop
      vertex -4.5 -57.0714 20.3757
      vertex -4.5 -55.677 13.177
      vertex -4.5 -55.9834 12.8425
    endloop
  endfacet
  facet normal -1 0 0
    outer loop
      vertex -4.5 -53.7785 14.3864
      vertex -4.5 -56.1042 20.7763
      vertex -4.5 -55.1058 21.0911
    endloop
  endfacet
  facet normal -1 0 0
    outer loop
      vertex -4.5 -57.0714 20.3757
      vertex -4.5 -55.9834 12.8425
      vertex -4.5 -56.2596 12.4826
    endloop
  endfacet
  facet normal -1 0 0
    outer loop
      vertex -4.5 -57.0714 20.3757
      vertex -4.5 -56.2596 12.4826
      vertex -4.5 -56.5033 12.1
    endloop
  endfacet
  facet normal -1 0 0
    outer loop
      vertex -4.5 -57.0714 20.3757
      vertex -4.5 -56.5033 12.1
      vertex -4.5 -56.7128 11.6976
    endloop
  endfacet
  facet normal -1 0 0
    outer loop
      vertex -4.5 -57.0714 20.3757
      vertex -4.5 -56.7128 11.6976
      vertex -4.5 -56.8864 11.2785
    endloop
  endfacet
  facet normal -1 0 0
    outer loop
      vertex -4.5 -57.0714 20.3757
      vertex -4.5 -56.8864 11.2785
      vertex -4.5 -57.0047 10.9033
    endloop
  endfacet
  facet normal -1 0 0
    outer loop
      vertex -4.5 -54.1976 14.2128
      vertex -4.5 -57.0714 20.3757
      vertex -4.5 -56.1042 20.7763
    endloop
  endfacet
  facet normal 0 -0.216465 0.97629
    outer loop
      vertex -4.5 -54.0838 11.8177
      vertex 4.5 -55.1058 11.5911
      vertex 4.5 -54.0838 11.8177
    endloop
  endfacet
  facet normal 0 -0.216465 0.97629
    outer loop
      vertex 4.5 -55.1058 11.5911
      vertex -4.5 -54.0838 11.8177
      vertex -4.5 -55.1058 11.5911
    endloop
  endfacet
  facet normal 0 0.130532 -0.991444
    outer loop
      vertex -4.5 -52.9551 5.41644
      vertex 4.5 -52.4794 5.47907
      vertex 4.5 -52.9551 5.41644
    endloop
  endfacet
  facet normal 0 0.130532 -0.991444
    outer loop
      vertex 4.5 -52.4794 5.47907
      vertex -4.5 -52.9551 5.41644
      vertex -4.5 -52.4794 5.47907
    endloop
  endfacet
  facet normal 0 0.382682 -0.92388
    outer loop
      vertex -4.5 -54.3244 4.98469
      vertex 4.5 -53.8811 5.16831
      vertex 4.5 -54.3244 4.98469
    endloop
  endfacet
  facet normal 0 0.382682 -0.92388
    outer loop
      vertex 4.5 -53.8811 5.16831
      vertex -4.5 -54.3244 4.98469
      vertex -4.5 -53.8811 5.16831
    endloop
  endfacet
  facet normal 0 0.461707 -0.887033
    outer loop
      vertex -4.5 -54.4507 4.91895
      vertex 4.5 -54.3244 4.98469
      vertex 4.5 -54.4507 4.91895
    endloop
  endfacet
  facet normal 0 0.461707 -0.887033
    outer loop
      vertex 4.5 -54.3244 4.98469
      vertex -4.5 -54.4507 4.91895
      vertex -4.5 -54.3244 4.98469
    endloop
  endfacet
  facet normal 0 0.300704 -0.953717
    outer loop
      vertex -4.5 -53.8811 5.16831
      vertex 4.5 -53.4235 5.31259
      vertex 4.5 -53.8811 5.16831
    endloop
  endfacet
  facet normal 0 0.300704 -0.953717
    outer loop
      vertex 4.5 -53.4235 5.31259
      vertex -4.5 -53.8811 5.16831
      vertex -4.5 -53.4235 5.31259
    endloop
  endfacet
  facet normal -0 0.0436172 0.999048
    outer loop
      vertex -4.5 -52 -5.5
      vertex 4.5 -52.4794 -5.47907
      vertex 4.5 -52 -5.5
    endloop
  endfacet
  facet normal 0 0.0436172 0.999048
    outer loop
      vertex 4.5 -52.4794 -5.47907
      vertex -4.5 -52 -5.5
      vertex -4.5 -52.4794 -5.47907
    endloop
  endfacet
  facet normal 0 0.216456 -0.976292
    outer loop
      vertex -4.5 -53.4235 5.31259
      vertex 4.5 -52.9551 5.41644
      vertex 4.5 -53.4235 5.31259
    endloop
  endfacet
  facet normal 0 0.216456 -0.976292
    outer loop
      vertex 4.5 -52.9551 5.41644
      vertex -4.5 -53.4235 5.31259
      vertex -4.5 -52.9551 5.41644
    endloop
  endfacet
  facet normal 0 0.0436172 -0.999048
    outer loop
      vertex -4.5 -52.4794 5.47907
      vertex 4.5 -52 5.5
      vertex 4.5 -52.4794 5.47907
    endloop
  endfacet
  facet normal 0 0.0436172 -0.999048
    outer loop
      vertex 4.5 -52 5.5
      vertex -4.5 -52.4794 5.47907
      vertex -4.5 -52 5.5
    endloop
  endfacet
  facet normal -0 0.130532 0.991444
    outer loop
      vertex -4.5 -52.4794 -5.47907
      vertex 4.5 -52.9551 -5.41644
      vertex 4.5 -52.4794 -5.47907
    endloop
  endfacet
  facet normal 0 0.130532 0.991444
    outer loop
      vertex 4.5 -52.9551 -5.41644
      vertex -4.5 -52.4794 -5.47907
      vertex -4.5 -52.9551 -5.41644
    endloop
  endfacet
  facet normal -0 0.217334 0.976097
    outer loop
      vertex -4.5 -52.9551 -5.41644
      vertex 4.5 -52.9679 -5.41359
      vertex 4.5 -52.9551 -5.41644
    endloop
  endfacet
  facet normal 0 0.217334 0.976097
    outer loop
      vertex 4.5 -52.9679 -5.41359
      vertex -4.5 -52.9551 -5.41644
      vertex -4.5 -52.9679 -5.41359
    endloop
  endfacet
  facet normal 0 1 -0
    outer loop
      vertex 10 0 -14
      vertex -10 0 14
      vertex 10 0 14
    endloop
  endfacet
  facet normal 0 1 0
    outer loop
      vertex -10 0 14
      vertex 10 0 -14
      vertex -10 0 -14
    endloop
  endfacet
  facet normal 0 0.88701 -0.46175
    outer loop
      vertex 4.5 -41.6077 -15.5
      vertex -4.5 -41.1243 -14.5714
      vertex 4.5 -41.1243 -14.5714
    endloop
  endfacet
  facet normal 0 0.88701 -0.46175
    outer loop
      vertex -4.5 -41.1243 -14.5714
      vertex 4.5 -41.6077 -15.5
      vertex -4.5 -41.6077 -15.5
    endloop
  endfacet
  facet normal 0 0.54354 -0.839383
    outer loop
      vertex -4.5 -67 -33.5
      vertex 4.5 -45.1171 -19.3298
      vertex 4.5 -67 -33.5
    endloop
  endfacet
  facet normal 0 0.54354 -0.839383
    outer loop
      vertex 4.5 -45.1171 -19.3298
      vertex -4.5 -67 -33.5
      vertex -4.5 -45.1171 -19.3298
    endloop
  endfacet
  facet normal 0 0 -1
    outer loop
      vertex -4.5 -68 -33.5
      vertex 4.5 -67 -33.5
      vertex 4.5 -68 -33.5
    endloop
  endfacet
  facet normal -0 0 -1
    outer loop
      vertex 4.5 -67 -33.5
      vertex -4.5 -68 -33.5
      vertex -4.5 -67 -33.5
    endloop
  endfacet
  facet normal 0 0.608736 -0.793373
    outer loop
      vertex -4.5 -45.1171 -19.3298
      vertex 4.5 -44.2865 -18.6925
      vertex 4.5 -45.1171 -19.3298
    endloop
  endfacet
  facet normal 0 0.608736 -0.793373
    outer loop
      vertex 4.5 -44.2865 -18.6925
      vertex -4.5 -45.1171 -19.3298
      vertex -4.5 -44.2865 -18.6925
    endloop
  endfacet
  facet normal 0 0.737289 -0.675578
    outer loop
      vertex 4.5 -43.5147 -17.9853
      vertex -4.5 -42.8075 -17.2135
      vertex 4.5 -42.8075 -17.2135
    endloop
  endfacet
  facet normal 0 0.737289 -0.675578
    outer loop
      vertex -4.5 -42.8075 -17.2135
      vertex 4.5 -43.5147 -17.9853
      vertex -4.5 -43.5147 -17.9853
    endloop
  endfacet
  facet normal 0 0.793373 -0.608736
    outer loop
      vertex 4.5 -42.8075 -17.2135
      vertex -4.5 -42.1702 -16.3829
      vertex 4.5 -42.1702 -16.3829
    endloop
  endfacet
  facet normal 0 0.793373 -0.608736
    outer loop
      vertex -4.5 -42.1702 -16.3829
      vertex 4.5 -42.8075 -17.2135
      vertex -4.5 -42.8075 -17.2135
    endloop
  endfacet
  facet normal 0 0.843378 -0.53732
    outer loop
      vertex 4.5 -42.1702 -16.3829
      vertex -4.5 -41.6077 -15.5
      vertex 4.5 -41.6077 -15.5
    endloop
  endfacet
  facet normal 0 0.843378 -0.53732
    outer loop
      vertex -4.5 -41.6077 -15.5
      vertex 4.5 -42.1702 -16.3829
      vertex -4.5 -42.1702 -16.3829
    endloop
  endfacet
  facet normal 0 0.675578 -0.737289
    outer loop
      vertex -4.5 -44.2865 -18.6925
      vertex 4.5 -43.5147 -17.9853
      vertex 4.5 -44.2865 -18.6925
    endloop
  endfacet
  facet normal 0 0.675578 -0.737289
    outer loop
      vertex 4.5 -43.5147 -17.9853
      vertex -4.5 -44.2865 -18.6925
      vertex -4.5 -43.5147 -17.9853
    endloop
  endfacet
  facet normal 0 0.923869 -0.382709
    outer loop
      vertex 4.5 -41.1243 -14.5714
      vertex -4.5 -40.8876 -14
      vertex 4.5 -40.8876 -14
    endloop
  endfacet
  facet normal 0 0.923869 -0.382709
    outer loop
      vertex -4.5 -40.8876 -14
      vertex 4.5 -41.1243 -14.5714
      vertex -4.5 -41.1243 -14.5714
    endloop
  endfacet
  facet normal 0 -0.130489 0.99145
    outer loop
      vertex -4.5 -51.097 -14.621
      vertex 4.5 -51.5468 -14.6802
      vertex 4.5 -51.097 -14.621
    endloop
  endfacet
  facet normal 0 -0.130489 0.99145
    outer loop
      vertex 4.5 -51.5468 -14.6802
      vertex -4.5 -51.097 -14.621
      vertex -4.5 -51.5468 -14.6802
    endloop
  endfacet
  facet normal 0 -0.0436477 0.999047
    outer loop
      vertex -4.5 -51.5468 -14.6802
      vertex 4.5 -52 -14.7
      vertex 4.5 -51.5468 -14.6802
    endloop
  endfacet
  facet normal 0 -0.0436477 0.999047
    outer loop
      vertex 4.5 -52 -14.7
      vertex -4.5 -51.5468 -14.6802
      vertex -4.5 -52 -14.7
    endloop
  endfacet
  facet normal 0 -0.216464 0.976291
    outer loop
      vertex -4.5 -50.6541 -14.5228
      vertex 4.5 -51.097 -14.621
      vertex 4.5 -50.6541 -14.5228
    endloop
  endfacet
  facet normal 0 -0.216464 0.976291
    outer loop
      vertex 4.5 -51.097 -14.621
      vertex -4.5 -50.6541 -14.5228
      vertex -4.5 -51.097 -14.621
    endloop
  endfacet
  facet normal 0 -0.535824 0.844329
    outer loop
      vertex -4.5 -49.3948 -14
      vertex 4.5 -49.4 -14.0033
      vertex 4.5 -49.3948 -14
    endloop
  endfacet
  facet normal 0 -0.535824 0.844329
    outer loop
      vertex 4.5 -49.4 -14.0033
      vertex -4.5 -49.3948 -14
      vertex -4.5 -49.4 -14.0033
    endloop
  endfacet
  facet normal 0 -0.46179 0.886989
    outer loop
      vertex -4.5 -49.4 -14.0033
      vertex 4.5 -49.8024 -14.2128
      vertex 4.5 -49.4 -14.0033
    endloop
  endfacet
  facet normal 0 -0.46179 0.886989
    outer loop
      vertex 4.5 -49.8024 -14.2128
      vertex -4.5 -49.4 -14.0033
      vertex -4.5 -49.8024 -14.2128
    endloop
  endfacet
  facet normal 0 -0.300709 0.953716
    outer loop
      vertex -4.5 -50.2215 -14.3864
      vertex 4.5 -50.6541 -14.5228
      vertex 4.5 -50.2215 -14.3864
    endloop
  endfacet
  facet normal 0 -0.300709 0.953716
    outer loop
      vertex 4.5 -50.6541 -14.5228
      vertex -4.5 -50.2215 -14.3864
      vertex -4.5 -50.6541 -14.5228
    endloop
  endfacet
  facet normal 0 -0.382689 0.923877
    outer loop
      vertex -4.5 -49.8024 -14.2128
      vertex 4.5 -50.2215 -14.3864
      vertex 4.5 -49.8024 -14.2128
    endloop
  endfacet
  facet normal 0 -0.382689 0.923877
    outer loop
      vertex 4.5 -50.2215 -14.3864
      vertex -4.5 -49.8024 -14.2128
      vertex -4.5 -50.2215 -14.3864
    endloop
  endfacet
  facet normal -0 0.0436477 0.999047
    outer loop
      vertex -4.5 -52 -14.7
      vertex 4.5 -52.4532 -14.6802
      vertex 4.5 -52 -14.7
    endloop
  endfacet
  facet normal 0 0.0436477 0.999047
    outer loop
      vertex 4.5 -52.4532 -14.6802
      vertex -4.5 -52 -14.7
      vertex -4.5 -52.4532 -14.6802
    endloop
  endfacet
  facet normal -0 0.130695 0.991423
    outer loop
      vertex -4.5 -52.4532 -14.6802
      vertex 4.5 -52.5814 -14.6633
      vertex 4.5 -52.4532 -14.6802
    endloop
  endfacet
  facet normal 0 0.130695 0.991423
    outer loop
      vertex 4.5 -52.5814 -14.6633
      vertex -4.5 -52.4532 -14.6802
      vertex -4.5 -52.5814 -14.6633
    endloop
  endfacet
  facet normal -0 0.608736 0.793373
    outer loop
      vertex -4.5 -44.2865 18.6925
      vertex 4.5 -45.1171 19.3298
      vertex 4.5 -44.2865 18.6925
    endloop
  endfacet
  facet normal 0 0.608736 0.793373
    outer loop
      vertex 4.5 -45.1171 19.3298
      vertex -4.5 -44.2865 18.6925
      vertex -4.5 -45.1171 19.3298
    endloop
  endfacet
  facet normal 0 0.843378 0.53732
    outer loop
      vertex 4.5 -41.6077 15.5
      vertex -4.5 -42.1702 16.3829
      vertex 4.5 -42.1702 16.3829
    endloop
  endfacet
  facet normal 0 0.843378 0.53732
    outer loop
      vertex -4.5 -42.1702 16.3829
      vertex 4.5 -41.6077 15.5
      vertex -4.5 -41.6077 15.5
    endloop
  endfacet
  facet normal -0 0.53732 0.843378
    outer loop
      vertex -4.5 -45.1171 19.3298
      vertex 4.5 -46 19.8923
      vertex 4.5 -45.1171 19.3298
    endloop
  endfacet
  facet normal 0 0.53732 0.843378
    outer loop
      vertex 4.5 -46 19.8923
      vertex -4.5 -45.1171 19.3298
      vertex -4.5 -46 19.8923
    endloop
  endfacet
  facet normal 0 0.543543 -0.839382
    outer loop
      vertex -4.5 -52.9679 -5.41359
      vertex 4.5 -52.3084 -4.98653
      vertex 4.5 -52.9679 -5.41359
    endloop
  endfacet
  facet normal 0 0.543543 -0.839382
    outer loop
      vertex 4.5 -52.3084 -4.98653
      vertex -4.5 -52.9679 -5.41359
      vertex -4.5 -52.3084 -4.98653
    endloop
  endfacet
  facet normal 0 -0.0436528 0.999047
    outer loop
      vertex -4.5 -52 21.5
      vertex 4.5 -53.0459 21.4543
      vertex 4.5 -52 21.5
    endloop
  endfacet
  facet normal 0 -0.0436528 0.999047
    outer loop
      vertex 4.5 -53.0459 21.4543
      vertex -4.5 -52 21.5
      vertex -4.5 -53.0459 21.4543
    endloop
  endfacet
  facet normal 0 -0.608736 0.793373
    outer loop
      vertex -4.5 -58.8829 19.3298
      vertex 4.5 -59.7135 18.6925
      vertex 4.5 -58.8829 19.3298
    endloop
  endfacet
  facet normal 0 -0.608736 0.793373
    outer loop
      vertex 4.5 -59.7135 18.6925
      vertex -4.5 -58.8829 19.3298
      vertex -4.5 -59.7135 18.6925
    endloop
  endfacet
  facet normal -0 0.0436528 0.999047
    outer loop
      vertex -4.5 -50.9541 21.4543
      vertex 4.5 -52 21.5
      vertex 4.5 -50.9541 21.4543
    endloop
  endfacet
  facet normal 0 0.0436528 0.999047
    outer loop
      vertex 4.5 -52 21.5
      vertex -4.5 -50.9541 21.4543
      vertex -4.5 -52 21.5
    endloop
  endfacet
  facet normal -0 0.46175 0.88701
    outer loop
      vertex -4.5 -46 19.8923
      vertex 4.5 -46.9286 20.3757
      vertex 4.5 -46 19.8923
    endloop
  endfacet
  facet normal 0 0.46175 0.88701
    outer loop
      vertex 4.5 -46.9286 20.3757
      vertex -4.5 -46 19.8923
      vertex -4.5 -46.9286 20.3757
    endloop
  endfacet
  facet normal 0 -0.382661 0.923889
    outer loop
      vertex -4.5 -56.1042 20.7763
      vertex 4.5 -57.0714 20.3757
      vertex 4.5 -56.1042 20.7763
    endloop
  endfacet
  facet normal 0 -0.382661 0.923889
    outer loop
      vertex 4.5 -57.0714 20.3757
      vertex -4.5 -56.1042 20.7763
      vertex -4.5 -57.0714 20.3757
    endloop
  endfacet
  facet normal -0 0.382661 0.923889
    outer loop
      vertex -4.5 -46.9286 20.3757
      vertex 4.5 -47.8958 20.7763
      vertex 4.5 -46.9286 20.3757
    endloop
  endfacet
  facet normal 0 0.382661 0.923889
    outer loop
      vertex 4.5 -47.8958 20.7763
      vertex -4.5 -46.9286 20.3757
      vertex -4.5 -47.8958 20.7763
    endloop
  endfacet
  facet normal -0 0.300711 0.953715
    outer loop
      vertex -4.5 -47.8958 20.7763
      vertex 4.5 -48.8942 21.0911
      vertex 4.5 -47.8958 20.7763
    endloop
  endfacet
  facet normal 0 0.300711 0.953715
    outer loop
      vertex 4.5 -48.8942 21.0911
      vertex -4.5 -47.8958 20.7763
      vertex -4.5 -48.8942 21.0911
    endloop
  endfacet
  facet normal 0 -0.46175 0.88701
    outer loop
      vertex -4.5 -57.0714 20.3757
      vertex 4.5 -58 19.8923
      vertex 4.5 -57.0714 20.3757
    endloop
  endfacet
  facet normal 0 -0.46175 0.88701
    outer loop
      vertex 4.5 -58 19.8923
      vertex -4.5 -57.0714 20.3757
      vertex -4.5 -58 19.8923
    endloop
  endfacet
  facet normal -0 0.216465 0.97629
    outer loop
      vertex -4.5 -48.8942 21.0911
      vertex 4.5 -49.9162 21.3177
      vertex 4.5 -48.8942 21.0911
    endloop
  endfacet
  facet normal 0 0.216465 0.97629
    outer loop
      vertex 4.5 -49.9162 21.3177
      vertex -4.5 -48.8942 21.0911
      vertex -4.5 -49.9162 21.3177
    endloop
  endfacet
  facet normal 0 -0.130487 0.99145
    outer loop
      vertex -4.5 -53.0459 21.4543
      vertex 4.5 -54.0838 21.3177
      vertex 4.5 -53.0459 21.4543
    endloop
  endfacet
  facet normal 0 -0.130487 0.99145
    outer loop
      vertex 4.5 -54.0838 21.3177
      vertex -4.5 -53.0459 21.4543
      vertex -4.5 -54.0838 21.3177
    endloop
  endfacet
  facet normal -0 0.130487 0.99145
    outer loop
      vertex -4.5 -49.9162 21.3177
      vertex 4.5 -50.9541 21.4543
      vertex 4.5 -49.9162 21.3177
    endloop
  endfacet
  facet normal 0 0.130487 0.99145
    outer loop
      vertex 4.5 -50.9541 21.4543
      vertex -4.5 -49.9162 21.3177
      vertex -4.5 -50.9541 21.4543
    endloop
  endfacet
  facet normal 0 0.88701 0.46175
    outer loop
      vertex 4.5 -41.1243 14.5714
      vertex -4.5 -41.6077 15.5
      vertex 4.5 -41.6077 15.5
    endloop
  endfacet
  facet normal 0 0.88701 0.46175
    outer loop
      vertex -4.5 -41.6077 15.5
      vertex 4.5 -41.1243 14.5714
      vertex -4.5 -41.1243 14.5714
    endloop
  endfacet
  facet normal 0 -0.737289 0.675578
    outer loop
      vertex -4.5 -61.1925 17.2135
      vertex 4.5 -60.4853 17.9853
      vertex -4.5 -60.4853 17.9853
    endloop
  endfacet
  facet normal 0 -0.737289 0.675578
    outer loop
      vertex 4.5 -60.4853 17.9853
      vertex -4.5 -61.1925 17.2135
      vertex 4.5 -61.1925 17.2135
    endloop
  endfacet
  facet normal 0 -0.53732 0.843378
    outer loop
      vertex -4.5 -58 19.8923
      vertex 4.5 -58.8829 19.3298
      vertex 4.5 -58 19.8923
    endloop
  endfacet
  facet normal 0 -0.53732 0.843378
    outer loop
      vertex 4.5 -58.8829 19.3298
      vertex -4.5 -58 19.8923
      vertex -4.5 -58.8829 19.3298
    endloop
  endfacet
  facet normal 0 -0.749767 0.661702
    outer loop
      vertex -4.5 -68 9.5
      vertex 4.5 -61.1925 17.2135
      vertex -4.5 -61.1925 17.2135
    endloop
  endfacet
  facet normal 0 -0.749767 0.661702
    outer loop
      vertex 4.5 -61.1925 17.2135
      vertex -4.5 -68 9.5
      vertex 4.5 -68 9.5
    endloop
  endfacet
  facet normal 0 -0.300711 0.953715
    outer loop
      vertex -4.5 -55.1058 21.0911
      vertex 4.5 -56.1042 20.7763
      vertex 4.5 -55.1058 21.0911
    endloop
  endfacet
  facet normal 0 -0.300711 0.953715
    outer loop
      vertex 4.5 -56.1042 20.7763
      vertex -4.5 -55.1058 21.0911
      vertex -4.5 -56.1042 20.7763
    endloop
  endfacet
  facet normal 0 -0.675578 0.737289
    outer loop
      vertex -4.5 -59.7135 18.6925
      vertex 4.5 -60.4853 17.9853
      vertex 4.5 -59.7135 18.6925
    endloop
  endfacet
  facet normal 0 -0.675578 0.737289
    outer loop
      vertex 4.5 -60.4853 17.9853
      vertex -4.5 -59.7135 18.6925
      vertex -4.5 -60.4853 17.9853
    endloop
  endfacet
  facet normal 0 0.793373 0.608736
    outer loop
      vertex 4.5 -42.1702 16.3829
      vertex -4.5 -42.8075 17.2135
      vertex 4.5 -42.8075 17.2135
    endloop
  endfacet
  facet normal 0 0.793373 0.608736
    outer loop
      vertex -4.5 -42.8075 17.2135
      vertex 4.5 -42.1702 16.3829
      vertex -4.5 -42.1702 16.3829
    endloop
  endfacet
  facet normal 0 0.923869 0.382709
    outer loop
      vertex 4.5 -40.8876 14
      vertex -4.5 -41.1243 14.5714
      vertex 4.5 -41.1243 14.5714
    endloop
  endfacet
  facet normal 0 0.923869 0.382709
    outer loop
      vertex -4.5 -41.1243 14.5714
      vertex 4.5 -40.8876 14
      vertex -4.5 -40.8876 14
    endloop
  endfacet
  facet normal 0 -0.216465 0.97629
    outer loop
      vertex -4.5 -54.0838 21.3177
      vertex 4.5 -55.1058 21.0911
      vertex 4.5 -54.0838 21.3177
    endloop
  endfacet
  facet normal 0 -0.216465 0.97629
    outer loop
      vertex 4.5 -55.1058 21.0911
      vertex -4.5 -54.0838 21.3177
      vertex -4.5 -55.1058 21.0911
    endloop
  endfacet
  facet normal 0 0.737289 0.675578
    outer loop
      vertex 4.5 -42.8075 17.2135
      vertex -4.5 -43.5147 17.9853
      vertex 4.5 -43.5147 17.9853
    endloop
  endfacet
  facet normal 0 0.737289 0.675578
    outer loop
      vertex -4.5 -43.5147 17.9853
      vertex 4.5 -42.8075 17.2135
      vertex -4.5 -42.8075 17.2135
    endloop
  endfacet
  facet normal -0 0.675578 0.737289
    outer loop
      vertex -4.5 -43.5147 17.9853
      vertex 4.5 -44.2865 18.6925
      vertex 4.5 -43.5147 17.9853
    endloop
  endfacet
  facet normal 0 0.675578 0.737289
    outer loop
      vertex 4.5 -44.2865 18.6925
      vertex -4.5 -43.5147 17.9853
      vertex -4.5 -44.2865 18.6925
    endloop
  endfacet
  facet normal 0 0.216464 -0.976291
    outer loop
      vertex -4.5 -53.3459 14.5228
      vertex 4.5 -52.903 14.621
      vertex 4.5 -53.3459 14.5228
    endloop
  endfacet
  facet normal 0 0.216464 -0.976291
    outer loop
      vertex 4.5 -52.903 14.621
      vertex -4.5 -53.3459 14.5228
      vertex -4.5 -52.903 14.621
    endloop
  endfacet
  facet normal 0 0.46179 -0.886989
    outer loop
      vertex -4.5 -54.6 14.0033
      vertex 4.5 -54.1976 14.2128
      vertex 4.5 -54.6 14.0033
    endloop
  endfacet
  facet normal 0 0.46179 -0.886989
    outer loop
      vertex 4.5 -54.1976 14.2128
      vertex -4.5 -54.6 14.0033
      vertex -4.5 -54.1976 14.2128
    endloop
  endfacet
  facet normal 0 -0.382689 -0.923877
    outer loop
      vertex -4.5 -50.2215 14.3864
      vertex 4.5 -49.8024 14.2128
      vertex 4.5 -50.2215 14.3864
    endloop
  endfacet
  facet normal -0 -0.382689 -0.923877
    outer loop
      vertex 4.5 -49.8024 14.2128
      vertex -4.5 -50.2215 14.3864
      vertex -4.5 -49.8024 14.2128
    endloop
  endfacet
  facet normal 0 0.843434 -0.537232
    outer loop
      vertex 4.5 -56.5033 12.1
      vertex -4.5 -56.2596 12.4826
      vertex 4.5 -56.2596 12.4826
    endloop
  endfacet
  facet normal 0 0.843434 -0.537232
    outer loop
      vertex -4.5 -56.2596 12.4826
      vertex 4.5 -56.5033 12.1
      vertex -4.5 -56.5033 12.1
    endloop
  endfacet
  facet normal -0 0.461733 0.887019
    outer loop
      vertex -4.5 -54.1976 4.7872
      vertex 4.5 -54.4507 4.91895
      vertex 4.5 -54.1976 4.7872
    endloop
  endfacet
  facet normal 0 0.461733 0.887019
    outer loop
      vertex 4.5 -54.4507 4.91895
      vertex -4.5 -54.1976 4.7872
      vertex -4.5 -54.4507 4.91895
    endloop
  endfacet
  facet normal 0 0.382689 -0.923877
    outer loop
      vertex -4.5 -54.1976 14.2128
      vertex 4.5 -53.7785 14.3864
      vertex 4.5 -54.1976 14.2128
    endloop
  endfacet
  facet normal 0 0.382689 -0.923877
    outer loop
      vertex 4.5 -53.7785 14.3864
      vertex -4.5 -54.1976 14.2128
      vertex -4.5 -53.7785 14.3864
    endloop
  endfacet
  facet normal 0 0.608816 -0.793312
    outer loop
      vertex -4.5 -55.3425 13.4834
      vertex 4.5 -54.9826 13.7596
      vertex 4.5 -55.3425 13.4834
    endloop
  endfacet
  facet normal 0 0.608816 -0.793312
    outer loop
      vertex 4.5 -54.9826 13.7596
      vertex -4.5 -55.3425 13.4834
      vertex -4.5 -54.9826 13.7596
    endloop
  endfacet
  facet normal -0 0.382666 0.923887
    outer loop
      vertex -4.5 -53.8467 4.64186
      vertex 4.5 -54.1976 4.7872
      vertex 4.5 -53.8467 4.64186
    endloop
  endfacet
  facet normal 0 0.382666 0.923887
    outer loop
      vertex 4.5 -54.1976 4.7872
      vertex -4.5 -53.8467 4.64186
      vertex -4.5 -54.1976 4.7872
    endloop
  endfacet
  facet normal 0 -0.130489 -0.99145
    outer loop
      vertex -4.5 -51.5468 14.6802
      vertex 4.5 -51.097 14.621
      vertex 4.5 -51.5468 14.6802
    endloop
  endfacet
  facet normal -0 -0.130489 -0.99145
    outer loop
      vertex 4.5 -51.097 14.621
      vertex -4.5 -51.5468 14.6802
      vertex -4.5 -51.097 14.621
    endloop
  endfacet
  facet normal 0 0.793312 -0.608816
    outer loop
      vertex 4.5 -56.2596 12.4826
      vertex -4.5 -55.9834 12.8425
      vertex 4.5 -55.9834 12.8425
    endloop
  endfacet
  facet normal 0 0.793312 -0.608816
    outer loop
      vertex -4.5 -55.9834 12.8425
      vertex 4.5 -56.2596 12.4826
      vertex -4.5 -56.2596 12.4826
    endloop
  endfacet
  facet normal 0 -0.46179 -0.886989
    outer loop
      vertex -4.5 -49.8024 14.2128
      vertex 4.5 -49.4 14.0033
      vertex 4.5 -49.8024 14.2128
    endloop
  endfacet
  facet normal -0 -0.46179 -0.886989
    outer loop
      vertex 4.5 -49.4 14.0033
      vertex -4.5 -49.8024 14.2128
      vertex -4.5 -49.4 14.0033
    endloop
  endfacet
  facet normal 0 0.300709 -0.953716
    outer loop
      vertex -4.5 -53.7785 14.3864
      vertex 4.5 -53.3459 14.5228
      vertex 4.5 -53.7785 14.3864
    endloop
  endfacet
  facet normal 0 0.300709 -0.953716
    outer loop
      vertex 4.5 -53.3459 14.5228
      vertex -4.5 -53.7785 14.3864
      vertex -4.5 -53.3459 14.5228
    endloop
  endfacet
  facet normal 0 -0.216464 -0.976291
    outer loop
      vertex -4.5 -51.097 14.621
      vertex 4.5 -50.6541 14.5228
      vertex 4.5 -51.097 14.621
    endloop
  endfacet
  facet normal -0 -0.216464 -0.976291
    outer loop
      vertex 4.5 -50.6541 14.5228
      vertex -4.5 -51.097 14.621
      vertex -4.5 -50.6541 14.5228
    endloop
  endfacet
  facet normal 0 0.0436477 -0.999047
    outer loop
      vertex -4.5 -52.4532 14.6802
      vertex 4.5 -52 14.7
      vertex 4.5 -52.4532 14.6802
    endloop
  endfacet
  facet normal 0 0.0436477 -0.999047
    outer loop
      vertex 4.5 -52 14.7
      vertex -4.5 -52.4532 14.6802
      vertex -4.5 -52 14.7
    endloop
  endfacet
  facet normal 0 0.886989 -0.46179
    outer loop
      vertex 4.5 -56.7128 11.6976
      vertex -4.5 -56.5033 12.1
      vertex 4.5 -56.5033 12.1
    endloop
  endfacet
  facet normal 0 0.886989 -0.46179
    outer loop
      vertex -4.5 -56.5033 12.1
      vertex 4.5 -56.7128 11.6976
      vertex -4.5 -56.7128 11.6976
    endloop
  endfacet
  facet normal 0 -0.300709 -0.953716
    outer loop
      vertex -4.5 -50.6541 14.5228
      vertex 4.5 -50.2215 14.3864
      vertex 4.5 -50.6541 14.5228
    endloop
  endfacet
  facet normal -0 -0.300709 -0.953716
    outer loop
      vertex 4.5 -50.2215 14.3864
      vertex -4.5 -50.6541 14.5228
      vertex -4.5 -50.2215 14.3864
    endloop
  endfacet
  facet normal 0 0.675455 -0.737401
    outer loop
      vertex -4.5 -55.677 13.177
      vertex 4.5 -55.3425 13.4834
      vertex 4.5 -55.677 13.177
    endloop
  endfacet
  facet normal 0 0.675455 -0.737401
    outer loop
      vertex 4.5 -55.3425 13.4834
      vertex -4.5 -55.677 13.177
      vertex -4.5 -55.3425 13.4834
    endloop
  endfacet
  facet normal 0 0.130489 -0.99145
    outer loop
      vertex -4.5 -52.903 14.621
      vertex 4.5 -52.4532 14.6802
      vertex 4.5 -52.903 14.621
    endloop
  endfacet
  facet normal 0 0.130489 -0.99145
    outer loop
      vertex 4.5 -52.4532 14.6802
      vertex -4.5 -52.903 14.621
      vertex -4.5 -52.4532 14.6802
    endloop
  endfacet
  facet normal 0 0.923877 -0.382689
    outer loop
      vertex 4.5 -56.8864 11.2785
      vertex -4.5 -56.7128 11.6976
      vertex 4.5 -56.7128 11.6976
    endloop
  endfacet
  facet normal 0 0.923877 -0.382689
    outer loop
      vertex -4.5 -56.7128 11.6976
      vertex 4.5 -56.8864 11.2785
      vertex -4.5 -56.8864 11.2785
    endloop
  endfacet
  facet normal 0 0.953717 -0.300706
    outer loop
      vertex 4.5 -57.0047 10.9033
      vertex -4.5 -56.8864 11.2785
      vertex 4.5 -56.8864 11.2785
    endloop
  endfacet
  facet normal 0 0.953717 -0.300706
    outer loop
      vertex -4.5 -56.8864 11.2785
      vertex 4.5 -57.0047 10.9033
      vertex -4.5 -57.0047 10.9033
    endloop
  endfacet
  facet normal 0 0.537232 -0.843434
    outer loop
      vertex -4.5 -54.9826 13.7596
      vertex 4.5 -54.6 14.0033
      vertex 4.5 -54.9826 13.7596
    endloop
  endfacet
  facet normal 0 0.537232 -0.843434
    outer loop
      vertex 4.5 -54.6 14.0033
      vertex -4.5 -54.9826 13.7596
      vertex -4.5 -54.6 14.0033
    endloop
  endfacet
  facet normal 0 -0.0436477 -0.999047
    outer loop
      vertex -4.5 -52 14.7
      vertex 4.5 -51.5468 14.6802
      vertex 4.5 -52 14.7
    endloop
  endfacet
  facet normal -0 -0.0436477 -0.999047
    outer loop
      vertex 4.5 -51.5468 14.6802
      vertex -4.5 -52 14.7
      vertex -4.5 -51.5468 14.6802
    endloop
  endfacet
  facet normal 0 0.737401 -0.675455
    outer loop
      vertex 4.5 -55.9834 12.8425
      vertex -4.5 -55.677 13.177
      vertex 4.5 -55.677 13.177
    endloop
  endfacet
  facet normal 0 0.737401 -0.675455
    outer loop
      vertex -4.5 -55.677 13.177
      vertex 4.5 -55.9834 12.8425
      vertex -4.5 -55.9834 12.8425
    endloop
  endfacet
  facet normal 0 -0.535824 -0.844329
    outer loop
      vertex -4.5 -49.4 14.0033
      vertex 4.5 -49.3948 14
      vertex 4.5 -49.4 14.0033
    endloop
  endfacet
  facet normal -0 -0.535824 -0.844329
    outer loop
      vertex 4.5 -49.3948 14
      vertex -4.5 -49.4 14.0033
      vertex -4.5 -49.3948 14
    endloop
  endfacet
  facet normal 1 0 0
    outer loop
      vertex 10 0 14
      vertex 10 -47 0
      vertex 10 0 -14
    endloop
  endfacet
  facet normal 1 0 0
    outer loop
      vertex 10 0 14
      vertex 10 -47.019 0.435779
      vertex 10 -47 0
    endloop
  endfacet
  facet normal 1 0 0
    outer loop
      vertex 10 0 14
      vertex 10 -47.076 0.86824
      vertex 10 -47.019 0.435779
    endloop
  endfacet
  facet normal 1 0 0
    outer loop
      vertex 10 0 14
      vertex 10 -47.1704 1.2941
      vertex 10 -47.076 0.86824
    endloop
  endfacet
  facet normal 1 0 0
    outer loop
      vertex 10 0 14
      vertex 10 -47.3015 1.7101
      vertex 10 -47.1704 1.2941
    endloop
  endfacet
  facet normal 1 0 0
    outer loop
      vertex 10 0 14
      vertex 10 -47.4685 2.11309
      vertex 10 -47.3015 1.7101
    endloop
  endfacet
  facet normal 1 0 0
    outer loop
      vertex 10 0 14
      vertex 10 -47.6699 2.5
      vertex 10 -47.4685 2.11309
    endloop
  endfacet
  facet normal 1 0 0
    outer loop
      vertex 10 0 14
      vertex 10 -47.9042 2.86788
      vertex 10 -47.6699 2.5
    endloop
  endfacet
  facet normal 1 -0 0
    outer loop
      vertex 10 -52 14
      vertex 10 -47.9042 2.86788
      vertex 10 0 14
    endloop
  endfacet
  facet normal 1 0 0
    outer loop
      vertex 10 -47.9042 2.86788
      vertex 10 -52 14
      vertex 10 -48.1698 3.21394
    endloop
  endfacet
  facet normal 1 0 0
    outer loop
      vertex 10 -48.1698 3.21394
      vertex 10 -52 14
      vertex 10 -48.4645 3.53553
    endloop
  endfacet
  facet normal 1 0 0
    outer loop
      vertex 10 -48.4645 3.53553
      vertex 10 -52 14
      vertex 10 -48.7861 3.83022
    endloop
  endfacet
  facet normal 1 0 0
    outer loop
      vertex 10 -48.7861 3.83022
      vertex 10 -52 14
      vertex 10 -49.1321 4.09576
    endloop
  endfacet
  facet normal 1 0 0
    outer loop
      vertex 10 -49.1321 4.09576
      vertex 10 -52 14
      vertex 10 -49.5 4.33013
    endloop
  endfacet
  facet normal 1 0 0
    outer loop
      vertex 10 -49.5 4.33013
      vertex 10 -52 14
      vertex 10 -49.8869 4.53154
    endloop
  endfacet
  facet normal 1 0 0
    outer loop
      vertex 10 -49.8869 4.53154
      vertex 10 -52 14
      vertex 10 -50.2899 4.69846
    endloop
  endfacet
  facet normal 1 0 0
    outer loop
      vertex 10 -50.2899 4.69846
      vertex 10 -52 14
      vertex 10 -50.7059 4.82963
    endloop
  endfacet
  facet normal 1 0 0
    outer loop
      vertex 10 -50.7059 4.82963
      vertex 10 -52 14
      vertex 10 -51.1318 4.92404
    endloop
  endfacet
  facet normal 1 0 0
    outer loop
      vertex 10 -51.1318 4.92404
      vertex 10 -52 14
      vertex 10 -51.5642 4.98097
    endloop
  endfacet
  facet normal 1 0 0
    outer loop
      vertex 10 -51.5642 4.98097
      vertex 10 -52 14
      vertex 10 -52 5
    endloop
  endfacet
  facet normal 1 -0 0
    outer loop
      vertex 10 -47.019 -0.435779
      vertex 10 0 -14
      vertex 10 -47 0
    endloop
  endfacet
  facet normal 1 -0 0
    outer loop
      vertex 10 -47.076 -0.86824
      vertex 10 0 -14
      vertex 10 -47.019 -0.435779
    endloop
  endfacet
  facet normal 1 -0 0
    outer loop
      vertex 10 -47.1704 -1.2941
      vertex 10 0 -14
      vertex 10 -47.076 -0.86824
    endloop
  endfacet
  facet normal 1 -0 0
    outer loop
      vertex 10 -47.3015 -1.7101
      vertex 10 0 -14
      vertex 10 -47.1704 -1.2941
    endloop
  endfacet
  facet normal 1 -0 0
    outer loop
      vertex 10 -47.4685 -2.11309
      vertex 10 0 -14
      vertex 10 -47.3015 -1.7101
    endloop
  endfacet
  facet normal 1 -0 0
    outer loop
      vertex 10 -47.6699 -2.5
      vertex 10 0 -14
      vertex 10 -47.4685 -2.11309
    endloop
  endfacet
  facet normal 1 -0 0
    outer loop
      vertex 10 -47.9042 -2.86788
      vertex 10 0 -14
      vertex 10 -47.6699 -2.5
    endloop
  endfacet
  facet normal 1 0 0
    outer loop
      vertex 10 -52 -14
      vertex 10 -47.9042 -2.86788
      vertex 10 -48.1698 -3.21394
    endloop
  endfacet
  facet normal 1 0 0
    outer loop
      vertex 10 -52 -14
      vertex 10 -48.1698 -3.21394
      vertex 10 -48.4645 -3.53553
    endloop
  endfacet
  facet normal 1 0 0
    outer loop
      vertex 10 -52 -14
      vertex 10 -48.4645 -3.53553
      vertex 10 -48.7861 -3.83022
    endloop
  endfacet
  facet normal 1 0 0
    outer loop
      vertex 10 -52 -14
      vertex 10 -48.7861 -3.83022
      vertex 10 -49.1321 -4.09576
    endloop
  endfacet
  facet normal 1 0 0
    outer loop
      vertex 10 -52 -14
      vertex 10 -49.1321 -4.09576
      vertex 10 -49.5 -4.33013
    endloop
  endfacet
  facet normal 1 0 0
    outer loop
      vertex 10 -52 -14
      vertex 10 -49.5 -4.33013
      vertex 10 -49.8869 -4.53154
    endloop
  endfacet
  facet normal 1 0 0
    outer loop
      vertex 10 -52 -14
      vertex 10 -49.8869 -4.53154
      vertex 10 -50.2899 -4.69846
    endloop
  endfacet
  facet normal 1 0 0
    outer loop
      vertex 10 -52 -14
      vertex 10 -50.2899 -4.69846
      vertex 10 -50.7059 -4.82963
    endloop
  endfacet
  facet normal 1 0 0
    outer loop
      vertex 10 -52 -14
      vertex 10 -50.7059 -4.82963
      vertex 10 -51.1318 -4.92404
    endloop
  endfacet
  facet normal 1 0 0
    outer loop
      vertex 10 -52 -14
      vertex 10 -51.1318 -4.92404
      vertex 10 -51.5642 -4.98097
    endloop
  endfacet
  facet normal 1 0 0
    outer loop
      vertex 10 -52 -14
      vertex 10 -51.5642 -4.98097
      vertex 10 -52 -5
    endloop
  endfacet
  facet normal 1 0 0
    outer loop
      vertex 10 -47.9042 -2.86788
      vertex 10 -52 -14
      vertex 10 0 -14
    endloop
  endfacet
  facet normal 0 0 1
    outer loop
      vertex 10 0 14
      vertex 4.5 -40.8876 14
      vertex 10 -52 14
    endloop
  endfacet
  facet normal 0 0 1
    outer loop
      vertex 10 0 14
      vertex -4.5 -40.8876 14
      vertex 4.5 -40.8876 14
    endloop
  endfacet
  facet normal 0 0 1
    outer loop
      vertex -10 -52 14
      vertex -4.5 -40.8876 14
      vertex -10 0 14
    endloop
  endfacet
  facet normal -0 0 1
    outer loop
      vertex -10 0 14
      vertex -4.5 -40.8876 14
      vertex 10 0 14
    endloop
  endfacet
  facet normal -0 0 1
    outer loop
      vertex 4.5 -49.3948 14
      vertex 10 -52 14
      vertex 4.5 -40.8876 14
    endloop
  endfacet
  facet normal -0 0 1
    outer loop
      vertex -4.5 -49.3948 14
      vertex 10 -52 14
      vertex 4.5 -49.3948 14
    endloop
  endfacet
  facet normal 0 0 1
    outer loop
      vertex -4.5 -49.3948 14
      vertex -10 -52 14
      vertex 10 -52 14
    endloop
  endfacet
  facet normal 0 0 1
    outer loop
      vertex -4.5 -40.8876 14
      vertex -10 -52 14
      vertex -4.5 -49.3948 14
    endloop
  endfacet
  facet normal 0 0 -1
    outer loop
      vertex -10 -52 -14
      vertex -4.5 -51.5571 -14
      vertex -4.5 -52 -14
    endloop
  endfacet
  facet normal -0 0 -1
    outer loop
      vertex -4.5 -51.5571 -14
      vertex -10 -52 -14
      vertex -4.5 -49.3948 -14
    endloop
  endfacet
  facet normal -0 0 -1
    outer loop
      vertex -4.5 -49.3948 -14
      vertex -10 -52 -14
      vertex -4.5 -40.8876 -14
    endloop
  endfacet
  facet normal 0 0 -1
    outer loop
      vertex -4.5 -51.5571 -14
      vertex 4.5 -49.3948 -14
      vertex 4.5 -51.5571 -14
    endloop
  endfacet
  facet normal -0 0 -1
    outer loop
      vertex 4.5 -49.3948 -14
      vertex -4.5 -51.5571 -14
      vertex -4.5 -49.3948 -14
    endloop
  endfacet
  facet normal 0 0 -1
    outer loop
      vertex 4.5 -51.5571 -14
      vertex 10 -52 -14
      vertex 4.5 -52 -14
    endloop
  endfacet
  facet normal 0 0 -1
    outer loop
      vertex 4.5 -49.3948 -14
      vertex 10 -52 -14
      vertex 4.5 -51.5571 -14
    endloop
  endfacet
  facet normal 0 0 -1
    outer loop
      vertex 4.5 -40.8876 -14
      vertex 10 -52 -14
      vertex 4.5 -49.3948 -14
    endloop
  endfacet
  facet normal 0 0 -1
    outer loop
      vertex 10 -52 -14
      vertex 4.5 -40.8876 -14
      vertex 10 0 -14
    endloop
  endfacet
  facet normal 0 0 -1
    outer loop
      vertex -4.5 -40.8876 -14
      vertex 10 0 -14
      vertex 4.5 -40.8876 -14
    endloop
  endfacet
  facet normal 0 0 -1
    outer loop
      vertex -10 0 -14
      vertex -4.5 -40.8876 -14
      vertex -10 -52 -14
    endloop
  endfacet
  facet normal 0 0 -1
    outer loop
      vertex -4.5 -40.8876 -14
      vertex -10 0 -14
      vertex 10 0 -14
    endloop
  endfacet
  facet normal -1 0 0
    outer loop
      vertex -10 0 -14
      vertex -10 -47 0
      vertex -10 0 14
    endloop
  endfacet
  facet normal -1 0 0
    outer loop
      vertex -10 0 -14
      vertex -10 -47.019 -0.435779
      vertex -10 -47 0
    endloop
  endfacet
  facet normal -1 0 0
    outer loop
      vertex -10 0 -14
      vertex -10 -47.076 -0.86824
      vertex -10 -47.019 -0.435779
    endloop
  endfacet
  facet normal -1 0 0
    outer loop
      vertex -10 0 -14
      vertex -10 -47.1704 -1.2941
      vertex -10 -47.076 -0.86824
    endloop
  endfacet
  facet normal -1 0 0
    outer loop
      vertex -10 0 -14
      vertex -10 -47.3015 -1.7101
      vertex -10 -47.1704 -1.2941
    endloop
  endfacet
  facet normal -1 0 0
    outer loop
      vertex -10 0 -14
      vertex -10 -47.4685 -2.11309
      vertex -10 -47.3015 -1.7101
    endloop
  endfacet
  facet normal -1 0 0
    outer loop
      vertex -10 0 -14
      vertex -10 -47.6699 -2.5
      vertex -10 -47.4685 -2.11309
    endloop
  endfacet
  facet normal -1 0 0
    outer loop
      vertex -10 0 -14
      vertex -10 -47.9042 -2.86788
      vertex -10 -47.6699 -2.5
    endloop
  endfacet
  facet normal -1 0 0
    outer loop
      vertex -10 -52 -14
      vertex -10 -47.9042 -2.86788
      vertex -10 0 -14
    endloop
  endfacet
  facet normal -1 0 0
    outer loop
      vertex -10 -47.9042 -2.86788
      vertex -10 -52 -14
      vertex -10 -48.1698 -3.21394
    endloop
  endfacet
  facet normal -1 0 0
    outer loop
      vertex -10 -48.1698 -3.21394
      vertex -10 -52 -14
      vertex -10 -48.4645 -3.53553
    endloop
  endfacet
  facet normal -1 0 0
    outer loop
      vertex -10 -48.4645 -3.53553
      vertex -10 -52 -14
      vertex -10 -48.7861 -3.83022
    endloop
  endfacet
  facet normal -1 0 0
    outer loop
      vertex -10 -48.7861 -3.83022
      vertex -10 -52 -14
      vertex -10 -49.1321 -4.09576
    endloop
  endfacet
  facet normal -1 0 0
    outer loop
      vertex -10 -49.1321 -4.09576
      vertex -10 -52 -14
      vertex -10 -49.5 -4.33013
    endloop
  endfacet
  facet normal -1 0 0
    outer loop
      vertex -10 -49.5 -4.33013
      vertex -10 -52 -14
      vertex -10 -49.8869 -4.53154
    endloop
  endfacet
  facet normal -1 0 0
    outer loop
      vertex -10 -49.8869 -4.53154
      vertex -10 -52 -14
      vertex -10 -50.2899 -4.69846
    endloop
  endfacet
  facet normal -1 0 0
    outer loop
      vertex -10 -50.2899 -4.69846
      vertex -10 -52 -14
      vertex -10 -50.7059 -4.82963
    endloop
  endfacet
  facet normal -1 0 0
    outer loop
      vertex -10 -50.7059 -4.82963
      vertex -10 -52 -14
      vertex -10 -51.1318 -4.92404
    endloop
  endfacet
  facet normal -1 0 0
    outer loop
      vertex -10 -51.1318 -4.92404
      vertex -10 -52 -14
      vertex -10 -51.5642 -4.98097
    endloop
  endfacet
  facet normal -1 0 0
    outer loop
      vertex -10 -51.5642 -4.98097
      vertex -10 -52 -14
      vertex -10 -52 -5
    endloop
  endfacet
  facet normal -1 0 0
    outer loop
      vertex -10 -47.019 0.435779
      vertex -10 0 14
      vertex -10 -47 0
    endloop
  endfacet
  facet normal -1 0 0
    outer loop
      vertex -10 -47.076 0.86824
      vertex -10 0 14
      vertex -10 -47.019 0.435779
    endloop
  endfacet
  facet normal -1 0 0
    outer loop
      vertex -10 -47.1704 1.2941
      vertex -10 0 14
      vertex -10 -47.076 0.86824
    endloop
  endfacet
  facet normal -1 0 0
    outer loop
      vertex -10 -47.3015 1.7101
      vertex -10 0 14
      vertex -10 -47.1704 1.2941
    endloop
  endfacet
  facet normal -1 0 0
    outer loop
      vertex -10 -47.4685 2.11309
      vertex -10 0 14
      vertex -10 -47.3015 1.7101
    endloop
  endfacet
  facet normal -1 0 0
    outer loop
      vertex -10 -47.6699 2.5
      vertex -10 0 14
      vertex -10 -47.4685 2.11309
    endloop
  endfacet
  facet normal -1 0 0
    outer loop
      vertex -10 -47.9042 2.86788
      vertex -10 0 14
      vertex -10 -47.6699 2.5
    endloop
  endfacet
  facet normal -1 0 0
    outer loop
      vertex -10 -52 14
      vertex -10 -47.9042 2.86788
      vertex -10 -48.1698 3.21394
    endloop
  endfacet
  facet normal -1 0 0
    outer loop
      vertex -10 -52 14
      vertex -10 -48.1698 3.21394
      vertex -10 -48.4645 3.53553
    endloop
  endfacet
  facet normal -1 0 0
    outer loop
      vertex -10 -52 14
      vertex -10 -48.4645 3.53553
      vertex -10 -48.7861 3.83022
    endloop
  endfacet
  facet normal -1 0 0
    outer loop
      vertex -10 -52 14
      vertex -10 -48.7861 3.83022
      vertex -10 -49.1321 4.09576
    endloop
  endfacet
  facet normal -1 0 0
    outer loop
      vertex -10 -52 14
      vertex -10 -49.1321 4.09576
      vertex -10 -49.5 4.33013
    endloop
  endfacet
  facet normal -1 0 0
    outer loop
      vertex -10 -52 14
      vertex -10 -49.5 4.33013
      vertex -10 -49.8869 4.53154
    endloop
  endfacet
  facet normal -1 0 0
    outer loop
      vertex -10 -52 14
      vertex -10 -49.8869 4.53154
      vertex -10 -50.2899 4.69846
    endloop
  endfacet
  facet normal -1 0 0
    outer loop
      vertex -10 -52 14
      vertex -10 -50.2899 4.69846
      vertex -10 -50.7059 4.82963
    endloop
  endfacet
  facet normal -1 0 0
    outer loop
      vertex -10 -52 14
      vertex -10 -50.7059 4.82963
      vertex -10 -51.1318 4.92404
    endloop
  endfacet
  facet normal -1 0 0
    outer loop
      vertex -10 -52 14
      vertex -10 -51.1318 4.92404
      vertex -10 -51.5642 4.98097
    endloop
  endfacet
  facet normal -1 0 0
    outer loop
      vertex -10 -52 14
      vertex -10 -51.5642 4.98097
      vertex -10 -52 5
    endloop
  endfacet
  facet normal -1 0 0
    outer loop
      vertex -10 -47.9042 2.86788
      vertex -10 -52 14
      vertex -10 0 14
    endloop
  endfacet
  facet normal 0 -1 0
    outer loop
      vertex -10 -52 14
      vertex -4.5 -52 12
      vertex 10 -52 14
    endloop
  endfacet
  facet normal 0 -1 0
    outer loop
      vertex -10 -52 5
      vertex -4.5 -52 12
      vertex -10 -52 14
    endloop
  endfacet
  facet normal 0 -1 -0
    outer loop
      vertex -4.5 -52 5.5
      vertex -10 -52 5
      vertex 4.5 -52 5.5
    endloop
  endfacet
  facet normal 0 -1 -0
    outer loop
      vertex -4.5 -52 12
      vertex -10 -52 5
      vertex -4.5 -52 5.5
    endloop
  endfacet
  facet normal 0 -1 0
    outer loop
      vertex 4.5 -52 12
      vertex 10 -52 14
      vertex -4.5 -52 12
    endloop
  endfacet
  facet normal 0 -1 0
    outer loop
      vertex 10 -52 5
      vertex 4.5 -52 12
      vertex 4.5 -52 5.5
    endloop
  endfacet
  facet normal 0 -1 0
    outer loop
      vertex 4.5 -52 12
      vertex 10 -52 5
      vertex 10 -52 14
    endloop
  endfacet
  facet normal 0 -1 0
    outer loop
      vertex 10 -52 5
      vertex 4.5 -52 5.5
      vertex -10 -52 5
    endloop
  endfacet
  facet normal 0 -1 0
    outer loop
      vertex -10 -52 -5
      vertex -4.5 -52 -5.5
      vertex 10 -52 -5
    endloop
  endfacet
  facet normal 0 -1 0
    outer loop
      vertex -10 -52 -14
      vertex -4.5 -52 -5.5
      vertex -10 -52 -5
    endloop
  endfacet
  facet normal 0 -1 -0
    outer loop
      vertex -4.5 -52 -5.5
      vertex -10 -52 -14
      vertex -4.5 -52 -14
    endloop
  endfacet
  facet normal 0 -1 0
    outer loop
      vertex 4.5 -52 -5.5
      vertex 10 -52 -5
      vertex -4.5 -52 -5.5
    endloop
  endfacet
  facet normal 0 -1 0
    outer loop
      vertex 10 -52 -14
      vertex 4.5 -52 -5.5
      vertex 4.5 -52 -14
    endloop
  endfacet
  facet normal 0 -1 0
    outer loop
      vertex 4.5 -52 -5.5
      vertex 10 -52 -14
      vertex 10 -52 -5
    endloop
  endfacet
  facet normal 0 -0.130534 -0.991444
    outer loop
      vertex 4.5 -52.8682 -4.92404
      vertex 17 -52.4358 -4.98097
      vertex 17 -52.8682 -4.92404
    endloop
  endfacet
  facet normal -0 -0.130534 -0.991444
    outer loop
      vertex 17 -52.4358 -4.98097
      vertex 4.5 -52.8682 -4.92404
      vertex 4.5 -52.4358 -4.98097
    endloop
  endfacet
  facet normal 0 -0.130534 -0.991444
    outer loop
      vertex -17 -52.8682 -4.92404
      vertex -4.5 -52.4358 -4.98097
      vertex -4.5 -52.8682 -4.92404
    endloop
  endfacet
  facet normal -0 -0.130534 -0.991444
    outer loop
      vertex -4.5 -52.4358 -4.98097
      vertex -17 -52.8682 -4.92404
      vertex -17 -52.4358 -4.98097
    endloop
  endfacet
  facet normal 0 0.216418 -0.976301
    outer loop
      vertex -17 -51.1318 -4.92404
      vertex -10 -50.7059 -4.82963
      vertex -10 -51.1318 -4.92404
    endloop
  endfacet
  facet normal 0 0.216418 -0.976301
    outer loop
      vertex -10 -50.7059 -4.82963
      vertex -17 -51.1318 -4.92404
      vertex -17 -50.7059 -4.82963
    endloop
  endfacet
  facet normal 0 0.216418 -0.976301
    outer loop
      vertex 10 -51.1318 -4.92404
      vertex 17 -50.7059 -4.82963
      vertex 17 -51.1318 -4.92404
    endloop
  endfacet
  facet normal 0 0.216418 -0.976301
    outer loop
      vertex 17 -50.7059 -4.82963
      vertex 10 -51.1318 -4.92404
      vertex 10 -50.7059 -4.82963
    endloop
  endfacet
  facet normal 0 -0.608826 0.793304
    outer loop
      vertex -17 -54.8679 4.09576
      vertex -4.5 -55.2139 3.83022
      vertex -4.5 -54.8679 4.09576
    endloop
  endfacet
  facet normal 0 -0.608826 0.793304
    outer loop
      vertex -4.5 -55.2139 3.83022
      vertex -17 -54.8679 4.09576
      vertex -17 -55.2139 3.83022
    endloop
  endfacet
  facet normal 0 -0.608826 0.793304
    outer loop
      vertex 4.5 -54.8679 4.09576
      vertex 17 -55.2139 3.83022
      vertex 17 -54.8679 4.09576
    endloop
  endfacet
  facet normal 0 -0.608826 0.793304
    outer loop
      vertex 17 -55.2139 3.83022
      vertex 4.5 -54.8679 4.09576
      vertex 4.5 -55.2139 3.83022
    endloop
  endfacet
  facet normal 0 0.0436252 -0.999048
    outer loop
      vertex -17 -52 -5
      vertex -10 -51.5642 -4.98097
      vertex -10 -52 -5
    endloop
  endfacet
  facet normal 0 0.0436252 -0.999048
    outer loop
      vertex -10 -51.5642 -4.98097
      vertex -17 -52 -5
      vertex -17 -51.5642 -4.98097
    endloop
  endfacet
  facet normal 0 0.0436252 -0.999048
    outer loop
      vertex 10 -52 -5
      vertex 17 -51.5642 -4.98097
      vertex 17 -52 -5
    endloop
  endfacet
  facet normal 0 0.0436252 -0.999048
    outer loop
      vertex 17 -51.5642 -4.98097
      vertex 10 -52 -5
      vertex 10 -51.5642 -4.98097
    endloop
  endfacet
  facet normal 0 0.675588 -0.73728
    outer loop
      vertex 10 -48.7861 -3.83022
      vertex 17 -48.4645 -3.53553
      vertex 17 -48.7861 -3.83022
    endloop
  endfacet
  facet normal 0 0.675588 -0.73728
    outer loop
      vertex 17 -48.4645 -3.53553
      vertex 10 -48.7861 -3.83022
      vertex 10 -48.4645 -3.53553
    endloop
  endfacet
  facet normal 0 0.675588 -0.73728
    outer loop
      vertex -17 -48.7861 -3.83022
      vertex -10 -48.4645 -3.53553
      vertex -10 -48.7861 -3.83022
    endloop
  endfacet
  facet normal 0 0.675588 -0.73728
    outer loop
      vertex -10 -48.4645 -3.53553
      vertex -17 -48.7861 -3.83022
      vertex -17 -48.4645 -3.53553
    endloop
  endfacet
  facet normal -0 0.300718 0.953713
    outer loop
      vertex -17 -50.2899 4.69846
      vertex -10 -50.7059 4.82963
      vertex -10 -50.2899 4.69846
    endloop
  endfacet
  facet normal 0 0.300718 0.953713
    outer loop
      vertex -10 -50.7059 4.82963
      vertex -17 -50.2899 4.69846
      vertex -17 -50.7059 4.82963
    endloop
  endfacet
  facet normal -0 0.300718 0.953713
    outer loop
      vertex 10 -50.2899 4.69846
      vertex 17 -50.7059 4.82963
      vertex 17 -50.2899 4.69846
    endloop
  endfacet
  facet normal 0 0.300718 0.953713
    outer loop
      vertex 17 -50.7059 4.82963
      vertex 10 -50.2899 4.69846
      vertex 10 -50.7059 4.82963
    endloop
  endfacet
  facet normal -0 0.537286 0.8434
    outer loop
      vertex -17 -49.1321 4.09576
      vertex -10 -49.5 4.33013
      vertex -10 -49.1321 4.09576
    endloop
  endfacet
  facet normal 0 0.537286 0.8434
    outer loop
      vertex -10 -49.5 4.33013
      vertex -17 -49.1321 4.09576
      vertex -17 -49.5 4.33013
    endloop
  endfacet
  facet normal -0 0.537286 0.8434
    outer loop
      vertex 10 -49.1321 4.09576
      vertex 17 -49.5 4.33013
      vertex 17 -49.1321 4.09576
    endloop
  endfacet
  facet normal 0 0.537286 0.8434
    outer loop
      vertex 17 -49.5 4.33013
      vertex 10 -49.1321 4.09576
      vertex 10 -49.5 4.33013
    endloop
  endfacet
  facet normal -0 0.382668 0.923886
    outer loop
      vertex -17 -49.8869 4.53154
      vertex -10 -50.2899 4.69846
      vertex -10 -49.8869 4.53154
    endloop
  endfacet
  facet normal 0 0.382668 0.923886
    outer loop
      vertex -10 -50.2899 4.69846
      vertex -17 -49.8869 4.53154
      vertex -17 -50.2899 4.69846
    endloop
  endfacet
  facet normal -0 0.382668 0.923886
    outer loop
      vertex 10 -49.8869 4.53154
      vertex 17 -50.2899 4.69846
      vertex 17 -49.8869 4.53154
    endloop
  endfacet
  facet normal 0 0.382668 0.923886
    outer loop
      vertex 17 -50.2899 4.69846
      vertex 10 -49.8869 4.53154
      vertex 10 -50.2899 4.69846
    endloop
  endfacet
  facet normal 0 0.976301 0.216416
    outer loop
      vertex 17 -47.076 0.86824
      vertex 10 -47.1704 1.2941
      vertex 17 -47.1704 1.2941
    endloop
  endfacet
  facet normal 0 0.976301 0.216416
    outer loop
      vertex 10 -47.1704 1.2941
      vertex 17 -47.076 0.86824
      vertex 10 -47.076 0.86824
    endloop
  endfacet
  facet normal 0 0.976301 0.216416
    outer loop
      vertex -10 -47.076 0.86824
      vertex -17 -47.1704 1.2941
      vertex -10 -47.1704 1.2941
    endloop
  endfacet
  facet normal 0 0.976301 0.216416
    outer loop
      vertex -17 -47.1704 1.2941
      vertex -10 -47.076 0.86824
      vertex -17 -47.076 0.86824
    endloop
  endfacet
  facet normal 0 -0.991425 -0.130674
    outer loop
      vertex 4.5 -56.924 -0.86824
      vertex 17 -56.981 -0.435779
      vertex 4.5 -56.981 -0.435779
    endloop
  endfacet
  facet normal 0 -0.991425 -0.130674
    outer loop
      vertex 17 -56.981 -0.435779
      vertex 4.5 -56.924 -0.86824
      vertex 17 -56.924 -0.86824
    endloop
  endfacet
  facet normal 0 -0.991425 -0.130674
    outer loop
      vertex -17 -56.924 -0.86824
      vertex -4.5 -56.981 -0.435779
      vertex -17 -56.981 -0.435779
    endloop
  endfacet
  facet normal 0 -0.991425 -0.130674
    outer loop
      vertex -4.5 -56.981 -0.435779
      vertex -17 -56.924 -0.86824
      vertex -4.5 -56.924 -0.86824
    endloop
  endfacet
  facet normal 0 -0.537286 0.8434
    outer loop
      vertex -17 -54.5 4.33013
      vertex -4.5 -54.8679 4.09576
      vertex -4.5 -54.5 4.33013
    endloop
  endfacet
  facet normal 0 -0.537286 0.8434
    outer loop
      vertex -4.5 -54.8679 4.09576
      vertex -17 -54.5 4.33013
      vertex -17 -54.8679 4.09576
    endloop
  endfacet
  facet normal 0 -0.537286 0.8434
    outer loop
      vertex 4.5 -54.5 4.33013
      vertex 17 -54.8679 4.09576
      vertex 17 -54.5 4.33013
    endloop
  endfacet
  facet normal 0 -0.537286 0.8434
    outer loop
      vertex 17 -54.8679 4.09576
      vertex 4.5 -54.5 4.33013
      vertex 4.5 -54.8679 4.09576
    endloop
  endfacet
  facet normal 0 -0.537286 -0.8434
    outer loop
      vertex 4.5 -54.8679 -4.09576
      vertex 17 -54.5 -4.33013
      vertex 17 -54.8679 -4.09576
    endloop
  endfacet
  facet normal -0 -0.537286 -0.8434
    outer loop
      vertex 17 -54.5 -4.33013
      vertex 4.5 -54.8679 -4.09576
      vertex 4.5 -54.5 -4.33013
    endloop
  endfacet
  facet normal 0 -0.537286 -0.8434
    outer loop
      vertex -17 -54.8679 -4.09576
      vertex -4.5 -54.5 -4.33013
      vertex -4.5 -54.8679 -4.09576
    endloop
  endfacet
  facet normal -0 -0.537286 -0.8434
    outer loop
      vertex -4.5 -54.5 -4.33013
      vertex -17 -54.8679 -4.09576
      vertex -17 -54.5 -4.33013
    endloop
  endfacet
  facet normal 0 -0.923818 -0.382832
    outer loop
      vertex -17 -56.5315 -2.11309
      vertex -4.5 -56.6985 -1.7101
      vertex -17 -56.6985 -1.7101
    endloop
  endfacet
  facet normal 0 -0.923818 -0.382832
    outer loop
      vertex -4.5 -56.6985 -1.7101
      vertex -17 -56.5315 -2.11309
      vertex -4.5 -56.5315 -2.11309
    endloop
  endfacet
  facet normal 0 -0.923818 -0.382832
    outer loop
      vertex 4.5 -56.5315 -2.11309
      vertex 17 -56.6985 -1.7101
      vertex 4.5 -56.6985 -1.7101
    endloop
  endfacet
  facet normal 0 -0.923818 -0.382832
    outer loop
      vertex 17 -56.6985 -1.7101
      vertex 4.5 -56.5315 -2.11309
      vertex 17 -56.5315 -2.11309
    endloop
  endfacet
  facet normal 0 0.999051 0.0435587
    outer loop
      vertex -10 -47 0
      vertex -17 -47.019 0.435779
      vertex -10 -47.019 0.435779
    endloop
  endfacet
  facet normal 0 0.999051 0.0435587
    outer loop
      vertex -17 -47.019 0.435779
      vertex -10 -47 0
      vertex -17 -47 0
    endloop
  endfacet
  facet normal 0 0.999051 0.0435587
    outer loop
      vertex 17 -47 0
      vertex 10 -47.019 0.435779
      vertex 17 -47.019 0.435779
    endloop
  endfacet
  facet normal 0 0.999051 0.0435587
    outer loop
      vertex 10 -47.019 0.435779
      vertex 17 -47 0
      vertex 10 -47 0
    endloop
  endfacet
  facet normal 0 -0.675588 -0.73728
    outer loop
      vertex 4.5 -55.5355 -3.53553
      vertex 17 -55.2139 -3.83022
      vertex 17 -55.5355 -3.53553
    endloop
  endfacet
  facet normal -0 -0.675588 -0.73728
    outer loop
      vertex 17 -55.2139 -3.83022
      vertex 4.5 -55.5355 -3.53553
      vertex 4.5 -55.2139 -3.83022
    endloop
  endfacet
  facet normal 0 -0.675588 -0.73728
    outer loop
      vertex -17 -55.5355 -3.53553
      vertex -4.5 -55.2139 -3.83022
      vertex -4.5 -55.5355 -3.53553
    endloop
  endfacet
  facet normal -0 -0.675588 -0.73728
    outer loop
      vertex -4.5 -55.2139 -3.83022
      vertex -17 -55.5355 -3.53553
      vertex -17 -55.2139 -3.83022
    endloop
  endfacet
  facet normal 0 0.737258 -0.675611
    outer loop
      vertex -10 -48.4645 -3.53553
      vertex -17 -48.1698 -3.21394
      vertex -10 -48.1698 -3.21394
    endloop
  endfacet
  facet normal 0 0.737258 -0.675611
    outer loop
      vertex -17 -48.1698 -3.21394
      vertex -10 -48.4645 -3.53553
      vertex -17 -48.4645 -3.53553
    endloop
  endfacet
  facet normal 0 0.737258 -0.675611
    outer loop
      vertex 17 -48.4645 -3.53553
      vertex 10 -48.1698 -3.21394
      vertex 17 -48.1698 -3.21394
    endloop
  endfacet
  facet normal 0 0.737258 -0.675611
    outer loop
      vertex 10 -48.1698 -3.21394
      vertex 17 -48.4645 -3.53553
      vertex 10 -48.4645 -3.53553
    endloop
  endfacet
  facet normal 0 -0.991425 0.130674
    outer loop
      vertex 4.5 -56.981 0.435779
      vertex 17 -56.924 0.86824
      vertex 4.5 -56.924 0.86824
    endloop
  endfacet
  facet normal 0 -0.991425 0.130674
    outer loop
      vertex 17 -56.924 0.86824
      vertex 4.5 -56.981 0.435779
      vertex 17 -56.981 0.435779
    endloop
  endfacet
  facet normal 0 -0.991425 0.130674
    outer loop
      vertex -17 -56.981 0.435779
      vertex -4.5 -56.924 0.86824
      vertex -17 -56.924 0.86824
    endloop
  endfacet
  facet normal 0 -0.991425 0.130674
    outer loop
      vertex -4.5 -56.924 0.86824
      vertex -17 -56.981 0.435779
      vertex -4.5 -56.981 0.435779
    endloop
  endfacet
  facet normal 0 0.887023 0.461726
    outer loop
      vertex 17 -47.4685 2.11309
      vertex 10 -47.6699 2.5
      vertex 17 -47.6699 2.5
    endloop
  endfacet
  facet normal 0 0.887023 0.461726
    outer loop
      vertex 10 -47.6699 2.5
      vertex 17 -47.4685 2.11309
      vertex 10 -47.4685 2.11309
    endloop
  endfacet
  facet normal 0 0.887023 0.461726
    outer loop
      vertex -10 -47.4685 2.11309
      vertex -17 -47.6699 2.5
      vertex -10 -47.6699 2.5
    endloop
  endfacet
  facet normal 0 0.887023 0.461726
    outer loop
      vertex -17 -47.6699 2.5
      vertex -10 -47.4685 2.11309
      vertex -17 -47.4685 2.11309
    endloop
  endfacet
  facet normal 0 0.382668 -0.923886
    outer loop
      vertex 10 -50.2899 -4.69846
      vertex 17 -49.8869 -4.53154
      vertex 17 -50.2899 -4.69846
    endloop
  endfacet
  facet normal 0 0.382668 -0.923886
    outer loop
      vertex 17 -49.8869 -4.53154
      vertex 10 -50.2899 -4.69846
      vertex 10 -49.8869 -4.53154
    endloop
  endfacet
  facet normal 0 0.382668 -0.923886
    outer loop
      vertex -17 -50.2899 -4.69846
      vertex -10 -49.8869 -4.53154
      vertex -10 -50.2899 -4.69846
    endloop
  endfacet
  facet normal 0 0.382668 -0.923886
    outer loop
      vertex -10 -49.8869 -4.53154
      vertex -17 -50.2899 -4.69846
      vertex -17 -49.8869 -4.53154
    endloop
  endfacet
  facet normal 0 0.976301 -0.216416
    outer loop
      vertex -10 -47.1704 -1.2941
      vertex -17 -47.076 -0.86824
      vertex -10 -47.076 -0.86824
    endloop
  endfacet
  facet normal 0 0.976301 -0.216416
    outer loop
      vertex -17 -47.076 -0.86824
      vertex -10 -47.1704 -1.2941
      vertex -17 -47.1704 -1.2941
    endloop
  endfacet
  facet normal 0 0.976301 -0.216416
    outer loop
      vertex 17 -47.1704 -1.2941
      vertex 10 -47.076 -0.86824
      vertex 17 -47.076 -0.86824
    endloop
  endfacet
  facet normal 0 0.976301 -0.216416
    outer loop
      vertex 10 -47.076 -0.86824
      vertex 17 -47.1704 -1.2941
      vertex 10 -47.1704 -1.2941
    endloop
  endfacet
  facet normal 0 -0.216418 0.976301
    outer loop
      vertex -17 -52.8682 4.92404
      vertex 17 -53.2941 4.82963
      vertex 17 -52.8682 4.92404
    endloop
  endfacet
  facet normal 0 -0.216418 0.976301
    outer loop
      vertex 17 -53.2941 4.82963
      vertex -17 -52.8682 4.92404
      vertex -17 -53.2941 4.82963
    endloop
  endfacet
  facet normal 0 -0.300718 -0.953713
    outer loop
      vertex 4.5 -53.7101 -4.69846
      vertex 17 -53.2941 -4.82963
      vertex 17 -53.7101 -4.69846
    endloop
  endfacet
  facet normal -0 -0.300718 -0.953713
    outer loop
      vertex 17 -53.2941 -4.82963
      vertex 4.5 -53.7101 -4.69846
      vertex 4.5 -53.2941 -4.82963
    endloop
  endfacet
  facet normal 0 -0.300718 -0.953713
    outer loop
      vertex -17 -53.7101 -4.69846
      vertex -4.5 -53.2941 -4.82963
      vertex -4.5 -53.7101 -4.69846
    endloop
  endfacet
  facet normal -0 -0.300718 -0.953713
    outer loop
      vertex -4.5 -53.2941 -4.82963
      vertex -17 -53.7101 -4.69846
      vertex -17 -53.2941 -4.82963
    endloop
  endfacet
  facet normal 0 0.843459 -0.537193
    outer loop
      vertex 17 -47.9042 -2.86788
      vertex 10 -47.6699 -2.5
      vertex 17 -47.6699 -2.5
    endloop
  endfacet
  facet normal 0 0.843459 -0.537193
    outer loop
      vertex 10 -47.6699 -2.5
      vertex 17 -47.9042 -2.86788
      vertex 10 -47.9042 -2.86788
    endloop
  endfacet
  facet normal 0 0.843459 -0.537193
    outer loop
      vertex -10 -47.9042 -2.86788
      vertex -17 -47.6699 -2.5
      vertex -10 -47.6699 -2.5
    endloop
  endfacet
  facet normal 0 0.843459 -0.537193
    outer loop
      vertex -17 -47.6699 -2.5
      vertex -10 -47.9042 -2.86788
      vertex -17 -47.9042 -2.86788
    endloop
  endfacet
  facet normal 0 0.608826 -0.793304
    outer loop
      vertex 10 -49.1321 -4.09576
      vertex 17 -48.7861 -3.83022
      vertex 17 -49.1321 -4.09576
    endloop
  endfacet
  facet normal 0 0.608826 -0.793304
    outer loop
      vertex 17 -48.7861 -3.83022
      vertex 10 -49.1321 -4.09576
      vertex 10 -48.7861 -3.83022
    endloop
  endfacet
  facet normal 0 0.608826 -0.793304
    outer loop
      vertex -17 -49.1321 -4.09576
      vertex -10 -48.7861 -3.83022
      vertex -10 -49.1321 -4.09576
    endloop
  endfacet
  facet normal 0 0.608826 -0.793304
    outer loop
      vertex -10 -48.7861 -3.83022
      vertex -17 -49.1321 -4.09576
      vertex -17 -48.7861 -3.83022
    endloop
  endfacet
  facet normal 0 0.923818 0.382832
    outer loop
      vertex 17 -47.3015 1.7101
      vertex 10 -47.4685 2.11309
      vertex 17 -47.4685 2.11309
    endloop
  endfacet
  facet normal 0 0.923818 0.382832
    outer loop
      vertex 10 -47.4685 2.11309
      vertex 17 -47.3015 1.7101
      vertex 10 -47.3015 1.7101
    endloop
  endfacet
  facet normal 0 0.923818 0.382832
    outer loop
      vertex -10 -47.3015 1.7101
      vertex -17 -47.4685 2.11309
      vertex -10 -47.4685 2.11309
    endloop
  endfacet
  facet normal 0 0.923818 0.382832
    outer loop
      vertex -17 -47.4685 2.11309
      vertex -10 -47.3015 1.7101
      vertex -17 -47.3015 1.7101
    endloop
  endfacet
  facet normal 0 0.793288 0.608846
    outer loop
      vertex 17 -47.9042 2.86788
      vertex 10 -48.1698 3.21394
      vertex 17 -48.1698 3.21394
    endloop
  endfacet
  facet normal 0 0.793288 0.608846
    outer loop
      vertex 10 -48.1698 3.21394
      vertex 17 -47.9042 2.86788
      vertex 10 -47.9042 2.86788
    endloop
  endfacet
  facet normal 0 0.793288 0.608846
    outer loop
      vertex -10 -47.9042 2.86788
      vertex -17 -48.1698 3.21394
      vertex -10 -48.1698 3.21394
    endloop
  endfacet
  facet normal 0 0.793288 0.608846
    outer loop
      vertex -17 -48.1698 3.21394
      vertex -10 -47.9042 2.86788
      vertex -17 -47.9042 2.86788
    endloop
  endfacet
  facet normal 0 -0.976301 -0.216416
    outer loop
      vertex 4.5 -56.8296 -1.2941
      vertex 17 -56.924 -0.86824
      vertex 4.5 -56.924 -0.86824
    endloop
  endfacet
  facet normal 0 -0.976301 -0.216416
    outer loop
      vertex 17 -56.924 -0.86824
      vertex 4.5 -56.8296 -1.2941
      vertex 17 -56.8296 -1.2941
    endloop
  endfacet
  facet normal 0 -0.976301 -0.216416
    outer loop
      vertex -17 -56.8296 -1.2941
      vertex -4.5 -56.924 -0.86824
      vertex -17 -56.924 -0.86824
    endloop
  endfacet
  facet normal 0 -0.976301 -0.216416
    outer loop
      vertex -4.5 -56.924 -0.86824
      vertex -17 -56.8296 -1.2941
      vertex -4.5 -56.8296 -1.2941
    endloop
  endfacet
  facet normal 0 -0.216418 -0.976301
    outer loop
      vertex 4.5 -53.2941 -4.82963
      vertex 17 -52.8682 -4.92404
      vertex 17 -53.2941 -4.82963
    endloop
  endfacet
  facet normal -0 -0.216418 -0.976301
    outer loop
      vertex 17 -52.8682 -4.92404
      vertex 4.5 -53.2941 -4.82963
      vertex 4.5 -52.8682 -4.92404
    endloop
  endfacet
  facet normal 0 -0.216418 -0.976301
    outer loop
      vertex -17 -53.2941 -4.82963
      vertex -4.5 -52.8682 -4.92404
      vertex -4.5 -53.2941 -4.82963
    endloop
  endfacet
  facet normal -0 -0.216418 -0.976301
    outer loop
      vertex -4.5 -52.8682 -4.92404
      vertex -17 -53.2941 -4.82963
      vertex -17 -52.8682 -4.92404
    endloop
  endfacet
  facet normal 0 0.953759 0.300572
    outer loop
      vertex -10 -47.1704 1.2941
      vertex -17 -47.3015 1.7101
      vertex -10 -47.3015 1.7101
    endloop
  endfacet
  facet normal 0 0.953759 0.300572
    outer loop
      vertex -17 -47.3015 1.7101
      vertex -10 -47.1704 1.2941
      vertex -17 -47.1704 1.2941
    endloop
  endfacet
  facet normal 0 0.953759 0.300572
    outer loop
      vertex 17 -47.1704 1.2941
      vertex 10 -47.3015 1.7101
      vertex 17 -47.3015 1.7101
    endloop
  endfacet
  facet normal 0 0.953759 0.300572
    outer loop
      vertex 10 -47.3015 1.7101
      vertex 17 -47.1704 1.2941
      vertex 10 -47.1704 1.2941
    endloop
  endfacet
  facet normal 0 0.887023 -0.461726
    outer loop
      vertex 17 -47.6699 -2.5
      vertex 10 -47.4685 -2.11309
      vertex 17 -47.4685 -2.11309
    endloop
  endfacet
  facet normal 0 0.887023 -0.461726
    outer loop
      vertex 10 -47.4685 -2.11309
      vertex 17 -47.6699 -2.5
      vertex 10 -47.6699 -2.5
    endloop
  endfacet
  facet normal 0 0.887023 -0.461726
    outer loop
      vertex -10 -47.6699 -2.5
      vertex -17 -47.4685 -2.11309
      vertex -10 -47.4685 -2.11309
    endloop
  endfacet
  facet normal 0 0.887023 -0.461726
    outer loop
      vertex -17 -47.4685 -2.11309
      vertex -10 -47.6699 -2.5
      vertex -17 -47.6699 -2.5
    endloop
  endfacet
  facet normal 0 -0.300718 0.953713
    outer loop
      vertex -17 -53.2941 4.82963
      vertex 17 -53.7101 4.69846
      vertex 17 -53.2941 4.82963
    endloop
  endfacet
  facet normal 0 -0.300718 0.953713
    outer loop
      vertex 17 -53.7101 4.69846
      vertex -17 -53.2941 4.82963
      vertex -17 -53.7101 4.69846
    endloop
  endfacet
  facet normal 1 0 0
    outer loop
      vertex 17 -47.019 0.435779
      vertex 17 -47.019 -0.435779
      vertex 17 -47 0
    endloop
  endfacet
  facet normal 1 0 0
    outer loop
      vertex 17 -47.076 0.86824
      vertex 17 -47.019 -0.435779
      vertex 17 -47.019 0.435779
    endloop
  endfacet
  facet normal 1 0 0
    outer loop
      vertex 17 -47.076 0.86824
      vertex 17 -47.076 -0.86824
      vertex 17 -47.019 -0.435779
    endloop
  endfacet
  facet normal 1 0 0
    outer loop
      vertex 17 -47.1704 1.2941
      vertex 17 -47.076 -0.86824
      vertex 17 -47.076 0.86824
    endloop
  endfacet
  facet normal 1 0 0
    outer loop
      vertex 17 -47.1704 1.2941
      vertex 17 -47.1704 -1.2941
      vertex 17 -47.076 -0.86824
    endloop
  endfacet
  facet normal 1 0 0
    outer loop
      vertex 17 -47.3015 1.7101
      vertex 17 -47.1704 -1.2941
      vertex 17 -47.1704 1.2941
    endloop
  endfacet
  facet normal 1 0 0
    outer loop
      vertex 17 -47.3015 1.7101
      vertex 17 -47.3015 -1.7101
      vertex 17 -47.1704 -1.2941
    endloop
  endfacet
  facet normal 1 0 0
    outer loop
      vertex 17 -47.4685 2.11309
      vertex 17 -47.3015 -1.7101
      vertex 17 -47.3015 1.7101
    endloop
  endfacet
  facet normal 1 0 0
    outer loop
      vertex 17 -47.4685 2.11309
      vertex 17 -47.4685 -2.11309
      vertex 17 -47.3015 -1.7101
    endloop
  endfacet
  facet normal 1 0 0
    outer loop
      vertex 17 -47.6699 2.5
      vertex 17 -47.4685 -2.11309
      vertex 17 -47.4685 2.11309
    endloop
  endfacet
  facet normal 1 0 0
    outer loop
      vertex 17 -47.6699 2.5
      vertex 17 -47.6699 -2.5
      vertex 17 -47.4685 -2.11309
    endloop
  endfacet
  facet normal 1 0 0
    outer loop
      vertex 17 -47.9042 2.86788
      vertex 17 -47.6699 -2.5
      vertex 17 -47.6699 2.5
    endloop
  endfacet
  facet normal 1 0 0
    outer loop
      vertex 17 -47.9042 2.86788
      vertex 17 -47.9042 -2.86788
      vertex 17 -47.6699 -2.5
    endloop
  endfacet
  facet normal 1 0 0
    outer loop
      vertex 17 -48.1698 3.21394
      vertex 17 -47.9042 -2.86788
      vertex 17 -47.9042 2.86788
    endloop
  endfacet
  facet normal 1 0 0
    outer loop
      vertex 17 -48.1698 3.21394
      vertex 17 -48.1698 -3.21394
      vertex 17 -47.9042 -2.86788
    endloop
  endfacet
  facet normal 1 0 0
    outer loop
      vertex 17 -48.4645 3.53553
      vertex 17 -48.1698 -3.21394
      vertex 17 -48.1698 3.21394
    endloop
  endfacet
  facet normal 1 0 0
    outer loop
      vertex 17 -48.4645 3.53553
      vertex 17 -48.4645 -3.53553
      vertex 17 -48.1698 -3.21394
    endloop
  endfacet
  facet normal 1 0 0
    outer loop
      vertex 17 -48.7861 3.83022
      vertex 17 -48.4645 -3.53553
      vertex 17 -48.4645 3.53553
    endloop
  endfacet
  facet normal 1 0 0
    outer loop
      vertex 17 -48.7861 3.83022
      vertex 17 -48.7861 -3.83022
      vertex 17 -48.4645 -3.53553
    endloop
  endfacet
  facet normal 1 0 0
    outer loop
      vertex 17 -49.1321 4.09576
      vertex 17 -48.7861 -3.83022
      vertex 17 -48.7861 3.83022
    endloop
  endfacet
  facet normal 1 0 0
    outer loop
      vertex 17 -49.1321 4.09576
      vertex 17 -49.1321 -4.09576
      vertex 17 -48.7861 -3.83022
    endloop
  endfacet
  facet normal 1 0 0
    outer loop
      vertex 17 -49.5 4.33013
      vertex 17 -49.1321 -4.09576
      vertex 17 -49.1321 4.09576
    endloop
  endfacet
  facet normal 1 0 0
    outer loop
      vertex 17 -49.5 4.33013
      vertex 17 -49.5 -4.33013
      vertex 17 -49.1321 -4.09576
    endloop
  endfacet
  facet normal 1 0 0
    outer loop
      vertex 17 -49.8869 4.53154
      vertex 17 -49.5 -4.33013
      vertex 17 -49.5 4.33013
    endloop
  endfacet
  facet normal 1 0 0
    outer loop
      vertex 17 -49.8869 4.53154
      vertex 17 -49.8869 -4.53154
      vertex 17 -49.5 -4.33013
    endloop
  endfacet
  facet normal 1 0 0
    outer loop
      vertex 17 -50.2899 4.69846
      vertex 17 -49.8869 -4.53154
      vertex 17 -49.8869 4.53154
    endloop
  endfacet
  facet normal 1 0 0
    outer loop
      vertex 17 -50.2899 4.69846
      vertex 17 -50.2899 -4.69846
      vertex 17 -49.8869 -4.53154
    endloop
  endfacet
  facet normal 1 0 0
    outer loop
      vertex 17 -50.7059 4.82963
      vertex 17 -50.2899 -4.69846
      vertex 17 -50.2899 4.69846
    endloop
  endfacet
  facet normal 1 0 0
    outer loop
      vertex 17 -50.7059 4.82963
      vertex 17 -50.7059 -4.82963
      vertex 17 -50.2899 -4.69846
    endloop
  endfacet
  facet normal 1 0 0
    outer loop
      vertex 17 -51.1318 4.92404
      vertex 17 -50.7059 -4.82963
      vertex 17 -50.7059 4.82963
    endloop
  endfacet
  facet normal 1 0 0
    outer loop
      vertex 17 -51.1318 4.92404
      vertex 17 -51.1318 -4.92404
      vertex 17 -50.7059 -4.82963
    endloop
  endfacet
  facet normal 1 0 0
    outer loop
      vertex 17 -51.5642 4.98097
      vertex 17 -51.1318 -4.92404
      vertex 17 -51.1318 4.92404
    endloop
  endfacet
  facet normal 1 0 0
    outer loop
      vertex 17 -51.5642 4.98097
      vertex 17 -51.5642 -4.98097
      vertex 17 -51.1318 -4.92404
    endloop
  endfacet
  facet normal 1 0 0
    outer loop
      vertex 17 -52 5
      vertex 17 -51.5642 -4.98097
      vertex 17 -51.5642 4.98097
    endloop
  endfacet
  facet normal 1 0 0
    outer loop
      vertex 17 -52 5
      vertex 17 -52 -5
      vertex 17 -51.5642 -4.98097
    endloop
  endfacet
  facet normal 1 -0 0
    outer loop
      vertex 17 -52.4358 4.98097
      vertex 17 -52 -5
      vertex 17 -52 5
    endloop
  endfacet
  facet normal 1 0 0
    outer loop
      vertex 17 -52.4358 4.98097
      vertex 17 -52.4358 -4.98097
      vertex 17 -52 -5
    endloop
  endfacet
  facet normal 1 -0 0
    outer loop
      vertex 17 -52.8682 4.92404
      vertex 17 -52.4358 -4.98097
      vertex 17 -52.4358 4.98097
    endloop
  endfacet
  facet normal 1 0 0
    outer loop
      vertex 17 -52.8682 4.92404
      vertex 17 -52.8682 -4.92404
      vertex 17 -52.4358 -4.98097
    endloop
  endfacet
  facet normal 1 -0 0
    outer loop
      vertex 17 -53.2941 4.82963
      vertex 17 -52.8682 -4.92404
      vertex 17 -52.8682 4.92404
    endloop
  endfacet
  facet normal 1 0 0
    outer loop
      vertex 17 -53.2941 4.82963
      vertex 17 -53.2941 -4.82963
      vertex 17 -52.8682 -4.92404
    endloop
  endfacet
  facet normal 1 -0 0
    outer loop
      vertex 17 -53.7101 4.69846
      vertex 17 -53.2941 -4.82963
      vertex 17 -53.2941 4.82963
    endloop
  endfacet
  facet normal 1 0 0
    outer loop
      vertex 17 -53.7101 4.69846
      vertex 17 -53.7101 -4.69846
      vertex 17 -53.2941 -4.82963
    endloop
  endfacet
  facet normal 1 -0 0
    outer loop
      vertex 17 -54.1131 4.53154
      vertex 17 -53.7101 -4.69846
      vertex 17 -53.7101 4.69846
    endloop
  endfacet
  facet normal 1 0 0
    outer loop
      vertex 17 -54.1131 4.53154
      vertex 17 -54.1131 -4.53154
      vertex 17 -53.7101 -4.69846
    endloop
  endfacet
  facet normal 1 -0 0
    outer loop
      vertex 17 -54.5 4.33013
      vertex 17 -54.1131 -4.53154
      vertex 17 -54.1131 4.53154
    endloop
  endfacet
  facet normal 1 0 0
    outer loop
      vertex 17 -54.5 4.33013
      vertex 17 -54.5 -4.33013
      vertex 17 -54.1131 -4.53154
    endloop
  endfacet
  facet normal 1 -0 0
    outer loop
      vertex 17 -54.8679 4.09576
      vertex 17 -54.5 -4.33013
      vertex 17 -54.5 4.33013
    endloop
  endfacet
  facet normal 1 0 0
    outer loop
      vertex 17 -54.8679 4.09576
      vertex 17 -54.8679 -4.09576
      vertex 17 -54.5 -4.33013
    endloop
  endfacet
  facet normal 1 -0 0
    outer loop
      vertex 17 -55.2139 3.83022
      vertex 17 -54.8679 -4.09576
      vertex 17 -54.8679 4.09576
    endloop
  endfacet
  facet normal 1 0 0
    outer loop
      vertex 17 -55.2139 3.83022
      vertex 17 -55.2139 -3.83022
      vertex 17 -54.8679 -4.09576
    endloop
  endfacet
  facet normal 1 -0 0
    outer loop
      vertex 17 -55.5355 3.53553
      vertex 17 -55.2139 -3.83022
      vertex 17 -55.2139 3.83022
    endloop
  endfacet
  facet normal 1 0 0
    outer loop
      vertex 17 -55.5355 3.53553
      vertex 17 -55.5355 -3.53553
      vertex 17 -55.2139 -3.83022
    endloop
  endfacet
  facet normal 1 -0 0
    outer loop
      vertex 17 -55.8302 3.21394
      vertex 17 -55.5355 -3.53553
      vertex 17 -55.5355 3.53553
    endloop
  endfacet
  facet normal 1 0 0
    outer loop
      vertex 17 -55.8302 3.21394
      vertex 17 -55.8302 -3.21394
      vertex 17 -55.5355 -3.53553
    endloop
  endfacet
  facet normal 1 -0 0
    outer loop
      vertex 17 -56.0958 2.86788
      vertex 17 -55.8302 -3.21394
      vertex 17 -55.8302 3.21394
    endloop
  endfacet
  facet normal 1 0 0
    outer loop
      vertex 17 -56.0958 2.86788
      vertex 17 -56.0958 -2.86788
      vertex 17 -55.8302 -3.21394
    endloop
  endfacet
  facet normal 1 -0 0
    outer loop
      vertex 17 -56.3301 2.5
      vertex 17 -56.0958 -2.86788
      vertex 17 -56.0958 2.86788
    endloop
  endfacet
  facet normal 1 0 0
    outer loop
      vertex 17 -56.3301 2.5
      vertex 17 -56.3301 -2.5
      vertex 17 -56.0958 -2.86788
    endloop
  endfacet
  facet normal 1 -0 0
    outer loop
      vertex 17 -56.5315 2.11309
      vertex 17 -56.3301 -2.5
      vertex 17 -56.3301 2.5
    endloop
  endfacet
  facet normal 1 0 0
    outer loop
      vertex 17 -56.5315 2.11309
      vertex 17 -56.5315 -2.11309
      vertex 17 -56.3301 -2.5
    endloop
  endfacet
  facet normal 1 -0 0
    outer loop
      vertex 17 -56.6985 1.7101
      vertex 17 -56.5315 -2.11309
      vertex 17 -56.5315 2.11309
    endloop
  endfacet
  facet normal 1 0 0
    outer loop
      vertex 17 -56.6985 1.7101
      vertex 17 -56.6985 -1.7101
      vertex 17 -56.5315 -2.11309
    endloop
  endfacet
  facet normal 1 -0 0
    outer loop
      vertex 17 -56.8296 1.2941
      vertex 17 -56.6985 -1.7101
      vertex 17 -56.6985 1.7101
    endloop
  endfacet
  facet normal 1 0 0
    outer loop
      vertex 17 -56.8296 1.2941
      vertex 17 -56.8296 -1.2941
      vertex 17 -56.6985 -1.7101
    endloop
  endfacet
  facet normal 1 -0 0
    outer loop
      vertex 17 -56.924 0.86824
      vertex 17 -56.8296 -1.2941
      vertex 17 -56.8296 1.2941
    endloop
  endfacet
  facet normal 1 0 0
    outer loop
      vertex 17 -56.924 0.86824
      vertex 17 -56.924 -0.86824
      vertex 17 -56.8296 -1.2941
    endloop
  endfacet
  facet normal 1 -0 0
    outer loop
      vertex 17 -56.981 0.435779
      vertex 17 -56.924 -0.86824
      vertex 17 -56.924 0.86824
    endloop
  endfacet
  facet normal 1 0 0
    outer loop
      vertex 17 -56.981 0.435779
      vertex 17 -56.981 -0.435779
      vertex 17 -56.924 -0.86824
    endloop
  endfacet
  facet normal 1 0 -0
    outer loop
      vertex 17 -56.981 -0.435779
      vertex 17 -56.981 0.435779
      vertex 17 -57 0
    endloop
  endfacet
  facet normal -0 0.675588 0.73728
    outer loop
      vertex 10 -48.4645 3.53553
      vertex 17 -48.7861 3.83022
      vertex 17 -48.4645 3.53553
    endloop
  endfacet
  facet normal 0 0.675588 0.73728
    outer loop
      vertex 17 -48.7861 3.83022
      vertex 10 -48.4645 3.53553
      vertex 10 -48.7861 3.83022
    endloop
  endfacet
  facet normal -0 0.675588 0.73728
    outer loop
      vertex -17 -48.4645 3.53553
      vertex -10 -48.7861 3.83022
      vertex -10 -48.4645 3.53553
    endloop
  endfacet
  facet normal 0 0.675588 0.73728
    outer loop
      vertex -10 -48.7861 3.83022
      vertex -17 -48.4645 3.53553
      vertex -17 -48.7861 3.83022
    endloop
  endfacet
  facet normal 0 0.953759 -0.300572
    outer loop
      vertex -10 -47.3015 -1.7101
      vertex -17 -47.1704 -1.2941
      vertex -10 -47.1704 -1.2941
    endloop
  endfacet
  facet normal 0 0.953759 -0.300572
    outer loop
      vertex -17 -47.1704 -1.2941
      vertex -10 -47.3015 -1.7101
      vertex -17 -47.3015 -1.7101
    endloop
  endfacet
  facet normal 0 0.953759 -0.300572
    outer loop
      vertex 17 -47.3015 -1.7101
      vertex 10 -47.1704 -1.2941
      vertex 17 -47.1704 -1.2941
    endloop
  endfacet
  facet normal 0 0.953759 -0.300572
    outer loop
      vertex 10 -47.1704 -1.2941
      vertex 17 -47.3015 -1.7101
      vertex 10 -47.3015 -1.7101
    endloop
  endfacet
  facet normal 0 0.130534 -0.991444
    outer loop
      vertex -17 -51.5642 -4.98097
      vertex -10 -51.1318 -4.92404
      vertex -10 -51.5642 -4.98097
    endloop
  endfacet
  facet normal 0 0.130534 -0.991444
    outer loop
      vertex -10 -51.1318 -4.92404
      vertex -17 -51.5642 -4.98097
      vertex -17 -51.1318 -4.92404
    endloop
  endfacet
  facet normal 0 0.130534 -0.991444
    outer loop
      vertex 10 -51.5642 -4.98097
      vertex 17 -51.1318 -4.92404
      vertex 17 -51.5642 -4.98097
    endloop
  endfacet
  facet normal 0 0.130534 -0.991444
    outer loop
      vertex 17 -51.1318 -4.92404
      vertex 10 -51.5642 -4.98097
      vertex 10 -51.1318 -4.92404
    endloop
  endfacet
  facet normal -1 0 0
    outer loop
      vertex -17 -47.019 -0.435779
      vertex -17 -47.019 0.435779
      vertex -17 -47 0
    endloop
  endfacet
  facet normal -1 0 0
    outer loop
      vertex -17 -47.076 -0.86824
      vertex -17 -47.019 0.435779
      vertex -17 -47.019 -0.435779
    endloop
  endfacet
  facet normal -1 0 0
    outer loop
      vertex -17 -47.076 -0.86824
      vertex -17 -47.076 0.86824
      vertex -17 -47.019 0.435779
    endloop
  endfacet
  facet normal -1 0 0
    outer loop
      vertex -17 -47.1704 -1.2941
      vertex -17 -47.076 0.86824
      vertex -17 -47.076 -0.86824
    endloop
  endfacet
  facet normal -1 0 0
    outer loop
      vertex -17 -47.1704 -1.2941
      vertex -17 -47.1704 1.2941
      vertex -17 -47.076 0.86824
    endloop
  endfacet
  facet normal -1 0 0
    outer loop
      vertex -17 -47.3015 -1.7101
      vertex -17 -47.1704 1.2941
      vertex -17 -47.1704 -1.2941
    endloop
  endfacet
  facet normal -1 0 0
    outer loop
      vertex -17 -47.3015 -1.7101
      vertex -17 -47.3015 1.7101
      vertex -17 -47.1704 1.2941
    endloop
  endfacet
  facet normal -1 0 0
    outer loop
      vertex -17 -47.4685 -2.11309
      vertex -17 -47.3015 1.7101
      vertex -17 -47.3015 -1.7101
    endloop
  endfacet
  facet normal -1 0 0
    outer loop
      vertex -17 -47.4685 -2.11309
      vertex -17 -47.4685 2.11309
      vertex -17 -47.3015 1.7101
    endloop
  endfacet
  facet normal -1 0 0
    outer loop
      vertex -17 -47.6699 -2.5
      vertex -17 -47.4685 2.11309
      vertex -17 -47.4685 -2.11309
    endloop
  endfacet
  facet normal -1 0 0
    outer loop
      vertex -17 -47.6699 -2.5
      vertex -17 -47.6699 2.5
      vertex -17 -47.4685 2.11309
    endloop
  endfacet
  facet normal -1 0 0
    outer loop
      vertex -17 -47.9042 -2.86788
      vertex -17 -47.6699 2.5
      vertex -17 -47.6699 -2.5
    endloop
  endfacet
  facet normal -1 0 0
    outer loop
      vertex -17 -47.9042 -2.86788
      vertex -17 -47.9042 2.86788
      vertex -17 -47.6699 2.5
    endloop
  endfacet
  facet normal -1 0 0
    outer loop
      vertex -17 -48.1698 -3.21394
      vertex -17 -47.9042 2.86788
      vertex -17 -47.9042 -2.86788
    endloop
  endfacet
  facet normal -1 0 0
    outer loop
      vertex -17 -48.1698 -3.21394
      vertex -17 -48.1698 3.21394
      vertex -17 -47.9042 2.86788
    endloop
  endfacet
  facet normal -1 0 0
    outer loop
      vertex -17 -48.4645 -3.53553
      vertex -17 -48.1698 3.21394
      vertex -17 -48.1698 -3.21394
    endloop
  endfacet
  facet normal -1 0 0
    outer loop
      vertex -17 -48.4645 -3.53553
      vertex -17 -48.4645 3.53553
      vertex -17 -48.1698 3.21394
    endloop
  endfacet
  facet normal -1 0 0
    outer loop
      vertex -17 -48.7861 -3.83022
      vertex -17 -48.4645 3.53553
      vertex -17 -48.4645 -3.53553
    endloop
  endfacet
  facet normal -1 0 0
    outer loop
      vertex -17 -48.7861 -3.83022
      vertex -17 -48.7861 3.83022
      vertex -17 -48.4645 3.53553
    endloop
  endfacet
  facet normal -1 0 0
    outer loop
      vertex -17 -49.1321 -4.09576
      vertex -17 -48.7861 3.83022
      vertex -17 -48.7861 -3.83022
    endloop
  endfacet
  facet normal -1 0 0
    outer loop
      vertex -17 -49.1321 -4.09576
      vertex -17 -49.1321 4.09576
      vertex -17 -48.7861 3.83022
    endloop
  endfacet
  facet normal -1 0 0
    outer loop
      vertex -17 -49.5 -4.33013
      vertex -17 -49.1321 4.09576
      vertex -17 -49.1321 -4.09576
    endloop
  endfacet
  facet normal -1 0 0
    outer loop
      vertex -17 -49.5 -4.33013
      vertex -17 -49.5 4.33013
      vertex -17 -49.1321 4.09576
    endloop
  endfacet
  facet normal -1 0 0
    outer loop
      vertex -17 -49.8869 -4.53154
      vertex -17 -49.5 4.33013
      vertex -17 -49.5 -4.33013
    endloop
  endfacet
  facet normal -1 0 0
    outer loop
      vertex -17 -49.8869 -4.53154
      vertex -17 -49.8869 4.53154
      vertex -17 -49.5 4.33013
    endloop
  endfacet
  facet normal -1 0 0
    outer loop
      vertex -17 -50.2899 -4.69846
      vertex -17 -49.8869 4.53154
      vertex -17 -49.8869 -4.53154
    endloop
  endfacet
  facet normal -1 0 0
    outer loop
      vertex -17 -50.2899 -4.69846
      vertex -17 -50.2899 4.69846
      vertex -17 -49.8869 4.53154
    endloop
  endfacet
  facet normal -1 0 0
    outer loop
      vertex -17 -50.7059 -4.82963
      vertex -17 -50.2899 4.69846
      vertex -17 -50.2899 -4.69846
    endloop
  endfacet
  facet normal -1 0 0
    outer loop
      vertex -17 -50.7059 -4.82963
      vertex -17 -50.7059 4.82963
      vertex -17 -50.2899 4.69846
    endloop
  endfacet
  facet normal -1 0 0
    outer loop
      vertex -17 -51.1318 -4.92404
      vertex -17 -50.7059 4.82963
      vertex -17 -50.7059 -4.82963
    endloop
  endfacet
  facet normal -1 0 0
    outer loop
      vertex -17 -51.1318 -4.92404
      vertex -17 -51.1318 4.92404
      vertex -17 -50.7059 4.82963
    endloop
  endfacet
  facet normal -1 0 0
    outer loop
      vertex -17 -51.5642 -4.98097
      vertex -17 -51.1318 4.92404
      vertex -17 -51.1318 -4.92404
    endloop
  endfacet
  facet normal -1 0 0
    outer loop
      vertex -17 -51.5642 -4.98097
      vertex -17 -51.5642 4.98097
      vertex -17 -51.1318 4.92404
    endloop
  endfacet
  facet normal -1 0 0
    outer loop
      vertex -17 -52 -5
      vertex -17 -51.5642 4.98097
      vertex -17 -51.5642 -4.98097
    endloop
  endfacet
  facet normal -1 0 0
    outer loop
      vertex -17 -52 -5
      vertex -17 -52 5
      vertex -17 -51.5642 4.98097
    endloop
  endfacet
  facet normal -1 0 0
    outer loop
      vertex -17 -52.4358 -4.98097
      vertex -17 -52 5
      vertex -17 -52 -5
    endloop
  endfacet
  facet normal -1 0 0
    outer loop
      vertex -17 -52.4358 -4.98097
      vertex -17 -52.4358 4.98097
      vertex -17 -52 5
    endloop
  endfacet
  facet normal -1 0 0
    outer loop
      vertex -17 -52.8682 -4.92404
      vertex -17 -52.4358 4.98097
      vertex -17 -52.4358 -4.98097
    endloop
  endfacet
  facet normal -1 0 0
    outer loop
      vertex -17 -52.8682 -4.92404
      vertex -17 -52.8682 4.92404
      vertex -17 -52.4358 4.98097
    endloop
  endfacet
  facet normal -1 0 0
    outer loop
      vertex -17 -53.2941 -4.82963
      vertex -17 -52.8682 4.92404
      vertex -17 -52.8682 -4.92404
    endloop
  endfacet
  facet normal -1 0 0
    outer loop
      vertex -17 -53.2941 -4.82963
      vertex -17 -53.2941 4.82963
      vertex -17 -52.8682 4.92404
    endloop
  endfacet
  facet normal -1 0 0
    outer loop
      vertex -17 -53.7101 -4.69846
      vertex -17 -53.2941 4.82963
      vertex -17 -53.2941 -4.82963
    endloop
  endfacet
  facet normal -1 0 0
    outer loop
      vertex -17 -53.7101 -4.69846
      vertex -17 -53.7101 4.69846
      vertex -17 -53.2941 4.82963
    endloop
  endfacet
  facet normal -1 0 0
    outer loop
      vertex -17 -54.1131 -4.53154
      vertex -17 -53.7101 4.69846
      vertex -17 -53.7101 -4.69846
    endloop
  endfacet
  facet normal -1 0 0
    outer loop
      vertex -17 -54.1131 -4.53154
      vertex -17 -54.1131 4.53154
      vertex -17 -53.7101 4.69846
    endloop
  endfacet
  facet normal -1 0 0
    outer loop
      vertex -17 -54.5 -4.33013
      vertex -17 -54.1131 4.53154
      vertex -17 -54.1131 -4.53154
    endloop
  endfacet
  facet normal -1 0 0
    outer loop
      vertex -17 -54.5 -4.33013
      vertex -17 -54.5 4.33013
      vertex -17 -54.1131 4.53154
    endloop
  endfacet
  facet normal -1 0 0
    outer loop
      vertex -17 -54.8679 -4.09576
      vertex -17 -54.5 4.33013
      vertex -17 -54.5 -4.33013
    endloop
  endfacet
  facet normal -1 0 0
    outer loop
      vertex -17 -54.8679 -4.09576
      vertex -17 -54.8679 4.09576
      vertex -17 -54.5 4.33013
    endloop
  endfacet
  facet normal -1 0 0
    outer loop
      vertex -17 -55.2139 -3.83022
      vertex -17 -54.8679 4.09576
      vertex -17 -54.8679 -4.09576
    endloop
  endfacet
  facet normal -1 0 0
    outer loop
      vertex -17 -55.2139 -3.83022
      vertex -17 -55.2139 3.83022
      vertex -17 -54.8679 4.09576
    endloop
  endfacet
  facet normal -1 0 0
    outer loop
      vertex -17 -55.5355 -3.53553
      vertex -17 -55.2139 3.83022
      vertex -17 -55.2139 -3.83022
    endloop
  endfacet
  facet normal -1 0 0
    outer loop
      vertex -17 -55.5355 -3.53553
      vertex -17 -55.5355 3.53553
      vertex -17 -55.2139 3.83022
    endloop
  endfacet
  facet normal -1 0 0
    outer loop
      vertex -17 -55.8302 -3.21394
      vertex -17 -55.5355 3.53553
      vertex -17 -55.5355 -3.53553
    endloop
  endfacet
  facet normal -1 0 0
    outer loop
      vertex -17 -55.8302 -3.21394
      vertex -17 -55.8302 3.21394
      vertex -17 -55.5355 3.53553
    endloop
  endfacet
  facet normal -1 0 0
    outer loop
      vertex -17 -56.0958 -2.86788
      vertex -17 -55.8302 3.21394
      vertex -17 -55.8302 -3.21394
    endloop
  endfacet
  facet normal -1 0 0
    outer loop
      vertex -17 -56.0958 -2.86788
      vertex -17 -56.0958 2.86788
      vertex -17 -55.8302 3.21394
    endloop
  endfacet
  facet normal -1 0 0
    outer loop
      vertex -17 -56.3301 -2.5
      vertex -17 -56.0958 2.86788
      vertex -17 -56.0958 -2.86788
    endloop
  endfacet
  facet normal -1 0 0
    outer loop
      vertex -17 -56.3301 -2.5
      vertex -17 -56.3301 2.5
      vertex -17 -56.0958 2.86788
    endloop
  endfacet
  facet normal -1 0 0
    outer loop
      vertex -17 -56.5315 -2.11309
      vertex -17 -56.3301 2.5
      vertex -17 -56.3301 -2.5
    endloop
  endfacet
  facet normal -1 0 0
    outer loop
      vertex -17 -56.5315 -2.11309
      vertex -17 -56.5315 2.11309
      vertex -17 -56.3301 2.5
    endloop
  endfacet
  facet normal -1 0 0
    outer loop
      vertex -17 -56.6985 -1.7101
      vertex -17 -56.5315 2.11309
      vertex -17 -56.5315 -2.11309
    endloop
  endfacet
  facet normal -1 0 0
    outer loop
      vertex -17 -56.6985 -1.7101
      vertex -17 -56.6985 1.7101
      vertex -17 -56.5315 2.11309
    endloop
  endfacet
  facet normal -1 0 0
    outer loop
      vertex -17 -56.8296 -1.2941
      vertex -17 -56.6985 1.7101
      vertex -17 -56.6985 -1.7101
    endloop
  endfacet
  facet normal -1 0 0
    outer loop
      vertex -17 -56.8296 -1.2941
      vertex -17 -56.8296 1.2941
      vertex -17 -56.6985 1.7101
    endloop
  endfacet
  facet normal -1 0 0
    outer loop
      vertex -17 -56.924 -0.86824
      vertex -17 -56.8296 1.2941
      vertex -17 -56.8296 -1.2941
    endloop
  endfacet
  facet normal -1 0 0
    outer loop
      vertex -17 -56.924 -0.86824
      vertex -17 -56.924 0.86824
      vertex -17 -56.8296 1.2941
    endloop
  endfacet
  facet normal -1 0 0
    outer loop
      vertex -17 -56.981 -0.435779
      vertex -17 -56.924 0.86824
      vertex -17 -56.924 -0.86824
    endloop
  endfacet
  facet normal -1 0 0
    outer loop
      vertex -17 -56.981 -0.435779
      vertex -17 -56.981 0.435779
      vertex -17 -56.924 0.86824
    endloop
  endfacet
  facet normal -1 0 -0
    outer loop
      vertex -17 -56.981 0.435779
      vertex -17 -56.981 -0.435779
      vertex -17 -57 0
    endloop
  endfacet
  facet normal 1.95903e-06 -0.0436006 -0.999049
    outer loop
      vertex -4.5 -52.4358 -4.98097
      vertex -10 -52 -5
      vertex -4.5 -52.3084 -4.98653
    endloop
  endfacet
  facet normal 0 -0.0436252 -0.999048
    outer loop
      vertex -17 -52.4358 -4.98097
      vertex -10 -52 -5
      vertex -4.5 -52.4358 -4.98097
    endloop
  endfacet
  facet normal -0 -0.0436252 -0.999048
    outer loop
      vertex -10 -52 -5
      vertex -17 -52.4358 -4.98097
      vertex -17 -52 -5
    endloop
  endfacet
  facet normal 0 -0.0436252 -0.999048
    outer loop
      vertex 17 -52.4358 -4.98097
      vertex 10 -52 -5
      vertex 17 -52 -5
    endloop
  endfacet
  facet normal 0 -0.0436252 -0.999048
    outer loop
      vertex 4.5 -52.4358 -4.98097
      vertex 10 -52 -5
      vertex 17 -52.4358 -4.98097
    endloop
  endfacet
  facet normal -1.95903e-06 -0.0436006 -0.999049
    outer loop
      vertex 4.5 -52.3084 -4.98653
      vertex 10 -52 -5
      vertex 4.5 -52.4358 -4.98097
    endloop
  endfacet
  facet normal 0 -0.0436354 -0.999048
    outer loop
      vertex -4.5 -52.3084 -4.98653
      vertex 10 -52 -5
      vertex 4.5 -52.3084 -4.98653
    endloop
  endfacet
  facet normal -0 -0.0436354 -0.999048
    outer loop
      vertex 10 -52 -5
      vertex -4.5 -52.3084 -4.98653
      vertex -10 -52 -5
    endloop
  endfacet
  facet normal 0 -0.461753 -0.887008
    outer loop
      vertex 4.5 -54.5 -4.33013
      vertex 17 -54.1131 -4.53154
      vertex 17 -54.5 -4.33013
    endloop
  endfacet
  facet normal -0 -0.461753 -0.887008
    outer loop
      vertex 17 -54.1131 -4.53154
      vertex 4.5 -54.5 -4.33013
      vertex 4.5 -54.1131 -4.53154
    endloop
  endfacet
  facet normal 0 -0.461753 -0.887008
    outer loop
      vertex -17 -54.5 -4.33013
      vertex -4.5 -54.1131 -4.53154
      vertex -4.5 -54.5 -4.33013
    endloop
  endfacet
  facet normal -0 -0.461753 -0.887008
    outer loop
      vertex -4.5 -54.1131 -4.53154
      vertex -17 -54.5 -4.33013
      vertex -17 -54.1131 -4.53154
    endloop
  endfacet
  facet normal -1.56405e-06 -0.382668 0.923886
    outer loop
      vertex 17 -53.7101 4.69846
      vertex 4.5 -53.8467 4.64186
      vertex 17 -54.1131 4.53154
    endloop
  endfacet
  facet normal 0 -0.38279 0.923835
    outer loop
      vertex 17 -53.7101 4.69846
      vertex -4.5 -53.8467 4.64186
      vertex 4.5 -53.8467 4.64186
    endloop
  endfacet
  facet normal 0 -0.38279 0.923835
    outer loop
      vertex -17 -53.7101 4.69846
      vertex -4.5 -53.8467 4.64186
      vertex 17 -53.7101 4.69846
    endloop
  endfacet
  facet normal 1.56405e-06 -0.382668 0.923886
    outer loop
      vertex -17 -54.1131 4.53154
      vertex -4.5 -53.8467 4.64186
      vertex -17 -53.7101 4.69846
    endloop
  endfacet
  facet normal 0 -0.382605 0.923912
    outer loop
      vertex -4.5 -53.8467 4.64186
      vertex -17 -54.1131 4.53154
      vertex -4.5 -54.1131 4.53154
    endloop
  endfacet
  facet normal 0 -0.382605 0.923912
    outer loop
      vertex 17 -54.1131 4.53154
      vertex 4.5 -53.8467 4.64186
      vertex 4.5 -54.1131 4.53154
    endloop
  endfacet
  facet normal 0 -0.675588 0.73728
    outer loop
      vertex -17 -55.2139 3.83022
      vertex -4.5 -55.5355 3.53553
      vertex -4.5 -55.2139 3.83022
    endloop
  endfacet
  facet normal 0 -0.675588 0.73728
    outer loop
      vertex -4.5 -55.5355 3.53553
      vertex -17 -55.2139 3.83022
      vertex -17 -55.5355 3.53553
    endloop
  endfacet
  facet normal 0 -0.675588 0.73728
    outer loop
      vertex 4.5 -55.2139 3.83022
      vertex 17 -55.5355 3.53553
      vertex 17 -55.2139 3.83022
    endloop
  endfacet
  facet normal 0 -0.675588 0.73728
    outer loop
      vertex 17 -55.5355 3.53553
      vertex 4.5 -55.2139 3.83022
      vertex 4.5 -55.5355 3.53553
    endloop
  endfacet
  facet normal -0 0.461753 0.887008
    outer loop
      vertex -17 -49.5 4.33013
      vertex -10 -49.8869 4.53154
      vertex -10 -49.5 4.33013
    endloop
  endfacet
  facet normal 0 0.461753 0.887008
    outer loop
      vertex -10 -49.8869 4.53154
      vertex -17 -49.5 4.33013
      vertex -17 -49.8869 4.53154
    endloop
  endfacet
  facet normal -0 0.461753 0.887008
    outer loop
      vertex 10 -49.5 4.33013
      vertex 17 -49.8869 4.53154
      vertex 17 -49.5 4.33013
    endloop
  endfacet
  facet normal 0 0.461753 0.887008
    outer loop
      vertex 17 -49.8869 4.53154
      vertex 10 -49.5 4.33013
      vertex 10 -49.8869 4.53154
    endloop
  endfacet
  facet normal 0 -0.976301 0.216416
    outer loop
      vertex 4.5 -56.924 0.86824
      vertex 17 -56.8296 1.2941
      vertex 4.5 -56.8296 1.2941
    endloop
  endfacet
  facet normal 0 -0.976301 0.216416
    outer loop
      vertex 17 -56.8296 1.2941
      vertex 4.5 -56.924 0.86824
      vertex 17 -56.924 0.86824
    endloop
  endfacet
  facet normal 0 -0.976301 0.216416
    outer loop
      vertex -17 -56.924 0.86824
      vertex -4.5 -56.8296 1.2941
      vertex -17 -56.8296 1.2941
    endloop
  endfacet
  facet normal 0 -0.976301 0.216416
    outer loop
      vertex -4.5 -56.8296 1.2941
      vertex -17 -56.924 0.86824
      vertex -4.5 -56.924 0.86824
    endloop
  endfacet
  facet normal 0 0.793288 -0.608846
    outer loop
      vertex -10 -48.1698 -3.21394
      vertex -17 -47.9042 -2.86788
      vertex -10 -47.9042 -2.86788
    endloop
  endfacet
  facet normal 0 0.793288 -0.608846
    outer loop
      vertex -17 -47.9042 -2.86788
      vertex -10 -48.1698 -3.21394
      vertex -17 -48.1698 -3.21394
    endloop
  endfacet
  facet normal 0 0.793288 -0.608846
    outer loop
      vertex 17 -48.1698 -3.21394
      vertex 10 -47.9042 -2.86788
      vertex 17 -47.9042 -2.86788
    endloop
  endfacet
  facet normal 0 0.793288 -0.608846
    outer loop
      vertex 10 -47.9042 -2.86788
      vertex 17 -48.1698 -3.21394
      vertex 10 -48.1698 -3.21394
    endloop
  endfacet
  facet normal 0 -0.999051 -0.0435587
    outer loop
      vertex 4.5 -56.981 -0.435779
      vertex 17 -57 0
      vertex 4.5 -57 0
    endloop
  endfacet
  facet normal 0 -0.999051 -0.0435587
    outer loop
      vertex 17 -57 0
      vertex 4.5 -56.981 -0.435779
      vertex 17 -56.981 -0.435779
    endloop
  endfacet
  facet normal 0 -0.999051 -0.0435587
    outer loop
      vertex -17 -56.981 -0.435779
      vertex -4.5 -57 0
      vertex -17 -57 0
    endloop
  endfacet
  facet normal 0 -0.999051 -0.0435587
    outer loop
      vertex -4.5 -57 0
      vertex -17 -56.981 -0.435779
      vertex -4.5 -56.981 -0.435779
    endloop
  endfacet
  facet normal 0 0.300718 -0.953713
    outer loop
      vertex -17 -50.7059 -4.82963
      vertex -10 -50.2899 -4.69846
      vertex -10 -50.7059 -4.82963
    endloop
  endfacet
  facet normal 0 0.300718 -0.953713
    outer loop
      vertex -10 -50.2899 -4.69846
      vertex -17 -50.7059 -4.82963
      vertex -17 -50.2899 -4.69846
    endloop
  endfacet
  facet normal 0 0.300718 -0.953713
    outer loop
      vertex 10 -50.7059 -4.82963
      vertex 17 -50.2899 -4.69846
      vertex 17 -50.7059 -4.82963
    endloop
  endfacet
  facet normal 0 0.300718 -0.953713
    outer loop
      vertex 17 -50.2899 -4.69846
      vertex 10 -50.7059 -4.82963
      vertex 10 -50.2899 -4.69846
    endloop
  endfacet
  facet normal -0 0.130534 0.991444
    outer loop
      vertex 10 -51.1318 4.92404
      vertex 17 -51.5642 4.98097
      vertex 17 -51.1318 4.92404
    endloop
  endfacet
  facet normal 0 0.130534 0.991444
    outer loop
      vertex 17 -51.5642 4.98097
      vertex 10 -51.1318 4.92404
      vertex 10 -51.5642 4.98097
    endloop
  endfacet
  facet normal -0 0.130534 0.991444
    outer loop
      vertex -17 -51.1318 4.92404
      vertex -10 -51.5642 4.98097
      vertex -10 -51.1318 4.92404
    endloop
  endfacet
  facet normal 0 0.130534 0.991444
    outer loop
      vertex -10 -51.5642 4.98097
      vertex -17 -51.1318 4.92404
      vertex -17 -51.5642 4.98097
    endloop
  endfacet
  facet normal 0 -0.382668 -0.923886
    outer loop
      vertex 4.5 -54.1131 -4.53154
      vertex 17 -53.7101 -4.69846
      vertex 17 -54.1131 -4.53154
    endloop
  endfacet
  facet normal -0 -0.382668 -0.923886
    outer loop
      vertex 17 -53.7101 -4.69846
      vertex 4.5 -54.1131 -4.53154
      vertex 4.5 -53.7101 -4.69846
    endloop
  endfacet
  facet normal 0 -0.382668 -0.923886
    outer loop
      vertex -17 -54.1131 -4.53154
      vertex -4.5 -53.7101 -4.69846
      vertex -4.5 -54.1131 -4.53154
    endloop
  endfacet
  facet normal -0 -0.382668 -0.923886
    outer loop
      vertex -4.5 -53.7101 -4.69846
      vertex -17 -54.1131 -4.53154
      vertex -17 -53.7101 -4.69846
    endloop
  endfacet
  facet normal 0 0.991425 0.130674
    outer loop
      vertex 17 -47.019 0.435779
      vertex 10 -47.076 0.86824
      vertex 17 -47.076 0.86824
    endloop
  endfacet
  facet normal 0 0.991425 0.130674
    outer loop
      vertex 10 -47.076 0.86824
      vertex 17 -47.019 0.435779
      vertex 10 -47.019 0.435779
    endloop
  endfacet
  facet normal 0 0.991425 0.130674
    outer loop
      vertex -10 -47.019 0.435779
      vertex -17 -47.076 0.86824
      vertex -10 -47.076 0.86824
    endloop
  endfacet
  facet normal 0 0.991425 0.130674
    outer loop
      vertex -17 -47.076 0.86824
      vertex -10 -47.019 0.435779
      vertex -17 -47.019 0.435779
    endloop
  endfacet
  facet normal -0 0.216418 0.976301
    outer loop
      vertex -17 -50.7059 4.82963
      vertex -10 -51.1318 4.92404
      vertex -10 -50.7059 4.82963
    endloop
  endfacet
  facet normal 0 0.216418 0.976301
    outer loop
      vertex -10 -51.1318 4.92404
      vertex -17 -50.7059 4.82963
      vertex -17 -51.1318 4.92404
    endloop
  endfacet
  facet normal -0 0.216418 0.976301
    outer loop
      vertex 10 -50.7059 4.82963
      vertex 17 -51.1318 4.92404
      vertex 17 -50.7059 4.82963
    endloop
  endfacet
  facet normal 0 0.216418 0.976301
    outer loop
      vertex 17 -51.1318 4.92404
      vertex 10 -50.7059 4.82963
      vertex 10 -51.1318 4.92404
    endloop
  endfacet
  facet normal 0 0.999051 -0.0435587
    outer loop
      vertex -10 -47.019 -0.435779
      vertex -17 -47 0
      vertex -10 -47 0
    endloop
  endfacet
  facet normal 0 0.999051 -0.0435587
    outer loop
      vertex -17 -47 0
      vertex -10 -47.019 -0.435779
      vertex -17 -47.019 -0.435779
    endloop
  endfacet
  facet normal 0 0.999051 -0.0435587
    outer loop
      vertex 17 -47.019 -0.435779
      vertex 10 -47 0
      vertex 17 -47 0
    endloop
  endfacet
  facet normal 0 0.999051 -0.0435587
    outer loop
      vertex 10 -47 0
      vertex 17 -47.019 -0.435779
      vertex 10 -47.019 -0.435779
    endloop
  endfacet
  facet normal 0 0.843459 0.537193
    outer loop
      vertex 17 -47.6699 2.5
      vertex 10 -47.9042 2.86788
      vertex 17 -47.9042 2.86788
    endloop
  endfacet
  facet normal 0 0.843459 0.537193
    outer loop
      vertex 10 -47.9042 2.86788
      vertex 17 -47.6699 2.5
      vertex 10 -47.6699 2.5
    endloop
  endfacet
  facet normal 0 0.843459 0.537193
    outer loop
      vertex -10 -47.6699 2.5
      vertex -17 -47.9042 2.86788
      vertex -10 -47.9042 2.86788
    endloop
  endfacet
  facet normal 0 0.843459 0.537193
    outer loop
      vertex -17 -47.9042 2.86788
      vertex -10 -47.6699 2.5
      vertex -17 -47.6699 2.5
    endloop
  endfacet
  facet normal 0 0.537286 -0.8434
    outer loop
      vertex 10 -49.5 -4.33013
      vertex 17 -49.1321 -4.09576
      vertex 17 -49.5 -4.33013
    endloop
  endfacet
  facet normal 0 0.537286 -0.8434
    outer loop
      vertex 17 -49.1321 -4.09576
      vertex 10 -49.5 -4.33013
      vertex 10 -49.1321 -4.09576
    endloop
  endfacet
  facet normal 0 0.537286 -0.8434
    outer loop
      vertex -17 -49.5 -4.33013
      vertex -10 -49.1321 -4.09576
      vertex -10 -49.5 -4.33013
    endloop
  endfacet
  facet normal 0 0.537286 -0.8434
    outer loop
      vertex -10 -49.1321 -4.09576
      vertex -17 -49.5 -4.33013
      vertex -17 -49.1321 -4.09576
    endloop
  endfacet
  facet normal 0 0.737258 0.675611
    outer loop
      vertex 17 -48.1698 3.21394
      vertex 10 -48.4645 3.53553
      vertex 17 -48.4645 3.53553
    endloop
  endfacet
  facet normal 0 0.737258 0.675611
    outer loop
      vertex 10 -48.4645 3.53553
      vertex 17 -48.1698 3.21394
      vertex 10 -48.1698 3.21394
    endloop
  endfacet
  facet normal 0 0.737258 0.675611
    outer loop
      vertex -10 -48.1698 3.21394
      vertex -17 -48.4645 3.53553
      vertex -10 -48.4645 3.53553
    endloop
  endfacet
  facet normal 0 0.737258 0.675611
    outer loop
      vertex -17 -48.4645 3.53553
      vertex -10 -48.1698 3.21394
      vertex -17 -48.1698 3.21394
    endloop
  endfacet
  facet normal 0 -0.608826 -0.793304
    outer loop
      vertex 4.5 -55.2139 -3.83022
      vertex 17 -54.8679 -4.09576
      vertex 17 -55.2139 -3.83022
    endloop
  endfacet
  facet normal -0 -0.608826 -0.793304
    outer loop
      vertex 17 -54.8679 -4.09576
      vertex 4.5 -55.2139 -3.83022
      vertex 4.5 -54.8679 -4.09576
    endloop
  endfacet
  facet normal 0 -0.608826 -0.793304
    outer loop
      vertex -17 -55.2139 -3.83022
      vertex -4.5 -54.8679 -4.09576
      vertex -4.5 -55.2139 -3.83022
    endloop
  endfacet
  facet normal -0 -0.608826 -0.793304
    outer loop
      vertex -4.5 -54.8679 -4.09576
      vertex -17 -55.2139 -3.83022
      vertex -17 -54.8679 -4.09576
    endloop
  endfacet
  facet normal 0 -0.461753 0.887008
    outer loop
      vertex 4.5 -54.1131 4.53154
      vertex 17 -54.5 4.33013
      vertex 17 -54.1131 4.53154
    endloop
  endfacet
  facet normal 0 -0.461753 0.887008
    outer loop
      vertex 17 -54.5 4.33013
      vertex 4.5 -54.1131 4.53154
      vertex 4.5 -54.5 4.33013
    endloop
  endfacet
  facet normal 0 -0.461753 0.887008
    outer loop
      vertex -17 -54.1131 4.53154
      vertex -4.5 -54.5 4.33013
      vertex -4.5 -54.1131 4.53154
    endloop
  endfacet
  facet normal 0 -0.461753 0.887008
    outer loop
      vertex -4.5 -54.5 4.33013
      vertex -17 -54.1131 4.53154
      vertex -17 -54.5 4.33013
    endloop
  endfacet
  facet normal 0 -0.130534 0.991444
    outer loop
      vertex -17 -52.4358 4.98097
      vertex 17 -52.8682 4.92404
      vertex 17 -52.4358 4.98097
    endloop
  endfacet
  facet normal 0 -0.130534 0.991444
    outer loop
      vertex 17 -52.8682 4.92404
      vertex -17 -52.4358 4.98097
      vertex -17 -52.8682 4.92404
    endloop
  endfacet
  facet normal 0 -0.793288 0.608846
    outer loop
      vertex 4.5 -56.0958 2.86788
      vertex 17 -55.8302 3.21394
      vertex 4.5 -55.8302 3.21394
    endloop
  endfacet
  facet normal 0 -0.793288 0.608846
    outer loop
      vertex 17 -55.8302 3.21394
      vertex 4.5 -56.0958 2.86788
      vertex 17 -56.0958 2.86788
    endloop
  endfacet
  facet normal 0 -0.793288 0.608846
    outer loop
      vertex -17 -56.0958 2.86788
      vertex -4.5 -55.8302 3.21394
      vertex -17 -55.8302 3.21394
    endloop
  endfacet
  facet normal 0 -0.793288 0.608846
    outer loop
      vertex -4.5 -55.8302 3.21394
      vertex -17 -56.0958 2.86788
      vertex -4.5 -56.0958 2.86788
    endloop
  endfacet
  facet normal 0 -0.737258 0.675611
    outer loop
      vertex 4.5 -55.8302 3.21394
      vertex 17 -55.5355 3.53553
      vertex 4.5 -55.5355 3.53553
    endloop
  endfacet
  facet normal 0 -0.737258 0.675611
    outer loop
      vertex 17 -55.5355 3.53553
      vertex 4.5 -55.8302 3.21394
      vertex 17 -55.8302 3.21394
    endloop
  endfacet
  facet normal 0 -0.737258 0.675611
    outer loop
      vertex -17 -55.8302 3.21394
      vertex -4.5 -55.5355 3.53553
      vertex -17 -55.5355 3.53553
    endloop
  endfacet
  facet normal 0 -0.737258 0.675611
    outer loop
      vertex -4.5 -55.5355 3.53553
      vertex -17 -55.8302 3.21394
      vertex -4.5 -55.8302 3.21394
    endloop
  endfacet
  facet normal 0 -0.953759 -0.300572
    outer loop
      vertex -17 -56.6985 -1.7101
      vertex -4.5 -56.8296 -1.2941
      vertex -17 -56.8296 -1.2941
    endloop
  endfacet
  facet normal 0 -0.953759 -0.300572
    outer loop
      vertex -4.5 -56.8296 -1.2941
      vertex -17 -56.6985 -1.7101
      vertex -4.5 -56.6985 -1.7101
    endloop
  endfacet
  facet normal 0 -0.953759 -0.300572
    outer loop
      vertex 4.5 -56.6985 -1.7101
      vertex 17 -56.8296 -1.2941
      vertex 4.5 -56.8296 -1.2941
    endloop
  endfacet
  facet normal 0 -0.953759 -0.300572
    outer loop
      vertex 17 -56.8296 -1.2941
      vertex 4.5 -56.6985 -1.7101
      vertex 17 -56.6985 -1.7101
    endloop
  endfacet
  facet normal 0 -0.0436252 0.999048
    outer loop
      vertex 10 -52 5
      vertex 17 -52.4358 4.98097
      vertex 17 -52 5
    endloop
  endfacet
  facet normal 0 -0.0436252 0.999048
    outer loop
      vertex -10 -52 5
      vertex 17 -52.4358 4.98097
      vertex 10 -52 5
    endloop
  endfacet
  facet normal 0 -0.0436252 0.999048
    outer loop
      vertex -17 -52.4358 4.98097
      vertex -10 -52 5
      vertex -17 -52 5
    endloop
  endfacet
  facet normal 0 -0.0436252 0.999048
    outer loop
      vertex -10 -52 5
      vertex -17 -52.4358 4.98097
      vertex 17 -52.4358 4.98097
    endloop
  endfacet
  facet normal 0 0.923818 -0.382832
    outer loop
      vertex 17 -47.4685 -2.11309
      vertex 10 -47.3015 -1.7101
      vertex 17 -47.3015 -1.7101
    endloop
  endfacet
  facet normal 0 0.923818 -0.382832
    outer loop
      vertex 10 -47.3015 -1.7101
      vertex 17 -47.4685 -2.11309
      vertex 10 -47.4685 -2.11309
    endloop
  endfacet
  facet normal 0 0.923818 -0.382832
    outer loop
      vertex -10 -47.4685 -2.11309
      vertex -17 -47.3015 -1.7101
      vertex -10 -47.3015 -1.7101
    endloop
  endfacet
  facet normal 0 0.923818 -0.382832
    outer loop
      vertex -17 -47.3015 -1.7101
      vertex -10 -47.4685 -2.11309
      vertex -17 -47.4685 -2.11309
    endloop
  endfacet
  facet normal 0 0.461753 -0.887008
    outer loop
      vertex 10 -49.8869 -4.53154
      vertex 17 -49.5 -4.33013
      vertex 17 -49.8869 -4.53154
    endloop
  endfacet
  facet normal 0 0.461753 -0.887008
    outer loop
      vertex 17 -49.5 -4.33013
      vertex 10 -49.8869 -4.53154
      vertex 10 -49.5 -4.33013
    endloop
  endfacet
  facet normal 0 0.461753 -0.887008
    outer loop
      vertex -17 -49.8869 -4.53154
      vertex -10 -49.5 -4.33013
      vertex -10 -49.8869 -4.53154
    endloop
  endfacet
  facet normal 0 0.461753 -0.887008
    outer loop
      vertex -10 -49.5 -4.33013
      vertex -17 -49.8869 -4.53154
      vertex -17 -49.5 -4.33013
    endloop
  endfacet
  facet normal 0 -0.887023 -0.461726
    outer loop
      vertex -17 -56.3301 -2.5
      vertex -4.5 -56.5315 -2.11309
      vertex -17 -56.5315 -2.11309
    endloop
  endfacet
  facet normal 0 -0.887023 -0.461726
    outer loop
      vertex -4.5 -56.5315 -2.11309
      vertex -17 -56.3301 -2.5
      vertex -4.5 -56.3301 -2.5
    endloop
  endfacet
  facet normal 0 -0.887023 -0.461726
    outer loop
      vertex 4.5 -56.3301 -2.5
      vertex 17 -56.5315 -2.11309
      vertex 4.5 -56.5315 -2.11309
    endloop
  endfacet
  facet normal 0 -0.887023 -0.461726
    outer loop
      vertex 17 -56.5315 -2.11309
      vertex 4.5 -56.3301 -2.5
      vertex 17 -56.3301 -2.5
    endloop
  endfacet
  facet normal 0 0.991425 -0.130674
    outer loop
      vertex -10 -47.076 -0.86824
      vertex -17 -47.019 -0.435779
      vertex -10 -47.019 -0.435779
    endloop
  endfacet
  facet normal 0 0.991425 -0.130674
    outer loop
      vertex -17 -47.019 -0.435779
      vertex -10 -47.076 -0.86824
      vertex -17 -47.076 -0.86824
    endloop
  endfacet
  facet normal 0 0.991425 -0.130674
    outer loop
      vertex 17 -47.076 -0.86824
      vertex 10 -47.019 -0.435779
      vertex 17 -47.019 -0.435779
    endloop
  endfacet
  facet normal 0 0.991425 -0.130674
    outer loop
      vertex 10 -47.019 -0.435779
      vertex 17 -47.076 -0.86824
      vertex 10 -47.076 -0.86824
    endloop
  endfacet
  facet normal 0 -0.843459 -0.537193
    outer loop
      vertex -17 -56.0958 -2.86788
      vertex -4.5 -56.3301 -2.5
      vertex -17 -56.3301 -2.5
    endloop
  endfacet
  facet normal 0 -0.843459 -0.537193
    outer loop
      vertex -4.5 -56.3301 -2.5
      vertex -17 -56.0958 -2.86788
      vertex -4.5 -56.0958 -2.86788
    endloop
  endfacet
  facet normal 0 -0.843459 -0.537193
    outer loop
      vertex 4.5 -56.0958 -2.86788
      vertex 17 -56.3301 -2.5
      vertex 4.5 -56.3301 -2.5
    endloop
  endfacet
  facet normal 0 -0.843459 -0.537193
    outer loop
      vertex 17 -56.3301 -2.5
      vertex 4.5 -56.0958 -2.86788
      vertex 17 -56.0958 -2.86788
    endloop
  endfacet
  facet normal 0 -0.793288 -0.608846
    outer loop
      vertex -17 -55.8302 -3.21394
      vertex -4.5 -56.0958 -2.86788
      vertex -17 -56.0958 -2.86788
    endloop
  endfacet
  facet normal 0 -0.793288 -0.608846
    outer loop
      vertex -4.5 -56.0958 -2.86788
      vertex -17 -55.8302 -3.21394
      vertex -4.5 -55.8302 -3.21394
    endloop
  endfacet
  facet normal 0 -0.793288 -0.608846
    outer loop
      vertex 4.5 -55.8302 -3.21394
      vertex 17 -56.0958 -2.86788
      vertex 4.5 -56.0958 -2.86788
    endloop
  endfacet
  facet normal 0 -0.793288 -0.608846
    outer loop
      vertex 17 -56.0958 -2.86788
      vertex 4.5 -55.8302 -3.21394
      vertex 17 -55.8302 -3.21394
    endloop
  endfacet
  facet normal 0 -0.999051 0.0435587
    outer loop
      vertex -17 -57 0
      vertex -4.5 -56.981 0.435779
      vertex -17 -56.981 0.435779
    endloop
  endfacet
  facet normal 0 -0.999051 0.0435587
    outer loop
      vertex -4.5 -56.981 0.435779
      vertex -17 -57 0
      vertex -4.5 -57 0
    endloop
  endfacet
  facet normal 0 -0.999051 0.0435587
    outer loop
      vertex 4.5 -57 0
      vertex 17 -56.981 0.435779
      vertex 4.5 -56.981 0.435779
    endloop
  endfacet
  facet normal 0 -0.999051 0.0435587
    outer loop
      vertex 17 -56.981 0.435779
      vertex 4.5 -57 0
      vertex 17 -57 0
    endloop
  endfacet
  facet normal -0 0.0436252 0.999048
    outer loop
      vertex 10 -51.5642 4.98097
      vertex 17 -52 5
      vertex 17 -51.5642 4.98097
    endloop
  endfacet
  facet normal 0 0.0436252 0.999048
    outer loop
      vertex 17 -52 5
      vertex 10 -51.5642 4.98097
      vertex 10 -52 5
    endloop
  endfacet
  facet normal -0 0.0436252 0.999048
    outer loop
      vertex -17 -51.5642 4.98097
      vertex -10 -52 5
      vertex -10 -51.5642 4.98097
    endloop
  endfacet
  facet normal 0 0.0436252 0.999048
    outer loop
      vertex -10 -52 5
      vertex -17 -51.5642 4.98097
      vertex -17 -52 5
    endloop
  endfacet
  facet normal 0 -0.953759 0.300572
    outer loop
      vertex -17 -56.8296 1.2941
      vertex -4.5 -56.6985 1.7101
      vertex -17 -56.6985 1.7101
    endloop
  endfacet
  facet normal 0 -0.953759 0.300572
    outer loop
      vertex -4.5 -56.6985 1.7101
      vertex -17 -56.8296 1.2941
      vertex -4.5 -56.8296 1.2941
    endloop
  endfacet
  facet normal 0 -0.953759 0.300572
    outer loop
      vertex 4.5 -56.8296 1.2941
      vertex 17 -56.6985 1.7101
      vertex 4.5 -56.6985 1.7101
    endloop
  endfacet
  facet normal 0 -0.953759 0.300572
    outer loop
      vertex 17 -56.6985 1.7101
      vertex 4.5 -56.8296 1.2941
      vertex 17 -56.8296 1.2941
    endloop
  endfacet
  facet normal 0 -0.737258 -0.675611
    outer loop
      vertex 4.5 -55.5355 -3.53553
      vertex 17 -55.8302 -3.21394
      vertex 4.5 -55.8302 -3.21394
    endloop
  endfacet
  facet normal 0 -0.737258 -0.675611
    outer loop
      vertex 17 -55.8302 -3.21394
      vertex 4.5 -55.5355 -3.53553
      vertex 17 -55.5355 -3.53553
    endloop
  endfacet
  facet normal 0 -0.737258 -0.675611
    outer loop
      vertex -17 -55.5355 -3.53553
      vertex -4.5 -55.8302 -3.21394
      vertex -17 -55.8302 -3.21394
    endloop
  endfacet
  facet normal 0 -0.737258 -0.675611
    outer loop
      vertex -4.5 -55.8302 -3.21394
      vertex -17 -55.5355 -3.53553
      vertex -4.5 -55.5355 -3.53553
    endloop
  endfacet
  facet normal 0 -0.923818 0.382832
    outer loop
      vertex -17 -56.6985 1.7101
      vertex -4.5 -56.5315 2.11309
      vertex -17 -56.5315 2.11309
    endloop
  endfacet
  facet normal 0 -0.923818 0.382832
    outer loop
      vertex -4.5 -56.5315 2.11309
      vertex -17 -56.6985 1.7101
      vertex -4.5 -56.6985 1.7101
    endloop
  endfacet
  facet normal 0 -0.923818 0.382832
    outer loop
      vertex 4.5 -56.6985 1.7101
      vertex 17 -56.5315 2.11309
      vertex 4.5 -56.5315 2.11309
    endloop
  endfacet
  facet normal 0 -0.923818 0.382832
    outer loop
      vertex 17 -56.5315 2.11309
      vertex 4.5 -56.6985 1.7101
      vertex 17 -56.6985 1.7101
    endloop
  endfacet
  facet normal 0 -0.843459 0.537193
    outer loop
      vertex 4.5 -56.3301 2.5
      vertex 17 -56.0958 2.86788
      vertex 4.5 -56.0958 2.86788
    endloop
  endfacet
  facet normal 0 -0.843459 0.537193
    outer loop
      vertex 17 -56.0958 2.86788
      vertex 4.5 -56.3301 2.5
      vertex 17 -56.3301 2.5
    endloop
  endfacet
  facet normal 0 -0.843459 0.537193
    outer loop
      vertex -17 -56.3301 2.5
      vertex -4.5 -56.0958 2.86788
      vertex -17 -56.0958 2.86788
    endloop
  endfacet
  facet normal 0 -0.843459 0.537193
    outer loop
      vertex -4.5 -56.0958 2.86788
      vertex -17 -56.3301 2.5
      vertex -4.5 -56.3301 2.5
    endloop
  endfacet
  facet normal 0 -0.887023 0.461726
    outer loop
      vertex -17 -56.5315 2.11309
      vertex -4.5 -56.3301 2.5
      vertex -17 -56.3301 2.5
    endloop
  endfacet
  facet normal 0 -0.887023 0.461726
    outer loop
      vertex -4.5 -56.3301 2.5
      vertex -17 -56.5315 2.11309
      vertex -4.5 -56.5315 2.11309
    endloop
  endfacet
  facet normal 0 -0.887023 0.461726
    outer loop
      vertex 4.5 -56.5315 2.11309
      vertex 17 -56.3301 2.5
      vertex 4.5 -56.3301 2.5
    endloop
  endfacet
  facet normal 0 -0.887023 0.461726
    outer loop
      vertex 17 -56.3301 2.5
      vertex 4.5 -56.5315 2.11309
      vertex 17 -56.5315 2.11309
    endloop
  endfacet
  facet normal -0 0.608826 0.793304
    outer loop
      vertex 10 -48.7861 3.83022
      vertex 17 -49.1321 4.09576
      vertex 17 -48.7861 3.83022
    endloop
  endfacet
  facet normal 0 0.608826 0.793304
    outer loop
      vertex 17 -49.1321 4.09576
      vertex 10 -48.7861 3.83022
      vertex 10 -49.1321 4.09576
    endloop
  endfacet
  facet normal -0 0.608826 0.793304
    outer loop
      vertex -17 -48.7861 3.83022
      vertex -10 -49.1321 4.09576
      vertex -10 -48.7861 3.83022
    endloop
  endfacet
  facet normal 0 0.608826 0.793304
    outer loop
      vertex -10 -49.1321 4.09576
      vertex -17 -48.7861 3.83022
      vertex -17 -49.1321 4.09576
    endloop
  endfacet
endsolid OpenSCAD_Model
