solid OpenSCAD_Model
  facet normal 0 -0.99145 -0.130489
    outer loop
      vertex 20.2 -42.2099 13.2266
      vertex 23 -42.2395 13.4515
      vertex 20.2 -42.2395 13.4515
    endloop
  endfacet
  facet normal 0 -0.99145 -0.130489
    outer loop
      vertex 23 -42.2395 13.4515
      vertex 20.2 -42.2099 13.2266
      vertex 23 -42.2099 13.2266
    endloop
  endfacet
  facet normal 0 -0.999047 -0.0436477
    outer loop
      vertex 20.2 -42.2 13
      vertex 23 -42.2099 13.2266
      vertex 20.2 -42.2099 13.2266
    endloop
  endfacet
  facet normal 0 -0.999047 -0.0436477
    outer loop
      vertex 23 -42.2099 13.2266
      vertex 20.2 -42.2 13
      vertex 23 -42.2 13
    endloop
  endfacet
  facet normal 0 -0.97628 -0.21651
    outer loop
      vertex 20.2 -42.2395 13.4515
      vertex 23 -42.2886 13.6729
      vertex 20.2 -42.2886 13.6729
    endloop
  endfacet
  facet normal 0 -0.97628 -0.21651
    outer loop
      vertex 23 -42.2886 13.6729
      vertex 20.2 -42.2395 13.4515
      vertex 23 -42.2395 13.4515
    endloop
  endfacet
  facet normal 0 -0.999047 0.0436477
    outer loop
      vertex 20.2 -42.2099 12.7734
      vertex 23 -42.2 13
      vertex 20.2 -42.2 13
    endloop
  endfacet
  facet normal 0 -0.999047 0.0436477
    outer loop
      vertex 23 -42.2 13
      vertex 20.2 -42.2099 12.7734
      vertex 23 -42.2099 12.7734
    endloop
  endfacet
  facet normal 0 -0.130489 -0.99145
    outer loop
      vertex 20.2 -44.5734 15.5901
      vertex 23 -44.3485 15.5605
      vertex 23 -44.5734 15.5901
    endloop
  endfacet
  facet normal -0 -0.130489 -0.99145
    outer loop
      vertex 23 -44.3485 15.5605
      vertex 20.2 -44.5734 15.5901
      vertex 20.2 -44.3485 15.5605
    endloop
  endfacet
  facet normal 0 -0.130489 -0.99145
    outer loop
      vertex -26 -44.5734 15.5901
      vertex -20.2 -44.3485 15.5605
      vertex -20.2 -44.5734 15.5901
    endloop
  endfacet
  facet normal -0 -0.130489 -0.99145
    outer loop
      vertex -20.2 -44.3485 15.5605
      vertex -26 -44.5734 15.5901
      vertex -26 -44.3485 15.5605
    endloop
  endfacet
  facet normal 0 0.97628 -0.21651
    outer loop
      vertex 23 -47.3605 13.4515
      vertex 20.2 -47.3114 13.6729
      vertex 23 -47.3114 13.6729
    endloop
  endfacet
  facet normal 0 0.97628 -0.21651
    outer loop
      vertex 20.2 -47.3114 13.6729
      vertex 23 -47.3605 13.4515
      vertex 20.2 -47.3605 13.4515
    endloop
  endfacet
  facet normal 0 -0.737502 -0.675345
    outer loop
      vertex 20.2 -42.8083 14.6712
      vertex 23 -42.9615 14.8385
      vertex 20.2 -42.9615 14.8385
    endloop
  endfacet
  facet normal 0 -0.737502 -0.675345
    outer loop
      vertex 23 -42.9615 14.8385
      vertex 20.2 -42.8083 14.6712
      vertex 23 -42.8083 14.6712
    endloop
  endfacet
  facet normal 0 -0.737502 -0.675345
    outer loop
      vertex -26 -42.8083 14.6712
      vertex -20.2 -42.9615 14.8385
      vertex -26 -42.9615 14.8385
    endloop
  endfacet
  facet normal 0 -0.737502 -0.675345
    outer loop
      vertex -20.2 -42.9615 14.8385
      vertex -26 -42.8083 14.6712
      vertex -20.2 -42.8083 14.6712
    endloop
  endfacet
  facet normal 0 0.88708 0.461616
    outer loop
      vertex 23 -47.0517 11.7
      vertex 20.2 -47.1564 11.9012
      vertex 23 -47.1564 11.9012
    endloop
  endfacet
  facet normal 0 0.88708 0.461616
    outer loop
      vertex 20.2 -47.1564 11.9012
      vertex 23 -47.0517 11.7
      vertex 20.2 -47.0517 11.7
    endloop
  endfacet
  facet normal 0 0.88708 0.461616
    outer loop
      vertex -20.2 -47.0517 11.7
      vertex -26 -47.1564 11.9012
      vertex -20.2 -47.1564 11.9012
    endloop
  endfacet
  facet normal 0 0.88708 0.461616
    outer loop
      vertex -26 -47.1564 11.9012
      vertex -20.2 -47.0517 11.7
      vertex -26 -47.0517 11.7
    endloop
  endfacet
  facet normal 0 0.737502 0.675345
    outer loop
      vertex 23 -46.6385 11.1615
      vertex 20.2 -46.7917 11.3288
      vertex 23 -46.7917 11.3288
    endloop
  endfacet
  facet normal 0 0.737502 0.675345
    outer loop
      vertex 20.2 -46.7917 11.3288
      vertex 23 -46.6385 11.1615
      vertex 20.2 -46.6385 11.1615
    endloop
  endfacet
  facet normal 0 0.737502 0.675345
    outer loop
      vertex -20.2 -46.6385 11.1615
      vertex -26 -46.7917 11.3288
      vertex -20.2 -46.7917 11.3288
    endloop
  endfacet
  facet normal 0 0.737502 0.675345
    outer loop
      vertex -26 -46.7917 11.3288
      vertex -20.2 -46.6385 11.1615
      vertex -26 -46.6385 11.1615
    endloop
  endfacet
  facet normal -0 0.21651 0.97628
    outer loop
      vertex 20.2 -45.2515 10.4395
      vertex 23 -45.4729 10.4886
      vertex 23 -45.2515 10.4395
    endloop
  endfacet
  facet normal 0 0.21651 0.97628
    outer loop
      vertex 23 -45.4729 10.4886
      vertex 20.2 -45.2515 10.4395
      vertex 20.2 -45.4729 10.4886
    endloop
  endfacet
  facet normal -0 0.21651 0.97628
    outer loop
      vertex -26 -45.2515 10.4395
      vertex -20.2 -45.4729 10.4886
      vertex -20.2 -45.2515 10.4395
    endloop
  endfacet
  facet normal 0 0.21651 0.97628
    outer loop
      vertex -20.2 -45.4729 10.4886
      vertex -26 -45.2515 10.4395
      vertex -26 -45.4729 10.4886
    endloop
  endfacet
  facet normal 0 -0.88708 0.461616
    outer loop
      vertex 20.2 -42.5483 11.7
      vertex 23 -42.4436 11.9012
      vertex 20.2 -42.4436 11.9012
    endloop
  endfacet
  facet normal 0 -0.88708 0.461616
    outer loop
      vertex 23 -42.4436 11.9012
      vertex 20.2 -42.5483 11.7
      vertex 23 -42.5483 11.7
    endloop
  endfacet
  facet normal 0 -0.88708 0.461616
    outer loop
      vertex -26 -42.5483 11.7
      vertex -20.2 -42.4436 11.9012
      vertex -26 -42.4436 11.9012
    endloop
  endfacet
  facet normal 0 -0.88708 0.461616
    outer loop
      vertex -20.2 -42.4436 11.9012
      vertex -26 -42.5483 11.7
      vertex -20.2 -42.5483 11.7
    endloop
  endfacet
  facet normal 0 -0.99145 0.130489
    outer loop
      vertex 20.2 -42.2395 12.5485
      vertex 23 -42.2099 12.7734
      vertex 20.2 -42.2099 12.7734
    endloop
  endfacet
  facet normal 0 -0.99145 0.130489
    outer loop
      vertex 23 -42.2099 12.7734
      vertex 20.2 -42.2395 12.5485
      vertex 23 -42.2395 12.5485
    endloop
  endfacet
  facet normal 0 0.737502 -0.675345
    outer loop
      vertex 23 -46.7917 14.6712
      vertex 20.2 -46.6385 14.8385
      vertex 23 -46.6385 14.8385
    endloop
  endfacet
  facet normal 0 0.737502 -0.675345
    outer loop
      vertex 20.2 -46.6385 14.8385
      vertex 23 -46.7917 14.6712
      vertex 20.2 -46.7917 14.6712
    endloop
  endfacet
  facet normal 0 0.737502 -0.675345
    outer loop
      vertex -20.2 -46.7917 14.6712
      vertex -26 -46.6385 14.8385
      vertex -20.2 -46.6385 14.8385
    endloop
  endfacet
  facet normal 0 0.737502 -0.675345
    outer loop
      vertex -26 -46.6385 14.8385
      vertex -20.2 -46.7917 14.6712
      vertex -26 -46.7917 14.6712
    endloop
  endfacet
  facet normal 0 -0.21651 -0.97628
    outer loop
      vertex 20.2 -44.3485 15.5605
      vertex 23 -44.1271 15.5114
      vertex 23 -44.3485 15.5605
    endloop
  endfacet
  facet normal -0 -0.21651 -0.97628
    outer loop
      vertex 23 -44.1271 15.5114
      vertex 20.2 -44.3485 15.5605
      vertex 20.2 -44.1271 15.5114
    endloop
  endfacet
  facet normal 0 -0.21651 -0.97628
    outer loop
      vertex -26 -44.3485 15.5605
      vertex -20.2 -44.1271 15.5114
      vertex -20.2 -44.3485 15.5605
    endloop
  endfacet
  facet normal -0 -0.21651 -0.97628
    outer loop
      vertex -20.2 -44.1271 15.5114
      vertex -26 -44.3485 15.5605
      vertex -26 -44.1271 15.5114
    endloop
  endfacet
  facet normal 0 -0.461616 0.88708
    outer loop
      vertex 20.2 -43.5 10.7483
      vertex 23 -43.7012 10.6436
      vertex 23 -43.5 10.7483
    endloop
  endfacet
  facet normal 0 -0.461616 0.88708
    outer loop
      vertex 23 -43.7012 10.6436
      vertex 20.2 -43.5 10.7483
      vertex 20.2 -43.7012 10.6436
    endloop
  endfacet
  facet normal 0 -0.461616 0.88708
    outer loop
      vertex -26 -43.5 10.7483
      vertex -20.2 -43.7012 10.6436
      vertex -20.2 -43.5 10.7483
    endloop
  endfacet
  facet normal 0 -0.461616 0.88708
    outer loop
      vertex -20.2 -43.7012 10.6436
      vertex -26 -43.5 10.7483
      vertex -26 -43.7012 10.6436
    endloop
  endfacet
  facet normal -0 0.675345 0.737502
    outer loop
      vertex 20.2 -46.4712 11.0083
      vertex 23 -46.6385 11.1615
      vertex 23 -46.4712 11.0083
    endloop
  endfacet
  facet normal 0 0.675345 0.737502
    outer loop
      vertex 23 -46.6385 11.1615
      vertex 20.2 -46.4712 11.0083
      vertex 20.2 -46.6385 11.1615
    endloop
  endfacet
  facet normal -0 0.675345 0.737502
    outer loop
      vertex -26 -46.4712 11.0083
      vertex -20.2 -46.6385 11.1615
      vertex -20.2 -46.4712 11.0083
    endloop
  endfacet
  facet normal 0 0.675345 0.737502
    outer loop
      vertex -20.2 -46.6385 11.1615
      vertex -26 -46.4712 11.0083
      vertex -26 -46.6385 11.1615
    endloop
  endfacet
  facet normal 0 -0.953756 -0.300583
    outer loop
      vertex 20.2 -42.2886 13.6729
      vertex 23 -42.3568 13.8893
      vertex 20.2 -42.3568 13.8893
    endloop
  endfacet
  facet normal 0 -0.953756 -0.300583
    outer loop
      vertex 23 -42.3568 13.8893
      vertex 20.2 -42.2886 13.6729
      vertex 23 -42.2886 13.6729
    endloop
  endfacet
  facet normal 0 -0.953889 -0.30016
    outer loop
      vertex -26 -42.3287 13.8
      vertex -20.2 -42.3568 13.8893
      vertex -26 -42.3568 13.8893
    endloop
  endfacet
  facet normal 0 -0.953889 -0.30016
    outer loop
      vertex -20.2 -42.3568 13.8893
      vertex -26 -42.3287 13.8
      vertex -20.2 -42.3287 13.8
    endloop
  endfacet
  facet normal 0 0.843335 -0.537389
    outer loop
      vertex 23 -47.0517 14.3
      vertex 20.2 -46.9298 14.4913
      vertex 23 -46.9298 14.4913
    endloop
  endfacet
  facet normal 0 0.843335 -0.537389
    outer loop
      vertex 20.2 -46.9298 14.4913
      vertex 23 -47.0517 14.3
      vertex 20.2 -47.0517 14.3
    endloop
  endfacet
  facet normal 0 0.843335 -0.537389
    outer loop
      vertex -20.2 -47.0517 14.3
      vertex -26 -46.9298 14.4913
      vertex -20.2 -46.9298 14.4913
    endloop
  endfacet
  facet normal 0 0.843335 -0.537389
    outer loop
      vertex -26 -46.9298 14.4913
      vertex -20.2 -47.0517 14.3
      vertex -26 -47.0517 14.3
    endloop
  endfacet
  facet normal 0 0.537389 -0.843335
    outer loop
      vertex 20.2 -46.2913 15.1298
      vertex 23 -46.1 15.2517
      vertex 23 -46.2913 15.1298
    endloop
  endfacet
  facet normal 0 0.537389 -0.843335
    outer loop
      vertex 23 -46.1 15.2517
      vertex 20.2 -46.2913 15.1298
      vertex 20.2 -46.1 15.2517
    endloop
  endfacet
  facet normal 0 0.537389 -0.843335
    outer loop
      vertex -26 -46.2913 15.1298
      vertex -20.2 -46.1 15.2517
      vertex -20.2 -46.2913 15.1298
    endloop
  endfacet
  facet normal 0 0.537389 -0.843335
    outer loop
      vertex -20.2 -46.1 15.2517
      vertex -26 -46.2913 15.1298
      vertex -26 -46.1 15.2517
    endloop
  endfacet
  facet normal 0 -0.97628 0.21651
    outer loop
      vertex 20.2 -42.2886 12.3271
      vertex 23 -42.2395 12.5485
      vertex 20.2 -42.2395 12.5485
    endloop
  endfacet
  facet normal 0 -0.97628 0.21651
    outer loop
      vertex 23 -42.2395 12.5485
      vertex 20.2 -42.2886 12.3271
      vertex 23 -42.2886 12.3271
    endloop
  endfacet
  facet normal 0 -0.382767 0.923845
    outer loop
      vertex 20.2 -43.7012 10.6436
      vertex 23 -43.9107 10.5568
      vertex 23 -43.7012 10.6436
    endloop
  endfacet
  facet normal 0 -0.382767 0.923845
    outer loop
      vertex 23 -43.9107 10.5568
      vertex 20.2 -43.7012 10.6436
      vertex 20.2 -43.9107 10.5568
    endloop
  endfacet
  facet normal 0 -0.382767 0.923845
    outer loop
      vertex -26 -43.7012 10.6436
      vertex -20.2 -43.9107 10.5568
      vertex -20.2 -43.7012 10.6436
    endloop
  endfacet
  facet normal 0 -0.382767 0.923845
    outer loop
      vertex -20.2 -43.9107 10.5568
      vertex -26 -43.7012 10.6436
      vertex -26 -43.9107 10.5568
    endloop
  endfacet
  facet normal 0 -0.537389 0.843335
    outer loop
      vertex 20.2 -43.3087 10.8702
      vertex 23 -43.5 10.7483
      vertex 23 -43.3087 10.8702
    endloop
  endfacet
  facet normal 0 -0.537389 0.843335
    outer loop
      vertex 23 -43.5 10.7483
      vertex 20.2 -43.3087 10.8702
      vertex 20.2 -43.5 10.7483
    endloop
  endfacet
  facet normal 0 -0.537389 0.843335
    outer loop
      vertex -26 -43.3087 10.8702
      vertex -20.2 -43.5 10.7483
      vertex -20.2 -43.3087 10.8702
    endloop
  endfacet
  facet normal 0 -0.537389 0.843335
    outer loop
      vertex -20.2 -43.5 10.7483
      vertex -26 -43.3087 10.8702
      vertex -26 -43.5 10.7483
    endloop
  endfacet
  facet normal 0 -0.923845 -0.382767
    outer loop
      vertex 20.2 -42.3568 13.8893
      vertex 23 -42.4436 14.0988
      vertex 20.2 -42.4436 14.0988
    endloop
  endfacet
  facet normal 0 -0.923845 -0.382767
    outer loop
      vertex 23 -42.4436 14.0988
      vertex 20.2 -42.3568 13.8893
      vertex 23 -42.3568 13.8893
    endloop
  endfacet
  facet normal 0 -0.923845 -0.382767
    outer loop
      vertex -26 -42.3568 13.8893
      vertex -20.2 -42.4436 14.0988
      vertex -26 -42.4436 14.0988
    endloop
  endfacet
  facet normal 0 -0.923845 -0.382767
    outer loop
      vertex -20.2 -42.4436 14.0988
      vertex -26 -42.3568 13.8893
      vertex -20.2 -42.3568 13.8893
    endloop
  endfacet
  facet normal 0 -0.382767 -0.923845
    outer loop
      vertex 20.2 -43.9107 15.4432
      vertex 23 -43.7012 15.3564
      vertex 23 -43.9107 15.4432
    endloop
  endfacet
  facet normal -0 -0.382767 -0.923845
    outer loop
      vertex 23 -43.7012 15.3564
      vertex 20.2 -43.9107 15.4432
      vertex 20.2 -43.7012 15.3564
    endloop
  endfacet
  facet normal 0 -0.382767 -0.923845
    outer loop
      vertex -26 -43.9107 15.4432
      vertex -20.2 -43.7012 15.3564
      vertex -20.2 -43.9107 15.4432
    endloop
  endfacet
  facet normal -0 -0.382767 -0.923845
    outer loop
      vertex -20.2 -43.7012 15.3564
      vertex -26 -43.9107 15.4432
      vertex -26 -43.7012 15.3564
    endloop
  endfacet
  facet normal 0 -0.0436477 0.999047
    outer loop
      vertex 20.2 -44.5734 10.4099
      vertex 23 -44.8 10.4
      vertex 23 -44.5734 10.4099
    endloop
  endfacet
  facet normal 0 -0.0436477 0.999047
    outer loop
      vertex 23 -44.8 10.4
      vertex 20.2 -44.5734 10.4099
      vertex 20.2 -44.8 10.4
    endloop
  endfacet
  facet normal 0 -0.0436477 0.999047
    outer loop
      vertex -26 -44.5734 10.4099
      vertex -20.2 -44.8 10.4
      vertex -20.2 -44.5734 10.4099
    endloop
  endfacet
  facet normal 0 -0.0436477 0.999047
    outer loop
      vertex -20.2 -44.8 10.4
      vertex -26 -44.5734 10.4099
      vertex -26 -44.8 10.4
    endloop
  endfacet
  facet normal 0 0.675345 -0.737502
    outer loop
      vertex 20.2 -46.6385 14.8385
      vertex 23 -46.4712 14.9917
      vertex 23 -46.6385 14.8385
    endloop
  endfacet
  facet normal 0 0.675345 -0.737502
    outer loop
      vertex 23 -46.4712 14.9917
      vertex 20.2 -46.6385 14.8385
      vertex 20.2 -46.4712 14.9917
    endloop
  endfacet
  facet normal 0 0.675345 -0.737502
    outer loop
      vertex -26 -46.6385 14.8385
      vertex -20.2 -46.4712 14.9917
      vertex -20.2 -46.6385 14.8385
    endloop
  endfacet
  facet normal 0 0.675345 -0.737502
    outer loop
      vertex -20.2 -46.4712 14.9917
      vertex -26 -46.6385 14.8385
      vertex -26 -46.4712 14.9917
    endloop
  endfacet
  facet normal 0 -0.130489 0.99145
    outer loop
      vertex 20.2 -44.3485 10.4395
      vertex 23 -44.5734 10.4099
      vertex 23 -44.3485 10.4395
    endloop
  endfacet
  facet normal 0 -0.130489 0.99145
    outer loop
      vertex 23 -44.5734 10.4099
      vertex 20.2 -44.3485 10.4395
      vertex 20.2 -44.5734 10.4099
    endloop
  endfacet
  facet normal 0 -0.130489 0.99145
    outer loop
      vertex -26 -44.3485 10.4395
      vertex -20.2 -44.5734 10.4099
      vertex -20.2 -44.3485 10.4395
    endloop
  endfacet
  facet normal 0 -0.130489 0.99145
    outer loop
      vertex -20.2 -44.5734 10.4099
      vertex -26 -44.3485 10.4395
      vertex -26 -44.5734 10.4099
    endloop
  endfacet
  facet normal 0 0.79323 -0.608922
    outer loop
      vertex 23 -46.9298 14.4913
      vertex 20.2 -46.7917 14.6712
      vertex 23 -46.7917 14.6712
    endloop
  endfacet
  facet normal 0 0.79323 -0.608922
    outer loop
      vertex 20.2 -46.7917 14.6712
      vertex 23 -46.9298 14.4913
      vertex 20.2 -46.9298 14.4913
    endloop
  endfacet
  facet normal 0 0.79323 -0.608922
    outer loop
      vertex -20.2 -46.9298 14.4913
      vertex -26 -46.7917 14.6712
      vertex -20.2 -46.7917 14.6712
    endloop
  endfacet
  facet normal 0 0.79323 -0.608922
    outer loop
      vertex -26 -46.7917 14.6712
      vertex -20.2 -46.9298 14.4913
      vertex -26 -46.9298 14.4913
    endloop
  endfacet
  facet normal 0 0.608922 -0.79323
    outer loop
      vertex 20.2 -46.4712 14.9917
      vertex 23 -46.2913 15.1298
      vertex 23 -46.4712 14.9917
    endloop
  endfacet
  facet normal 0 0.608922 -0.79323
    outer loop
      vertex 23 -46.2913 15.1298
      vertex 20.2 -46.4712 14.9917
      vertex 20.2 -46.2913 15.1298
    endloop
  endfacet
  facet normal 0 0.608922 -0.79323
    outer loop
      vertex -26 -46.4712 14.9917
      vertex -20.2 -46.2913 15.1298
      vertex -20.2 -46.4712 14.9917
    endloop
  endfacet
  facet normal 0 0.608922 -0.79323
    outer loop
      vertex -20.2 -46.2913 15.1298
      vertex -26 -46.4712 14.9917
      vertex -26 -46.2913 15.1298
    endloop
  endfacet
  facet normal 0 0.382767 -0.923845
    outer loop
      vertex 20.2 -45.8988 15.3564
      vertex 23 -45.6893 15.4432
      vertex 23 -45.8988 15.3564
    endloop
  endfacet
  facet normal 0 0.382767 -0.923845
    outer loop
      vertex 23 -45.6893 15.4432
      vertex 20.2 -45.8988 15.3564
      vertex 20.2 -45.6893 15.4432
    endloop
  endfacet
  facet normal 0 0.382767 -0.923845
    outer loop
      vertex -26 -45.8988 15.3564
      vertex -20.2 -45.6893 15.4432
      vertex -20.2 -45.8988 15.3564
    endloop
  endfacet
  facet normal 0 0.382767 -0.923845
    outer loop
      vertex -20.2 -45.6893 15.4432
      vertex -26 -45.8988 15.3564
      vertex -26 -45.6893 15.4432
    endloop
  endfacet
  facet normal 0 -0.923845 0.382767
    outer loop
      vertex 20.2 -42.4436 11.9012
      vertex 23 -42.3568 12.1107
      vertex 20.2 -42.3568 12.1107
    endloop
  endfacet
  facet normal 0 -0.923845 0.382767
    outer loop
      vertex 23 -42.3568 12.1107
      vertex 20.2 -42.4436 11.9012
      vertex 23 -42.4436 11.9012
    endloop
  endfacet
  facet normal 0 -0.923845 0.382767
    outer loop
      vertex -26 -42.4436 11.9012
      vertex -20.2 -42.3568 12.1107
      vertex -26 -42.3568 12.1107
    endloop
  endfacet
  facet normal 0 -0.923845 0.382767
    outer loop
      vertex -20.2 -42.3568 12.1107
      vertex -26 -42.4436 11.9012
      vertex -20.2 -42.4436 11.9012
    endloop
  endfacet
  facet normal 0 -0.79323 0.608922
    outer loop
      vertex 20.2 -42.8083 11.3288
      vertex 23 -42.6702 11.5087
      vertex 20.2 -42.6702 11.5087
    endloop
  endfacet
  facet normal 0 -0.79323 0.608922
    outer loop
      vertex 23 -42.6702 11.5087
      vertex 20.2 -42.8083 11.3288
      vertex 23 -42.8083 11.3288
    endloop
  endfacet
  facet normal 0 -0.79323 0.608922
    outer loop
      vertex -26 -42.8083 11.3288
      vertex -20.2 -42.6702 11.5087
      vertex -26 -42.6702 11.5087
    endloop
  endfacet
  facet normal 0 -0.79323 0.608922
    outer loop
      vertex -20.2 -42.6702 11.5087
      vertex -26 -42.8083 11.3288
      vertex -20.2 -42.8083 11.3288
    endloop
  endfacet
  facet normal 0 -0.608922 -0.79323
    outer loop
      vertex 20.2 -43.3087 15.1298
      vertex 23 -43.1288 14.9917
      vertex 23 -43.3087 15.1298
    endloop
  endfacet
  facet normal -0 -0.608922 -0.79323
    outer loop
      vertex 23 -43.1288 14.9917
      vertex 20.2 -43.3087 15.1298
      vertex 20.2 -43.1288 14.9917
    endloop
  endfacet
  facet normal 0 -0.608922 -0.79323
    outer loop
      vertex -26 -43.3087 15.1298
      vertex -20.2 -43.1288 14.9917
      vertex -20.2 -43.3087 15.1298
    endloop
  endfacet
  facet normal -0 -0.608922 -0.79323
    outer loop
      vertex -20.2 -43.1288 14.9917
      vertex -26 -43.3087 15.1298
      vertex -26 -43.1288 14.9917
    endloop
  endfacet
  facet normal 0 0.461616 -0.88708
    outer loop
      vertex 20.2 -46.1 15.2517
      vertex 23 -45.8988 15.3564
      vertex 23 -46.1 15.2517
    endloop
  endfacet
  facet normal 0 0.461616 -0.88708
    outer loop
      vertex 23 -45.8988 15.3564
      vertex 20.2 -46.1 15.2517
      vertex 20.2 -45.8988 15.3564
    endloop
  endfacet
  facet normal 0 0.461616 -0.88708
    outer loop
      vertex -26 -46.1 15.2517
      vertex -20.2 -45.8988 15.3564
      vertex -20.2 -46.1 15.2517
    endloop
  endfacet
  facet normal 0 0.461616 -0.88708
    outer loop
      vertex -20.2 -45.8988 15.3564
      vertex -26 -46.1 15.2517
      vertex -26 -45.8988 15.3564
    endloop
  endfacet
  facet normal 0 -0.300583 0.953756
    outer loop
      vertex 20.2 -43.9107 10.5568
      vertex 23 -44.1271 10.4886
      vertex 23 -43.9107 10.5568
    endloop
  endfacet
  facet normal 0 -0.300583 0.953756
    outer loop
      vertex 23 -44.1271 10.4886
      vertex 20.2 -43.9107 10.5568
      vertex 20.2 -44.1271 10.4886
    endloop
  endfacet
  facet normal 0 -0.300583 0.953756
    outer loop
      vertex -26 -43.9107 10.5568
      vertex -20.2 -44.1271 10.4886
      vertex -20.2 -43.9107 10.5568
    endloop
  endfacet
  facet normal 0 -0.300583 0.953756
    outer loop
      vertex -20.2 -44.1271 10.4886
      vertex -26 -43.9107 10.5568
      vertex -26 -44.1271 10.4886
    endloop
  endfacet
  facet normal 0 -0.843335 -0.537389
    outer loop
      vertex 20.2 -42.5483 14.3
      vertex 23 -42.6702 14.4913
      vertex 20.2 -42.6702 14.4913
    endloop
  endfacet
  facet normal 0 -0.843335 -0.537389
    outer loop
      vertex 23 -42.6702 14.4913
      vertex 20.2 -42.5483 14.3
      vertex 23 -42.5483 14.3
    endloop
  endfacet
  facet normal 0 -0.843335 -0.537389
    outer loop
      vertex -26 -42.5483 14.3
      vertex -20.2 -42.6702 14.4913
      vertex -26 -42.6702 14.4913
    endloop
  endfacet
  facet normal 0 -0.843335 -0.537389
    outer loop
      vertex -20.2 -42.6702 14.4913
      vertex -26 -42.5483 14.3
      vertex -20.2 -42.5483 14.3
    endloop
  endfacet
  facet normal 0 -0.300583 -0.953756
    outer loop
      vertex 20.2 -44.1271 15.5114
      vertex 23 -43.9107 15.4432
      vertex 23 -44.1271 15.5114
    endloop
  endfacet
  facet normal -0 -0.300583 -0.953756
    outer loop
      vertex 23 -43.9107 15.4432
      vertex 20.2 -44.1271 15.5114
      vertex 20.2 -43.9107 15.4432
    endloop
  endfacet
  facet normal 0 -0.300583 -0.953756
    outer loop
      vertex -26 -44.1271 15.5114
      vertex -20.2 -43.9107 15.4432
      vertex -20.2 -44.1271 15.5114
    endloop
  endfacet
  facet normal -0 -0.300583 -0.953756
    outer loop
      vertex -20.2 -43.9107 15.4432
      vertex -26 -44.1271 15.5114
      vertex -26 -43.9107 15.4432
    endloop
  endfacet
  facet normal 0 -0.21651 0.97628
    outer loop
      vertex 20.2 -44.1271 10.4886
      vertex 23 -44.3485 10.4395
      vertex 23 -44.1271 10.4886
    endloop
  endfacet
  facet normal 0 -0.21651 0.97628
    outer loop
      vertex 23 -44.3485 10.4395
      vertex 20.2 -44.1271 10.4886
      vertex 20.2 -44.3485 10.4395
    endloop
  endfacet
  facet normal 0 -0.21651 0.97628
    outer loop
      vertex -26 -44.1271 10.4886
      vertex -20.2 -44.3485 10.4395
      vertex -20.2 -44.1271 10.4886
    endloop
  endfacet
  facet normal 0 -0.21651 0.97628
    outer loop
      vertex -20.2 -44.3485 10.4395
      vertex -26 -44.1271 10.4886
      vertex -26 -44.3485 10.4395
    endloop
  endfacet
  facet normal 0 0.843335 0.537389
    outer loop
      vertex 23 -46.9298 11.5087
      vertex 20.2 -47.0517 11.7
      vertex 23 -47.0517 11.7
    endloop
  endfacet
  facet normal 0 0.843335 0.537389
    outer loop
      vertex 20.2 -47.0517 11.7
      vertex 23 -46.9298 11.5087
      vertex 20.2 -46.9298 11.5087
    endloop
  endfacet
  facet normal 0 0.843335 0.537389
    outer loop
      vertex -20.2 -46.9298 11.5087
      vertex -26 -47.0517 11.7
      vertex -20.2 -47.0517 11.7
    endloop
  endfacet
  facet normal 0 0.843335 0.537389
    outer loop
      vertex -26 -47.0517 11.7
      vertex -20.2 -46.9298 11.5087
      vertex -26 -46.9298 11.5087
    endloop
  endfacet
  facet normal 0 0.79323 0.608922
    outer loop
      vertex 23 -46.7917 11.3288
      vertex 20.2 -46.9298 11.5087
      vertex 23 -46.9298 11.5087
    endloop
  endfacet
  facet normal 0 0.79323 0.608922
    outer loop
      vertex 20.2 -46.9298 11.5087
      vertex 23 -46.7917 11.3288
      vertex 20.2 -46.7917 11.3288
    endloop
  endfacet
  facet normal 0 0.79323 0.608922
    outer loop
      vertex -20.2 -46.7917 11.3288
      vertex -26 -46.9298 11.5087
      vertex -20.2 -46.9298 11.5087
    endloop
  endfacet
  facet normal 0 0.79323 0.608922
    outer loop
      vertex -26 -46.9298 11.5087
      vertex -20.2 -46.7917 11.3288
      vertex -26 -46.7917 11.3288
    endloop
  endfacet
  facet normal 0 -0.88708 -0.461616
    outer loop
      vertex 20.2 -42.4436 14.0988
      vertex 23 -42.5483 14.3
      vertex 20.2 -42.5483 14.3
    endloop
  endfacet
  facet normal 0 -0.88708 -0.461616
    outer loop
      vertex 23 -42.5483 14.3
      vertex 20.2 -42.4436 14.0988
      vertex 23 -42.4436 14.0988
    endloop
  endfacet
  facet normal 0 -0.88708 -0.461616
    outer loop
      vertex -26 -42.4436 14.0988
      vertex -20.2 -42.5483 14.3
      vertex -26 -42.5483 14.3
    endloop
  endfacet
  facet normal 0 -0.88708 -0.461616
    outer loop
      vertex -20.2 -42.5483 14.3
      vertex -26 -42.4436 14.0988
      vertex -20.2 -42.4436 14.0988
    endloop
  endfacet
  facet normal 0 0.21651 -0.97628
    outer loop
      vertex 20.2 -45.4729 15.5114
      vertex 23 -45.2515 15.5605
      vertex 23 -45.4729 15.5114
    endloop
  endfacet
  facet normal 0 0.21651 -0.97628
    outer loop
      vertex 23 -45.2515 15.5605
      vertex 20.2 -45.4729 15.5114
      vertex 20.2 -45.2515 15.5605
    endloop
  endfacet
  facet normal 0 0.21651 -0.97628
    outer loop
      vertex -26 -45.4729 15.5114
      vertex -20.2 -45.2515 15.5605
      vertex -20.2 -45.4729 15.5114
    endloop
  endfacet
  facet normal 0 0.21651 -0.97628
    outer loop
      vertex -20.2 -45.2515 15.5605
      vertex -26 -45.4729 15.5114
      vertex -26 -45.2515 15.5605
    endloop
  endfacet
  facet normal 0 0.130489 -0.99145
    outer loop
      vertex 20.2 -45.2515 15.5605
      vertex 23 -45.0266 15.5901
      vertex 23 -45.2515 15.5605
    endloop
  endfacet
  facet normal 0 0.130489 -0.99145
    outer loop
      vertex 23 -45.0266 15.5901
      vertex 20.2 -45.2515 15.5605
      vertex 20.2 -45.0266 15.5901
    endloop
  endfacet
  facet normal 0 0.130489 -0.99145
    outer loop
      vertex -26 -45.2515 15.5605
      vertex -20.2 -45.0266 15.5901
      vertex -20.2 -45.2515 15.5605
    endloop
  endfacet
  facet normal 0 0.130489 -0.99145
    outer loop
      vertex -20.2 -45.0266 15.5901
      vertex -26 -45.2515 15.5605
      vertex -26 -45.0266 15.5901
    endloop
  endfacet
  facet normal 0 -0.79323 -0.608922
    outer loop
      vertex 20.2 -42.6702 14.4913
      vertex 23 -42.8083 14.6712
      vertex 20.2 -42.8083 14.6712
    endloop
  endfacet
  facet normal 0 -0.79323 -0.608922
    outer loop
      vertex 23 -42.8083 14.6712
      vertex 20.2 -42.6702 14.4913
      vertex 23 -42.6702 14.4913
    endloop
  endfacet
  facet normal 0 -0.79323 -0.608922
    outer loop
      vertex -26 -42.6702 14.4913
      vertex -20.2 -42.8083 14.6712
      vertex -26 -42.8083 14.6712
    endloop
  endfacet
  facet normal 0 -0.79323 -0.608922
    outer loop
      vertex -20.2 -42.8083 14.6712
      vertex -26 -42.6702 14.4913
      vertex -20.2 -42.6702 14.4913
    endloop
  endfacet
  facet normal 0 0.300583 -0.953756
    outer loop
      vertex 20.2 -45.6893 15.4432
      vertex 23 -45.4729 15.5114
      vertex 23 -45.6893 15.4432
    endloop
  endfacet
  facet normal 0 0.300583 -0.953756
    outer loop
      vertex 23 -45.4729 15.5114
      vertex 20.2 -45.6893 15.4432
      vertex 20.2 -45.4729 15.5114
    endloop
  endfacet
  facet normal 0 0.300583 -0.953756
    outer loop
      vertex -26 -45.6893 15.4432
      vertex -20.2 -45.4729 15.5114
      vertex -20.2 -45.6893 15.4432
    endloop
  endfacet
  facet normal 0 0.300583 -0.953756
    outer loop
      vertex -20.2 -45.4729 15.5114
      vertex -26 -45.6893 15.4432
      vertex -26 -45.4729 15.5114
    endloop
  endfacet
  facet normal 0 -0.953756 0.300583
    outer loop
      vertex 20.2 -42.3568 12.1107
      vertex 23 -42.2886 12.3271
      vertex 20.2 -42.2886 12.3271
    endloop
  endfacet
  facet normal 0 -0.953756 0.300583
    outer loop
      vertex 23 -42.2886 12.3271
      vertex 20.2 -42.3568 12.1107
      vertex 23 -42.3568 12.1107
    endloop
  endfacet
  facet normal 0 -0.953889 0.30016
    outer loop
      vertex -26 -42.3568 12.1107
      vertex -20.2 -42.3287 12.2
      vertex -26 -42.3287 12.2
    endloop
  endfacet
  facet normal 0 -0.953889 0.30016
    outer loop
      vertex -20.2 -42.3287 12.2
      vertex -26 -42.3568 12.1107
      vertex -20.2 -42.3568 12.1107
    endloop
  endfacet
  facet normal 0 0.999047 -0.0436477
    outer loop
      vertex 23 -47.4 13
      vertex 20.2 -47.3901 13.2266
      vertex 23 -47.3901 13.2266
    endloop
  endfacet
  facet normal 0 0.999047 -0.0436477
    outer loop
      vertex 20.2 -47.3901 13.2266
      vertex 23 -47.4 13
      vertex 20.2 -47.4 13
    endloop
  endfacet
  facet normal 0 0.999047 0.0436477
    outer loop
      vertex 23 -47.3901 12.7734
      vertex 20.2 -47.4 13
      vertex 23 -47.4 13
    endloop
  endfacet
  facet normal 0 0.999047 0.0436477
    outer loop
      vertex 20.2 -47.4 13
      vertex 23 -47.3901 12.7734
      vertex 20.2 -47.3901 12.7734
    endloop
  endfacet
  facet normal 0 -0.461616 -0.88708
    outer loop
      vertex 20.2 -43.7012 15.3564
      vertex 23 -43.5 15.2517
      vertex 23 -43.7012 15.3564
    endloop
  endfacet
  facet normal -0 -0.461616 -0.88708
    outer loop
      vertex 23 -43.5 15.2517
      vertex 20.2 -43.7012 15.3564
      vertex 20.2 -43.5 15.2517
    endloop
  endfacet
  facet normal 0 -0.461616 -0.88708
    outer loop
      vertex -26 -43.7012 15.3564
      vertex -20.2 -43.5 15.2517
      vertex -20.2 -43.7012 15.3564
    endloop
  endfacet
  facet normal -0 -0.461616 -0.88708
    outer loop
      vertex -20.2 -43.5 15.2517
      vertex -26 -43.7012 15.3564
      vertex -26 -43.5 15.2517
    endloop
  endfacet
  facet normal 0 -0.537389 -0.843335
    outer loop
      vertex 20.2 -43.5 15.2517
      vertex 23 -43.3087 15.1298
      vertex 23 -43.5 15.2517
    endloop
  endfacet
  facet normal -0 -0.537389 -0.843335
    outer loop
      vertex 23 -43.3087 15.1298
      vertex 20.2 -43.5 15.2517
      vertex 20.2 -43.3087 15.1298
    endloop
  endfacet
  facet normal 0 -0.537389 -0.843335
    outer loop
      vertex -26 -43.5 15.2517
      vertex -20.2 -43.3087 15.1298
      vertex -20.2 -43.5 15.2517
    endloop
  endfacet
  facet normal -0 -0.537389 -0.843335
    outer loop
      vertex -20.2 -43.3087 15.1298
      vertex -26 -43.5 15.2517
      vertex -26 -43.3087 15.1298
    endloop
  endfacet
  facet normal 0 -0.0436477 -0.999047
    outer loop
      vertex 20.2 -44.8 15.6
      vertex 23 -44.5734 15.5901
      vertex 23 -44.8 15.6
    endloop
  endfacet
  facet normal -0 -0.0436477 -0.999047
    outer loop
      vertex 23 -44.5734 15.5901
      vertex 20.2 -44.8 15.6
      vertex 20.2 -44.5734 15.5901
    endloop
  endfacet
  facet normal 0 -0.0436477 -0.999047
    outer loop
      vertex -26 -44.8 15.6
      vertex -20.2 -44.5734 15.5901
      vertex -20.2 -44.8 15.6
    endloop
  endfacet
  facet normal -0 -0.0436477 -0.999047
    outer loop
      vertex -20.2 -44.5734 15.5901
      vertex -26 -44.8 15.6
      vertex -26 -44.5734 15.5901
    endloop
  endfacet
  facet normal -0 0.382767 0.923845
    outer loop
      vertex 20.2 -45.6893 10.5568
      vertex 23 -45.8988 10.6436
      vertex 23 -45.6893 10.5568
    endloop
  endfacet
  facet normal 0 0.382767 0.923845
    outer loop
      vertex 23 -45.8988 10.6436
      vertex 20.2 -45.6893 10.5568
      vertex 20.2 -45.8988 10.6436
    endloop
  endfacet
  facet normal -0 0.382767 0.923845
    outer loop
      vertex -26 -45.6893 10.5568
      vertex -20.2 -45.8988 10.6436
      vertex -20.2 -45.6893 10.5568
    endloop
  endfacet
  facet normal 0 0.382767 0.923845
    outer loop
      vertex -20.2 -45.8988 10.6436
      vertex -26 -45.6893 10.5568
      vertex -26 -45.8988 10.6436
    endloop
  endfacet
  facet normal 0 -0.675345 -0.737502
    outer loop
      vertex 20.2 -43.1288 14.9917
      vertex 23 -42.9615 14.8385
      vertex 23 -43.1288 14.9917
    endloop
  endfacet
  facet normal -0 -0.675345 -0.737502
    outer loop
      vertex 23 -42.9615 14.8385
      vertex 20.2 -43.1288 14.9917
      vertex 20.2 -42.9615 14.8385
    endloop
  endfacet
  facet normal 0 -0.675345 -0.737502
    outer loop
      vertex -26 -43.1288 14.9917
      vertex -20.2 -42.9615 14.8385
      vertex -20.2 -43.1288 14.9917
    endloop
  endfacet
  facet normal -0 -0.675345 -0.737502
    outer loop
      vertex -20.2 -42.9615 14.8385
      vertex -26 -43.1288 14.9917
      vertex -26 -42.9615 14.8385
    endloop
  endfacet
  facet normal 0 0.953756 -0.300583
    outer loop
      vertex 23 -47.3114 13.6729
      vertex 20.2 -47.2432 13.8893
      vertex 23 -47.2432 13.8893
    endloop
  endfacet
  facet normal 0 0.953756 -0.300583
    outer loop
      vertex 20.2 -47.2432 13.8893
      vertex 23 -47.3114 13.6729
      vertex 20.2 -47.3114 13.6729
    endloop
  endfacet
  facet normal 0 0.953889 -0.30016
    outer loop
      vertex -20.2 -47.2713 13.8
      vertex -26 -47.2432 13.8893
      vertex -20.2 -47.2432 13.8893
    endloop
  endfacet
  facet normal 0 0.953889 -0.30016
    outer loop
      vertex -26 -47.2432 13.8893
      vertex -20.2 -47.2713 13.8
      vertex -26 -47.2713 13.8
    endloop
  endfacet
  facet normal 0 0.99145 0.130489
    outer loop
      vertex 23 -47.3605 12.5485
      vertex 20.2 -47.3901 12.7734
      vertex 23 -47.3901 12.7734
    endloop
  endfacet
  facet normal 0 0.99145 0.130489
    outer loop
      vertex 20.2 -47.3901 12.7734
      vertex 23 -47.3605 12.5485
      vertex 20.2 -47.3605 12.5485
    endloop
  endfacet
  facet normal 0 0.0436477 -0.999047
    outer loop
      vertex 20.2 -45.0266 15.5901
      vertex 23 -44.8 15.6
      vertex 23 -45.0266 15.5901
    endloop
  endfacet
  facet normal 0 0.0436477 -0.999047
    outer loop
      vertex 23 -44.8 15.6
      vertex 20.2 -45.0266 15.5901
      vertex 20.2 -44.8 15.6
    endloop
  endfacet
  facet normal 0 0.0436477 -0.999047
    outer loop
      vertex -26 -45.0266 15.5901
      vertex -20.2 -44.8 15.6
      vertex -20.2 -45.0266 15.5901
    endloop
  endfacet
  facet normal 0 0.0436477 -0.999047
    outer loop
      vertex -20.2 -44.8 15.6
      vertex -26 -45.0266 15.5901
      vertex -26 -44.8 15.6
    endloop
  endfacet
  facet normal -0 0.461616 0.88708
    outer loop
      vertex 20.2 -45.8988 10.6436
      vertex 23 -46.1 10.7483
      vertex 23 -45.8988 10.6436
    endloop
  endfacet
  facet normal 0 0.461616 0.88708
    outer loop
      vertex 23 -46.1 10.7483
      vertex 20.2 -45.8988 10.6436
      vertex 20.2 -46.1 10.7483
    endloop
  endfacet
  facet normal -0 0.461616 0.88708
    outer loop
      vertex -26 -45.8988 10.6436
      vertex -20.2 -46.1 10.7483
      vertex -20.2 -45.8988 10.6436
    endloop
  endfacet
  facet normal 0 0.461616 0.88708
    outer loop
      vertex -20.2 -46.1 10.7483
      vertex -26 -45.8988 10.6436
      vertex -26 -46.1 10.7483
    endloop
  endfacet
  facet normal 0 0.88708 -0.461616
    outer loop
      vertex 23 -47.1564 14.0988
      vertex 20.2 -47.0517 14.3
      vertex 23 -47.0517 14.3
    endloop
  endfacet
  facet normal 0 0.88708 -0.461616
    outer loop
      vertex 20.2 -47.0517 14.3
      vertex 23 -47.1564 14.0988
      vertex 20.2 -47.1564 14.0988
    endloop
  endfacet
  facet normal 0 0.88708 -0.461616
    outer loop
      vertex -20.2 -47.1564 14.0988
      vertex -26 -47.0517 14.3
      vertex -20.2 -47.0517 14.3
    endloop
  endfacet
  facet normal 0 0.88708 -0.461616
    outer loop
      vertex -26 -47.0517 14.3
      vertex -20.2 -47.1564 14.0988
      vertex -26 -47.1564 14.0988
    endloop
  endfacet
  facet normal -0 0.537389 0.843335
    outer loop
      vertex 20.2 -46.1 10.7483
      vertex 23 -46.2913 10.8702
      vertex 23 -46.1 10.7483
    endloop
  endfacet
  facet normal 0 0.537389 0.843335
    outer loop
      vertex 23 -46.2913 10.8702
      vertex 20.2 -46.1 10.7483
      vertex 20.2 -46.2913 10.8702
    endloop
  endfacet
  facet normal -0 0.537389 0.843335
    outer loop
      vertex -26 -46.1 10.7483
      vertex -20.2 -46.2913 10.8702
      vertex -20.2 -46.1 10.7483
    endloop
  endfacet
  facet normal 0 0.537389 0.843335
    outer loop
      vertex -20.2 -46.2913 10.8702
      vertex -26 -46.1 10.7483
      vertex -26 -46.2913 10.8702
    endloop
  endfacet
  facet normal 0 -0.843335 0.537389
    outer loop
      vertex 20.2 -42.6702 11.5087
      vertex 23 -42.5483 11.7
      vertex 20.2 -42.5483 11.7
    endloop
  endfacet
  facet normal 0 -0.843335 0.537389
    outer loop
      vertex 23 -42.5483 11.7
      vertex 20.2 -42.6702 11.5087
      vertex 23 -42.6702 11.5087
    endloop
  endfacet
  facet normal 0 -0.843335 0.537389
    outer loop
      vertex -26 -42.6702 11.5087
      vertex -20.2 -42.5483 11.7
      vertex -26 -42.5483 11.7
    endloop
  endfacet
  facet normal 0 -0.843335 0.537389
    outer loop
      vertex -20.2 -42.5483 11.7
      vertex -26 -42.6702 11.5087
      vertex -20.2 -42.6702 11.5087
    endloop
  endfacet
  facet normal 0 0.97628 0.21651
    outer loop
      vertex 23 -47.3114 12.3271
      vertex 20.2 -47.3605 12.5485
      vertex 23 -47.3605 12.5485
    endloop
  endfacet
  facet normal 0 0.97628 0.21651
    outer loop
      vertex 20.2 -47.3605 12.5485
      vertex 23 -47.3114 12.3271
      vertex 20.2 -47.3114 12.3271
    endloop
  endfacet
  facet normal 0 0.99145 -0.130489
    outer loop
      vertex 23 -47.3901 13.2266
      vertex 20.2 -47.3605 13.4515
      vertex 23 -47.3605 13.4515
    endloop
  endfacet
  facet normal 0 0.99145 -0.130489
    outer loop
      vertex 20.2 -47.3605 13.4515
      vertex 23 -47.3901 13.2266
      vertex 20.2 -47.3901 13.2266
    endloop
  endfacet
  facet normal -0 0.130489 0.99145
    outer loop
      vertex 20.2 -45.0266 10.4099
      vertex 23 -45.2515 10.4395
      vertex 23 -45.0266 10.4099
    endloop
  endfacet
  facet normal 0 0.130489 0.99145
    outer loop
      vertex 23 -45.2515 10.4395
      vertex 20.2 -45.0266 10.4099
      vertex 20.2 -45.2515 10.4395
    endloop
  endfacet
  facet normal -0 0.130489 0.99145
    outer loop
      vertex -26 -45.0266 10.4099
      vertex -20.2 -45.2515 10.4395
      vertex -20.2 -45.0266 10.4099
    endloop
  endfacet
  facet normal 0 0.130489 0.99145
    outer loop
      vertex -20.2 -45.2515 10.4395
      vertex -26 -45.0266 10.4099
      vertex -26 -45.2515 10.4395
    endloop
  endfacet
  facet normal -0 0.0436477 0.999047
    outer loop
      vertex 20.2 -44.8 10.4
      vertex 23 -45.0266 10.4099
      vertex 23 -44.8 10.4
    endloop
  endfacet
  facet normal 0 0.0436477 0.999047
    outer loop
      vertex 23 -45.0266 10.4099
      vertex 20.2 -44.8 10.4
      vertex 20.2 -45.0266 10.4099
    endloop
  endfacet
  facet normal -0 0.0436477 0.999047
    outer loop
      vertex -26 -44.8 10.4
      vertex -20.2 -45.0266 10.4099
      vertex -20.2 -44.8 10.4
    endloop
  endfacet
  facet normal 0 0.0436477 0.999047
    outer loop
      vertex -20.2 -45.0266 10.4099
      vertex -26 -44.8 10.4
      vertex -26 -45.0266 10.4099
    endloop
  endfacet
  facet normal 0 -0.737502 0.675345
    outer loop
      vertex 20.2 -42.9615 11.1615
      vertex 23 -42.8083 11.3288
      vertex 20.2 -42.8083 11.3288
    endloop
  endfacet
  facet normal 0 -0.737502 0.675345
    outer loop
      vertex 23 -42.8083 11.3288
      vertex 20.2 -42.9615 11.1615
      vertex 23 -42.9615 11.1615
    endloop
  endfacet
  facet normal 0 -0.737502 0.675345
    outer loop
      vertex -26 -42.9615 11.1615
      vertex -20.2 -42.8083 11.3288
      vertex -26 -42.8083 11.3288
    endloop
  endfacet
  facet normal 0 -0.737502 0.675345
    outer loop
      vertex -20.2 -42.8083 11.3288
      vertex -26 -42.9615 11.1615
      vertex -20.2 -42.9615 11.1615
    endloop
  endfacet
  facet normal 0 0.923845 0.382767
    outer loop
      vertex 23 -47.1564 11.9012
      vertex 20.2 -47.2432 12.1107
      vertex 23 -47.2432 12.1107
    endloop
  endfacet
  facet normal 0 0.923845 0.382767
    outer loop
      vertex 20.2 -47.2432 12.1107
      vertex 23 -47.1564 11.9012
      vertex 20.2 -47.1564 11.9012
    endloop
  endfacet
  facet normal 0 0.923845 0.382767
    outer loop
      vertex -20.2 -47.1564 11.9012
      vertex -26 -47.2432 12.1107
      vertex -20.2 -47.2432 12.1107
    endloop
  endfacet
  facet normal 0 0.923845 0.382767
    outer loop
      vertex -26 -47.2432 12.1107
      vertex -20.2 -47.1564 11.9012
      vertex -26 -47.1564 11.9012
    endloop
  endfacet
  facet normal -0 0.300583 0.953756
    outer loop
      vertex 20.2 -45.4729 10.4886
      vertex 23 -45.6893 10.5568
      vertex 23 -45.4729 10.4886
    endloop
  endfacet
  facet normal 0 0.300583 0.953756
    outer loop
      vertex 23 -45.6893 10.5568
      vertex 20.2 -45.4729 10.4886
      vertex 20.2 -45.6893 10.5568
    endloop
  endfacet
  facet normal -0 0.300583 0.953756
    outer loop
      vertex -26 -45.4729 10.4886
      vertex -20.2 -45.6893 10.5568
      vertex -20.2 -45.4729 10.4886
    endloop
  endfacet
  facet normal 0 0.300583 0.953756
    outer loop
      vertex -20.2 -45.6893 10.5568
      vertex -26 -45.4729 10.4886
      vertex -26 -45.6893 10.5568
    endloop
  endfacet
  facet normal 0 -0.608922 0.79323
    outer loop
      vertex 20.2 -43.1288 11.0083
      vertex 23 -43.3087 10.8702
      vertex 23 -43.1288 11.0083
    endloop
  endfacet
  facet normal 0 -0.608922 0.79323
    outer loop
      vertex 23 -43.3087 10.8702
      vertex 20.2 -43.1288 11.0083
      vertex 20.2 -43.3087 10.8702
    endloop
  endfacet
  facet normal 0 -0.608922 0.79323
    outer loop
      vertex -26 -43.1288 11.0083
      vertex -20.2 -43.3087 10.8702
      vertex -20.2 -43.1288 11.0083
    endloop
  endfacet
  facet normal 0 -0.608922 0.79323
    outer loop
      vertex -20.2 -43.3087 10.8702
      vertex -26 -43.1288 11.0083
      vertex -26 -43.3087 10.8702
    endloop
  endfacet
  facet normal 0 -0.675345 0.737502
    outer loop
      vertex 20.2 -42.9615 11.1615
      vertex 23 -43.1288 11.0083
      vertex 23 -42.9615 11.1615
    endloop
  endfacet
  facet normal 0 -0.675345 0.737502
    outer loop
      vertex 23 -43.1288 11.0083
      vertex 20.2 -42.9615 11.1615
      vertex 20.2 -43.1288 11.0083
    endloop
  endfacet
  facet normal 0 -0.675345 0.737502
    outer loop
      vertex -26 -42.9615 11.1615
      vertex -20.2 -43.1288 11.0083
      vertex -20.2 -42.9615 11.1615
    endloop
  endfacet
  facet normal 0 -0.675345 0.737502
    outer loop
      vertex -20.2 -43.1288 11.0083
      vertex -26 -42.9615 11.1615
      vertex -26 -43.1288 11.0083
    endloop
  endfacet
  facet normal 0 0.923845 -0.382767
    outer loop
      vertex 23 -47.2432 13.8893
      vertex 20.2 -47.1564 14.0988
      vertex 23 -47.1564 14.0988
    endloop
  endfacet
  facet normal 0 0.923845 -0.382767
    outer loop
      vertex 20.2 -47.1564 14.0988
      vertex 23 -47.2432 13.8893
      vertex 20.2 -47.2432 13.8893
    endloop
  endfacet
  facet normal 0 0.923845 -0.382767
    outer loop
      vertex -20.2 -47.2432 13.8893
      vertex -26 -47.1564 14.0988
      vertex -20.2 -47.1564 14.0988
    endloop
  endfacet
  facet normal 0 0.923845 -0.382767
    outer loop
      vertex -26 -47.1564 14.0988
      vertex -20.2 -47.2432 13.8893
      vertex -26 -47.2432 13.8893
    endloop
  endfacet
  facet normal -0 0.608922 0.79323
    outer loop
      vertex 20.2 -46.2913 10.8702
      vertex 23 -46.4712 11.0083
      vertex 23 -46.2913 10.8702
    endloop
  endfacet
  facet normal 0 0.608922 0.79323
    outer loop
      vertex 23 -46.4712 11.0083
      vertex 20.2 -46.2913 10.8702
      vertex 20.2 -46.4712 11.0083
    endloop
  endfacet
  facet normal -0 0.608922 0.79323
    outer loop
      vertex -26 -46.2913 10.8702
      vertex -20.2 -46.4712 11.0083
      vertex -20.2 -46.2913 10.8702
    endloop
  endfacet
  facet normal 0 0.608922 0.79323
    outer loop
      vertex -20.2 -46.4712 11.0083
      vertex -26 -46.2913 10.8702
      vertex -26 -46.4712 11.0083
    endloop
  endfacet
  facet normal 0 0.953756 0.300583
    outer loop
      vertex 23 -47.2432 12.1107
      vertex 20.2 -47.3114 12.3271
      vertex 23 -47.3114 12.3271
    endloop
  endfacet
  facet normal 0 0.953756 0.300583
    outer loop
      vertex 20.2 -47.3114 12.3271
      vertex 23 -47.2432 12.1107
      vertex 20.2 -47.2432 12.1107
    endloop
  endfacet
  facet normal 0 0.953889 0.30016
    outer loop
      vertex -20.2 -47.2432 12.1107
      vertex -26 -47.2713 12.2
      vertex -20.2 -47.2713 12.2
    endloop
  endfacet
  facet normal 0 0.953889 0.30016
    outer loop
      vertex -26 -47.2713 12.2
      vertex -20.2 -47.2432 12.1107
      vertex -26 -47.2432 12.1107
    endloop
  endfacet
  facet normal -0 0 1
    outer loop
      vertex 23 -42.0865 8.3
      vertex 26 -47.5135 8.3
      vertex 26 -42.0865 8.3
    endloop
  endfacet
  facet normal 0 0 1
    outer loop
      vertex 26 -47.5135 8.3
      vertex 23 -42.0865 8.3
      vertex 23 -47.5135 8.3
    endloop
  endfacet
  facet normal 0 -0.866021 0.500007
    outer loop
      vertex 23 -42.0865 8.3
      vertex 26 -39.3729 13
      vertex 23 -39.3729 13
    endloop
  endfacet
  facet normal 0 -0.866021 0.500007
    outer loop
      vertex 26 -39.3729 13
      vertex 23 -42.0865 8.3
      vertex 26 -42.0865 8.3
    endloop
  endfacet
  facet normal 0 0 -1
    outer loop
      vertex 23 -47.5135 17.7
      vertex 26 -42.0865 17.7
      vertex 26 -47.5135 17.7
    endloop
  endfacet
  facet normal -0 0 -1
    outer loop
      vertex 26 -42.0865 17.7
      vertex 23 -47.5135 17.7
      vertex 23 -42.0865 17.7
    endloop
  endfacet
  facet normal 0 -0.866021 -0.500007
    outer loop
      vertex 23 -39.3729 13
      vertex 26 -42.0865 17.7
      vertex 23 -42.0865 17.7
    endloop
  endfacet
  facet normal 0 -0.866021 -0.500007
    outer loop
      vertex 26 -42.0865 17.7
      vertex 23 -39.3729 13
      vertex 26 -39.3729 13
    endloop
  endfacet
  facet normal 0 0.866021 -0.500007
    outer loop
      vertex 26 -50.2271 13
      vertex 23 -47.5135 17.7
      vertex 26 -47.5135 17.7
    endloop
  endfacet
  facet normal 0 0.866021 -0.500007
    outer loop
      vertex 23 -47.5135 17.7
      vertex 26 -50.2271 13
      vertex 23 -50.2271 13
    endloop
  endfacet
  facet normal 0 0.866021 0.500007
    outer loop
      vertex 26 -47.5135 8.3
      vertex 23 -50.2271 13
      vertex 26 -50.2271 13
    endloop
  endfacet
  facet normal 0 0.866021 0.500007
    outer loop
      vertex 23 -50.2271 13
      vertex 26 -47.5135 8.3
      vertex 23 -47.5135 8.3
    endloop
  endfacet
  facet normal 1 -0 0
    outer loop
      vertex 23 -42.5483 14.3
      vertex 23 -39.3729 13
      vertex 23 -42.0865 17.7
    endloop
  endfacet
  facet normal 1 0 0
    outer loop
      vertex 23 -42.2099 12.7734
      vertex 23 -39.3729 13
      vertex 23 -42.2 13
    endloop
  endfacet
  facet normal 1 0 0
    outer loop
      vertex 23 -39.3729 13
      vertex 23 -42.2099 13.2266
      vertex 23 -42.2 13
    endloop
  endfacet
  facet normal 1 0 0
    outer loop
      vertex 23 -39.3729 13
      vertex 23 -42.2395 13.4515
      vertex 23 -42.2099 13.2266
    endloop
  endfacet
  facet normal 1 0 0
    outer loop
      vertex 23 -39.3729 13
      vertex 23 -42.2886 13.6729
      vertex 23 -42.2395 13.4515
    endloop
  endfacet
  facet normal 1 0 0
    outer loop
      vertex 23 -39.3729 13
      vertex 23 -42.3568 13.8893
      vertex 23 -42.2886 13.6729
    endloop
  endfacet
  facet normal 1 0 0
    outer loop
      vertex 23 -39.3729 13
      vertex 23 -42.4436 14.0988
      vertex 23 -42.3568 13.8893
    endloop
  endfacet
  facet normal 1 0 0
    outer loop
      vertex 23 -39.3729 13
      vertex 23 -42.5483 14.3
      vertex 23 -42.4436 14.0988
    endloop
  endfacet
  facet normal 1 0 0
    outer loop
      vertex 23 -42.0865 17.7
      vertex 23 -42.6702 14.4913
      vertex 23 -42.5483 14.3
    endloop
  endfacet
  facet normal 1 0 0
    outer loop
      vertex 23 -42.0865 17.7
      vertex 23 -42.8083 14.6712
      vertex 23 -42.6702 14.4913
    endloop
  endfacet
  facet normal 1 0 0
    outer loop
      vertex 23 -42.0865 17.7
      vertex 23 -42.9615 14.8385
      vertex 23 -42.8083 14.6712
    endloop
  endfacet
  facet normal 1 0 0
    outer loop
      vertex 23 -42.0865 17.7
      vertex 23 -43.1288 14.9917
      vertex 23 -42.9615 14.8385
    endloop
  endfacet
  facet normal 1 0 0
    outer loop
      vertex 23 -42.0865 17.7
      vertex 23 -43.3087 15.1298
      vertex 23 -43.1288 14.9917
    endloop
  endfacet
  facet normal 1 0 0
    outer loop
      vertex 23 -42.0865 17.7
      vertex 23 -43.5 15.2517
      vertex 23 -43.3087 15.1298
    endloop
  endfacet
  facet normal 1 0 0
    outer loop
      vertex 23 -42.0865 17.7
      vertex 23 -43.7012 15.3564
      vertex 23 -43.5 15.2517
    endloop
  endfacet
  facet normal 1 0 0
    outer loop
      vertex 23 -42.0865 17.7
      vertex 23 -43.9107 15.4432
      vertex 23 -43.7012 15.3564
    endloop
  endfacet
  facet normal 1 0 0
    outer loop
      vertex 23 -42.0865 17.7
      vertex 23 -44.1271 15.5114
      vertex 23 -43.9107 15.4432
    endloop
  endfacet
  facet normal 1 0 0
    outer loop
      vertex 23 -42.0865 17.7
      vertex 23 -44.3485 15.5605
      vertex 23 -44.1271 15.5114
    endloop
  endfacet
  facet normal 1 0 0
    outer loop
      vertex 23 -42.0865 17.7
      vertex 23 -44.5734 15.5901
      vertex 23 -44.3485 15.5605
    endloop
  endfacet
  facet normal 1 0 0
    outer loop
      vertex 23 -42.0865 17.7
      vertex 23 -44.8 15.6
      vertex 23 -44.5734 15.5901
    endloop
  endfacet
  facet normal 1 -0 0
    outer loop
      vertex 23 -47.5135 17.7
      vertex 23 -44.8 15.6
      vertex 23 -42.0865 17.7
    endloop
  endfacet
  facet normal 1 0 0
    outer loop
      vertex 23 -44.8 15.6
      vertex 23 -47.5135 17.7
      vertex 23 -45.0266 15.5901
    endloop
  endfacet
  facet normal 1 0 0
    outer loop
      vertex 23 -45.0266 15.5901
      vertex 23 -47.5135 17.7
      vertex 23 -45.2515 15.5605
    endloop
  endfacet
  facet normal 1 0 0
    outer loop
      vertex 23 -45.2515 15.5605
      vertex 23 -47.5135 17.7
      vertex 23 -45.4729 15.5114
    endloop
  endfacet
  facet normal 1 0 0
    outer loop
      vertex 23 -45.4729 15.5114
      vertex 23 -47.5135 17.7
      vertex 23 -45.6893 15.4432
    endloop
  endfacet
  facet normal 1 0 0
    outer loop
      vertex 23 -45.6893 15.4432
      vertex 23 -47.5135 17.7
      vertex 23 -45.8988 15.3564
    endloop
  endfacet
  facet normal 1 0 0
    outer loop
      vertex 23 -47.3605 13.4515
      vertex 23 -50.2271 13
      vertex 23 -47.3901 13.2266
    endloop
  endfacet
  facet normal 1 0 0
    outer loop
      vertex 23 -47.3114 13.6729
      vertex 23 -50.2271 13
      vertex 23 -47.3605 13.4515
    endloop
  endfacet
  facet normal 1 0 0
    outer loop
      vertex 23 -47.2432 13.8893
      vertex 23 -50.2271 13
      vertex 23 -47.3114 13.6729
    endloop
  endfacet
  facet normal 1 0 0
    outer loop
      vertex 23 -47.1564 14.0988
      vertex 23 -50.2271 13
      vertex 23 -47.2432 13.8893
    endloop
  endfacet
  facet normal 1 0 0
    outer loop
      vertex 23 -47.0517 14.3
      vertex 23 -50.2271 13
      vertex 23 -47.1564 14.0988
    endloop
  endfacet
  facet normal 1 0 0
    outer loop
      vertex 23 -50.2271 13
      vertex 23 -47.0517 14.3
      vertex 23 -47.5135 17.7
    endloop
  endfacet
  facet normal 1 0 0
    outer loop
      vertex 23 -46.9298 14.4913
      vertex 23 -47.5135 17.7
      vertex 23 -47.0517 14.3
    endloop
  endfacet
  facet normal 1 0 0
    outer loop
      vertex 23 -46.7917 14.6712
      vertex 23 -47.5135 17.7
      vertex 23 -46.9298 14.4913
    endloop
  endfacet
  facet normal 1 0 0
    outer loop
      vertex 23 -46.6385 14.8385
      vertex 23 -47.5135 17.7
      vertex 23 -46.7917 14.6712
    endloop
  endfacet
  facet normal 1 0 0
    outer loop
      vertex 23 -46.4712 14.9917
      vertex 23 -47.5135 17.7
      vertex 23 -46.6385 14.8385
    endloop
  endfacet
  facet normal 1 0 0
    outer loop
      vertex 23 -46.2913 15.1298
      vertex 23 -47.5135 17.7
      vertex 23 -46.4712 14.9917
    endloop
  endfacet
  facet normal 1 0 0
    outer loop
      vertex 23 -46.1 15.2517
      vertex 23 -47.5135 17.7
      vertex 23 -46.2913 15.1298
    endloop
  endfacet
  facet normal 1 0 0
    outer loop
      vertex 23 -45.8988 15.3564
      vertex 23 -47.5135 17.7
      vertex 23 -46.1 15.2517
    endloop
  endfacet
  facet normal 1 0 0
    outer loop
      vertex 23 -42.2395 12.5485
      vertex 23 -39.3729 13
      vertex 23 -42.2099 12.7734
    endloop
  endfacet
  facet normal 1 0 0
    outer loop
      vertex 23 -42.2886 12.3271
      vertex 23 -39.3729 13
      vertex 23 -42.2395 12.5485
    endloop
  endfacet
  facet normal 1 0 0
    outer loop
      vertex 23 -42.3568 12.1107
      vertex 23 -39.3729 13
      vertex 23 -42.2886 12.3271
    endloop
  endfacet
  facet normal 1 0 0
    outer loop
      vertex 23 -42.4436 11.9012
      vertex 23 -39.3729 13
      vertex 23 -42.3568 12.1107
    endloop
  endfacet
  facet normal 1 0 0
    outer loop
      vertex 23 -42.5483 11.7
      vertex 23 -39.3729 13
      vertex 23 -42.4436 11.9012
    endloop
  endfacet
  facet normal 1 0 0
    outer loop
      vertex 23 -39.3729 13
      vertex 23 -42.5483 11.7
      vertex 23 -42.0865 8.3
    endloop
  endfacet
  facet normal 1 -0 0
    outer loop
      vertex 23 -42.6702 11.5087
      vertex 23 -42.0865 8.3
      vertex 23 -42.5483 11.7
    endloop
  endfacet
  facet normal 1 -0 0
    outer loop
      vertex 23 -42.8083 11.3288
      vertex 23 -42.0865 8.3
      vertex 23 -42.6702 11.5087
    endloop
  endfacet
  facet normal 1 -0 0
    outer loop
      vertex 23 -42.9615 11.1615
      vertex 23 -42.0865 8.3
      vertex 23 -42.8083 11.3288
    endloop
  endfacet
  facet normal 1 -0 0
    outer loop
      vertex 23 -43.1288 11.0083
      vertex 23 -42.0865 8.3
      vertex 23 -42.9615 11.1615
    endloop
  endfacet
  facet normal 1 -0 0
    outer loop
      vertex 23 -43.3087 10.8702
      vertex 23 -42.0865 8.3
      vertex 23 -43.1288 11.0083
    endloop
  endfacet
  facet normal 1 -0 0
    outer loop
      vertex 23 -43.5 10.7483
      vertex 23 -42.0865 8.3
      vertex 23 -43.3087 10.8702
    endloop
  endfacet
  facet normal 1 -0 0
    outer loop
      vertex 23 -43.7012 10.6436
      vertex 23 -42.0865 8.3
      vertex 23 -43.5 10.7483
    endloop
  endfacet
  facet normal 1 -0 0
    outer loop
      vertex 23 -43.9107 10.5568
      vertex 23 -42.0865 8.3
      vertex 23 -43.7012 10.6436
    endloop
  endfacet
  facet normal 1 -0 0
    outer loop
      vertex 23 -44.1271 10.4886
      vertex 23 -42.0865 8.3
      vertex 23 -43.9107 10.5568
    endloop
  endfacet
  facet normal 1 -0 0
    outer loop
      vertex 23 -44.3485 10.4395
      vertex 23 -42.0865 8.3
      vertex 23 -44.1271 10.4886
    endloop
  endfacet
  facet normal 1 -0 0
    outer loop
      vertex 23 -44.5734 10.4099
      vertex 23 -42.0865 8.3
      vertex 23 -44.3485 10.4395
    endloop
  endfacet
  facet normal 1 -0 0
    outer loop
      vertex 23 -44.8 10.4
      vertex 23 -42.0865 8.3
      vertex 23 -44.5734 10.4099
    endloop
  endfacet
  facet normal 1 0 0
    outer loop
      vertex 23 -47.5135 8.3
      vertex 23 -44.8 10.4
      vertex 23 -45.0266 10.4099
    endloop
  endfacet
  facet normal 1 0 0
    outer loop
      vertex 23 -47.5135 8.3
      vertex 23 -45.0266 10.4099
      vertex 23 -45.2515 10.4395
    endloop
  endfacet
  facet normal 1 0 0
    outer loop
      vertex 23 -47.5135 8.3
      vertex 23 -45.2515 10.4395
      vertex 23 -45.4729 10.4886
    endloop
  endfacet
  facet normal 1 0 0
    outer loop
      vertex 23 -47.5135 8.3
      vertex 23 -45.4729 10.4886
      vertex 23 -45.6893 10.5568
    endloop
  endfacet
  facet normal 1 0 0
    outer loop
      vertex 23 -47.5135 8.3
      vertex 23 -45.6893 10.5568
      vertex 23 -45.8988 10.6436
    endloop
  endfacet
  facet normal 1 0 0
    outer loop
      vertex 23 -47.5135 8.3
      vertex 23 -45.8988 10.6436
      vertex 23 -46.1 10.7483
    endloop
  endfacet
  facet normal 1 0 0
    outer loop
      vertex 23 -44.8 10.4
      vertex 23 -47.5135 8.3
      vertex 23 -42.0865 8.3
    endloop
  endfacet
  facet normal 1 0 0
    outer loop
      vertex 23 -46.2913 10.8702
      vertex 23 -47.5135 8.3
      vertex 23 -46.1 10.7483
    endloop
  endfacet
  facet normal 1 0 0
    outer loop
      vertex 23 -46.4712 11.0083
      vertex 23 -47.5135 8.3
      vertex 23 -46.2913 10.8702
    endloop
  endfacet
  facet normal 1 0 0
    outer loop
      vertex 23 -46.6385 11.1615
      vertex 23 -47.5135 8.3
      vertex 23 -46.4712 11.0083
    endloop
  endfacet
  facet normal 1 0 0
    outer loop
      vertex 23 -46.7917 11.3288
      vertex 23 -47.5135 8.3
      vertex 23 -46.6385 11.1615
    endloop
  endfacet
  facet normal 1 0 0
    outer loop
      vertex 23 -46.9298 11.5087
      vertex 23 -47.5135 8.3
      vertex 23 -46.7917 11.3288
    endloop
  endfacet
  facet normal 1 0 0
    outer loop
      vertex 23 -47.0517 11.7
      vertex 23 -47.5135 8.3
      vertex 23 -46.9298 11.5087
    endloop
  endfacet
  facet normal 1 0 0
    outer loop
      vertex 23 -50.2271 13
      vertex 23 -47.0517 11.7
      vertex 23 -47.1564 11.9012
    endloop
  endfacet
  facet normal 1 0 0
    outer loop
      vertex 23 -50.2271 13
      vertex 23 -47.1564 11.9012
      vertex 23 -47.2432 12.1107
    endloop
  endfacet
  facet normal 1 0 0
    outer loop
      vertex 23 -50.2271 13
      vertex 23 -47.2432 12.1107
      vertex 23 -47.3114 12.3271
    endloop
  endfacet
  facet normal 1 0 0
    outer loop
      vertex 23 -50.2271 13
      vertex 23 -47.3114 12.3271
      vertex 23 -47.3605 12.5485
    endloop
  endfacet
  facet normal 1 0 0
    outer loop
      vertex 23 -50.2271 13
      vertex 23 -47.3605 12.5485
      vertex 23 -47.3901 12.7734
    endloop
  endfacet
  facet normal 1 -0 0
    outer loop
      vertex 23 -50.2271 13
      vertex 23 -47.3901 12.7734
      vertex 23 -47.4 13
    endloop
  endfacet
  facet normal 1 0 0
    outer loop
      vertex 23 -47.3901 13.2266
      vertex 23 -50.2271 13
      vertex 23 -47.4 13
    endloop
  endfacet
  facet normal 1 0 0
    outer loop
      vertex 23 -47.0517 11.7
      vertex 23 -50.2271 13
      vertex 23 -47.5135 8.3
    endloop
  endfacet
  facet normal 0 -0.99145 -0.130489
    outer loop
      vertex 20.2 -60.6099 13.2266
      vertex 23 -60.6395 13.4515
      vertex 20.2 -60.6395 13.4515
    endloop
  endfacet
  facet normal 0 -0.99145 -0.130489
    outer loop
      vertex 23 -60.6395 13.4515
      vertex 20.2 -60.6099 13.2266
      vertex 23 -60.6099 13.2266
    endloop
  endfacet
  facet normal 0 -0.999047 -0.0436477
    outer loop
      vertex 20.2 -60.6 13
      vertex 23 -60.6099 13.2266
      vertex 20.2 -60.6099 13.2266
    endloop
  endfacet
  facet normal 0 -0.999047 -0.0436477
    outer loop
      vertex 23 -60.6099 13.2266
      vertex 20.2 -60.6 13
      vertex 23 -60.6 13
    endloop
  endfacet
  facet normal 0 -0.97628 -0.21651
    outer loop
      vertex 20.2 -60.6395 13.4515
      vertex 23 -60.6886 13.6729
      vertex 20.2 -60.6886 13.6729
    endloop
  endfacet
  facet normal 0 -0.97628 -0.21651
    outer loop
      vertex 23 -60.6886 13.6729
      vertex 20.2 -60.6395 13.4515
      vertex 23 -60.6395 13.4515
    endloop
  endfacet
  facet normal 0 -0.999047 0.0436477
    outer loop
      vertex 20.2 -60.6099 12.7734
      vertex 23 -60.6 13
      vertex 20.2 -60.6 13
    endloop
  endfacet
  facet normal 0 -0.999047 0.0436477
    outer loop
      vertex 23 -60.6 13
      vertex 20.2 -60.6099 12.7734
      vertex 23 -60.6099 12.7734
    endloop
  endfacet
  facet normal 0 -0.130489 -0.99145
    outer loop
      vertex 20.2 -62.9734 15.5901
      vertex 23 -62.7485 15.5605
      vertex 23 -62.9734 15.5901
    endloop
  endfacet
  facet normal -0 -0.130489 -0.99145
    outer loop
      vertex 23 -62.7485 15.5605
      vertex 20.2 -62.9734 15.5901
      vertex 20.2 -62.7485 15.5605
    endloop
  endfacet
  facet normal 0 -0.130489 -0.99145
    outer loop
      vertex -26 -62.9734 15.5901
      vertex -20.2 -62.7485 15.5605
      vertex -20.2 -62.9734 15.5901
    endloop
  endfacet
  facet normal -0 -0.130489 -0.99145
    outer loop
      vertex -20.2 -62.7485 15.5605
      vertex -26 -62.9734 15.5901
      vertex -26 -62.7485 15.5605
    endloop
  endfacet
  facet normal 0 0.97628 -0.21651
    outer loop
      vertex 23 -65.7605 13.4515
      vertex 20.2 -65.7114 13.6729
      vertex 23 -65.7114 13.6729
    endloop
  endfacet
  facet normal 0 0.97628 -0.21651
    outer loop
      vertex 20.2 -65.7114 13.6729
      vertex 23 -65.7605 13.4515
      vertex 20.2 -65.7605 13.4515
    endloop
  endfacet
  facet normal 0 -0.737502 -0.675345
    outer loop
      vertex 20.2 -61.2083 14.6712
      vertex 23 -61.3615 14.8385
      vertex 20.2 -61.3615 14.8385
    endloop
  endfacet
  facet normal 0 -0.737502 -0.675345
    outer loop
      vertex 23 -61.3615 14.8385
      vertex 20.2 -61.2083 14.6712
      vertex 23 -61.2083 14.6712
    endloop
  endfacet
  facet normal 0 -0.737502 -0.675345
    outer loop
      vertex -26 -61.2083 14.6712
      vertex -20.2 -61.3615 14.8385
      vertex -26 -61.3615 14.8385
    endloop
  endfacet
  facet normal 0 -0.737502 -0.675345
    outer loop
      vertex -20.2 -61.3615 14.8385
      vertex -26 -61.2083 14.6712
      vertex -20.2 -61.2083 14.6712
    endloop
  endfacet
  facet normal 0 0.88708 0.461616
    outer loop
      vertex 23 -65.4517 11.7
      vertex 20.2 -65.5564 11.9012
      vertex 23 -65.5564 11.9012
    endloop
  endfacet
  facet normal 0 0.88708 0.461616
    outer loop
      vertex 20.2 -65.5564 11.9012
      vertex 23 -65.4517 11.7
      vertex 20.2 -65.4517 11.7
    endloop
  endfacet
  facet normal 0 0.88708 0.461616
    outer loop
      vertex -20.2 -65.4517 11.7
      vertex -26 -65.5564 11.9012
      vertex -20.2 -65.5564 11.9012
    endloop
  endfacet
  facet normal 0 0.88708 0.461616
    outer loop
      vertex -26 -65.5564 11.9012
      vertex -20.2 -65.4517 11.7
      vertex -26 -65.4517 11.7
    endloop
  endfacet
  facet normal 0 0.737502 0.675345
    outer loop
      vertex 23 -65.0385 11.1615
      vertex 20.2 -65.1917 11.3288
      vertex 23 -65.1917 11.3288
    endloop
  endfacet
  facet normal 0 0.737502 0.675345
    outer loop
      vertex 20.2 -65.1917 11.3288
      vertex 23 -65.0385 11.1615
      vertex 20.2 -65.0385 11.1615
    endloop
  endfacet
  facet normal 0 0.737502 0.675345
    outer loop
      vertex -20.2 -65.0385 11.1615
      vertex -26 -65.1917 11.3288
      vertex -20.2 -65.1917 11.3288
    endloop
  endfacet
  facet normal 0 0.737502 0.675345
    outer loop
      vertex -26 -65.1917 11.3288
      vertex -20.2 -65.0385 11.1615
      vertex -26 -65.0385 11.1615
    endloop
  endfacet
  facet normal -0 0.21651 0.97628
    outer loop
      vertex 20.2 -63.6515 10.4395
      vertex 23 -63.8729 10.4886
      vertex 23 -63.6515 10.4395
    endloop
  endfacet
  facet normal 0 0.21651 0.97628
    outer loop
      vertex 23 -63.8729 10.4886
      vertex 20.2 -63.6515 10.4395
      vertex 20.2 -63.8729 10.4886
    endloop
  endfacet
  facet normal -0 0.21651 0.97628
    outer loop
      vertex -26 -63.6515 10.4395
      vertex -20.2 -63.8729 10.4886
      vertex -20.2 -63.6515 10.4395
    endloop
  endfacet
  facet normal 0 0.21651 0.97628
    outer loop
      vertex -20.2 -63.8729 10.4886
      vertex -26 -63.6515 10.4395
      vertex -26 -63.8729 10.4886
    endloop
  endfacet
  facet normal 0 -0.88708 0.461616
    outer loop
      vertex 20.2 -60.9483 11.7
      vertex 23 -60.8436 11.9012
      vertex 20.2 -60.8436 11.9012
    endloop
  endfacet
  facet normal 0 -0.88708 0.461616
    outer loop
      vertex 23 -60.8436 11.9012
      vertex 20.2 -60.9483 11.7
      vertex 23 -60.9483 11.7
    endloop
  endfacet
  facet normal 0 -0.88708 0.461616
    outer loop
      vertex -26 -60.9483 11.7
      vertex -20.2 -60.8436 11.9012
      vertex -26 -60.8436 11.9012
    endloop
  endfacet
  facet normal 0 -0.88708 0.461616
    outer loop
      vertex -20.2 -60.8436 11.9012
      vertex -26 -60.9483 11.7
      vertex -20.2 -60.9483 11.7
    endloop
  endfacet
  facet normal 0 -0.99145 0.130489
    outer loop
      vertex 20.2 -60.6395 12.5485
      vertex 23 -60.6099 12.7734
      vertex 20.2 -60.6099 12.7734
    endloop
  endfacet
  facet normal 0 -0.99145 0.130489
    outer loop
      vertex 23 -60.6099 12.7734
      vertex 20.2 -60.6395 12.5485
      vertex 23 -60.6395 12.5485
    endloop
  endfacet
  facet normal 0 0.737502 -0.675345
    outer loop
      vertex 23 -65.1917 14.6712
      vertex 20.2 -65.0385 14.8385
      vertex 23 -65.0385 14.8385
    endloop
  endfacet
  facet normal 0 0.737502 -0.675345
    outer loop
      vertex 20.2 -65.0385 14.8385
      vertex 23 -65.1917 14.6712
      vertex 20.2 -65.1917 14.6712
    endloop
  endfacet
  facet normal 0 0.737502 -0.675345
    outer loop
      vertex -20.2 -65.1917 14.6712
      vertex -26 -65.0385 14.8385
      vertex -20.2 -65.0385 14.8385
    endloop
  endfacet
  facet normal 0 0.737502 -0.675345
    outer loop
      vertex -26 -65.0385 14.8385
      vertex -20.2 -65.1917 14.6712
      vertex -26 -65.1917 14.6712
    endloop
  endfacet
  facet normal 0 -0.21651 -0.97628
    outer loop
      vertex 20.2 -62.7485 15.5605
      vertex 23 -62.5271 15.5114
      vertex 23 -62.7485 15.5605
    endloop
  endfacet
  facet normal -0 -0.21651 -0.97628
    outer loop
      vertex 23 -62.5271 15.5114
      vertex 20.2 -62.7485 15.5605
      vertex 20.2 -62.5271 15.5114
    endloop
  endfacet
  facet normal 0 -0.21651 -0.97628
    outer loop
      vertex -26 -62.7485 15.5605
      vertex -20.2 -62.5271 15.5114
      vertex -20.2 -62.7485 15.5605
    endloop
  endfacet
  facet normal -0 -0.21651 -0.97628
    outer loop
      vertex -20.2 -62.5271 15.5114
      vertex -26 -62.7485 15.5605
      vertex -26 -62.5271 15.5114
    endloop
  endfacet
  facet normal 0 -0.461616 0.88708
    outer loop
      vertex 20.2 -61.9 10.7483
      vertex 23 -62.1012 10.6436
      vertex 23 -61.9 10.7483
    endloop
  endfacet
  facet normal 0 -0.461616 0.88708
    outer loop
      vertex 23 -62.1012 10.6436
      vertex 20.2 -61.9 10.7483
      vertex 20.2 -62.1012 10.6436
    endloop
  endfacet
  facet normal 0 -0.461616 0.88708
    outer loop
      vertex -26 -61.9 10.7483
      vertex -20.2 -62.1012 10.6436
      vertex -20.2 -61.9 10.7483
    endloop
  endfacet
  facet normal 0 -0.461616 0.88708
    outer loop
      vertex -20.2 -62.1012 10.6436
      vertex -26 -61.9 10.7483
      vertex -26 -62.1012 10.6436
    endloop
  endfacet
  facet normal -0 0.675345 0.737502
    outer loop
      vertex 20.2 -64.8712 11.0083
      vertex 23 -65.0385 11.1615
      vertex 23 -64.8712 11.0083
    endloop
  endfacet
  facet normal 0 0.675345 0.737502
    outer loop
      vertex 23 -65.0385 11.1615
      vertex 20.2 -64.8712 11.0083
      vertex 20.2 -65.0385 11.1615
    endloop
  endfacet
  facet normal -0 0.675345 0.737502
    outer loop
      vertex -26 -64.8712 11.0083
      vertex -20.2 -65.0385 11.1615
      vertex -20.2 -64.8712 11.0083
    endloop
  endfacet
  facet normal 0 0.675345 0.737502
    outer loop
      vertex -20.2 -65.0385 11.1615
      vertex -26 -64.8712 11.0083
      vertex -26 -65.0385 11.1615
    endloop
  endfacet
  facet normal 0 -0.953756 -0.300583
    outer loop
      vertex 20.2 -60.6886 13.6729
      vertex 23 -60.7568 13.8893
      vertex 20.2 -60.7568 13.8893
    endloop
  endfacet
  facet normal 0 -0.953756 -0.300583
    outer loop
      vertex 23 -60.7568 13.8893
      vertex 20.2 -60.6886 13.6729
      vertex 23 -60.6886 13.6729
    endloop
  endfacet
  facet normal 0 -0.953889 -0.30016
    outer loop
      vertex -26 -60.7287 13.8
      vertex -20.2 -60.7568 13.8893
      vertex -26 -60.7568 13.8893
    endloop
  endfacet
  facet normal 0 -0.953889 -0.30016
    outer loop
      vertex -20.2 -60.7568 13.8893
      vertex -26 -60.7287 13.8
      vertex -20.2 -60.7287 13.8
    endloop
  endfacet
  facet normal 0 0.843335 -0.537389
    outer loop
      vertex 23 -65.4517 14.3
      vertex 20.2 -65.3298 14.4913
      vertex 23 -65.3298 14.4913
    endloop
  endfacet
  facet normal 0 0.843335 -0.537389
    outer loop
      vertex 20.2 -65.3298 14.4913
      vertex 23 -65.4517 14.3
      vertex 20.2 -65.4517 14.3
    endloop
  endfacet
  facet normal 0 0.843335 -0.537389
    outer loop
      vertex -20.2 -65.4517 14.3
      vertex -26 -65.3298 14.4913
      vertex -20.2 -65.3298 14.4913
    endloop
  endfacet
  facet normal 0 0.843335 -0.537389
    outer loop
      vertex -26 -65.3298 14.4913
      vertex -20.2 -65.4517 14.3
      vertex -26 -65.4517 14.3
    endloop
  endfacet
  facet normal 0 0.537389 -0.843335
    outer loop
      vertex 20.2 -64.6913 15.1298
      vertex 23 -64.5 15.2517
      vertex 23 -64.6913 15.1298
    endloop
  endfacet
  facet normal 0 0.537389 -0.843335
    outer loop
      vertex 23 -64.5 15.2517
      vertex 20.2 -64.6913 15.1298
      vertex 20.2 -64.5 15.2517
    endloop
  endfacet
  facet normal 0 0.537389 -0.843335
    outer loop
      vertex -26 -64.6913 15.1298
      vertex -20.2 -64.5 15.2517
      vertex -20.2 -64.6913 15.1298
    endloop
  endfacet
  facet normal 0 0.537389 -0.843335
    outer loop
      vertex -20.2 -64.5 15.2517
      vertex -26 -64.6913 15.1298
      vertex -26 -64.5 15.2517
    endloop
  endfacet
  facet normal 0 -0.97628 0.21651
    outer loop
      vertex 20.2 -60.6886 12.3271
      vertex 23 -60.6395 12.5485
      vertex 20.2 -60.6395 12.5485
    endloop
  endfacet
  facet normal 0 -0.97628 0.21651
    outer loop
      vertex 23 -60.6395 12.5485
      vertex 20.2 -60.6886 12.3271
      vertex 23 -60.6886 12.3271
    endloop
  endfacet
  facet normal 0 -0.382767 0.923845
    outer loop
      vertex 20.2 -62.1012 10.6436
      vertex 23 -62.3107 10.5568
      vertex 23 -62.1012 10.6436
    endloop
  endfacet
  facet normal 0 -0.382767 0.923845
    outer loop
      vertex 23 -62.3107 10.5568
      vertex 20.2 -62.1012 10.6436
      vertex 20.2 -62.3107 10.5568
    endloop
  endfacet
  facet normal 0 -0.382767 0.923845
    outer loop
      vertex -26 -62.1012 10.6436
      vertex -20.2 -62.3107 10.5568
      vertex -20.2 -62.1012 10.6436
    endloop
  endfacet
  facet normal 0 -0.382767 0.923845
    outer loop
      vertex -20.2 -62.3107 10.5568
      vertex -26 -62.1012 10.6436
      vertex -26 -62.3107 10.5568
    endloop
  endfacet
  facet normal 0 -0.537389 0.843335
    outer loop
      vertex 20.2 -61.7087 10.8702
      vertex 23 -61.9 10.7483
      vertex 23 -61.7087 10.8702
    endloop
  endfacet
  facet normal 0 -0.537389 0.843335
    outer loop
      vertex 23 -61.9 10.7483
      vertex 20.2 -61.7087 10.8702
      vertex 20.2 -61.9 10.7483
    endloop
  endfacet
  facet normal 0 -0.537389 0.843335
    outer loop
      vertex -26 -61.7087 10.8702
      vertex -20.2 -61.9 10.7483
      vertex -20.2 -61.7087 10.8702
    endloop
  endfacet
  facet normal 0 -0.537389 0.843335
    outer loop
      vertex -20.2 -61.9 10.7483
      vertex -26 -61.7087 10.8702
      vertex -26 -61.9 10.7483
    endloop
  endfacet
  facet normal 0 -0.923845 -0.382767
    outer loop
      vertex 20.2 -60.7568 13.8893
      vertex 23 -60.8436 14.0988
      vertex 20.2 -60.8436 14.0988
    endloop
  endfacet
  facet normal 0 -0.923845 -0.382767
    outer loop
      vertex 23 -60.8436 14.0988
      vertex 20.2 -60.7568 13.8893
      vertex 23 -60.7568 13.8893
    endloop
  endfacet
  facet normal 0 -0.923845 -0.382767
    outer loop
      vertex -26 -60.7568 13.8893
      vertex -20.2 -60.8436 14.0988
      vertex -26 -60.8436 14.0988
    endloop
  endfacet
  facet normal 0 -0.923845 -0.382767
    outer loop
      vertex -20.2 -60.8436 14.0988
      vertex -26 -60.7568 13.8893
      vertex -20.2 -60.7568 13.8893
    endloop
  endfacet
  facet normal 0 -0.382767 -0.923845
    outer loop
      vertex 20.2 -62.3107 15.4432
      vertex 23 -62.1012 15.3564
      vertex 23 -62.3107 15.4432
    endloop
  endfacet
  facet normal -0 -0.382767 -0.923845
    outer loop
      vertex 23 -62.1012 15.3564
      vertex 20.2 -62.3107 15.4432
      vertex 20.2 -62.1012 15.3564
    endloop
  endfacet
  facet normal 0 -0.382767 -0.923845
    outer loop
      vertex -26 -62.3107 15.4432
      vertex -20.2 -62.1012 15.3564
      vertex -20.2 -62.3107 15.4432
    endloop
  endfacet
  facet normal -0 -0.382767 -0.923845
    outer loop
      vertex -20.2 -62.1012 15.3564
      vertex -26 -62.3107 15.4432
      vertex -26 -62.1012 15.3564
    endloop
  endfacet
  facet normal 0 -0.0436477 0.999047
    outer loop
      vertex 20.2 -62.9734 10.4099
      vertex 23 -63.2 10.4
      vertex 23 -62.9734 10.4099
    endloop
  endfacet
  facet normal 0 -0.0436477 0.999047
    outer loop
      vertex 23 -63.2 10.4
      vertex 20.2 -62.9734 10.4099
      vertex 20.2 -63.2 10.4
    endloop
  endfacet
  facet normal 0 -0.0436477 0.999047
    outer loop
      vertex -26 -62.9734 10.4099
      vertex -20.2 -63.2 10.4
      vertex -20.2 -62.9734 10.4099
    endloop
  endfacet
  facet normal 0 -0.0436477 0.999047
    outer loop
      vertex -20.2 -63.2 10.4
      vertex -26 -62.9734 10.4099
      vertex -26 -63.2 10.4
    endloop
  endfacet
  facet normal 0 0.675345 -0.737502
    outer loop
      vertex 20.2 -65.0385 14.8385
      vertex 23 -64.8712 14.9917
      vertex 23 -65.0385 14.8385
    endloop
  endfacet
  facet normal 0 0.675345 -0.737502
    outer loop
      vertex 23 -64.8712 14.9917
      vertex 20.2 -65.0385 14.8385
      vertex 20.2 -64.8712 14.9917
    endloop
  endfacet
  facet normal 0 0.675345 -0.737502
    outer loop
      vertex -26 -65.0385 14.8385
      vertex -20.2 -64.8712 14.9917
      vertex -20.2 -65.0385 14.8385
    endloop
  endfacet
  facet normal 0 0.675345 -0.737502
    outer loop
      vertex -20.2 -64.8712 14.9917
      vertex -26 -65.0385 14.8385
      vertex -26 -64.8712 14.9917
    endloop
  endfacet
  facet normal 0 -0.130489 0.99145
    outer loop
      vertex 20.2 -62.7485 10.4395
      vertex 23 -62.9734 10.4099
      vertex 23 -62.7485 10.4395
    endloop
  endfacet
  facet normal 0 -0.130489 0.99145
    outer loop
      vertex 23 -62.9734 10.4099
      vertex 20.2 -62.7485 10.4395
      vertex 20.2 -62.9734 10.4099
    endloop
  endfacet
  facet normal 0 -0.130489 0.99145
    outer loop
      vertex -26 -62.7485 10.4395
      vertex -20.2 -62.9734 10.4099
      vertex -20.2 -62.7485 10.4395
    endloop
  endfacet
  facet normal 0 -0.130489 0.99145
    outer loop
      vertex -20.2 -62.9734 10.4099
      vertex -26 -62.7485 10.4395
      vertex -26 -62.9734 10.4099
    endloop
  endfacet
  facet normal 0 0.79323 -0.608922
    outer loop
      vertex 23 -65.3298 14.4913
      vertex 20.2 -65.1917 14.6712
      vertex 23 -65.1917 14.6712
    endloop
  endfacet
  facet normal 0 0.79323 -0.608922
    outer loop
      vertex 20.2 -65.1917 14.6712
      vertex 23 -65.3298 14.4913
      vertex 20.2 -65.3298 14.4913
    endloop
  endfacet
  facet normal 0 0.79323 -0.608922
    outer loop
      vertex -20.2 -65.3298 14.4913
      vertex -26 -65.1917 14.6712
      vertex -20.2 -65.1917 14.6712
    endloop
  endfacet
  facet normal 0 0.79323 -0.608922
    outer loop
      vertex -26 -65.1917 14.6712
      vertex -20.2 -65.3298 14.4913
      vertex -26 -65.3298 14.4913
    endloop
  endfacet
  facet normal 0 0.608922 -0.79323
    outer loop
      vertex 20.2 -64.8712 14.9917
      vertex 23 -64.6913 15.1298
      vertex 23 -64.8712 14.9917
    endloop
  endfacet
  facet normal 0 0.608922 -0.79323
    outer loop
      vertex 23 -64.6913 15.1298
      vertex 20.2 -64.8712 14.9917
      vertex 20.2 -64.6913 15.1298
    endloop
  endfacet
  facet normal 0 0.608922 -0.79323
    outer loop
      vertex -26 -64.8712 14.9917
      vertex -20.2 -64.6913 15.1298
      vertex -20.2 -64.8712 14.9917
    endloop
  endfacet
  facet normal 0 0.608922 -0.79323
    outer loop
      vertex -20.2 -64.6913 15.1298
      vertex -26 -64.8712 14.9917
      vertex -26 -64.6913 15.1298
    endloop
  endfacet
  facet normal 0 0.382611 -0.923909
    outer loop
      vertex 20.2 -64.2988 15.3564
      vertex 23 -64.0892 15.4432
      vertex 23 -64.2988 15.3564
    endloop
  endfacet
  facet normal 0 0.382611 -0.923909
    outer loop
      vertex 23 -64.0892 15.4432
      vertex 20.2 -64.2988 15.3564
      vertex 20.2 -64.0892 15.4432
    endloop
  endfacet
  facet normal 0 0.382611 -0.923909
    outer loop
      vertex -26 -64.2988 15.3564
      vertex -20.2 -64.0892 15.4432
      vertex -20.2 -64.2988 15.3564
    endloop
  endfacet
  facet normal 0 0.382611 -0.923909
    outer loop
      vertex -20.2 -64.0892 15.4432
      vertex -26 -64.2988 15.3564
      vertex -26 -64.0892 15.4432
    endloop
  endfacet
  facet normal 0 -0.923845 0.382767
    outer loop
      vertex 20.2 -60.8436 11.9012
      vertex 23 -60.7568 12.1107
      vertex 20.2 -60.7568 12.1107
    endloop
  endfacet
  facet normal 0 -0.923845 0.382767
    outer loop
      vertex 23 -60.7568 12.1107
      vertex 20.2 -60.8436 11.9012
      vertex 23 -60.8436 11.9012
    endloop
  endfacet
  facet normal 0 -0.923845 0.382767
    outer loop
      vertex -26 -60.8436 11.9012
      vertex -20.2 -60.7568 12.1107
      vertex -26 -60.7568 12.1107
    endloop
  endfacet
  facet normal 0 -0.923845 0.382767
    outer loop
      vertex -20.2 -60.7568 12.1107
      vertex -26 -60.8436 11.9012
      vertex -20.2 -60.8436 11.9012
    endloop
  endfacet
  facet normal 0 -0.79323 0.608922
    outer loop
      vertex 20.2 -61.2083 11.3288
      vertex 23 -61.0702 11.5087
      vertex 20.2 -61.0702 11.5087
    endloop
  endfacet
  facet normal 0 -0.79323 0.608922
    outer loop
      vertex 23 -61.0702 11.5087
      vertex 20.2 -61.2083 11.3288
      vertex 23 -61.2083 11.3288
    endloop
  endfacet
  facet normal 0 -0.79323 0.608922
    outer loop
      vertex -26 -61.2083 11.3288
      vertex -20.2 -61.0702 11.5087
      vertex -26 -61.0702 11.5087
    endloop
  endfacet
  facet normal 0 -0.79323 0.608922
    outer loop
      vertex -20.2 -61.0702 11.5087
      vertex -26 -61.2083 11.3288
      vertex -20.2 -61.2083 11.3288
    endloop
  endfacet
  facet normal 0 -0.608922 -0.79323
    outer loop
      vertex 20.2 -61.7087 15.1298
      vertex 23 -61.5288 14.9917
      vertex 23 -61.7087 15.1298
    endloop
  endfacet
  facet normal -0 -0.608922 -0.79323
    outer loop
      vertex 23 -61.5288 14.9917
      vertex 20.2 -61.7087 15.1298
      vertex 20.2 -61.5288 14.9917
    endloop
  endfacet
  facet normal 0 -0.608922 -0.79323
    outer loop
      vertex -26 -61.7087 15.1298
      vertex -20.2 -61.5288 14.9917
      vertex -20.2 -61.7087 15.1298
    endloop
  endfacet
  facet normal -0 -0.608922 -0.79323
    outer loop
      vertex -20.2 -61.5288 14.9917
      vertex -26 -61.7087 15.1298
      vertex -26 -61.5288 14.9917
    endloop
  endfacet
  facet normal 0 0.461616 -0.88708
    outer loop
      vertex 20.2 -64.5 15.2517
      vertex 23 -64.2988 15.3564
      vertex 23 -64.5 15.2517
    endloop
  endfacet
  facet normal 0 0.461616 -0.88708
    outer loop
      vertex 23 -64.2988 15.3564
      vertex 20.2 -64.5 15.2517
      vertex 20.2 -64.2988 15.3564
    endloop
  endfacet
  facet normal 0 0.461616 -0.88708
    outer loop
      vertex -26 -64.5 15.2517
      vertex -20.2 -64.2988 15.3564
      vertex -20.2 -64.5 15.2517
    endloop
  endfacet
  facet normal 0 0.461616 -0.88708
    outer loop
      vertex -20.2 -64.2988 15.3564
      vertex -26 -64.5 15.2517
      vertex -26 -64.2988 15.3564
    endloop
  endfacet
  facet normal 0 -0.300583 0.953756
    outer loop
      vertex 20.2 -62.3107 10.5568
      vertex 23 -62.5271 10.4886
      vertex 23 -62.3107 10.5568
    endloop
  endfacet
  facet normal 0 -0.300583 0.953756
    outer loop
      vertex 23 -62.5271 10.4886
      vertex 20.2 -62.3107 10.5568
      vertex 20.2 -62.5271 10.4886
    endloop
  endfacet
  facet normal 0 -0.300583 0.953756
    outer loop
      vertex -26 -62.3107 10.5568
      vertex -20.2 -62.5271 10.4886
      vertex -20.2 -62.3107 10.5568
    endloop
  endfacet
  facet normal 0 -0.300583 0.953756
    outer loop
      vertex -20.2 -62.5271 10.4886
      vertex -26 -62.3107 10.5568
      vertex -26 -62.5271 10.4886
    endloop
  endfacet
  facet normal 0 -0.843335 -0.537389
    outer loop
      vertex 20.2 -60.9483 14.3
      vertex 23 -61.0702 14.4913
      vertex 20.2 -61.0702 14.4913
    endloop
  endfacet
  facet normal 0 -0.843335 -0.537389
    outer loop
      vertex 23 -61.0702 14.4913
      vertex 20.2 -60.9483 14.3
      vertex 23 -60.9483 14.3
    endloop
  endfacet
  facet normal 0 -0.843335 -0.537389
    outer loop
      vertex -26 -60.9483 14.3
      vertex -20.2 -61.0702 14.4913
      vertex -26 -61.0702 14.4913
    endloop
  endfacet
  facet normal 0 -0.843335 -0.537389
    outer loop
      vertex -20.2 -61.0702 14.4913
      vertex -26 -60.9483 14.3
      vertex -20.2 -60.9483 14.3
    endloop
  endfacet
  facet normal 0 -0.300583 -0.953756
    outer loop
      vertex 20.2 -62.5271 15.5114
      vertex 23 -62.3107 15.4432
      vertex 23 -62.5271 15.5114
    endloop
  endfacet
  facet normal -0 -0.300583 -0.953756
    outer loop
      vertex 23 -62.3107 15.4432
      vertex 20.2 -62.5271 15.5114
      vertex 20.2 -62.3107 15.4432
    endloop
  endfacet
  facet normal 0 -0.300583 -0.953756
    outer loop
      vertex -26 -62.5271 15.5114
      vertex -20.2 -62.3107 15.4432
      vertex -20.2 -62.5271 15.5114
    endloop
  endfacet
  facet normal -0 -0.300583 -0.953756
    outer loop
      vertex -20.2 -62.3107 15.4432
      vertex -26 -62.5271 15.5114
      vertex -26 -62.3107 15.4432
    endloop
  endfacet
  facet normal 0 -0.21651 0.97628
    outer loop
      vertex 20.2 -62.5271 10.4886
      vertex 23 -62.7485 10.4395
      vertex 23 -62.5271 10.4886
    endloop
  endfacet
  facet normal 0 -0.21651 0.97628
    outer loop
      vertex 23 -62.7485 10.4395
      vertex 20.2 -62.5271 10.4886
      vertex 20.2 -62.7485 10.4395
    endloop
  endfacet
  facet normal 0 -0.21651 0.97628
    outer loop
      vertex -26 -62.5271 10.4886
      vertex -20.2 -62.7485 10.4395
      vertex -20.2 -62.5271 10.4886
    endloop
  endfacet
  facet normal 0 -0.21651 0.97628
    outer loop
      vertex -20.2 -62.7485 10.4395
      vertex -26 -62.5271 10.4886
      vertex -26 -62.7485 10.4395
    endloop
  endfacet
  facet normal 0 0.843335 0.537389
    outer loop
      vertex 23 -65.3298 11.5087
      vertex 20.2 -65.4517 11.7
      vertex 23 -65.4517 11.7
    endloop
  endfacet
  facet normal 0 0.843335 0.537389
    outer loop
      vertex 20.2 -65.4517 11.7
      vertex 23 -65.3298 11.5087
      vertex 20.2 -65.3298 11.5087
    endloop
  endfacet
  facet normal 0 0.843335 0.537389
    outer loop
      vertex -20.2 -65.3298 11.5087
      vertex -26 -65.4517 11.7
      vertex -20.2 -65.4517 11.7
    endloop
  endfacet
  facet normal 0 0.843335 0.537389
    outer loop
      vertex -26 -65.4517 11.7
      vertex -20.2 -65.3298 11.5087
      vertex -26 -65.3298 11.5087
    endloop
  endfacet
  facet normal 0 0.79323 0.608922
    outer loop
      vertex 23 -65.1917 11.3288
      vertex 20.2 -65.3298 11.5087
      vertex 23 -65.3298 11.5087
    endloop
  endfacet
  facet normal 0 0.79323 0.608922
    outer loop
      vertex 20.2 -65.3298 11.5087
      vertex 23 -65.1917 11.3288
      vertex 20.2 -65.1917 11.3288
    endloop
  endfacet
  facet normal 0 0.79323 0.608922
    outer loop
      vertex -20.2 -65.1917 11.3288
      vertex -26 -65.3298 11.5087
      vertex -20.2 -65.3298 11.5087
    endloop
  endfacet
  facet normal 0 0.79323 0.608922
    outer loop
      vertex -26 -65.3298 11.5087
      vertex -20.2 -65.1917 11.3288
      vertex -26 -65.1917 11.3288
    endloop
  endfacet
  facet normal 0 -0.88708 -0.461616
    outer loop
      vertex 20.2 -60.8436 14.0988
      vertex 23 -60.9483 14.3
      vertex 20.2 -60.9483 14.3
    endloop
  endfacet
  facet normal 0 -0.88708 -0.461616
    outer loop
      vertex 23 -60.9483 14.3
      vertex 20.2 -60.8436 14.0988
      vertex 23 -60.8436 14.0988
    endloop
  endfacet
  facet normal 0 -0.88708 -0.461616
    outer loop
      vertex -26 -60.8436 14.0988
      vertex -20.2 -60.9483 14.3
      vertex -26 -60.9483 14.3
    endloop
  endfacet
  facet normal 0 -0.88708 -0.461616
    outer loop
      vertex -20.2 -60.9483 14.3
      vertex -26 -60.8436 14.0988
      vertex -20.2 -60.8436 14.0988
    endloop
  endfacet
  facet normal 0 0.21651 -0.97628
    outer loop
      vertex 20.2 -63.8729 15.5114
      vertex 23 -63.6515 15.5605
      vertex 23 -63.8729 15.5114
    endloop
  endfacet
  facet normal 0 0.21651 -0.97628
    outer loop
      vertex 23 -63.6515 15.5605
      vertex 20.2 -63.8729 15.5114
      vertex 20.2 -63.6515 15.5605
    endloop
  endfacet
  facet normal 0 0.21651 -0.97628
    outer loop
      vertex -26 -63.8729 15.5114
      vertex -20.2 -63.6515 15.5605
      vertex -20.2 -63.8729 15.5114
    endloop
  endfacet
  facet normal 0 0.21651 -0.97628
    outer loop
      vertex -20.2 -63.6515 15.5605
      vertex -26 -63.8729 15.5114
      vertex -26 -63.6515 15.5605
    endloop
  endfacet
  facet normal 0 0.130489 -0.99145
    outer loop
      vertex 20.2 -63.6515 15.5605
      vertex 23 -63.4266 15.5901
      vertex 23 -63.6515 15.5605
    endloop
  endfacet
  facet normal 0 0.130489 -0.99145
    outer loop
      vertex 23 -63.4266 15.5901
      vertex 20.2 -63.6515 15.5605
      vertex 20.2 -63.4266 15.5901
    endloop
  endfacet
  facet normal 0 0.130489 -0.99145
    outer loop
      vertex -26 -63.6515 15.5605
      vertex -20.2 -63.4266 15.5901
      vertex -20.2 -63.6515 15.5605
    endloop
  endfacet
  facet normal 0 0.130489 -0.99145
    outer loop
      vertex -20.2 -63.4266 15.5901
      vertex -26 -63.6515 15.5605
      vertex -26 -63.4266 15.5901
    endloop
  endfacet
  facet normal 0 -0.79323 -0.608922
    outer loop
      vertex 20.2 -61.0702 14.4913
      vertex 23 -61.2083 14.6712
      vertex 20.2 -61.2083 14.6712
    endloop
  endfacet
  facet normal 0 -0.79323 -0.608922
    outer loop
      vertex 23 -61.2083 14.6712
      vertex 20.2 -61.0702 14.4913
      vertex 23 -61.0702 14.4913
    endloop
  endfacet
  facet normal 0 -0.79323 -0.608922
    outer loop
      vertex -26 -61.0702 14.4913
      vertex -20.2 -61.2083 14.6712
      vertex -26 -61.2083 14.6712
    endloop
  endfacet
  facet normal 0 -0.79323 -0.608922
    outer loop
      vertex -20.2 -61.2083 14.6712
      vertex -26 -61.0702 14.4913
      vertex -20.2 -61.0702 14.4913
    endloop
  endfacet
  facet normal 0 0.300709 -0.953716
    outer loop
      vertex 20.2 -64.0892 15.4432
      vertex 23 -63.8729 15.5114
      vertex 23 -64.0892 15.4432
    endloop
  endfacet
  facet normal 0 0.300709 -0.953716
    outer loop
      vertex 23 -63.8729 15.5114
      vertex 20.2 -64.0892 15.4432
      vertex 20.2 -63.8729 15.5114
    endloop
  endfacet
  facet normal 0 0.300709 -0.953716
    outer loop
      vertex -26 -64.0892 15.4432
      vertex -20.2 -63.8729 15.5114
      vertex -20.2 -64.0892 15.4432
    endloop
  endfacet
  facet normal 0 0.300709 -0.953716
    outer loop
      vertex -20.2 -63.8729 15.5114
      vertex -26 -64.0892 15.4432
      vertex -26 -63.8729 15.5114
    endloop
  endfacet
  facet normal 0 -0.953756 0.300583
    outer loop
      vertex 20.2 -60.7568 12.1107
      vertex 23 -60.6886 12.3271
      vertex 20.2 -60.6886 12.3271
    endloop
  endfacet
  facet normal 0 -0.953756 0.300583
    outer loop
      vertex 23 -60.6886 12.3271
      vertex 20.2 -60.7568 12.1107
      vertex 23 -60.7568 12.1107
    endloop
  endfacet
  facet normal 0 -0.953889 0.30016
    outer loop
      vertex -26 -60.7568 12.1107
      vertex -20.2 -60.7287 12.2
      vertex -26 -60.7287 12.2
    endloop
  endfacet
  facet normal 0 -0.953889 0.30016
    outer loop
      vertex -20.2 -60.7287 12.2
      vertex -26 -60.7568 12.1107
      vertex -20.2 -60.7568 12.1107
    endloop
  endfacet
  facet normal 0 0.999047 -0.0436477
    outer loop
      vertex 23 -65.8 13
      vertex 20.2 -65.7901 13.2266
      vertex 23 -65.7901 13.2266
    endloop
  endfacet
  facet normal 0 0.999047 -0.0436477
    outer loop
      vertex 20.2 -65.7901 13.2266
      vertex 23 -65.8 13
      vertex 20.2 -65.8 13
    endloop
  endfacet
  facet normal 0 0.999047 0.0436477
    outer loop
      vertex 23 -65.7901 12.7734
      vertex 20.2 -65.8 13
      vertex 23 -65.8 13
    endloop
  endfacet
  facet normal 0 0.999047 0.0436477
    outer loop
      vertex 20.2 -65.8 13
      vertex 23 -65.7901 12.7734
      vertex 20.2 -65.7901 12.7734
    endloop
  endfacet
  facet normal 0 -0.461616 -0.88708
    outer loop
      vertex 20.2 -62.1012 15.3564
      vertex 23 -61.9 15.2517
      vertex 23 -62.1012 15.3564
    endloop
  endfacet
  facet normal -0 -0.461616 -0.88708
    outer loop
      vertex 23 -61.9 15.2517
      vertex 20.2 -62.1012 15.3564
      vertex 20.2 -61.9 15.2517
    endloop
  endfacet
  facet normal 0 -0.461616 -0.88708
    outer loop
      vertex -26 -62.1012 15.3564
      vertex -20.2 -61.9 15.2517
      vertex -20.2 -62.1012 15.3564
    endloop
  endfacet
  facet normal -0 -0.461616 -0.88708
    outer loop
      vertex -20.2 -61.9 15.2517
      vertex -26 -62.1012 15.3564
      vertex -26 -61.9 15.2517
    endloop
  endfacet
  facet normal 0 -0.537389 -0.843335
    outer loop
      vertex 20.2 -61.9 15.2517
      vertex 23 -61.7087 15.1298
      vertex 23 -61.9 15.2517
    endloop
  endfacet
  facet normal -0 -0.537389 -0.843335
    outer loop
      vertex 23 -61.7087 15.1298
      vertex 20.2 -61.9 15.2517
      vertex 20.2 -61.7087 15.1298
    endloop
  endfacet
  facet normal 0 -0.537389 -0.843335
    outer loop
      vertex -26 -61.9 15.2517
      vertex -20.2 -61.7087 15.1298
      vertex -20.2 -61.9 15.2517
    endloop
  endfacet
  facet normal -0 -0.537389 -0.843335
    outer loop
      vertex -20.2 -61.7087 15.1298
      vertex -26 -61.9 15.2517
      vertex -26 -61.7087 15.1298
    endloop
  endfacet
  facet normal 0 -0.0436477 -0.999047
    outer loop
      vertex 20.2 -63.2 15.6
      vertex 23 -62.9734 15.5901
      vertex 23 -63.2 15.6
    endloop
  endfacet
  facet normal -0 -0.0436477 -0.999047
    outer loop
      vertex 23 -62.9734 15.5901
      vertex 20.2 -63.2 15.6
      vertex 20.2 -62.9734 15.5901
    endloop
  endfacet
  facet normal 0 -0.0436477 -0.999047
    outer loop
      vertex -26 -63.2 15.6
      vertex -20.2 -62.9734 15.5901
      vertex -20.2 -63.2 15.6
    endloop
  endfacet
  facet normal -0 -0.0436477 -0.999047
    outer loop
      vertex -20.2 -62.9734 15.5901
      vertex -26 -63.2 15.6
      vertex -26 -62.9734 15.5901
    endloop
  endfacet
  facet normal -0 0.382611 0.923909
    outer loop
      vertex 20.2 -64.0892 10.5568
      vertex 23 -64.2988 10.6436
      vertex 23 -64.0892 10.5568
    endloop
  endfacet
  facet normal 0 0.382611 0.923909
    outer loop
      vertex 23 -64.2988 10.6436
      vertex 20.2 -64.0892 10.5568
      vertex 20.2 -64.2988 10.6436
    endloop
  endfacet
  facet normal -0 0.382611 0.923909
    outer loop
      vertex -26 -64.0892 10.5568
      vertex -20.2 -64.2988 10.6436
      vertex -20.2 -64.0892 10.5568
    endloop
  endfacet
  facet normal 0 0.382611 0.923909
    outer loop
      vertex -20.2 -64.2988 10.6436
      vertex -26 -64.0892 10.5568
      vertex -26 -64.2988 10.6436
    endloop
  endfacet
  facet normal 0 -0.675345 -0.737502
    outer loop
      vertex 20.2 -61.5288 14.9917
      vertex 23 -61.3615 14.8385
      vertex 23 -61.5288 14.9917
    endloop
  endfacet
  facet normal -0 -0.675345 -0.737502
    outer loop
      vertex 23 -61.3615 14.8385
      vertex 20.2 -61.5288 14.9917
      vertex 20.2 -61.3615 14.8385
    endloop
  endfacet
  facet normal 0 -0.675345 -0.737502
    outer loop
      vertex -26 -61.5288 14.9917
      vertex -20.2 -61.3615 14.8385
      vertex -20.2 -61.5288 14.9917
    endloop
  endfacet
  facet normal -0 -0.675345 -0.737502
    outer loop
      vertex -20.2 -61.3615 14.8385
      vertex -26 -61.5288 14.9917
      vertex -26 -61.3615 14.8385
    endloop
  endfacet
  facet normal 0 0.953756 -0.300583
    outer loop
      vertex 23 -65.7114 13.6729
      vertex 20.2 -65.6432 13.8893
      vertex 23 -65.6432 13.8893
    endloop
  endfacet
  facet normal 0 0.953756 -0.300583
    outer loop
      vertex 20.2 -65.6432 13.8893
      vertex 23 -65.7114 13.6729
      vertex 20.2 -65.7114 13.6729
    endloop
  endfacet
  facet normal 0 0.953889 -0.30016
    outer loop
      vertex -20.2 -65.6713 13.8
      vertex -26 -65.6432 13.8893
      vertex -20.2 -65.6432 13.8893
    endloop
  endfacet
  facet normal 0 0.953889 -0.30016
    outer loop
      vertex -26 -65.6432 13.8893
      vertex -20.2 -65.6713 13.8
      vertex -26 -65.6713 13.8
    endloop
  endfacet
  facet normal 0 0.99145 0.130489
    outer loop
      vertex 23 -65.7605 12.5485
      vertex 20.2 -65.7901 12.7734
      vertex 23 -65.7901 12.7734
    endloop
  endfacet
  facet normal 0 0.99145 0.130489
    outer loop
      vertex 20.2 -65.7901 12.7734
      vertex 23 -65.7605 12.5485
      vertex 20.2 -65.7605 12.5485
    endloop
  endfacet
  facet normal 0 0.0436477 -0.999047
    outer loop
      vertex 20.2 -63.4266 15.5901
      vertex 23 -63.2 15.6
      vertex 23 -63.4266 15.5901
    endloop
  endfacet
  facet normal 0 0.0436477 -0.999047
    outer loop
      vertex 23 -63.2 15.6
      vertex 20.2 -63.4266 15.5901
      vertex 20.2 -63.2 15.6
    endloop
  endfacet
  facet normal 0 0.0436477 -0.999047
    outer loop
      vertex -26 -63.4266 15.5901
      vertex -20.2 -63.2 15.6
      vertex -20.2 -63.4266 15.5901
    endloop
  endfacet
  facet normal 0 0.0436477 -0.999047
    outer loop
      vertex -20.2 -63.2 15.6
      vertex -26 -63.4266 15.5901
      vertex -26 -63.2 15.6
    endloop
  endfacet
  facet normal -0 0.461616 0.88708
    outer loop
      vertex 20.2 -64.2988 10.6436
      vertex 23 -64.5 10.7483
      vertex 23 -64.2988 10.6436
    endloop
  endfacet
  facet normal 0 0.461616 0.88708
    outer loop
      vertex 23 -64.5 10.7483
      vertex 20.2 -64.2988 10.6436
      vertex 20.2 -64.5 10.7483
    endloop
  endfacet
  facet normal -0 0.461616 0.88708
    outer loop
      vertex -26 -64.2988 10.6436
      vertex -20.2 -64.5 10.7483
      vertex -20.2 -64.2988 10.6436
    endloop
  endfacet
  facet normal 0 0.461616 0.88708
    outer loop
      vertex -20.2 -64.5 10.7483
      vertex -26 -64.2988 10.6436
      vertex -26 -64.5 10.7483
    endloop
  endfacet
  facet normal 0 0.88708 -0.461616
    outer loop
      vertex 23 -65.5564 14.0988
      vertex 20.2 -65.4517 14.3
      vertex 23 -65.4517 14.3
    endloop
  endfacet
  facet normal 0 0.88708 -0.461616
    outer loop
      vertex 20.2 -65.4517 14.3
      vertex 23 -65.5564 14.0988
      vertex 20.2 -65.5564 14.0988
    endloop
  endfacet
  facet normal 0 0.88708 -0.461616
    outer loop
      vertex -20.2 -65.5564 14.0988
      vertex -26 -65.4517 14.3
      vertex -20.2 -65.4517 14.3
    endloop
  endfacet
  facet normal 0 0.88708 -0.461616
    outer loop
      vertex -26 -65.4517 14.3
      vertex -20.2 -65.5564 14.0988
      vertex -26 -65.5564 14.0988
    endloop
  endfacet
  facet normal -0 0.537389 0.843335
    outer loop
      vertex 20.2 -64.5 10.7483
      vertex 23 -64.6913 10.8702
      vertex 23 -64.5 10.7483
    endloop
  endfacet
  facet normal 0 0.537389 0.843335
    outer loop
      vertex 23 -64.6913 10.8702
      vertex 20.2 -64.5 10.7483
      vertex 20.2 -64.6913 10.8702
    endloop
  endfacet
  facet normal -0 0.537389 0.843335
    outer loop
      vertex -26 -64.5 10.7483
      vertex -20.2 -64.6913 10.8702
      vertex -20.2 -64.5 10.7483
    endloop
  endfacet
  facet normal 0 0.537389 0.843335
    outer loop
      vertex -20.2 -64.6913 10.8702
      vertex -26 -64.5 10.7483
      vertex -26 -64.6913 10.8702
    endloop
  endfacet
  facet normal 0 -0.843335 0.537389
    outer loop
      vertex 20.2 -61.0702 11.5087
      vertex 23 -60.9483 11.7
      vertex 20.2 -60.9483 11.7
    endloop
  endfacet
  facet normal 0 -0.843335 0.537389
    outer loop
      vertex 23 -60.9483 11.7
      vertex 20.2 -61.0702 11.5087
      vertex 23 -61.0702 11.5087
    endloop
  endfacet
  facet normal 0 -0.843335 0.537389
    outer loop
      vertex -26 -61.0702 11.5087
      vertex -20.2 -60.9483 11.7
      vertex -26 -60.9483 11.7
    endloop
  endfacet
  facet normal 0 -0.843335 0.537389
    outer loop
      vertex -20.2 -60.9483 11.7
      vertex -26 -61.0702 11.5087
      vertex -20.2 -61.0702 11.5087
    endloop
  endfacet
  facet normal 0 0.97628 0.21651
    outer loop
      vertex 23 -65.7114 12.3271
      vertex 20.2 -65.7605 12.5485
      vertex 23 -65.7605 12.5485
    endloop
  endfacet
  facet normal 0 0.97628 0.21651
    outer loop
      vertex 20.2 -65.7605 12.5485
      vertex 23 -65.7114 12.3271
      vertex 20.2 -65.7114 12.3271
    endloop
  endfacet
  facet normal 0 0.99145 -0.130489
    outer loop
      vertex 23 -65.7901 13.2266
      vertex 20.2 -65.7605 13.4515
      vertex 23 -65.7605 13.4515
    endloop
  endfacet
  facet normal 0 0.99145 -0.130489
    outer loop
      vertex 20.2 -65.7605 13.4515
      vertex 23 -65.7901 13.2266
      vertex 20.2 -65.7901 13.2266
    endloop
  endfacet
  facet normal -0 0.130489 0.99145
    outer loop
      vertex 20.2 -63.4266 10.4099
      vertex 23 -63.6515 10.4395
      vertex 23 -63.4266 10.4099
    endloop
  endfacet
  facet normal 0 0.130489 0.99145
    outer loop
      vertex 23 -63.6515 10.4395
      vertex 20.2 -63.4266 10.4099
      vertex 20.2 -63.6515 10.4395
    endloop
  endfacet
  facet normal -0 0.130489 0.99145
    outer loop
      vertex -26 -63.4266 10.4099
      vertex -20.2 -63.6515 10.4395
      vertex -20.2 -63.4266 10.4099
    endloop
  endfacet
  facet normal 0 0.130489 0.99145
    outer loop
      vertex -20.2 -63.6515 10.4395
      vertex -26 -63.4266 10.4099
      vertex -26 -63.6515 10.4395
    endloop
  endfacet
  facet normal -0 0.0436477 0.999047
    outer loop
      vertex 20.2 -63.2 10.4
      vertex 23 -63.4266 10.4099
      vertex 23 -63.2 10.4
    endloop
  endfacet
  facet normal 0 0.0436477 0.999047
    outer loop
      vertex 23 -63.4266 10.4099
      vertex 20.2 -63.2 10.4
      vertex 20.2 -63.4266 10.4099
    endloop
  endfacet
  facet normal -0 0.0436477 0.999047
    outer loop
      vertex -26 -63.2 10.4
      vertex -20.2 -63.4266 10.4099
      vertex -20.2 -63.2 10.4
    endloop
  endfacet
  facet normal 0 0.0436477 0.999047
    outer loop
      vertex -20.2 -63.4266 10.4099
      vertex -26 -63.2 10.4
      vertex -26 -63.4266 10.4099
    endloop
  endfacet
  facet normal 0 -0.737502 0.675345
    outer loop
      vertex 20.2 -61.3615 11.1615
      vertex 23 -61.2083 11.3288
      vertex 20.2 -61.2083 11.3288
    endloop
  endfacet
  facet normal 0 -0.737502 0.675345
    outer loop
      vertex 23 -61.2083 11.3288
      vertex 20.2 -61.3615 11.1615
      vertex 23 -61.3615 11.1615
    endloop
  endfacet
  facet normal 0 -0.737502 0.675345
    outer loop
      vertex -26 -61.3615 11.1615
      vertex -20.2 -61.2083 11.3288
      vertex -26 -61.2083 11.3288
    endloop
  endfacet
  facet normal 0 -0.737502 0.675345
    outer loop
      vertex -20.2 -61.2083 11.3288
      vertex -26 -61.3615 11.1615
      vertex -20.2 -61.3615 11.1615
    endloop
  endfacet
  facet normal 0 0.923845 0.382767
    outer loop
      vertex 23 -65.5564 11.9012
      vertex 20.2 -65.6432 12.1107
      vertex 23 -65.6432 12.1107
    endloop
  endfacet
  facet normal 0 0.923845 0.382767
    outer loop
      vertex 20.2 -65.6432 12.1107
      vertex 23 -65.5564 11.9012
      vertex 20.2 -65.5564 11.9012
    endloop
  endfacet
  facet normal 0 0.923845 0.382767
    outer loop
      vertex -20.2 -65.5564 11.9012
      vertex -26 -65.6432 12.1107
      vertex -20.2 -65.6432 12.1107
    endloop
  endfacet
  facet normal 0 0.923845 0.382767
    outer loop
      vertex -26 -65.6432 12.1107
      vertex -20.2 -65.5564 11.9012
      vertex -26 -65.5564 11.9012
    endloop
  endfacet
  facet normal -0 0.300709 0.953716
    outer loop
      vertex 20.2 -63.8729 10.4886
      vertex 23 -64.0892 10.5568
      vertex 23 -63.8729 10.4886
    endloop
  endfacet
  facet normal 0 0.300709 0.953716
    outer loop
      vertex 23 -64.0892 10.5568
      vertex 20.2 -63.8729 10.4886
      vertex 20.2 -64.0892 10.5568
    endloop
  endfacet
  facet normal -0 0.300709 0.953716
    outer loop
      vertex -26 -63.8729 10.4886
      vertex -20.2 -64.0892 10.5568
      vertex -20.2 -63.8729 10.4886
    endloop
  endfacet
  facet normal 0 0.300709 0.953716
    outer loop
      vertex -20.2 -64.0892 10.5568
      vertex -26 -63.8729 10.4886
      vertex -26 -64.0892 10.5568
    endloop
  endfacet
  facet normal 0 -0.608922 0.79323
    outer loop
      vertex 20.2 -61.5288 11.0083
      vertex 23 -61.7087 10.8702
      vertex 23 -61.5288 11.0083
    endloop
  endfacet
  facet normal 0 -0.608922 0.79323
    outer loop
      vertex 23 -61.7087 10.8702
      vertex 20.2 -61.5288 11.0083
      vertex 20.2 -61.7087 10.8702
    endloop
  endfacet
  facet normal 0 -0.608922 0.79323
    outer loop
      vertex -26 -61.5288 11.0083
      vertex -20.2 -61.7087 10.8702
      vertex -20.2 -61.5288 11.0083
    endloop
  endfacet
  facet normal 0 -0.608922 0.79323
    outer loop
      vertex -20.2 -61.7087 10.8702
      vertex -26 -61.5288 11.0083
      vertex -26 -61.7087 10.8702
    endloop
  endfacet
  facet normal 0 -0.675345 0.737502
    outer loop
      vertex 20.2 -61.3615 11.1615
      vertex 23 -61.5288 11.0083
      vertex 23 -61.3615 11.1615
    endloop
  endfacet
  facet normal 0 -0.675345 0.737502
    outer loop
      vertex 23 -61.5288 11.0083
      vertex 20.2 -61.3615 11.1615
      vertex 20.2 -61.5288 11.0083
    endloop
  endfacet
  facet normal 0 -0.675345 0.737502
    outer loop
      vertex -26 -61.3615 11.1615
      vertex -20.2 -61.5288 11.0083
      vertex -20.2 -61.3615 11.1615
    endloop
  endfacet
  facet normal 0 -0.675345 0.737502
    outer loop
      vertex -20.2 -61.5288 11.0083
      vertex -26 -61.3615 11.1615
      vertex -26 -61.5288 11.0083
    endloop
  endfacet
  facet normal 0 0.923845 -0.382767
    outer loop
      vertex 23 -65.6432 13.8893
      vertex 20.2 -65.5564 14.0988
      vertex 23 -65.5564 14.0988
    endloop
  endfacet
  facet normal 0 0.923845 -0.382767
    outer loop
      vertex 20.2 -65.5564 14.0988
      vertex 23 -65.6432 13.8893
      vertex 20.2 -65.6432 13.8893
    endloop
  endfacet
  facet normal 0 0.923845 -0.382767
    outer loop
      vertex -20.2 -65.6432 13.8893
      vertex -26 -65.5564 14.0988
      vertex -20.2 -65.5564 14.0988
    endloop
  endfacet
  facet normal 0 0.923845 -0.382767
    outer loop
      vertex -26 -65.5564 14.0988
      vertex -20.2 -65.6432 13.8893
      vertex -26 -65.6432 13.8893
    endloop
  endfacet
  facet normal -0 0.608922 0.79323
    outer loop
      vertex 20.2 -64.6913 10.8702
      vertex 23 -64.8712 11.0083
      vertex 23 -64.6913 10.8702
    endloop
  endfacet
  facet normal 0 0.608922 0.79323
    outer loop
      vertex 23 -64.8712 11.0083
      vertex 20.2 -64.6913 10.8702
      vertex 20.2 -64.8712 11.0083
    endloop
  endfacet
  facet normal -0 0.608922 0.79323
    outer loop
      vertex -26 -64.6913 10.8702
      vertex -20.2 -64.8712 11.0083
      vertex -20.2 -64.6913 10.8702
    endloop
  endfacet
  facet normal 0 0.608922 0.79323
    outer loop
      vertex -20.2 -64.8712 11.0083
      vertex -26 -64.6913 10.8702
      vertex -26 -64.8712 11.0083
    endloop
  endfacet
  facet normal 0 0.953756 0.300583
    outer loop
      vertex 23 -65.6432 12.1107
      vertex 20.2 -65.7114 12.3271
      vertex 23 -65.7114 12.3271
    endloop
  endfacet
  facet normal 0 0.953756 0.300583
    outer loop
      vertex 20.2 -65.7114 12.3271
      vertex 23 -65.6432 12.1107
      vertex 20.2 -65.6432 12.1107
    endloop
  endfacet
  facet normal 0 0.953889 0.30016
    outer loop
      vertex -20.2 -65.6432 12.1107
      vertex -26 -65.6713 12.2
      vertex -20.2 -65.6713 12.2
    endloop
  endfacet
  facet normal 0 0.953889 0.30016
    outer loop
      vertex -26 -65.6713 12.2
      vertex -20.2 -65.6432 12.1107
      vertex -26 -65.6432 12.1107
    endloop
  endfacet
  facet normal -0 0 1
    outer loop
      vertex 23 -60.4865 8.3
      vertex 26 -65.9135 8.3
      vertex 26 -60.4865 8.3
    endloop
  endfacet
  facet normal 0 0 1
    outer loop
      vertex 26 -65.9135 8.3
      vertex 23 -60.4865 8.3
      vertex 23 -65.9135 8.3
    endloop
  endfacet
  facet normal 0 -0.866021 0.500007
    outer loop
      vertex 23 -60.4865 8.3
      vertex 26 -57.7729 13
      vertex 23 -57.7729 13
    endloop
  endfacet
  facet normal 0 -0.866021 0.500007
    outer loop
      vertex 26 -57.7729 13
      vertex 23 -60.4865 8.3
      vertex 26 -60.4865 8.3
    endloop
  endfacet
  facet normal 0 0 -1
    outer loop
      vertex 23 -65.9135 17.7
      vertex 26 -60.4865 17.7
      vertex 26 -65.9135 17.7
    endloop
  endfacet
  facet normal -0 0 -1
    outer loop
      vertex 26 -60.4865 17.7
      vertex 23 -65.9135 17.7
      vertex 23 -60.4865 17.7
    endloop
  endfacet
  facet normal 0 -0.866021 -0.500007
    outer loop
      vertex 23 -57.7729 13
      vertex 26 -60.4865 17.7
      vertex 23 -60.4865 17.7
    endloop
  endfacet
  facet normal 0 -0.866021 -0.500007
    outer loop
      vertex 26 -60.4865 17.7
      vertex 23 -57.7729 13
      vertex 26 -57.7729 13
    endloop
  endfacet
  facet normal 0 0.866021 -0.500007
    outer loop
      vertex 26 -68.6271 13
      vertex 23 -65.9135 17.7
      vertex 26 -65.9135 17.7
    endloop
  endfacet
  facet normal 0 0.866021 -0.500007
    outer loop
      vertex 23 -65.9135 17.7
      vertex 26 -68.6271 13
      vertex 23 -68.6271 13
    endloop
  endfacet
  facet normal 0 0.866021 0.500007
    outer loop
      vertex 26 -65.9135 8.3
      vertex 23 -68.6271 13
      vertex 26 -68.6271 13
    endloop
  endfacet
  facet normal 0 0.866021 0.500007
    outer loop
      vertex 23 -68.6271 13
      vertex 26 -65.9135 8.3
      vertex 23 -65.9135 8.3
    endloop
  endfacet
  facet normal 1 -0 0
    outer loop
      vertex 23 -60.9483 14.3
      vertex 23 -57.7729 13
      vertex 23 -60.4865 17.7
    endloop
  endfacet
  facet normal 1 0 0
    outer loop
      vertex 23 -60.6099 12.7734
      vertex 23 -57.7729 13
      vertex 23 -60.6 13
    endloop
  endfacet
  facet normal 1 0 0
    outer loop
      vertex 23 -57.7729 13
      vertex 23 -60.6099 13.2266
      vertex 23 -60.6 13
    endloop
  endfacet
  facet normal 1 0 0
    outer loop
      vertex 23 -57.7729 13
      vertex 23 -60.6395 13.4515
      vertex 23 -60.6099 13.2266
    endloop
  endfacet
  facet normal 1 0 0
    outer loop
      vertex 23 -57.7729 13
      vertex 23 -60.6886 13.6729
      vertex 23 -60.6395 13.4515
    endloop
  endfacet
  facet normal 1 0 0
    outer loop
      vertex 23 -57.7729 13
      vertex 23 -60.7568 13.8893
      vertex 23 -60.6886 13.6729
    endloop
  endfacet
  facet normal 1 0 0
    outer loop
      vertex 23 -57.7729 13
      vertex 23 -60.8436 14.0988
      vertex 23 -60.7568 13.8893
    endloop
  endfacet
  facet normal 1 0 0
    outer loop
      vertex 23 -57.7729 13
      vertex 23 -60.9483 14.3
      vertex 23 -60.8436 14.0988
    endloop
  endfacet
  facet normal 1 0 0
    outer loop
      vertex 23 -60.4865 17.7
      vertex 23 -61.0702 14.4913
      vertex 23 -60.9483 14.3
    endloop
  endfacet
  facet normal 1 0 0
    outer loop
      vertex 23 -60.4865 17.7
      vertex 23 -61.2083 14.6712
      vertex 23 -61.0702 14.4913
    endloop
  endfacet
  facet normal 1 0 0
    outer loop
      vertex 23 -60.4865 17.7
      vertex 23 -61.3615 14.8385
      vertex 23 -61.2083 14.6712
    endloop
  endfacet
  facet normal 1 0 0
    outer loop
      vertex 23 -60.4865 17.7
      vertex 23 -61.5288 14.9917
      vertex 23 -61.3615 14.8385
    endloop
  endfacet
  facet normal 1 0 0
    outer loop
      vertex 23 -60.4865 17.7
      vertex 23 -61.7087 15.1298
      vertex 23 -61.5288 14.9917
    endloop
  endfacet
  facet normal 1 0 0
    outer loop
      vertex 23 -60.4865 17.7
      vertex 23 -61.9 15.2517
      vertex 23 -61.7087 15.1298
    endloop
  endfacet
  facet normal 1 0 0
    outer loop
      vertex 23 -60.4865 17.7
      vertex 23 -62.1012 15.3564
      vertex 23 -61.9 15.2517
    endloop
  endfacet
  facet normal 1 0 0
    outer loop
      vertex 23 -60.4865 17.7
      vertex 23 -62.3107 15.4432
      vertex 23 -62.1012 15.3564
    endloop
  endfacet
  facet normal 1 0 0
    outer loop
      vertex 23 -60.4865 17.7
      vertex 23 -62.5271 15.5114
      vertex 23 -62.3107 15.4432
    endloop
  endfacet
  facet normal 1 0 0
    outer loop
      vertex 23 -60.4865 17.7
      vertex 23 -62.7485 15.5605
      vertex 23 -62.5271 15.5114
    endloop
  endfacet
  facet normal 1 0 0
    outer loop
      vertex 23 -60.4865 17.7
      vertex 23 -62.9734 15.5901
      vertex 23 -62.7485 15.5605
    endloop
  endfacet
  facet normal 1 0 0
    outer loop
      vertex 23 -60.4865 17.7
      vertex 23 -63.2 15.6
      vertex 23 -62.9734 15.5901
    endloop
  endfacet
  facet normal 1 -0 0
    outer loop
      vertex 23 -65.9135 17.7
      vertex 23 -63.2 15.6
      vertex 23 -60.4865 17.7
    endloop
  endfacet
  facet normal 1 0 0
    outer loop
      vertex 23 -63.2 15.6
      vertex 23 -65.9135 17.7
      vertex 23 -63.4266 15.5901
    endloop
  endfacet
  facet normal 1 0 0
    outer loop
      vertex 23 -63.4266 15.5901
      vertex 23 -65.9135 17.7
      vertex 23 -63.6515 15.5605
    endloop
  endfacet
  facet normal 1 0 0
    outer loop
      vertex 23 -63.6515 15.5605
      vertex 23 -65.9135 17.7
      vertex 23 -63.8729 15.5114
    endloop
  endfacet
  facet normal 1 0 0
    outer loop
      vertex 23 -63.8729 15.5114
      vertex 23 -65.9135 17.7
      vertex 23 -64.0892 15.4432
    endloop
  endfacet
  facet normal 1 0 0
    outer loop
      vertex 23 -64.0892 15.4432
      vertex 23 -65.9135 17.7
      vertex 23 -64.2988 15.3564
    endloop
  endfacet
  facet normal 1 0 0
    outer loop
      vertex 23 -65.7605 13.4515
      vertex 23 -68.6271 13
      vertex 23 -65.7901 13.2266
    endloop
  endfacet
  facet normal 1 0 0
    outer loop
      vertex 23 -65.7114 13.6729
      vertex 23 -68.6271 13
      vertex 23 -65.7605 13.4515
    endloop
  endfacet
  facet normal 1 0 0
    outer loop
      vertex 23 -65.6432 13.8893
      vertex 23 -68.6271 13
      vertex 23 -65.7114 13.6729
    endloop
  endfacet
  facet normal 1 0 0
    outer loop
      vertex 23 -65.5564 14.0988
      vertex 23 -68.6271 13
      vertex 23 -65.6432 13.8893
    endloop
  endfacet
  facet normal 1 0 0
    outer loop
      vertex 23 -65.4517 14.3
      vertex 23 -68.6271 13
      vertex 23 -65.5564 14.0988
    endloop
  endfacet
  facet normal 1 0 0
    outer loop
      vertex 23 -68.6271 13
      vertex 23 -65.4517 14.3
      vertex 23 -65.9135 17.7
    endloop
  endfacet
  facet normal 1 0 0
    outer loop
      vertex 23 -65.3298 14.4913
      vertex 23 -65.9135 17.7
      vertex 23 -65.4517 14.3
    endloop
  endfacet
  facet normal 1 0 0
    outer loop
      vertex 23 -65.1917 14.6712
      vertex 23 -65.9135 17.7
      vertex 23 -65.3298 14.4913
    endloop
  endfacet
  facet normal 1 0 0
    outer loop
      vertex 23 -65.0385 14.8385
      vertex 23 -65.9135 17.7
      vertex 23 -65.1917 14.6712
    endloop
  endfacet
  facet normal 1 0 0
    outer loop
      vertex 23 -64.8712 14.9917
      vertex 23 -65.9135 17.7
      vertex 23 -65.0385 14.8385
    endloop
  endfacet
  facet normal 1 0 0
    outer loop
      vertex 23 -64.6913 15.1298
      vertex 23 -65.9135 17.7
      vertex 23 -64.8712 14.9917
    endloop
  endfacet
  facet normal 1 0 0
    outer loop
      vertex 23 -64.5 15.2517
      vertex 23 -65.9135 17.7
      vertex 23 -64.6913 15.1298
    endloop
  endfacet
  facet normal 1 0 0
    outer loop
      vertex 23 -64.2988 15.3564
      vertex 23 -65.9135 17.7
      vertex 23 -64.5 15.2517
    endloop
  endfacet
  facet normal 1 0 0
    outer loop
      vertex 23 -60.6395 12.5485
      vertex 23 -57.7729 13
      vertex 23 -60.6099 12.7734
    endloop
  endfacet
  facet normal 1 0 0
    outer loop
      vertex 23 -60.6886 12.3271
      vertex 23 -57.7729 13
      vertex 23 -60.6395 12.5485
    endloop
  endfacet
  facet normal 1 0 0
    outer loop
      vertex 23 -60.7568 12.1107
      vertex 23 -57.7729 13
      vertex 23 -60.6886 12.3271
    endloop
  endfacet
  facet normal 1 0 0
    outer loop
      vertex 23 -60.8436 11.9012
      vertex 23 -57.7729 13
      vertex 23 -60.7568 12.1107
    endloop
  endfacet
  facet normal 1 0 0
    outer loop
      vertex 23 -60.9483 11.7
      vertex 23 -57.7729 13
      vertex 23 -60.8436 11.9012
    endloop
  endfacet
  facet normal 1 0 0
    outer loop
      vertex 23 -57.7729 13
      vertex 23 -60.9483 11.7
      vertex 23 -60.4865 8.3
    endloop
  endfacet
  facet normal 1 -0 0
    outer loop
      vertex 23 -61.0702 11.5087
      vertex 23 -60.4865 8.3
      vertex 23 -60.9483 11.7
    endloop
  endfacet
  facet normal 1 -0 0
    outer loop
      vertex 23 -61.2083 11.3288
      vertex 23 -60.4865 8.3
      vertex 23 -61.0702 11.5087
    endloop
  endfacet
  facet normal 1 -0 0
    outer loop
      vertex 23 -61.3615 11.1615
      vertex 23 -60.4865 8.3
      vertex 23 -61.2083 11.3288
    endloop
  endfacet
  facet normal 1 -0 0
    outer loop
      vertex 23 -61.5288 11.0083
      vertex 23 -60.4865 8.3
      vertex 23 -61.3615 11.1615
    endloop
  endfacet
  facet normal 1 -0 0
    outer loop
      vertex 23 -61.7087 10.8702
      vertex 23 -60.4865 8.3
      vertex 23 -61.5288 11.0083
    endloop
  endfacet
  facet normal 1 -0 0
    outer loop
      vertex 23 -61.9 10.7483
      vertex 23 -60.4865 8.3
      vertex 23 -61.7087 10.8702
    endloop
  endfacet
  facet normal 1 -0 0
    outer loop
      vertex 23 -62.1012 10.6436
      vertex 23 -60.4865 8.3
      vertex 23 -61.9 10.7483
    endloop
  endfacet
  facet normal 1 -0 0
    outer loop
      vertex 23 -62.3107 10.5568
      vertex 23 -60.4865 8.3
      vertex 23 -62.1012 10.6436
    endloop
  endfacet
  facet normal 1 -0 0
    outer loop
      vertex 23 -62.5271 10.4886
      vertex 23 -60.4865 8.3
      vertex 23 -62.3107 10.5568
    endloop
  endfacet
  facet normal 1 -0 0
    outer loop
      vertex 23 -62.7485 10.4395
      vertex 23 -60.4865 8.3
      vertex 23 -62.5271 10.4886
    endloop
  endfacet
  facet normal 1 -0 0
    outer loop
      vertex 23 -62.9734 10.4099
      vertex 23 -60.4865 8.3
      vertex 23 -62.7485 10.4395
    endloop
  endfacet
  facet normal 1 -0 0
    outer loop
      vertex 23 -63.2 10.4
      vertex 23 -60.4865 8.3
      vertex 23 -62.9734 10.4099
    endloop
  endfacet
  facet normal 1 0 0
    outer loop
      vertex 23 -65.9135 8.3
      vertex 23 -63.2 10.4
      vertex 23 -63.4266 10.4099
    endloop
  endfacet
  facet normal 1 0 0
    outer loop
      vertex 23 -65.9135 8.3
      vertex 23 -63.4266 10.4099
      vertex 23 -63.6515 10.4395
    endloop
  endfacet
  facet normal 1 0 0
    outer loop
      vertex 23 -65.9135 8.3
      vertex 23 -63.6515 10.4395
      vertex 23 -63.8729 10.4886
    endloop
  endfacet
  facet normal 1 0 0
    outer loop
      vertex 23 -65.9135 8.3
      vertex 23 -63.8729 10.4886
      vertex 23 -64.0892 10.5568
    endloop
  endfacet
  facet normal 1 0 0
    outer loop
      vertex 23 -65.9135 8.3
      vertex 23 -64.0892 10.5568
      vertex 23 -64.2988 10.6436
    endloop
  endfacet
  facet normal 1 0 0
    outer loop
      vertex 23 -65.9135 8.3
      vertex 23 -64.2988 10.6436
      vertex 23 -64.5 10.7483
    endloop
  endfacet
  facet normal 1 0 0
    outer loop
      vertex 23 -63.2 10.4
      vertex 23 -65.9135 8.3
      vertex 23 -60.4865 8.3
    endloop
  endfacet
  facet normal 1 0 0
    outer loop
      vertex 23 -64.6913 10.8702
      vertex 23 -65.9135 8.3
      vertex 23 -64.5 10.7483
    endloop
  endfacet
  facet normal 1 0 0
    outer loop
      vertex 23 -64.8712 11.0083
      vertex 23 -65.9135 8.3
      vertex 23 -64.6913 10.8702
    endloop
  endfacet
  facet normal 1 0 0
    outer loop
      vertex 23 -65.0385 11.1615
      vertex 23 -65.9135 8.3
      vertex 23 -64.8712 11.0083
    endloop
  endfacet
  facet normal 1 0 0
    outer loop
      vertex 23 -65.1917 11.3288
      vertex 23 -65.9135 8.3
      vertex 23 -65.0385 11.1615
    endloop
  endfacet
  facet normal 1 0 0
    outer loop
      vertex 23 -65.3298 11.5087
      vertex 23 -65.9135 8.3
      vertex 23 -65.1917 11.3288
    endloop
  endfacet
  facet normal 1 0 0
    outer loop
      vertex 23 -65.4517 11.7
      vertex 23 -65.9135 8.3
      vertex 23 -65.3298 11.5087
    endloop
  endfacet
  facet normal 1 0 0
    outer loop
      vertex 23 -68.6271 13
      vertex 23 -65.4517 11.7
      vertex 23 -65.5564 11.9012
    endloop
  endfacet
  facet normal 1 0 0
    outer loop
      vertex 23 -68.6271 13
      vertex 23 -65.5564 11.9012
      vertex 23 -65.6432 12.1107
    endloop
  endfacet
  facet normal 1 0 0
    outer loop
      vertex 23 -68.6271 13
      vertex 23 -65.6432 12.1107
      vertex 23 -65.7114 12.3271
    endloop
  endfacet
  facet normal 1 0 0
    outer loop
      vertex 23 -68.6271 13
      vertex 23 -65.7114 12.3271
      vertex 23 -65.7605 12.5485
    endloop
  endfacet
  facet normal 1 0 0
    outer loop
      vertex 23 -68.6271 13
      vertex 23 -65.7605 12.5485
      vertex 23 -65.7901 12.7734
    endloop
  endfacet
  facet normal 1 -0 0
    outer loop
      vertex 23 -68.6271 13
      vertex 23 -65.7901 12.7734
      vertex 23 -65.8 13
    endloop
  endfacet
  facet normal 1 0 0
    outer loop
      vertex 23 -65.7901 13.2266
      vertex 23 -68.6271 13
      vertex 23 -65.8 13
    endloop
  endfacet
  facet normal 1 0 0
    outer loop
      vertex 23 -65.4517 11.7
      vertex 23 -68.6271 13
      vertex 23 -65.9135 8.3
    endloop
  endfacet
  facet normal 0.130459 -0.991454 0
    outer loop
      vertex -0.729321 -49.8638 -10
      vertex -0.366054 -49.816 -7.2
      vertex -0.729321 -49.8638 -7.2
    endloop
  endfacet
  facet normal 0.130459 -0.991454 0
    outer loop
      vertex -0.366054 -49.816 -7.2
      vertex -0.729321 -49.8638 -10
      vertex -0.366054 -49.816 -10
    endloop
  endfacet
  facet normal 0.130459 -0.991454 0
    outer loop
      vertex -0.729321 -49.8638 33.2
      vertex -0.366054 -49.816 39
      vertex -0.729321 -49.8638 39
    endloop
  endfacet
  facet normal 0.130459 -0.991454 0
    outer loop
      vertex -0.366054 -49.816 39
      vertex -0.729321 -49.8638 33.2
      vertex -0.366054 -49.816 33.2
    endloop
  endfacet
  facet normal -0.99144 0.130563 0
    outer loop
      vertex 4.13619 -54.7293 -10
      vertex 4.18402 -54.3661 -7.2
      vertex 4.18402 -54.3661 -10
    endloop
  endfacet
  facet normal -0.99144 0.130563 0
    outer loop
      vertex 4.18402 -54.3661 -7.2
      vertex 4.13619 -54.7293 -10
      vertex 4.13619 -54.7293 -7.2
    endloop
  endfacet
  facet normal -0.99144 0.130563 0
    outer loop
      vertex 4.13619 -54.7293 33.2
      vertex 4.18402 -54.3661 39
      vertex 4.18402 -54.3661 33.2
    endloop
  endfacet
  facet normal -0.99144 0.130563 0
    outer loop
      vertex 4.18402 -54.3661 39
      vertex 4.13619 -54.7293 33.2
      vertex 4.13619 -54.7293 39
    endloop
  endfacet
  facet normal -0.999049 0.0436078 0
    outer loop
      vertex 4.18402 -54.3661 -10
      vertex 4.2 -54 -7.2
      vertex 4.2 -54 -10
    endloop
  endfacet
  facet normal -0.999049 0.0436078 0
    outer loop
      vertex 4.2 -54 -7.2
      vertex 4.18402 -54.3661 -10
      vertex 4.18402 -54.3661 -7.2
    endloop
  endfacet
  facet normal -0.999049 0.0436078 0
    outer loop
      vertex 4.18402 -54.3661 33.2
      vertex 4.2 -54 39
      vertex 4.2 -54 33.2
    endloop
  endfacet
  facet normal -0.999049 0.0436078 0
    outer loop
      vertex 4.2 -54 39
      vertex 4.18402 -54.3661 33.2
      vertex 4.18402 -54.3661 39
    endloop
  endfacet
  facet normal 0.793369 0.608741 0
    outer loop
      vertex -3.21739 -56.6997 -7.2
      vertex -3.44044 -56.409 -10
      vertex -3.44044 -56.409 -7.2
    endloop
  endfacet
  facet normal 0.793369 0.608741 0
    outer loop
      vertex -3.44044 -56.409 -10
      vertex -3.21739 -56.6997 -7.2
      vertex -3.21739 -56.6997 -10
    endloop
  endfacet
  facet normal 0.793369 0.608741 0
    outer loop
      vertex -3.21739 -56.6997 39
      vertex -3.44044 -56.409 33.2
      vertex -3.44044 -56.409 39
    endloop
  endfacet
  facet normal 0.793369 0.608741 0
    outer loop
      vertex -3.44044 -56.409 33.2
      vertex -3.21739 -56.6997 39
      vertex -3.21739 -56.6997 33.2
    endloop
  endfacet
  facet normal -0.130459 0.991454 0
    outer loop
      vertex 0.729321 -58.1362 -10
      vertex 0.366054 -58.184 -7.2
      vertex 0.729321 -58.1362 -7.2
    endloop
  endfacet
  facet normal -0.130459 0.991454 0
    outer loop
      vertex 0.366054 -58.184 -7.2
      vertex 0.729321 -58.1362 -10
      vertex 0.366054 -58.184 -10
    endloop
  endfacet
  facet normal -0.130459 0.991454 0
    outer loop
      vertex 0.729321 -58.1362 33.2
      vertex 0.366054 -58.184 39
      vertex 0.729321 -58.1362 39
    endloop
  endfacet
  facet normal -0.130459 0.991454 0
    outer loop
      vertex 0.366054 -58.184 39
      vertex 0.729321 -58.1362 33.2
      vertex 0.366054 -58.184 33.2
    endloop
  endfacet
  facet normal 0.608668 -0.793425 0
    outer loop
      vertex -2.69971 -50.7826 -10
      vertex -2.40902 -50.5596 -7.2
      vertex -2.69971 -50.7826 -7.2
    endloop
  endfacet
  facet normal 0.608668 -0.793425 0
    outer loop
      vertex -2.40902 -50.5596 -7.2
      vertex -2.69971 -50.7826 -10
      vertex -2.40902 -50.5596 -10
    endloop
  endfacet
  facet normal 0.608668 -0.793425 0
    outer loop
      vertex -2.69971 -50.7826 33.2
      vertex -2.40902 -50.5596 39
      vertex -2.69971 -50.7826 39
    endloop
  endfacet
  facet normal 0.608668 -0.793425 0
    outer loop
      vertex -2.40902 -50.5596 39
      vertex -2.69971 -50.7826 33.2
      vertex -2.40902 -50.5596 33.2
    endloop
  endfacet
  facet normal -0.737224 -0.675648 0
    outer loop
      vertex 3.21739 -51.3003 -10
      vertex 2.96985 -51.0302 -7.2
      vertex 2.96985 -51.0302 -10
    endloop
  endfacet
  facet normal -0.737224 -0.675648 0
    outer loop
      vertex 2.96985 -51.0302 -7.2
      vertex 3.21739 -51.3003 -10
      vertex 3.21739 -51.3003 -7.2
    endloop
  endfacet
  facet normal -0.737224 -0.675648 0
    outer loop
      vertex 3.21739 -51.3003 33.2
      vertex 2.96985 -51.0302 39
      vertex 2.96985 -51.0302 33.2
    endloop
  endfacet
  facet normal -0.737224 -0.675648 0
    outer loop
      vertex 2.96985 -51.0302 39
      vertex 3.21739 -51.3003 33.2
      vertex 3.21739 -51.3003 39
    endloop
  endfacet
  facet normal 0.216428 0.976299 -0
    outer loop
      vertex -0.729321 -58.1362 -10
      vertex -1.08704 -58.0569 -7.2
      vertex -0.729321 -58.1362 -7.2
    endloop
  endfacet
  facet normal 0.216428 0.976299 0
    outer loop
      vertex -1.08704 -58.0569 -7.2
      vertex -0.729321 -58.1362 -10
      vertex -1.08704 -58.0569 -10
    endloop
  endfacet
  facet normal 0.216428 0.976299 -0
    outer loop
      vertex -0.729321 -58.1362 33.2
      vertex -1.08704 -58.0569 39
      vertex -0.729321 -58.1362 39
    endloop
  endfacet
  facet normal 0.216428 0.976299 0
    outer loop
      vertex -1.08704 -58.0569 39
      vertex -0.729321 -58.1362 33.2
      vertex -1.08704 -58.0569 33.2
    endloop
  endfacet
  facet normal -0.130459 -0.991454 0
    outer loop
      vertex 0.366054 -49.816 -10
      vertex 0.729321 -49.8638 -7.2
      vertex 0.366054 -49.816 -7.2
    endloop
  endfacet
  facet normal -0.130459 -0.991454 -0
    outer loop
      vertex 0.729321 -49.8638 -7.2
      vertex 0.366054 -49.816 -10
      vertex 0.729321 -49.8638 -10
    endloop
  endfacet
  facet normal -0.130459 -0.991454 0
    outer loop
      vertex 0.366054 -49.816 33.2
      vertex 0.729321 -49.8638 39
      vertex 0.366054 -49.816 39
    endloop
  endfacet
  facet normal -0.130459 -0.991454 -0
    outer loop
      vertex 0.729321 -49.8638 39
      vertex 0.366054 -49.816 33.2
      vertex 0.729321 -49.8638 33.2
    endloop
  endfacet
  facet normal 0.887016 0.461739 0
    outer loop
      vertex -3.63731 -56.1 -7.2
      vertex -3.80649 -55.775 -10
      vertex -3.80649 -55.775 -7.2
    endloop
  endfacet
  facet normal 0.887016 0.461739 0
    outer loop
      vertex -3.80649 -55.775 -10
      vertex -3.63731 -56.1 -7.2
      vertex -3.63731 -56.1 -10
    endloop
  endfacet
  facet normal 0.887016 0.461739 0
    outer loop
      vertex -3.63731 -56.1 39
      vertex -3.80649 -55.775 33.2
      vertex -3.80649 -55.775 39
    endloop
  endfacet
  facet normal 0.887016 0.461739 0
    outer loop
      vertex -3.80649 -55.775 33.2
      vertex -3.63731 -56.1 39
      vertex -3.63731 -56.1 33.2
    endloop
  endfacet
  facet normal -0.95373 0.300664 0
    outer loop
      vertex 3.94671 -55.4365 -10
      vertex 4.05689 -55.087 -7.2
      vertex 4.05689 -55.087 -10
    endloop
  endfacet
  facet normal -0.95373 0.300664 0
    outer loop
      vertex 4.05689 -55.087 -7.2
      vertex 3.94671 -55.4365 -10
      vertex 3.94671 -55.4365 -7.2
    endloop
  endfacet
  facet normal -0.95373 0.300664 0
    outer loop
      vertex 3.94671 -55.4365 33.2
      vertex 4.05689 -55.087 39
      vertex 4.05689 -55.087 33.2
    endloop
  endfacet
  facet normal -0.95373 0.300664 0
    outer loop
      vertex 4.05689 -55.087 39
      vertex 3.94671 -55.4365 33.2
      vertex 3.94671 -55.4365 39
    endloop
  endfacet
  facet normal 0.537363 0.843351 -0
    outer loop
      vertex -2.1 -57.6373 -10
      vertex -2.40902 -57.4404 -7.2
      vertex -2.1 -57.6373 -7.2
    endloop
  endfacet
  facet normal 0.537363 0.843351 0
    outer loop
      vertex -2.40902 -57.4404 -7.2
      vertex -2.1 -57.6373 -10
      vertex -2.40902 -57.4404 -10
    endloop
  endfacet
  facet normal 0.537363 0.843351 -0
    outer loop
      vertex -2.1 -57.6373 33.2
      vertex -2.40902 -57.4404 39
      vertex -2.1 -57.6373 39
    endloop
  endfacet
  facet normal 0.537363 0.843351 0
    outer loop
      vertex -2.40902 -57.4404 39
      vertex -2.1 -57.6373 33.2
      vertex -2.40902 -57.4404 33.2
    endloop
  endfacet
  facet normal -0.608668 0.793425 0
    outer loop
      vertex 2.69971 -57.2174 -10
      vertex 2.40902 -57.4404 -7.2
      vertex 2.69971 -57.2174 -7.2
    endloop
  endfacet
  facet normal -0.608668 0.793425 0
    outer loop
      vertex 2.40902 -57.4404 -7.2
      vertex 2.69971 -57.2174 -10
      vertex 2.40902 -57.4404 -10
    endloop
  endfacet
  facet normal -0.608668 0.793425 0
    outer loop
      vertex 2.69971 -57.2174 33.2
      vertex 2.40902 -57.4404 39
      vertex 2.69971 -57.2174 39
    endloop
  endfacet
  facet normal -0.608668 0.793425 0
    outer loop
      vertex 2.40902 -57.4404 39
      vertex 2.69971 -57.2174 33.2
      vertex 2.40902 -57.4404 33.2
    endloop
  endfacet
  facet normal 0.95373 -0.300664 0
    outer loop
      vertex -4.05689 -52.913 -7.2
      vertex -3.94671 -52.5635 -10
      vertex -3.94671 -52.5635 -7.2
    endloop
  endfacet
  facet normal 0.95373 -0.300664 0
    outer loop
      vertex -3.94671 -52.5635 -10
      vertex -4.05689 -52.913 -7.2
      vertex -4.05689 -52.913 -10
    endloop
  endfacet
  facet normal 0.95373 -0.300664 0
    outer loop
      vertex -4.05689 -52.913 39
      vertex -3.94671 -52.5635 33.2
      vertex -3.94671 -52.5635 39
    endloop
  endfacet
  facet normal 0.95373 -0.300664 0
    outer loop
      vertex -3.94671 -52.5635 33.2
      vertex -4.05689 -52.913 39
      vertex -4.05689 -52.913 33.2
    endloop
  endfacet
  facet normal -0.793369 -0.608741 0
    outer loop
      vertex 3.44044 -51.591 -10
      vertex 3.21739 -51.3003 -7.2
      vertex 3.21739 -51.3003 -10
    endloop
  endfacet
  facet normal -0.793369 -0.608741 0
    outer loop
      vertex 3.21739 -51.3003 -7.2
      vertex 3.44044 -51.591 -10
      vertex 3.44044 -51.591 -7.2
    endloop
  endfacet
  facet normal -0.793369 -0.608741 0
    outer loop
      vertex 3.44044 -51.591 33.2
      vertex 3.21739 -51.3003 39
      vertex 3.21739 -51.3003 33.2
    endloop
  endfacet
  facet normal -0.793369 -0.608741 0
    outer loop
      vertex 3.21739 -51.3003 39
      vertex 3.44044 -51.591 33.2
      vertex 3.44044 -51.591 39
    endloop
  endfacet
  facet normal -0.793369 0.608741 0
    outer loop
      vertex 3.21739 -56.6997 -10
      vertex 3.44044 -56.409 -7.2
      vertex 3.44044 -56.409 -10
    endloop
  endfacet
  facet normal -0.793369 0.608741 0
    outer loop
      vertex 3.44044 -56.409 -7.2
      vertex 3.21739 -56.6997 -10
      vertex 3.21739 -56.6997 -7.2
    endloop
  endfacet
  facet normal -0.793369 0.608741 0
    outer loop
      vertex 3.21739 -56.6997 33.2
      vertex 3.44044 -56.409 39
      vertex 3.44044 -56.409 33.2
    endloop
  endfacet
  facet normal -0.793369 0.608741 0
    outer loop
      vertex 3.44044 -56.409 39
      vertex 3.21739 -56.6997 33.2
      vertex 3.21739 -56.6997 39
    endloop
  endfacet
  facet normal 0.461782 0.886993 -0
    outer loop
      vertex -1.775 -57.8065 -10
      vertex -2.1 -57.6373 -7.2
      vertex -1.775 -57.8065 -7.2
    endloop
  endfacet
  facet normal 0.461782 0.886993 0
    outer loop
      vertex -2.1 -57.6373 -7.2
      vertex -1.775 -57.8065 -10
      vertex -2.1 -57.6373 -10
    endloop
  endfacet
  facet normal 0.461782 0.886993 -0
    outer loop
      vertex -1.775 -57.8065 33.2
      vertex -2.1 -57.6373 39
      vertex -1.775 -57.8065 39
    endloop
  endfacet
  facet normal 0.461782 0.886993 0
    outer loop
      vertex -2.1 -57.6373 39
      vertex -1.775 -57.8065 33.2
      vertex -2.1 -57.6373 33.2
    endloop
  endfacet
  facet normal -0.976296 -0.216439 0
    outer loop
      vertex 4.13619 -53.2707 -10
      vertex 4.05689 -52.913 -7.2
      vertex 4.05689 -52.913 -10
    endloop
  endfacet
  facet normal -0.976296 -0.216439 0
    outer loop
      vertex 4.05689 -52.913 -7.2
      vertex 4.13619 -53.2707 -10
      vertex 4.13619 -53.2707 -7.2
    endloop
  endfacet
  facet normal -0.976296 -0.216439 0
    outer loop
      vertex 4.13619 -53.2707 33.2
      vertex 4.05689 -52.913 39
      vertex 4.05689 -52.913 33.2
    endloop
  endfacet
  facet normal -0.976296 -0.216439 0
    outer loop
      vertex 4.05689 -52.913 39
      vertex 4.13619 -53.2707 33.2
      vertex 4.13619 -53.2707 39
    endloop
  endfacet
  facet normal 0.30076 -0.9537 0
    outer loop
      vertex -1.43648 -50.0533 -10
      vertex -1.08704 -49.9431 -7.2
      vertex -1.43648 -50.0533 -7.2
    endloop
  endfacet
  facet normal 0.30076 -0.9537 0
    outer loop
      vertex -1.08704 -49.9431 -7.2
      vertex -1.43648 -50.0533 -10
      vertex -1.08704 -49.9431 -10
    endloop
  endfacet
  facet normal 0.30076 -0.9537 0
    outer loop
      vertex -1.43648 -50.0533 33.2
      vertex -1.08704 -49.9431 39
      vertex -1.43648 -50.0533 39
    endloop
  endfacet
  facet normal 0.30076 -0.9537 0
    outer loop
      vertex -1.08704 -49.9431 39
      vertex -1.43648 -50.0533 33.2
      vertex -1.08704 -49.9431 33.2
    endloop
  endfacet
  facet normal -0.675683 -0.737193 0
    outer loop
      vertex 2.69971 -50.7826 -10
      vertex 2.96985 -51.0302 -7.2
      vertex 2.69971 -50.7826 -7.2
    endloop
  endfacet
  facet normal -0.675683 -0.737193 -0
    outer loop
      vertex 2.96985 -51.0302 -7.2
      vertex 2.69971 -50.7826 -10
      vertex 2.96985 -51.0302 -10
    endloop
  endfacet
  facet normal -0.675683 -0.737193 0
    outer loop
      vertex 2.69971 -50.7826 33.2
      vertex 2.96985 -51.0302 39
      vertex 2.69971 -50.7826 39
    endloop
  endfacet
  facet normal -0.675683 -0.737193 -0
    outer loop
      vertex 2.96985 -51.0302 39
      vertex 2.69971 -50.7826 33.2
      vertex 2.96985 -51.0302 33.2
    endloop
  endfacet
  facet normal 0.793369 -0.608741 0
    outer loop
      vertex -3.44044 -51.591 -7.2
      vertex -3.21739 -51.3003 -10
      vertex -3.21739 -51.3003 -7.2
    endloop
  endfacet
  facet normal 0.793369 -0.608741 0
    outer loop
      vertex -3.21739 -51.3003 -10
      vertex -3.44044 -51.591 -7.2
      vertex -3.44044 -51.591 -10
    endloop
  endfacet
  facet normal 0.793369 -0.608741 0
    outer loop
      vertex -3.44044 -51.591 39
      vertex -3.21739 -51.3003 33.2
      vertex -3.21739 -51.3003 39
    endloop
  endfacet
  facet normal 0.793369 -0.608741 0
    outer loop
      vertex -3.21739 -51.3003 33.2
      vertex -3.44044 -51.591 39
      vertex -3.44044 -51.591 33.2
    endloop
  endfacet
  facet normal -0.461782 0.886993 0
    outer loop
      vertex 2.1 -57.6373 -10
      vertex 1.775 -57.8065 -7.2
      vertex 2.1 -57.6373 -7.2
    endloop
  endfacet
  facet normal -0.461782 0.886993 0
    outer loop
      vertex 1.775 -57.8065 -7.2
      vertex 2.1 -57.6373 -10
      vertex 1.775 -57.8065 -10
    endloop
  endfacet
  facet normal -0.461782 0.886993 0
    outer loop
      vertex 2.1 -57.6373 33.2
      vertex 1.775 -57.8065 39
      vertex 2.1 -57.6373 39
    endloop
  endfacet
  facet normal -0.461782 0.886993 0
    outer loop
      vertex 1.775 -57.8065 39
      vertex 2.1 -57.6373 33.2
      vertex 1.775 -57.8065 33.2
    endloop
  endfacet
  facet normal -0.537363 0.843351 0
    outer loop
      vertex 2.40902 -57.4404 -10
      vertex 2.1 -57.6373 -7.2
      vertex 2.40902 -57.4404 -7.2
    endloop
  endfacet
  facet normal -0.537363 0.843351 0
    outer loop
      vertex 2.1 -57.6373 -7.2
      vertex 2.40902 -57.4404 -10
      vertex 2.1 -57.6373 -10
    endloop
  endfacet
  facet normal -0.537363 0.843351 0
    outer loop
      vertex 2.40902 -57.4404 33.2
      vertex 2.1 -57.6373 39
      vertex 2.40902 -57.4404 39
    endloop
  endfacet
  facet normal -0.537363 0.843351 0
    outer loop
      vertex 2.1 -57.6373 39
      vertex 2.40902 -57.4404 33.2
      vertex 2.1 -57.6373 33.2
    endloop
  endfacet
  facet normal 0.608668 0.793425 -0
    outer loop
      vertex -2.40902 -57.4404 -10
      vertex -2.69971 -57.2174 -7.2
      vertex -2.40902 -57.4404 -7.2
    endloop
  endfacet
  facet normal 0.608668 0.793425 0
    outer loop
      vertex -2.69971 -57.2174 -7.2
      vertex -2.40902 -57.4404 -10
      vertex -2.69971 -57.2174 -10
    endloop
  endfacet
  facet normal 0.608668 0.793425 -0
    outer loop
      vertex -2.40902 -57.4404 33.2
      vertex -2.69971 -57.2174 39
      vertex -2.40902 -57.4404 39
    endloop
  endfacet
  facet normal 0.608668 0.793425 0
    outer loop
      vertex -2.69971 -57.2174 39
      vertex -2.40902 -57.4404 33.2
      vertex -2.69971 -57.2174 33.2
    endloop
  endfacet
  facet normal -0.923871 0.382704 0
    outer loop
      vertex 3.80649 -55.775 -10
      vertex 3.94671 -55.4365 -7.2
      vertex 3.94671 -55.4365 -10
    endloop
  endfacet
  facet normal -0.923871 0.382704 0
    outer loop
      vertex 3.94671 -55.4365 -7.2
      vertex 3.80649 -55.775 -10
      vertex 3.80649 -55.775 -7.2
    endloop
  endfacet
  facet normal -0.923871 0.382704 0
    outer loop
      vertex 3.80649 -55.775 33.2
      vertex 3.94671 -55.4365 39
      vertex 3.94671 -55.4365 33.2
    endloop
  endfacet
  facet normal -0.923871 0.382704 0
    outer loop
      vertex 3.94671 -55.4365 39
      vertex 3.80649 -55.775 33.2
      vertex 3.80649 -55.775 39
    endloop
  endfacet
  facet normal 0.537363 -0.843351 0
    outer loop
      vertex -2.40902 -50.5596 -10
      vertex -2.1 -50.3627 -7.2
      vertex -2.40902 -50.5596 -7.2
    endloop
  endfacet
  facet normal 0.537363 -0.843351 0
    outer loop
      vertex -2.1 -50.3627 -7.2
      vertex -2.40902 -50.5596 -10
      vertex -2.1 -50.3627 -10
    endloop
  endfacet
  facet normal 0.537363 -0.843351 0
    outer loop
      vertex -2.40902 -50.5596 33.2
      vertex -2.1 -50.3627 39
      vertex -2.40902 -50.5596 39
    endloop
  endfacet
  facet normal 0.537363 -0.843351 0
    outer loop
      vertex -2.1 -50.3627 39
      vertex -2.40902 -50.5596 33.2
      vertex -2.1 -50.3627 33.2
    endloop
  endfacet
  facet normal -0.923871 -0.382704 0
    outer loop
      vertex 3.94671 -52.5635 -10
      vertex 3.80649 -52.225 -7.2
      vertex 3.80649 -52.225 -10
    endloop
  endfacet
  facet normal -0.923871 -0.382704 0
    outer loop
      vertex 3.80649 -52.225 -7.2
      vertex 3.94671 -52.5635 -10
      vertex 3.94671 -52.5635 -7.2
    endloop
  endfacet
  facet normal -0.923871 -0.382704 0
    outer loop
      vertex 3.94671 -52.5635 33.2
      vertex 3.80649 -52.225 39
      vertex 3.80649 -52.225 33.2
    endloop
  endfacet
  facet normal -0.923871 -0.382704 0
    outer loop
      vertex 3.80649 -52.225 39
      vertex 3.94671 -52.5635 33.2
      vertex 3.94671 -52.5635 39
    endloop
  endfacet
  facet normal -0.382638 0.923898 0
    outer loop
      vertex 1.775 -57.8065 -10
      vertex 1.43648 -57.9467 -7.2
      vertex 1.775 -57.8065 -7.2
    endloop
  endfacet
  facet normal -0.382638 0.923898 0
    outer loop
      vertex 1.43648 -57.9467 -7.2
      vertex 1.775 -57.8065 -10
      vertex 1.43648 -57.9467 -10
    endloop
  endfacet
  facet normal -0.382638 0.923898 0
    outer loop
      vertex 1.775 -57.8065 33.2
      vertex 1.43648 -57.9467 39
      vertex 1.775 -57.8065 39
    endloop
  endfacet
  facet normal -0.382638 0.923898 0
    outer loop
      vertex 1.43648 -57.9467 39
      vertex 1.775 -57.8065 33.2
      vertex 1.43648 -57.9467 33.2
    endloop
  endfacet
  facet normal -0.99144 -0.130563 0
    outer loop
      vertex 4.18402 -53.6339 -10
      vertex 4.13619 -53.2707 -7.2
      vertex 4.13619 -53.2707 -10
    endloop
  endfacet
  facet normal -0.99144 -0.130563 0
    outer loop
      vertex 4.13619 -53.2707 -7.2
      vertex 4.18402 -53.6339 -10
      vertex 4.18402 -53.6339 -7.2
    endloop
  endfacet
  facet normal -0.99144 -0.130563 0
    outer loop
      vertex 4.18402 -53.6339 33.2
      vertex 4.13619 -53.2707 39
      vertex 4.13619 -53.2707 33.2
    endloop
  endfacet
  facet normal -0.99144 -0.130563 0
    outer loop
      vertex 4.13619 -53.2707 39
      vertex 4.18402 -53.6339 33.2
      vertex 4.18402 -53.6339 39
    endloop
  endfacet
  facet normal -0.999049 -0.0436078 0
    outer loop
      vertex 4.2 -54 -10
      vertex 4.18402 -53.6339 -7.2
      vertex 4.18402 -53.6339 -10
    endloop
  endfacet
  facet normal -0.999049 -0.0436078 0
    outer loop
      vertex 4.18402 -53.6339 -7.2
      vertex 4.2 -54 -10
      vertex 4.2 -54 -7.2
    endloop
  endfacet
  facet normal -0.999049 -0.0436078 0
    outer loop
      vertex 4.2 -54 33.2
      vertex 4.18402 -53.6339 39
      vertex 4.18402 -53.6339 33.2
    endloop
  endfacet
  facet normal -0.999049 -0.0436078 0
    outer loop
      vertex 4.18402 -53.6339 39
      vertex 4.2 -54 33.2
      vertex 4.2 -54 39
    endloop
  endfacet
  facet normal -0.737224 0.675648 0
    outer loop
      vertex 2.96985 -56.9698 -10
      vertex 3.21739 -56.6997 -7.2
      vertex 3.21739 -56.6997 -10
    endloop
  endfacet
  facet normal -0.737224 0.675648 0
    outer loop
      vertex 3.21739 -56.6997 -7.2
      vertex 2.96985 -56.9698 -10
      vertex 2.96985 -56.9698 -7.2
    endloop
  endfacet
  facet normal -0.737224 0.675648 0
    outer loop
      vertex 2.96985 -56.9698 33.2
      vertex 3.21739 -56.6997 39
      vertex 3.21739 -56.6997 33.2
    endloop
  endfacet
  facet normal -0.737224 0.675648 0
    outer loop
      vertex 3.21739 -56.6997 39
      vertex 2.96985 -56.9698 33.2
      vertex 2.96985 -56.9698 39
    endloop
  endfacet
  facet normal 0.737224 0.675648 0
    outer loop
      vertex -2.96985 -56.9698 -7.2
      vertex -3.21739 -56.6997 -10
      vertex -3.21739 -56.6997 -7.2
    endloop
  endfacet
  facet normal 0.737224 0.675648 0
    outer loop
      vertex -3.21739 -56.6997 -10
      vertex -2.96985 -56.9698 -7.2
      vertex -2.96985 -56.9698 -10
    endloop
  endfacet
  facet normal 0.737224 0.675648 0
    outer loop
      vertex -2.96985 -56.9698 39
      vertex -3.21739 -56.6997 33.2
      vertex -3.21739 -56.6997 39
    endloop
  endfacet
  facet normal 0.737224 0.675648 0
    outer loop
      vertex -3.21739 -56.6997 33.2
      vertex -2.96985 -56.9698 39
      vertex -2.96985 -56.9698 33.2
    endloop
  endfacet
  facet normal -0.461782 -0.886993 0
    outer loop
      vertex 1.775 -50.1935 -10
      vertex 2.1 -50.3627 -7.2
      vertex 1.775 -50.1935 -7.2
    endloop
  endfacet
  facet normal -0.461782 -0.886993 -0
    outer loop
      vertex 2.1 -50.3627 -7.2
      vertex 1.775 -50.1935 -10
      vertex 2.1 -50.3627 -10
    endloop
  endfacet
  facet normal -0.461782 -0.886993 0
    outer loop
      vertex 1.775 -50.1935 33.2
      vertex 2.1 -50.3627 39
      vertex 1.775 -50.1935 39
    endloop
  endfacet
  facet normal -0.461782 -0.886993 -0
    outer loop
      vertex 2.1 -50.3627 39
      vertex 1.775 -50.1935 33.2
      vertex 2.1 -50.3627 33.2
    endloop
  endfacet
  facet normal -0.537363 -0.843351 0
    outer loop
      vertex 2.1 -50.3627 -10
      vertex 2.40902 -50.5596 -7.2
      vertex 2.1 -50.3627 -7.2
    endloop
  endfacet
  facet normal -0.537363 -0.843351 -0
    outer loop
      vertex 2.40902 -50.5596 -7.2
      vertex 2.1 -50.3627 -10
      vertex 2.40902 -50.5596 -10
    endloop
  endfacet
  facet normal -0.537363 -0.843351 0
    outer loop
      vertex 2.1 -50.3627 33.2
      vertex 2.40902 -50.5596 39
      vertex 2.1 -50.3627 39
    endloop
  endfacet
  facet normal -0.537363 -0.843351 -0
    outer loop
      vertex 2.40902 -50.5596 39
      vertex 2.1 -50.3627 33.2
      vertex 2.40902 -50.5596 33.2
    endloop
  endfacet
  facet normal -0.0436677 -0.999046 0
    outer loop
      vertex 0 -49.8 -10
      vertex 0.366054 -49.816 -7.2
      vertex 0 -49.8 -7.2
    endloop
  endfacet
  facet normal -0.0436677 -0.999046 -0
    outer loop
      vertex 0.366054 -49.816 -7.2
      vertex 0 -49.8 -10
      vertex 0.366054 -49.816 -10
    endloop
  endfacet
  facet normal -0.0436677 -0.999046 0
    outer loop
      vertex 0 -49.8 33.2
      vertex 0.366054 -49.816 39
      vertex 0 -49.8 39
    endloop
  endfacet
  facet normal -0.0436677 -0.999046 -0
    outer loop
      vertex 0.366054 -49.816 39
      vertex 0 -49.8 33.2
      vertex 0.366054 -49.816 33.2
    endloop
  endfacet
  facet normal -0.30076 -0.9537 0
    outer loop
      vertex 1.08704 -49.9431 -10
      vertex 1.43648 -50.0533 -7.2
      vertex 1.08704 -49.9431 -7.2
    endloop
  endfacet
  facet normal -0.30076 -0.9537 -0
    outer loop
      vertex 1.43648 -50.0533 -7.2
      vertex 1.08704 -49.9431 -10
      vertex 1.43648 -50.0533 -10
    endloop
  endfacet
  facet normal -0.30076 -0.9537 0
    outer loop
      vertex 1.08704 -49.9431 33.2
      vertex 1.43648 -50.0533 39
      vertex 1.08704 -49.9431 39
    endloop
  endfacet
  facet normal -0.30076 -0.9537 -0
    outer loop
      vertex 1.43648 -50.0533 39
      vertex 1.08704 -49.9431 33.2
      vertex 1.43648 -50.0533 33.2
    endloop
  endfacet
  facet normal -0.95373 -0.300664 0
    outer loop
      vertex 4.05689 -52.913 -10
      vertex 3.94671 -52.5635 -7.2
      vertex 3.94671 -52.5635 -10
    endloop
  endfacet
  facet normal -0.95373 -0.300664 0
    outer loop
      vertex 3.94671 -52.5635 -7.2
      vertex 4.05689 -52.913 -10
      vertex 4.05689 -52.913 -7.2
    endloop
  endfacet
  facet normal -0.95373 -0.300664 0
    outer loop
      vertex 4.05689 -52.913 33.2
      vertex 3.94671 -52.5635 39
      vertex 3.94671 -52.5635 33.2
    endloop
  endfacet
  facet normal -0.95373 -0.300664 0
    outer loop
      vertex 3.94671 -52.5635 39
      vertex 4.05689 -52.913 33.2
      vertex 4.05689 -52.913 39
    endloop
  endfacet
  facet normal -0.843373 -0.537329 0
    outer loop
      vertex 3.63731 -51.9 -10
      vertex 3.44044 -51.591 -7.2
      vertex 3.44044 -51.591 -10
    endloop
  endfacet
  facet normal -0.843373 -0.537329 0
    outer loop
      vertex 3.44044 -51.591 -7.2
      vertex 3.63731 -51.9 -10
      vertex 3.63731 -51.9 -7.2
    endloop
  endfacet
  facet normal -0.843373 -0.537329 0
    outer loop
      vertex 3.63731 -51.9 33.2
      vertex 3.44044 -51.591 39
      vertex 3.44044 -51.591 33.2
    endloop
  endfacet
  facet normal -0.843373 -0.537329 0
    outer loop
      vertex 3.44044 -51.591 39
      vertex 3.63731 -51.9 33.2
      vertex 3.63731 -51.9 39
    endloop
  endfacet
  facet normal 0.843373 -0.537329 0
    outer loop
      vertex -3.63731 -51.9 -7.2
      vertex -3.44044 -51.591 -10
      vertex -3.44044 -51.591 -7.2
    endloop
  endfacet
  facet normal 0.843373 -0.537329 0
    outer loop
      vertex -3.44044 -51.591 -10
      vertex -3.63731 -51.9 -7.2
      vertex -3.63731 -51.9 -10
    endloop
  endfacet
  facet normal 0.843373 -0.537329 0
    outer loop
      vertex -3.63731 -51.9 39
      vertex -3.44044 -51.591 33.2
      vertex -3.44044 -51.591 39
    endloop
  endfacet
  facet normal 0.843373 -0.537329 0
    outer loop
      vertex -3.44044 -51.591 33.2
      vertex -3.63731 -51.9 39
      vertex -3.63731 -51.9 33.2
    endloop
  endfacet
  facet normal 0.130459 0.991454 -0
    outer loop
      vertex -0.366054 -58.184 -10
      vertex -0.729321 -58.1362 -7.2
      vertex -0.366054 -58.184 -7.2
    endloop
  endfacet
  facet normal 0.130459 0.991454 0
    outer loop
      vertex -0.729321 -58.1362 -7.2
      vertex -0.366054 -58.184 -10
      vertex -0.729321 -58.1362 -10
    endloop
  endfacet
  facet normal 0.130459 0.991454 -0
    outer loop
      vertex -0.366054 -58.184 33.2
      vertex -0.729321 -58.1362 39
      vertex -0.366054 -58.184 39
    endloop
  endfacet
  facet normal 0.130459 0.991454 0
    outer loop
      vertex -0.729321 -58.1362 39
      vertex -0.366054 -58.184 33.2
      vertex -0.729321 -58.1362 33.2
    endloop
  endfacet
  facet normal -0.608668 -0.793425 0
    outer loop
      vertex 2.40902 -50.5596 -10
      vertex 2.69971 -50.7826 -7.2
      vertex 2.40902 -50.5596 -7.2
    endloop
  endfacet
  facet normal -0.608668 -0.793425 -0
    outer loop
      vertex 2.69971 -50.7826 -7.2
      vertex 2.40902 -50.5596 -10
      vertex 2.69971 -50.7826 -10
    endloop
  endfacet
  facet normal -0.608668 -0.793425 0
    outer loop
      vertex 2.40902 -50.5596 33.2
      vertex 2.69971 -50.7826 39
      vertex 2.40902 -50.5596 39
    endloop
  endfacet
  facet normal -0.608668 -0.793425 -0
    outer loop
      vertex 2.69971 -50.7826 39
      vertex 2.40902 -50.5596 33.2
      vertex 2.69971 -50.7826 33.2
    endloop
  endfacet
  facet normal 0.0436677 -0.999046 0
    outer loop
      vertex -0.366054 -49.816 -10
      vertex 0 -49.8 -7.2
      vertex -0.366054 -49.816 -7.2
    endloop
  endfacet
  facet normal 0.0436677 -0.999046 0
    outer loop
      vertex 0 -49.8 -7.2
      vertex -0.366054 -49.816 -10
      vertex 0 -49.8 -10
    endloop
  endfacet
  facet normal 0.0436677 -0.999046 0
    outer loop
      vertex -0.366054 -49.816 33.2
      vertex 0 -49.8 39
      vertex -0.366054 -49.816 39
    endloop
  endfacet
  facet normal 0.0436677 -0.999046 0
    outer loop
      vertex 0 -49.8 39
      vertex -0.366054 -49.816 33.2
      vertex 0 -49.8 33.2
    endloop
  endfacet
  facet normal 0.976296 -0.216439 0
    outer loop
      vertex -4.13619 -53.2707 -7.2
      vertex -4.05689 -52.913 -10
      vertex -4.05689 -52.913 -7.2
    endloop
  endfacet
  facet normal 0.976296 -0.216439 0
    outer loop
      vertex -4.05689 -52.913 -10
      vertex -4.13619 -53.2707 -7.2
      vertex -4.13619 -53.2707 -10
    endloop
  endfacet
  facet normal 0.976296 -0.216439 0
    outer loop
      vertex -4.13619 -53.2707 39
      vertex -4.05689 -52.913 33.2
      vertex -4.05689 -52.913 39
    endloop
  endfacet
  facet normal 0.976296 -0.216439 0
    outer loop
      vertex -4.05689 -52.913 33.2
      vertex -4.13619 -53.2707 39
      vertex -4.13619 -53.2707 33.2
    endloop
  endfacet
  facet normal -0.887016 0.461739 0
    outer loop
      vertex 3.63731 -56.1 -10
      vertex 3.80649 -55.775 -7.2
      vertex 3.80649 -55.775 -10
    endloop
  endfacet
  facet normal -0.887016 0.461739 0
    outer loop
      vertex 3.80649 -55.775 -7.2
      vertex 3.63731 -56.1 -10
      vertex 3.63731 -56.1 -7.2
    endloop
  endfacet
  facet normal -0.887016 0.461739 0
    outer loop
      vertex 3.63731 -56.1 33.2
      vertex 3.80649 -55.775 39
      vertex 3.80649 -55.775 33.2
    endloop
  endfacet
  facet normal -0.887016 0.461739 0
    outer loop
      vertex 3.80649 -55.775 39
      vertex 3.63731 -56.1 33.2
      vertex 3.63731 -56.1 39
    endloop
  endfacet
  facet normal 0.887016 -0.461739 0
    outer loop
      vertex -3.80649 -52.225 -7.2
      vertex -3.63731 -51.9 -10
      vertex -3.63731 -51.9 -7.2
    endloop
  endfacet
  facet normal 0.887016 -0.461739 0
    outer loop
      vertex -3.63731 -51.9 -10
      vertex -3.80649 -52.225 -7.2
      vertex -3.80649 -52.225 -10
    endloop
  endfacet
  facet normal 0.887016 -0.461739 0
    outer loop
      vertex -3.80649 -52.225 39
      vertex -3.63731 -51.9 33.2
      vertex -3.63731 -51.9 39
    endloop
  endfacet
  facet normal 0.887016 -0.461739 0
    outer loop
      vertex -3.63731 -51.9 33.2
      vertex -3.80649 -52.225 39
      vertex -3.80649 -52.225 33.2
    endloop
  endfacet
  facet normal -0.843373 0.537329 0
    outer loop
      vertex 3.44044 -56.409 -10
      vertex 3.63731 -56.1 -7.2
      vertex 3.63731 -56.1 -10
    endloop
  endfacet
  facet normal -0.843373 0.537329 0
    outer loop
      vertex 3.63731 -56.1 -7.2
      vertex 3.44044 -56.409 -10
      vertex 3.44044 -56.409 -7.2
    endloop
  endfacet
  facet normal -0.843373 0.537329 0
    outer loop
      vertex 3.44044 -56.409 33.2
      vertex 3.63731 -56.1 39
      vertex 3.63731 -56.1 33.2
    endloop
  endfacet
  facet normal -0.843373 0.537329 0
    outer loop
      vertex 3.63731 -56.1 39
      vertex 3.44044 -56.409 33.2
      vertex 3.44044 -56.409 39
    endloop
  endfacet
  facet normal -0.0436677 0.999046 0
    outer loop
      vertex 0.366054 -58.184 -10
      vertex 0 -58.2 -7.2
      vertex 0.366054 -58.184 -7.2
    endloop
  endfacet
  facet normal -0.0436677 0.999046 0
    outer loop
      vertex 0 -58.2 -7.2
      vertex 0.366054 -58.184 -10
      vertex 0 -58.2 -10
    endloop
  endfacet
  facet normal -0.0436677 0.999046 0
    outer loop
      vertex 0.366054 -58.184 33.2
      vertex 0 -58.2 39
      vertex 0.366054 -58.184 39
    endloop
  endfacet
  facet normal -0.0436677 0.999046 0
    outer loop
      vertex 0 -58.2 39
      vertex 0.366054 -58.184 33.2
      vertex 0 -58.2 33.2
    endloop
  endfacet
  facet normal 0.675683 0.737193 -0
    outer loop
      vertex -2.69971 -57.2174 -10
      vertex -2.96985 -56.9698 -7.2
      vertex -2.69971 -57.2174 -7.2
    endloop
  endfacet
  facet normal 0.675683 0.737193 0
    outer loop
      vertex -2.96985 -56.9698 -7.2
      vertex -2.69971 -57.2174 -10
      vertex -2.96985 -56.9698 -10
    endloop
  endfacet
  facet normal 0.675683 0.737193 -0
    outer loop
      vertex -2.69971 -57.2174 33.2
      vertex -2.96985 -56.9698 39
      vertex -2.69971 -57.2174 39
    endloop
  endfacet
  facet normal 0.675683 0.737193 0
    outer loop
      vertex -2.96985 -56.9698 39
      vertex -2.69971 -57.2174 33.2
      vertex -2.96985 -56.9698 33.2
    endloop
  endfacet
  facet normal 0.843373 0.537329 0
    outer loop
      vertex -3.44044 -56.409 -7.2
      vertex -3.63731 -56.1 -10
      vertex -3.63731 -56.1 -7.2
    endloop
  endfacet
  facet normal 0.843373 0.537329 0
    outer loop
      vertex -3.63731 -56.1 -10
      vertex -3.44044 -56.409 -7.2
      vertex -3.44044 -56.409 -10
    endloop
  endfacet
  facet normal 0.843373 0.537329 0
    outer loop
      vertex -3.44044 -56.409 39
      vertex -3.63731 -56.1 33.2
      vertex -3.63731 -56.1 39
    endloop
  endfacet
  facet normal 0.843373 0.537329 0
    outer loop
      vertex -3.63731 -56.1 33.2
      vertex -3.44044 -56.409 39
      vertex -3.44044 -56.409 33.2
    endloop
  endfacet
  facet normal 0.30076 0.9537 -0
    outer loop
      vertex -1.08704 -58.0569 -10
      vertex -1.43648 -57.9467 -7.2
      vertex -1.08704 -58.0569 -7.2
    endloop
  endfacet
  facet normal 0.30076 0.9537 0
    outer loop
      vertex -1.43648 -57.9467 -7.2
      vertex -1.08704 -58.0569 -10
      vertex -1.43648 -57.9467 -10
    endloop
  endfacet
  facet normal 0.30076 0.9537 -0
    outer loop
      vertex -1.08704 -58.0569 33.2
      vertex -1.43648 -57.9467 39
      vertex -1.08704 -58.0569 39
    endloop
  endfacet
  facet normal 0.30076 0.9537 0
    outer loop
      vertex -1.43648 -57.9467 39
      vertex -1.08704 -58.0569 33.2
      vertex -1.43648 -57.9467 33.2
    endloop
  endfacet
  facet normal 0.999049 -0.0436078 0
    outer loop
      vertex -4.2 -54 -7.2
      vertex -4.18402 -53.6339 -10
      vertex -4.18402 -53.6339 -7.2
    endloop
  endfacet
  facet normal 0.999049 -0.0436078 0
    outer loop
      vertex -4.18402 -53.6339 -10
      vertex -4.2 -54 -7.2
      vertex -4.2 -54 -10
    endloop
  endfacet
  facet normal 0.999049 -0.0436078 0
    outer loop
      vertex -4.2 -54 39
      vertex -4.18402 -53.6339 33.2
      vertex -4.18402 -53.6339 39
    endloop
  endfacet
  facet normal 0.999049 -0.0436078 0
    outer loop
      vertex -4.18402 -53.6339 33.2
      vertex -4.2 -54 39
      vertex -4.2 -54 33.2
    endloop
  endfacet
  facet normal 0.216428 -0.976299 0
    outer loop
      vertex -1.08704 -49.9431 -10
      vertex -0.729321 -49.8638 -7.2
      vertex -1.08704 -49.9431 -7.2
    endloop
  endfacet
  facet normal 0.216428 -0.976299 0
    outer loop
      vertex -0.729321 -49.8638 -7.2
      vertex -1.08704 -49.9431 -10
      vertex -0.729321 -49.8638 -10
    endloop
  endfacet
  facet normal 0.216428 -0.976299 0
    outer loop
      vertex -1.08704 -49.9431 33.2
      vertex -0.729321 -49.8638 39
      vertex -1.08704 -49.9431 39
    endloop
  endfacet
  facet normal 0.216428 -0.976299 0
    outer loop
      vertex -0.729321 -49.8638 39
      vertex -1.08704 -49.9431 33.2
      vertex -0.729321 -49.8638 33.2
    endloop
  endfacet
  facet normal 0.0436677 0.999046 -0
    outer loop
      vertex 0 -58.2 -10
      vertex -0.366054 -58.184 -7.2
      vertex 0 -58.2 -7.2
    endloop
  endfacet
  facet normal 0.0436677 0.999046 0
    outer loop
      vertex -0.366054 -58.184 -7.2
      vertex 0 -58.2 -10
      vertex -0.366054 -58.184 -10
    endloop
  endfacet
  facet normal 0.0436677 0.999046 -0
    outer loop
      vertex 0 -58.2 33.2
      vertex -0.366054 -58.184 39
      vertex 0 -58.2 39
    endloop
  endfacet
  facet normal 0.0436677 0.999046 0
    outer loop
      vertex -0.366054 -58.184 39
      vertex 0 -58.2 33.2
      vertex -0.366054 -58.184 33.2
    endloop
  endfacet
  facet normal -0.216428 0.976299 0
    outer loop
      vertex 1.08704 -58.0569 -10
      vertex 0.729321 -58.1362 -7.2
      vertex 1.08704 -58.0569 -7.2
    endloop
  endfacet
  facet normal -0.216428 0.976299 0
    outer loop
      vertex 0.729321 -58.1362 -7.2
      vertex 1.08704 -58.0569 -10
      vertex 0.729321 -58.1362 -10
    endloop
  endfacet
  facet normal -0.216428 0.976299 0
    outer loop
      vertex 1.08704 -58.0569 33.2
      vertex 0.729321 -58.1362 39
      vertex 1.08704 -58.0569 39
    endloop
  endfacet
  facet normal -0.216428 0.976299 0
    outer loop
      vertex 0.729321 -58.1362 39
      vertex 1.08704 -58.0569 33.2
      vertex 0.729321 -58.1362 33.2
    endloop
  endfacet
  facet normal -0.382638 -0.923898 0
    outer loop
      vertex 1.43648 -50.0533 -10
      vertex 1.775 -50.1935 -7.2
      vertex 1.43648 -50.0533 -7.2
    endloop
  endfacet
  facet normal -0.382638 -0.923898 -0
    outer loop
      vertex 1.775 -50.1935 -7.2
      vertex 1.43648 -50.0533 -10
      vertex 1.775 -50.1935 -10
    endloop
  endfacet
  facet normal -0.382638 -0.923898 0
    outer loop
      vertex 1.43648 -50.0533 33.2
      vertex 1.775 -50.1935 39
      vertex 1.43648 -50.0533 39
    endloop
  endfacet
  facet normal -0.382638 -0.923898 -0
    outer loop
      vertex 1.775 -50.1935 39
      vertex 1.43648 -50.0533 33.2
      vertex 1.775 -50.1935 33.2
    endloop
  endfacet
  facet normal -0.30076 0.9537 0
    outer loop
      vertex 1.43648 -57.9467 -10
      vertex 1.08704 -58.0569 -7.2
      vertex 1.43648 -57.9467 -7.2
    endloop
  endfacet
  facet normal -0.30076 0.9537 0
    outer loop
      vertex 1.08704 -58.0569 -7.2
      vertex 1.43648 -57.9467 -10
      vertex 1.08704 -58.0569 -10
    endloop
  endfacet
  facet normal -0.30076 0.9537 0
    outer loop
      vertex 1.43648 -57.9467 33.2
      vertex 1.08704 -58.0569 39
      vertex 1.43648 -57.9467 39
    endloop
  endfacet
  facet normal -0.30076 0.9537 0
    outer loop
      vertex 1.08704 -58.0569 39
      vertex 1.43648 -57.9467 33.2
      vertex 1.08704 -58.0569 33.2
    endloop
  endfacet
  facet normal -0.216428 -0.976299 0
    outer loop
      vertex 0.729321 -49.8638 -10
      vertex 1.08704 -49.9431 -7.2
      vertex 0.729321 -49.8638 -7.2
    endloop
  endfacet
  facet normal -0.216428 -0.976299 -0
    outer loop
      vertex 1.08704 -49.9431 -7.2
      vertex 0.729321 -49.8638 -10
      vertex 1.08704 -49.9431 -10
    endloop
  endfacet
  facet normal -0.216428 -0.976299 0
    outer loop
      vertex 0.729321 -49.8638 33.2
      vertex 1.08704 -49.9431 39
      vertex 0.729321 -49.8638 39
    endloop
  endfacet
  facet normal -0.216428 -0.976299 -0
    outer loop
      vertex 1.08704 -49.9431 39
      vertex 0.729321 -49.8638 33.2
      vertex 1.08704 -49.9431 33.2
    endloop
  endfacet
  facet normal 0.737224 -0.675648 0
    outer loop
      vertex -3.21739 -51.3003 -7.2
      vertex -2.96985 -51.0302 -10
      vertex -2.96985 -51.0302 -7.2
    endloop
  endfacet
  facet normal 0.737224 -0.675648 0
    outer loop
      vertex -2.96985 -51.0302 -10
      vertex -3.21739 -51.3003 -7.2
      vertex -3.21739 -51.3003 -10
    endloop
  endfacet
  facet normal 0.737224 -0.675648 0
    outer loop
      vertex -3.21739 -51.3003 39
      vertex -2.96985 -51.0302 33.2
      vertex -2.96985 -51.0302 39
    endloop
  endfacet
  facet normal 0.737224 -0.675648 0
    outer loop
      vertex -2.96985 -51.0302 33.2
      vertex -3.21739 -51.3003 39
      vertex -3.21739 -51.3003 33.2
    endloop
  endfacet
  facet normal 0.99144 -0.130563 0
    outer loop
      vertex -4.18402 -53.6339 -7.2
      vertex -4.13619 -53.2707 -10
      vertex -4.13619 -53.2707 -7.2
    endloop
  endfacet
  facet normal 0.99144 -0.130563 0
    outer loop
      vertex -4.13619 -53.2707 -10
      vertex -4.18402 -53.6339 -7.2
      vertex -4.18402 -53.6339 -10
    endloop
  endfacet
  facet normal 0.99144 -0.130563 0
    outer loop
      vertex -4.18402 -53.6339 39
      vertex -4.13619 -53.2707 33.2
      vertex -4.13619 -53.2707 39
    endloop
  endfacet
  facet normal 0.99144 -0.130563 0
    outer loop
      vertex -4.13619 -53.2707 33.2
      vertex -4.18402 -53.6339 39
      vertex -4.18402 -53.6339 33.2
    endloop
  endfacet
  facet normal 0.95373 0.300664 0
    outer loop
      vertex -3.94671 -55.4365 -7.2
      vertex -4.05689 -55.087 -10
      vertex -4.05689 -55.087 -7.2
    endloop
  endfacet
  facet normal 0.95373 0.300664 0
    outer loop
      vertex -4.05689 -55.087 -10
      vertex -3.94671 -55.4365 -7.2
      vertex -3.94671 -55.4365 -10
    endloop
  endfacet
  facet normal 0.95373 0.300664 0
    outer loop
      vertex -3.94671 -55.4365 39
      vertex -4.05689 -55.087 33.2
      vertex -4.05689 -55.087 39
    endloop
  endfacet
  facet normal 0.95373 0.300664 0
    outer loop
      vertex -4.05689 -55.087 33.2
      vertex -3.94671 -55.4365 39
      vertex -3.94671 -55.4365 33.2
    endloop
  endfacet
  facet normal 0.976296 0.216439 0
    outer loop
      vertex -4.05689 -55.087 -7.2
      vertex -4.13619 -54.7293 -10
      vertex -4.13619 -54.7293 -7.2
    endloop
  endfacet
  facet normal 0.976296 0.216439 0
    outer loop
      vertex -4.13619 -54.7293 -10
      vertex -4.05689 -55.087 -7.2
      vertex -4.05689 -55.087 -10
    endloop
  endfacet
  facet normal 0.976296 0.216439 0
    outer loop
      vertex -4.05689 -55.087 39
      vertex -4.13619 -54.7293 33.2
      vertex -4.13619 -54.7293 39
    endloop
  endfacet
  facet normal 0.976296 0.216439 0
    outer loop
      vertex -4.13619 -54.7293 33.2
      vertex -4.05689 -55.087 39
      vertex -4.05689 -55.087 33.2
    endloop
  endfacet
  facet normal 0.923871 -0.382704 0
    outer loop
      vertex -3.94671 -52.5635 -7.2
      vertex -3.80649 -52.225 -10
      vertex -3.80649 -52.225 -7.2
    endloop
  endfacet
  facet normal 0.923871 -0.382704 0
    outer loop
      vertex -3.80649 -52.225 -10
      vertex -3.94671 -52.5635 -7.2
      vertex -3.94671 -52.5635 -10
    endloop
  endfacet
  facet normal 0.923871 -0.382704 0
    outer loop
      vertex -3.94671 -52.5635 39
      vertex -3.80649 -52.225 33.2
      vertex -3.80649 -52.225 39
    endloop
  endfacet
  facet normal 0.923871 -0.382704 0
    outer loop
      vertex -3.80649 -52.225 33.2
      vertex -3.94671 -52.5635 39
      vertex -3.94671 -52.5635 33.2
    endloop
  endfacet
  facet normal -0.887016 -0.461739 0
    outer loop
      vertex 3.80649 -52.225 -10
      vertex 3.63731 -51.9 -7.2
      vertex 3.63731 -51.9 -10
    endloop
  endfacet
  facet normal -0.887016 -0.461739 0
    outer loop
      vertex 3.63731 -51.9 -7.2
      vertex 3.80649 -52.225 -10
      vertex 3.80649 -52.225 -7.2
    endloop
  endfacet
  facet normal -0.887016 -0.461739 0
    outer loop
      vertex 3.80649 -52.225 33.2
      vertex 3.63731 -51.9 39
      vertex 3.63731 -51.9 33.2
    endloop
  endfacet
  facet normal -0.887016 -0.461739 0
    outer loop
      vertex 3.63731 -51.9 39
      vertex 3.80649 -52.225 33.2
      vertex 3.80649 -52.225 39
    endloop
  endfacet
  facet normal -0.675683 0.737193 0
    outer loop
      vertex 2.96985 -56.9698 -10
      vertex 2.69971 -57.2174 -7.2
      vertex 2.96985 -56.9698 -7.2
    endloop
  endfacet
  facet normal -0.675683 0.737193 0
    outer loop
      vertex 2.69971 -57.2174 -7.2
      vertex 2.96985 -56.9698 -10
      vertex 2.69971 -57.2174 -10
    endloop
  endfacet
  facet normal -0.675683 0.737193 0
    outer loop
      vertex 2.96985 -56.9698 33.2
      vertex 2.69971 -57.2174 39
      vertex 2.96985 -56.9698 39
    endloop
  endfacet
  facet normal -0.675683 0.737193 0
    outer loop
      vertex 2.69971 -57.2174 39
      vertex 2.96985 -56.9698 33.2
      vertex 2.69971 -57.2174 33.2
    endloop
  endfacet
  facet normal 0.675683 -0.737193 0
    outer loop
      vertex -2.96985 -51.0302 -10
      vertex -2.69971 -50.7826 -7.2
      vertex -2.96985 -51.0302 -7.2
    endloop
  endfacet
  facet normal 0.675683 -0.737193 0
    outer loop
      vertex -2.69971 -50.7826 -7.2
      vertex -2.96985 -51.0302 -10
      vertex -2.69971 -50.7826 -10
    endloop
  endfacet
  facet normal 0.675683 -0.737193 0
    outer loop
      vertex -2.96985 -51.0302 33.2
      vertex -2.69971 -50.7826 39
      vertex -2.96985 -51.0302 39
    endloop
  endfacet
  facet normal 0.675683 -0.737193 0
    outer loop
      vertex -2.69971 -50.7826 39
      vertex -2.96985 -51.0302 33.2
      vertex -2.69971 -50.7826 33.2
    endloop
  endfacet
  facet normal -0.976296 0.216439 0
    outer loop
      vertex 4.05689 -55.087 -10
      vertex 4.13619 -54.7293 -7.2
      vertex 4.13619 -54.7293 -10
    endloop
  endfacet
  facet normal -0.976296 0.216439 0
    outer loop
      vertex 4.13619 -54.7293 -7.2
      vertex 4.05689 -55.087 -10
      vertex 4.05689 -55.087 -7.2
    endloop
  endfacet
  facet normal -0.976296 0.216439 0
    outer loop
      vertex 4.05689 -55.087 33.2
      vertex 4.13619 -54.7293 39
      vertex 4.13619 -54.7293 33.2
    endloop
  endfacet
  facet normal -0.976296 0.216439 0
    outer loop
      vertex 4.13619 -54.7293 39
      vertex 4.05689 -55.087 33.2
      vertex 4.05689 -55.087 39
    endloop
  endfacet
  facet normal 0.99144 0.130563 0
    outer loop
      vertex -4.13619 -54.7293 -7.2
      vertex -4.18402 -54.3661 -10
      vertex -4.18402 -54.3661 -7.2
    endloop
  endfacet
  facet normal 0.99144 0.130563 0
    outer loop
      vertex -4.18402 -54.3661 -10
      vertex -4.13619 -54.7293 -7.2
      vertex -4.13619 -54.7293 -10
    endloop
  endfacet
  facet normal 0.99144 0.130563 0
    outer loop
      vertex -4.13619 -54.7293 39
      vertex -4.18402 -54.3661 33.2
      vertex -4.18402 -54.3661 39
    endloop
  endfacet
  facet normal 0.99144 0.130563 0
    outer loop
      vertex -4.18402 -54.3661 33.2
      vertex -4.13619 -54.7293 39
      vertex -4.13619 -54.7293 33.2
    endloop
  endfacet
  facet normal 0.999049 0.0436078 0
    outer loop
      vertex -4.18402 -54.3661 -7.2
      vertex -4.2 -54 -10
      vertex -4.2 -54 -7.2
    endloop
  endfacet
  facet normal 0.999049 0.0436078 0
    outer loop
      vertex -4.2 -54 -10
      vertex -4.18402 -54.3661 -7.2
      vertex -4.18402 -54.3661 -10
    endloop
  endfacet
  facet normal 0.999049 0.0436078 0
    outer loop
      vertex -4.18402 -54.3661 39
      vertex -4.2 -54 33.2
      vertex -4.2 -54 39
    endloop
  endfacet
  facet normal 0.999049 0.0436078 0
    outer loop
      vertex -4.2 -54 33.2
      vertex -4.18402 -54.3661 39
      vertex -4.18402 -54.3661 33.2
    endloop
  endfacet
  facet normal 0.382638 -0.923898 0
    outer loop
      vertex -1.775 -50.1935 -10
      vertex -1.43648 -50.0533 -7.2
      vertex -1.775 -50.1935 -7.2
    endloop
  endfacet
  facet normal 0.382638 -0.923898 0
    outer loop
      vertex -1.43648 -50.0533 -7.2
      vertex -1.775 -50.1935 -10
      vertex -1.43648 -50.0533 -10
    endloop
  endfacet
  facet normal 0.382638 -0.923898 0
    outer loop
      vertex -1.775 -50.1935 33.2
      vertex -1.43648 -50.0533 39
      vertex -1.775 -50.1935 39
    endloop
  endfacet
  facet normal 0.382638 -0.923898 0
    outer loop
      vertex -1.43648 -50.0533 39
      vertex -1.775 -50.1935 33.2
      vertex -1.43648 -50.0533 33.2
    endloop
  endfacet
  facet normal 0.382638 0.923898 -0
    outer loop
      vertex -1.43648 -57.9467 -10
      vertex -1.775 -57.8065 -7.2
      vertex -1.43648 -57.9467 -7.2
    endloop
  endfacet
  facet normal 0.382638 0.923898 0
    outer loop
      vertex -1.775 -57.8065 -7.2
      vertex -1.43648 -57.9467 -10
      vertex -1.775 -57.8065 -10
    endloop
  endfacet
  facet normal 0.382638 0.923898 -0
    outer loop
      vertex -1.43648 -57.9467 33.2
      vertex -1.775 -57.8065 39
      vertex -1.43648 -57.9467 39
    endloop
  endfacet
  facet normal 0.382638 0.923898 0
    outer loop
      vertex -1.775 -57.8065 39
      vertex -1.43648 -57.9467 33.2
      vertex -1.775 -57.8065 33.2
    endloop
  endfacet
  facet normal 0.923871 0.382704 0
    outer loop
      vertex -3.80649 -55.775 -7.2
      vertex -3.94671 -55.4365 -10
      vertex -3.94671 -55.4365 -7.2
    endloop
  endfacet
  facet normal 0.923871 0.382704 0
    outer loop
      vertex -3.94671 -55.4365 -10
      vertex -3.80649 -55.775 -7.2
      vertex -3.80649 -55.775 -10
    endloop
  endfacet
  facet normal 0.923871 0.382704 0
    outer loop
      vertex -3.80649 -55.775 39
      vertex -3.94671 -55.4365 33.2
      vertex -3.94671 -55.4365 39
    endloop
  endfacet
  facet normal 0.923871 0.382704 0
    outer loop
      vertex -3.94671 -55.4365 33.2
      vertex -3.80649 -55.775 39
      vertex -3.80649 -55.775 33.2
    endloop
  endfacet
  facet normal 0.461782 -0.886993 0
    outer loop
      vertex -2.1 -50.3627 -10
      vertex -1.775 -50.1935 -7.2
      vertex -2.1 -50.3627 -7.2
    endloop
  endfacet
  facet normal 0.461782 -0.886993 0
    outer loop
      vertex -1.775 -50.1935 -7.2
      vertex -2.1 -50.3627 -10
      vertex -1.775 -50.1935 -10
    endloop
  endfacet
  facet normal 0.461782 -0.886993 0
    outer loop
      vertex -2.1 -50.3627 33.2
      vertex -1.775 -50.1935 39
      vertex -2.1 -50.3627 39
    endloop
  endfacet
  facet normal 0.461782 -0.886993 0
    outer loop
      vertex -1.775 -50.1935 39
      vertex -2.1 -50.3627 33.2
      vertex -1.775 -50.1935 33.2
    endloop
  endfacet
  facet normal 0 -1 0
    outer loop
      vertex -4.18579 -46.75 -13
      vertex 4.18579 -46.75 -10
      vertex -4.18579 -46.75 -10
    endloop
  endfacet
  facet normal 0 -1 -0
    outer loop
      vertex 4.18579 -46.75 -10
      vertex -4.18579 -46.75 -13
      vertex 4.18579 -46.75 -13
    endloop
  endfacet
  facet normal -0.866025 -0.5 0
    outer loop
      vertex 8.37158 -54 -13
      vertex 4.18579 -46.75 -10
      vertex 4.18579 -46.75 -13
    endloop
  endfacet
  facet normal -0.866025 -0.5 0
    outer loop
      vertex 4.18579 -46.75 -10
      vertex 8.37158 -54 -13
      vertex 8.37158 -54 -10
    endloop
  endfacet
  facet normal 0 1 -0
    outer loop
      vertex 4.18579 -61.25 -13
      vertex -4.18579 -61.25 -10
      vertex 4.18579 -61.25 -10
    endloop
  endfacet
  facet normal 0 1 0
    outer loop
      vertex -4.18579 -61.25 -10
      vertex 4.18579 -61.25 -13
      vertex -4.18579 -61.25 -13
    endloop
  endfacet
  facet normal -0.866025 0.5 0
    outer loop
      vertex 4.18579 -61.25 -13
      vertex 8.37158 -54 -10
      vertex 8.37158 -54 -13
    endloop
  endfacet
  facet normal -0.866025 0.5 0
    outer loop
      vertex 8.37158 -54 -10
      vertex 4.18579 -61.25 -13
      vertex 4.18579 -61.25 -10
    endloop
  endfacet
  facet normal 0.866025 0.5 0
    outer loop
      vertex -4.18579 -61.25 -10
      vertex -8.37158 -54 -13
      vertex -8.37158 -54 -10
    endloop
  endfacet
  facet normal 0.866025 0.5 0
    outer loop
      vertex -8.37158 -54 -13
      vertex -4.18579 -61.25 -10
      vertex -4.18579 -61.25 -13
    endloop
  endfacet
  facet normal 0.866025 -0.5 0
    outer loop
      vertex -8.37158 -54 -10
      vertex -4.18579 -46.75 -13
      vertex -4.18579 -46.75 -10
    endloop
  endfacet
  facet normal 0.866025 -0.5 0
    outer loop
      vertex -4.18579 -46.75 -13
      vertex -8.37158 -54 -10
      vertex -8.37158 -54 -13
    endloop
  endfacet
  facet normal 0 0 -1
    outer loop
      vertex 3.63731 -56.1 -10
      vertex 8.37158 -54 -10
      vertex 4.18579 -61.25 -10
    endloop
  endfacet
  facet normal -0 0 -1
    outer loop
      vertex 8.37158 -54 -10
      vertex 4.18402 -54.3661 -10
      vertex 4.2 -54 -10
    endloop
  endfacet
  facet normal 0 0 -1
    outer loop
      vertex 8.37158 -54 -10
      vertex 4.13619 -54.7293 -10
      vertex 4.18402 -54.3661 -10
    endloop
  endfacet
  facet normal 0 0 -1
    outer loop
      vertex 8.37158 -54 -10
      vertex 4.05689 -55.087 -10
      vertex 4.13619 -54.7293 -10
    endloop
  endfacet
  facet normal 0 0 -1
    outer loop
      vertex 8.37158 -54 -10
      vertex 3.94671 -55.4365 -10
      vertex 4.05689 -55.087 -10
    endloop
  endfacet
  facet normal 0 0 -1
    outer loop
      vertex 8.37158 -54 -10
      vertex 3.80649 -55.775 -10
      vertex 3.94671 -55.4365 -10
    endloop
  endfacet
  facet normal 0 0 -1
    outer loop
      vertex 8.37158 -54 -10
      vertex 3.63731 -56.1 -10
      vertex 3.80649 -55.775 -10
    endloop
  endfacet
  facet normal 0 0 -1
    outer loop
      vertex 4.18579 -61.25 -10
      vertex 3.44044 -56.409 -10
      vertex 3.63731 -56.1 -10
    endloop
  endfacet
  facet normal 0 0 -1
    outer loop
      vertex 4.18579 -61.25 -10
      vertex 3.21739 -56.6997 -10
      vertex 3.44044 -56.409 -10
    endloop
  endfacet
  facet normal 0 0 -1
    outer loop
      vertex 4.18579 -61.25 -10
      vertex 2.96985 -56.9698 -10
      vertex 3.21739 -56.6997 -10
    endloop
  endfacet
  facet normal 0 0 -1
    outer loop
      vertex 4.18579 -61.25 -10
      vertex 2.69971 -57.2174 -10
      vertex 2.96985 -56.9698 -10
    endloop
  endfacet
  facet normal 0 0 -1
    outer loop
      vertex 4.18579 -61.25 -10
      vertex 2.40902 -57.4404 -10
      vertex 2.69971 -57.2174 -10
    endloop
  endfacet
  facet normal 0 0 -1
    outer loop
      vertex 4.18579 -61.25 -10
      vertex 2.1 -57.6373 -10
      vertex 2.40902 -57.4404 -10
    endloop
  endfacet
  facet normal 0 0 -1
    outer loop
      vertex 4.18579 -61.25 -10
      vertex 1.775 -57.8065 -10
      vertex 2.1 -57.6373 -10
    endloop
  endfacet
  facet normal 0 0 -1
    outer loop
      vertex 4.18579 -61.25 -10
      vertex 1.43648 -57.9467 -10
      vertex 1.775 -57.8065 -10
    endloop
  endfacet
  facet normal 0 0 -1
    outer loop
      vertex 4.18579 -61.25 -10
      vertex 1.08704 -58.0569 -10
      vertex 1.43648 -57.9467 -10
    endloop
  endfacet
  facet normal 0 0 -1
    outer loop
      vertex 4.18579 -61.25 -10
      vertex 0.729321 -58.1362 -10
      vertex 1.08704 -58.0569 -10
    endloop
  endfacet
  facet normal 0 0 -1
    outer loop
      vertex 4.18579 -61.25 -10
      vertex 0.366054 -58.184 -10
      vertex 0.729321 -58.1362 -10
    endloop
  endfacet
  facet normal 0 0 -1
    outer loop
      vertex 4.18579 -61.25 -10
      vertex 0 -58.2 -10
      vertex 0.366054 -58.184 -10
    endloop
  endfacet
  facet normal 0 0 -1
    outer loop
      vertex -4.18579 -61.25 -10
      vertex 0 -58.2 -10
      vertex 4.18579 -61.25 -10
    endloop
  endfacet
  facet normal -0 0 -1
    outer loop
      vertex 0 -58.2 -10
      vertex -4.18579 -61.25 -10
      vertex -0.366054 -58.184 -10
    endloop
  endfacet
  facet normal -0 0 -1
    outer loop
      vertex -0.366054 -58.184 -10
      vertex -4.18579 -61.25 -10
      vertex -0.729321 -58.1362 -10
    endloop
  endfacet
  facet normal -0 0 -1
    outer loop
      vertex -0.729321 -58.1362 -10
      vertex -4.18579 -61.25 -10
      vertex -1.08704 -58.0569 -10
    endloop
  endfacet
  facet normal -0 0 -1
    outer loop
      vertex -1.08704 -58.0569 -10
      vertex -4.18579 -61.25 -10
      vertex -1.43648 -57.9467 -10
    endloop
  endfacet
  facet normal -0 0 -1
    outer loop
      vertex -1.43648 -57.9467 -10
      vertex -4.18579 -61.25 -10
      vertex -1.775 -57.8065 -10
    endloop
  endfacet
  facet normal -0 0 -1
    outer loop
      vertex -1.775 -57.8065 -10
      vertex -4.18579 -61.25 -10
      vertex -2.1 -57.6373 -10
    endloop
  endfacet
  facet normal 0 0 -1
    outer loop
      vertex -4.18579 -61.25 -10
      vertex -2.40902 -57.4404 -10
      vertex -2.1 -57.6373 -10
    endloop
  endfacet
  facet normal 0 0 -1
    outer loop
      vertex -4.18579 -61.25 -10
      vertex -2.69971 -57.2174 -10
      vertex -2.40902 -57.4404 -10
    endloop
  endfacet
  facet normal 0 0 -1
    outer loop
      vertex -4.18579 -61.25 -10
      vertex -2.96985 -56.9698 -10
      vertex -2.69971 -57.2174 -10
    endloop
  endfacet
  facet normal 0 0 -1
    outer loop
      vertex -4.18579 -61.25 -10
      vertex -3.21739 -56.6997 -10
      vertex -2.96985 -56.9698 -10
    endloop
  endfacet
  facet normal 0 0 -1
    outer loop
      vertex -4.18579 -61.25 -10
      vertex -3.44044 -56.409 -10
      vertex -3.21739 -56.6997 -10
    endloop
  endfacet
  facet normal 0 0 -1
    outer loop
      vertex -4.18579 -61.25 -10
      vertex -3.63731 -56.1 -10
      vertex -3.44044 -56.409 -10
    endloop
  endfacet
  facet normal 0 0 -1
    outer loop
      vertex -8.37158 -54 -10
      vertex -3.63731 -56.1 -10
      vertex -4.18579 -61.25 -10
    endloop
  endfacet
  facet normal 0 0 -1
    outer loop
      vertex -3.63731 -56.1 -10
      vertex -8.37158 -54 -10
      vertex -3.80649 -55.775 -10
    endloop
  endfacet
  facet normal 0 0 -1
    outer loop
      vertex -3.80649 -55.775 -10
      vertex -8.37158 -54 -10
      vertex -3.94671 -55.4365 -10
    endloop
  endfacet
  facet normal 0 0 -1
    outer loop
      vertex -3.94671 -55.4365 -10
      vertex -8.37158 -54 -10
      vertex -4.05689 -55.087 -10
    endloop
  endfacet
  facet normal 0 0 -1
    outer loop
      vertex -4.05689 -55.087 -10
      vertex -8.37158 -54 -10
      vertex -4.13619 -54.7293 -10
    endloop
  endfacet
  facet normal 0 0 -1
    outer loop
      vertex -4.13619 -54.7293 -10
      vertex -8.37158 -54 -10
      vertex -4.18402 -54.3661 -10
    endloop
  endfacet
  facet normal 0 0 -1
    outer loop
      vertex -4.18402 -54.3661 -10
      vertex -8.37158 -54 -10
      vertex -4.2 -54 -10
    endloop
  endfacet
  facet normal 0 0 -1
    outer loop
      vertex 4.18402 -53.6339 -10
      vertex 8.37158 -54 -10
      vertex 4.2 -54 -10
    endloop
  endfacet
  facet normal 0 0 -1
    outer loop
      vertex 4.13619 -53.2707 -10
      vertex 8.37158 -54 -10
      vertex 4.18402 -53.6339 -10
    endloop
  endfacet
  facet normal 0 0 -1
    outer loop
      vertex 4.05689 -52.913 -10
      vertex 8.37158 -54 -10
      vertex 4.13619 -53.2707 -10
    endloop
  endfacet
  facet normal 0 0 -1
    outer loop
      vertex 3.94671 -52.5635 -10
      vertex 8.37158 -54 -10
      vertex 4.05689 -52.913 -10
    endloop
  endfacet
  facet normal 0 0 -1
    outer loop
      vertex 3.80649 -52.225 -10
      vertex 8.37158 -54 -10
      vertex 3.94671 -52.5635 -10
    endloop
  endfacet
  facet normal 0 0 -1
    outer loop
      vertex 3.63731 -51.9 -10
      vertex 8.37158 -54 -10
      vertex 3.80649 -52.225 -10
    endloop
  endfacet
  facet normal 0 0 -1
    outer loop
      vertex 8.37158 -54 -10
      vertex 3.63731 -51.9 -10
      vertex 4.18579 -46.75 -10
    endloop
  endfacet
  facet normal 0 0 -1
    outer loop
      vertex 3.44044 -51.591 -10
      vertex 4.18579 -46.75 -10
      vertex 3.63731 -51.9 -10
    endloop
  endfacet
  facet normal 0 0 -1
    outer loop
      vertex 3.21739 -51.3003 -10
      vertex 4.18579 -46.75 -10
      vertex 3.44044 -51.591 -10
    endloop
  endfacet
  facet normal 0 0 -1
    outer loop
      vertex 2.96985 -51.0302 -10
      vertex 4.18579 -46.75 -10
      vertex 3.21739 -51.3003 -10
    endloop
  endfacet
  facet normal 0 0 -1
    outer loop
      vertex 2.69971 -50.7826 -10
      vertex 4.18579 -46.75 -10
      vertex 2.96985 -51.0302 -10
    endloop
  endfacet
  facet normal 0 0 -1
    outer loop
      vertex 2.40902 -50.5596 -10
      vertex 4.18579 -46.75 -10
      vertex 2.69971 -50.7826 -10
    endloop
  endfacet
  facet normal 0 0 -1
    outer loop
      vertex 2.1 -50.3627 -10
      vertex 4.18579 -46.75 -10
      vertex 2.40902 -50.5596 -10
    endloop
  endfacet
  facet normal 0 0 -1
    outer loop
      vertex 1.775 -50.1935 -10
      vertex 4.18579 -46.75 -10
      vertex 2.1 -50.3627 -10
    endloop
  endfacet
  facet normal 0 0 -1
    outer loop
      vertex 1.43648 -50.0533 -10
      vertex 4.18579 -46.75 -10
      vertex 1.775 -50.1935 -10
    endloop
  endfacet
  facet normal 0 0 -1
    outer loop
      vertex 1.08704 -49.9431 -10
      vertex 4.18579 -46.75 -10
      vertex 1.43648 -50.0533 -10
    endloop
  endfacet
  facet normal 0 0 -1
    outer loop
      vertex 0.729321 -49.8638 -10
      vertex 4.18579 -46.75 -10
      vertex 1.08704 -49.9431 -10
    endloop
  endfacet
  facet normal 0 0 -1
    outer loop
      vertex 0.366054 -49.816 -10
      vertex 4.18579 -46.75 -10
      vertex 0.729321 -49.8638 -10
    endloop
  endfacet
  facet normal 0 0 -1
    outer loop
      vertex 0 -49.8 -10
      vertex 4.18579 -46.75 -10
      vertex 0.366054 -49.816 -10
    endloop
  endfacet
  facet normal 0 0 -1
    outer loop
      vertex -4.18579 -46.75 -10
      vertex 0 -49.8 -10
      vertex -0.366054 -49.816 -10
    endloop
  endfacet
  facet normal 0 0 -1
    outer loop
      vertex -4.18579 -46.75 -10
      vertex -0.366054 -49.816 -10
      vertex -0.729321 -49.8638 -10
    endloop
  endfacet
  facet normal 0 0 -1
    outer loop
      vertex -4.18579 -46.75 -10
      vertex -0.729321 -49.8638 -10
      vertex -1.08704 -49.9431 -10
    endloop
  endfacet
  facet normal 0 0 -1
    outer loop
      vertex -4.18579 -46.75 -10
      vertex -1.08704 -49.9431 -10
      vertex -1.43648 -50.0533 -10
    endloop
  endfacet
  facet normal 0 0 -1
    outer loop
      vertex -4.18579 -46.75 -10
      vertex -1.43648 -50.0533 -10
      vertex -1.775 -50.1935 -10
    endloop
  endfacet
  facet normal 0 0 -1
    outer loop
      vertex -4.18579 -46.75 -10
      vertex -1.775 -50.1935 -10
      vertex -2.1 -50.3627 -10
    endloop
  endfacet
  facet normal 0 0 -1
    outer loop
      vertex 0 -49.8 -10
      vertex -4.18579 -46.75 -10
      vertex 4.18579 -46.75 -10
    endloop
  endfacet
  facet normal 0 0 -1
    outer loop
      vertex -2.40902 -50.5596 -10
      vertex -4.18579 -46.75 -10
      vertex -2.1 -50.3627 -10
    endloop
  endfacet
  facet normal 0 0 -1
    outer loop
      vertex -2.69971 -50.7826 -10
      vertex -4.18579 -46.75 -10
      vertex -2.40902 -50.5596 -10
    endloop
  endfacet
  facet normal 0 0 -1
    outer loop
      vertex -2.96985 -51.0302 -10
      vertex -4.18579 -46.75 -10
      vertex -2.69971 -50.7826 -10
    endloop
  endfacet
  facet normal 0 0 -1
    outer loop
      vertex -3.21739 -51.3003 -10
      vertex -4.18579 -46.75 -10
      vertex -2.96985 -51.0302 -10
    endloop
  endfacet
  facet normal 0 0 -1
    outer loop
      vertex -3.44044 -51.591 -10
      vertex -4.18579 -46.75 -10
      vertex -3.21739 -51.3003 -10
    endloop
  endfacet
  facet normal 0 0 -1
    outer loop
      vertex -3.63731 -51.9 -10
      vertex -4.18579 -46.75 -10
      vertex -3.44044 -51.591 -10
    endloop
  endfacet
  facet normal 0 0 -1
    outer loop
      vertex -8.37158 -54 -10
      vertex -3.63731 -51.9 -10
      vertex -3.80649 -52.225 -10
    endloop
  endfacet
  facet normal 0 0 -1
    outer loop
      vertex -8.37158 -54 -10
      vertex -3.80649 -52.225 -10
      vertex -3.94671 -52.5635 -10
    endloop
  endfacet
  facet normal 0 0 -1
    outer loop
      vertex -8.37158 -54 -10
      vertex -3.94671 -52.5635 -10
      vertex -4.05689 -52.913 -10
    endloop
  endfacet
  facet normal 0 0 -1
    outer loop
      vertex -8.37158 -54 -10
      vertex -4.05689 -52.913 -10
      vertex -4.13619 -53.2707 -10
    endloop
  endfacet
  facet normal 0 0 -1
    outer loop
      vertex -8.37158 -54 -10
      vertex -4.13619 -53.2707 -10
      vertex -4.18402 -53.6339 -10
    endloop
  endfacet
  facet normal 0 0 -1
    outer loop
      vertex -8.37158 -54 -10
      vertex -4.18402 -53.6339 -10
      vertex -4.2 -54 -10
    endloop
  endfacet
  facet normal -0 0 -1
    outer loop
      vertex -3.63731 -51.9 -10
      vertex -8.37158 -54 -10
      vertex -4.18579 -46.75 -10
    endloop
  endfacet
  facet normal 0 0 1
    outer loop
      vertex 21 -34 39
      vertex 4.2 -54 39
      vertex 21 -74 39
    endloop
  endfacet
  facet normal 0 0 1
    outer loop
      vertex 21 -34 39
      vertex 4.18402 -53.6339 39
      vertex 4.2 -54 39
    endloop
  endfacet
  facet normal 0 0 1
    outer loop
      vertex 21 -34 39
      vertex 4.13619 -53.2707 39
      vertex 4.18402 -53.6339 39
    endloop
  endfacet
  facet normal 0 0 1
    outer loop
      vertex 21 -34 39
      vertex 4.05689 -52.913 39
      vertex 4.13619 -53.2707 39
    endloop
  endfacet
  facet normal 0 0 1
    outer loop
      vertex 21 -34 39
      vertex 3.94671 -52.5635 39
      vertex 4.05689 -52.913 39
    endloop
  endfacet
  facet normal 0 0 1
    outer loop
      vertex 21 -34 39
      vertex 3.80649 -52.225 39
      vertex 3.94671 -52.5635 39
    endloop
  endfacet
  facet normal 0 0 1
    outer loop
      vertex 21 -34 39
      vertex 3.63731 -51.9 39
      vertex 3.80649 -52.225 39
    endloop
  endfacet
  facet normal 0 0 1
    outer loop
      vertex 21 -34 39
      vertex 3.44044 -51.591 39
      vertex 3.63731 -51.9 39
    endloop
  endfacet
  facet normal 0 0 1
    outer loop
      vertex 21 -34 39
      vertex 3.21739 -51.3003 39
      vertex 3.44044 -51.591 39
    endloop
  endfacet
  facet normal 0 0 1
    outer loop
      vertex 21 -34 39
      vertex 2.96985 -51.0302 39
      vertex 3.21739 -51.3003 39
    endloop
  endfacet
  facet normal 0 0 1
    outer loop
      vertex 21 -34 39
      vertex 2.69971 -50.7826 39
      vertex 2.96985 -51.0302 39
    endloop
  endfacet
  facet normal 0 0 1
    outer loop
      vertex 21 -34 39
      vertex 2.40902 -50.5596 39
      vertex 2.69971 -50.7826 39
    endloop
  endfacet
  facet normal 0 0 1
    outer loop
      vertex 21 -34 39
      vertex 2.1 -50.3627 39
      vertex 2.40902 -50.5596 39
    endloop
  endfacet
  facet normal 0 0 1
    outer loop
      vertex 21 -34 39
      vertex 1.775 -50.1935 39
      vertex 2.1 -50.3627 39
    endloop
  endfacet
  facet normal 0 0 1
    outer loop
      vertex 21 -34 39
      vertex 1.43648 -50.0533 39
      vertex 1.775 -50.1935 39
    endloop
  endfacet
  facet normal 0 0 1
    outer loop
      vertex 21 -34 39
      vertex 1.08704 -49.9431 39
      vertex 1.43648 -50.0533 39
    endloop
  endfacet
  facet normal 0 0 1
    outer loop
      vertex 21 -34 39
      vertex 0.729321 -49.8638 39
      vertex 1.08704 -49.9431 39
    endloop
  endfacet
  facet normal 0 0 1
    outer loop
      vertex 21 -34 39
      vertex 0.366054 -49.816 39
      vertex 0.729321 -49.8638 39
    endloop
  endfacet
  facet normal 0 0 1
    outer loop
      vertex 21 -34 39
      vertex 0 -49.8 39
      vertex 0.366054 -49.816 39
    endloop
  endfacet
  facet normal -0 0 1
    outer loop
      vertex -21 -34 39
      vertex 0 -49.8 39
      vertex 21 -34 39
    endloop
  endfacet
  facet normal 0 0 1
    outer loop
      vertex 0 -49.8 39
      vertex -21 -34 39
      vertex -0.366054 -49.816 39
    endloop
  endfacet
  facet normal 0 0 1
    outer loop
      vertex -0.366054 -49.816 39
      vertex -21 -34 39
      vertex -0.729321 -49.8638 39
    endloop
  endfacet
  facet normal 0 0 1
    outer loop
      vertex -0.729321 -49.8638 39
      vertex -21 -34 39
      vertex -1.08704 -49.9431 39
    endloop
  endfacet
  facet normal 0 0 1
    outer loop
      vertex -1.08704 -49.9431 39
      vertex -21 -34 39
      vertex -1.43648 -50.0533 39
    endloop
  endfacet
  facet normal 0 0 1
    outer loop
      vertex -1.43648 -50.0533 39
      vertex -21 -34 39
      vertex -1.775 -50.1935 39
    endloop
  endfacet
  facet normal 0 0 1
    outer loop
      vertex -1.775 -50.1935 39
      vertex -21 -34 39
      vertex -2.1 -50.3627 39
    endloop
  endfacet
  facet normal 0 0 1
    outer loop
      vertex -4.18402 -53.6339 39
      vertex -21 -34 39
      vertex -4.2 -54 39
    endloop
  endfacet
  facet normal 0 0 1
    outer loop
      vertex -4.13619 -53.2707 39
      vertex -21 -34 39
      vertex -4.18402 -53.6339 39
    endloop
  endfacet
  facet normal 0 0 1
    outer loop
      vertex -4.05689 -52.913 39
      vertex -21 -34 39
      vertex -4.13619 -53.2707 39
    endloop
  endfacet
  facet normal 0 0 1
    outer loop
      vertex -3.94671 -52.5635 39
      vertex -21 -34 39
      vertex -4.05689 -52.913 39
    endloop
  endfacet
  facet normal 0 0 1
    outer loop
      vertex -3.80649 -52.225 39
      vertex -21 -34 39
      vertex -3.94671 -52.5635 39
    endloop
  endfacet
  facet normal 0 0 1
    outer loop
      vertex -3.63731 -51.9 39
      vertex -21 -34 39
      vertex -3.80649 -52.225 39
    endloop
  endfacet
  facet normal 0 0 1
    outer loop
      vertex -3.44044 -51.591 39
      vertex -21 -34 39
      vertex -3.63731 -51.9 39
    endloop
  endfacet
  facet normal 0 0 1
    outer loop
      vertex -3.21739 -51.3003 39
      vertex -21 -34 39
      vertex -3.44044 -51.591 39
    endloop
  endfacet
  facet normal 0 0 1
    outer loop
      vertex -2.96985 -51.0302 39
      vertex -21 -34 39
      vertex -3.21739 -51.3003 39
    endloop
  endfacet
  facet normal 0 0 1
    outer loop
      vertex -2.69971 -50.7826 39
      vertex -21 -34 39
      vertex -2.96985 -51.0302 39
    endloop
  endfacet
  facet normal 0 0 1
    outer loop
      vertex -2.40902 -50.5596 39
      vertex -21 -34 39
      vertex -2.69971 -50.7826 39
    endloop
  endfacet
  facet normal 0 0 1
    outer loop
      vertex -2.1 -50.3627 39
      vertex -21 -34 39
      vertex -2.40902 -50.5596 39
    endloop
  endfacet
  facet normal -0 0 1
    outer loop
      vertex 4.18402 -54.3661 39
      vertex 21 -74 39
      vertex 4.2 -54 39
    endloop
  endfacet
  facet normal -0 0 1
    outer loop
      vertex 4.13619 -54.7293 39
      vertex 21 -74 39
      vertex 4.18402 -54.3661 39
    endloop
  endfacet
  facet normal -0 0 1
    outer loop
      vertex 4.05689 -55.087 39
      vertex 21 -74 39
      vertex 4.13619 -54.7293 39
    endloop
  endfacet
  facet normal -0 0 1
    outer loop
      vertex 3.94671 -55.4365 39
      vertex 21 -74 39
      vertex 4.05689 -55.087 39
    endloop
  endfacet
  facet normal -0 0 1
    outer loop
      vertex 3.80649 -55.775 39
      vertex 21 -74 39
      vertex 3.94671 -55.4365 39
    endloop
  endfacet
  facet normal -0 0 1
    outer loop
      vertex 3.63731 -56.1 39
      vertex 21 -74 39
      vertex 3.80649 -55.775 39
    endloop
  endfacet
  facet normal -0 0 1
    outer loop
      vertex 3.44044 -56.409 39
      vertex 21 -74 39
      vertex 3.63731 -56.1 39
    endloop
  endfacet
  facet normal -0 0 1
    outer loop
      vertex 3.21739 -56.6997 39
      vertex 21 -74 39
      vertex 3.44044 -56.409 39
    endloop
  endfacet
  facet normal -0 0 1
    outer loop
      vertex 2.96985 -56.9698 39
      vertex 21 -74 39
      vertex 3.21739 -56.6997 39
    endloop
  endfacet
  facet normal -0 0 1
    outer loop
      vertex 2.69971 -57.2174 39
      vertex 21 -74 39
      vertex 2.96985 -56.9698 39
    endloop
  endfacet
  facet normal -0 0 1
    outer loop
      vertex 2.40902 -57.4404 39
      vertex 21 -74 39
      vertex 2.69971 -57.2174 39
    endloop
  endfacet
  facet normal -0 0 1
    outer loop
      vertex 2.1 -57.6373 39
      vertex 21 -74 39
      vertex 2.40902 -57.4404 39
    endloop
  endfacet
  facet normal -0 0 1
    outer loop
      vertex 1.775 -57.8065 39
      vertex 21 -74 39
      vertex 2.1 -57.6373 39
    endloop
  endfacet
  facet normal -0 0 1
    outer loop
      vertex 1.43648 -57.9467 39
      vertex 21 -74 39
      vertex 1.775 -57.8065 39
    endloop
  endfacet
  facet normal -0 0 1
    outer loop
      vertex 1.08704 -58.0569 39
      vertex 21 -74 39
      vertex 1.43648 -57.9467 39
    endloop
  endfacet
  facet normal -0 0 1
    outer loop
      vertex 0.729321 -58.1362 39
      vertex 21 -74 39
      vertex 1.08704 -58.0569 39
    endloop
  endfacet
  facet normal -0 0 1
    outer loop
      vertex 0.366054 -58.184 39
      vertex 21 -74 39
      vertex 0.729321 -58.1362 39
    endloop
  endfacet
  facet normal -0 0 1
    outer loop
      vertex 0 -58.2 39
      vertex 21 -74 39
      vertex 0.366054 -58.184 39
    endloop
  endfacet
  facet normal 0 0 1
    outer loop
      vertex -21 -74 39
      vertex 0 -58.2 39
      vertex -0.366054 -58.184 39
    endloop
  endfacet
  facet normal 0 0 1
    outer loop
      vertex -21 -74 39
      vertex -0.366054 -58.184 39
      vertex -0.729321 -58.1362 39
    endloop
  endfacet
  facet normal 0 0 1
    outer loop
      vertex -21 -74 39
      vertex -0.729321 -58.1362 39
      vertex -1.08704 -58.0569 39
    endloop
  endfacet
  facet normal 0 0 1
    outer loop
      vertex -21 -74 39
      vertex -1.08704 -58.0569 39
      vertex -1.43648 -57.9467 39
    endloop
  endfacet
  facet normal 0 0 1
    outer loop
      vertex -21 -74 39
      vertex -1.43648 -57.9467 39
      vertex -1.775 -57.8065 39
    endloop
  endfacet
  facet normal 0 0 1
    outer loop
      vertex -21 -74 39
      vertex -1.775 -57.8065 39
      vertex -2.1 -57.6373 39
    endloop
  endfacet
  facet normal 0 0 1
    outer loop
      vertex -21 -74 39
      vertex -2.1 -57.6373 39
      vertex -2.40902 -57.4404 39
    endloop
  endfacet
  facet normal 0 0 1
    outer loop
      vertex -21 -74 39
      vertex -4.2 -54 39
      vertex -21 -34 39
    endloop
  endfacet
  facet normal 0 0 1
    outer loop
      vertex -4.2 -54 39
      vertex -21 -74 39
      vertex -4.18402 -54.3661 39
    endloop
  endfacet
  facet normal 0 0 1
    outer loop
      vertex -4.18402 -54.3661 39
      vertex -21 -74 39
      vertex -4.13619 -54.7293 39
    endloop
  endfacet
  facet normal 0 0 1
    outer loop
      vertex -4.13619 -54.7293 39
      vertex -21 -74 39
      vertex -4.05689 -55.087 39
    endloop
  endfacet
  facet normal 0 0 1
    outer loop
      vertex -4.05689 -55.087 39
      vertex -21 -74 39
      vertex -3.94671 -55.4365 39
    endloop
  endfacet
  facet normal 0 0 1
    outer loop
      vertex -3.94671 -55.4365 39
      vertex -21 -74 39
      vertex -3.80649 -55.775 39
    endloop
  endfacet
  facet normal 0 0 1
    outer loop
      vertex -3.80649 -55.775 39
      vertex -21 -74 39
      vertex -3.63731 -56.1 39
    endloop
  endfacet
  facet normal 0 0 1
    outer loop
      vertex -3.63731 -56.1 39
      vertex -21 -74 39
      vertex -3.44044 -56.409 39
    endloop
  endfacet
  facet normal 0 0 1
    outer loop
      vertex 0 -58.2 39
      vertex -21 -74 39
      vertex 21 -74 39
    endloop
  endfacet
  facet normal 0 0 1
    outer loop
      vertex -2.69971 -57.2174 39
      vertex -21 -74 39
      vertex -2.40902 -57.4404 39
    endloop
  endfacet
  facet normal 0 0 1
    outer loop
      vertex -2.96985 -56.9698 39
      vertex -21 -74 39
      vertex -2.69971 -57.2174 39
    endloop
  endfacet
  facet normal 0 0 1
    outer loop
      vertex -3.21739 -56.6997 39
      vertex -21 -74 39
      vertex -2.96985 -56.9698 39
    endloop
  endfacet
  facet normal 0 0 1
    outer loop
      vertex -3.44044 -56.409 39
      vertex -21 -74 39
      vertex -3.21739 -56.6997 39
    endloop
  endfacet
  facet normal -0.537172 0 0.843473
    outer loop
      vertex -23.8679 -34 38.0958
      vertex -23.5 -74 38.3301
      vertex -23.5 -34 38.3301
    endloop
  endfacet
  facet normal -0.537172 0 0.843473
    outer loop
      vertex -23.5 -74 38.3301
      vertex -23.8679 -34 38.0958
      vertex -23.8679 -74 38.0958
    endloop
  endfacet
  facet normal 0.0435566 0 0.999051
    outer loop
      vertex 21 -34 39
      vertex 21.4358 -74 38.981
      vertex 21.4358 -34 38.981
    endloop
  endfacet
  facet normal 0.0435566 0 0.999051
    outer loop
      vertex 21.4358 -74 38.981
      vertex 21 -34 39
      vertex 21 -74 39
    endloop
  endfacet
  facet normal -0.382824 0 -0.923821
    outer loop
      vertex -23.1131 -74 -12.5315
      vertex -22.7101 -34 -12.6985
      vertex -22.7101 -74 -12.6985
    endloop
  endfacet
  facet normal -0.382824 0 -0.923821
    outer loop
      vertex -22.7101 -34 -12.6985
      vertex -23.1131 -74 -12.5315
      vertex -23.1131 -34 -12.5315
    endloop
  endfacet
  facet normal -0.991425 0 -0.130674
    outer loop
      vertex -25.924 -74 -8.86824
      vertex -25.981 -34 -8.43578
      vertex -25.924 -34 -8.86824
    endloop
  endfacet
  facet normal -0.991425 -0 -0.130674
    outer loop
      vertex -25.981 -34 -8.43578
      vertex -25.924 -74 -8.86824
      vertex -25.981 -74 -8.43578
    endloop
  endfacet
  facet normal 0.999051 -0 0.0435566
    outer loop
      vertex 25.981 -74 34.4358
      vertex 26 -34 34
      vertex 25.981 -34 34.4358
    endloop
  endfacet
  facet normal 0.999051 0 0.0435566
    outer loop
      vertex 26 -34 34
      vertex 25.981 -74 34.4358
      vertex 26 -74 34
    endloop
  endfacet
  facet normal -0.300572 0 -0.953759
    outer loop
      vertex -22.7101 -74 -12.6985
      vertex -22.2941 -34 -12.8296
      vertex -22.2941 -74 -12.8296
    endloop
  endfacet
  facet normal -0.300572 0 -0.953759
    outer loop
      vertex -22.2941 -34 -12.8296
      vertex -22.7101 -74 -12.6985
      vertex -22.7101 -34 -12.6985
    endloop
  endfacet
  facet normal 0.0435566 0 -0.999051
    outer loop
      vertex 21 -74 -13
      vertex 21.4358 -34 -12.981
      vertex 21.4358 -74 -12.981
    endloop
  endfacet
  facet normal 0.0435566 0 -0.999051
    outer loop
      vertex 21.4358 -34 -12.981
      vertex 21 -74 -13
      vertex 21 -34 -13
    endloop
  endfacet
  facet normal 0.887018 0 -0.461735
    outer loop
      vertex 25.5315 -74 -10.1131
      vertex 25.3301 -34 -10.5
      vertex 25.5315 -34 -10.1131
    endloop
  endfacet
  facet normal 0.887018 0 -0.461735
    outer loop
      vertex 25.3301 -34 -10.5
      vertex 25.5315 -74 -10.1131
      vertex 25.3301 -74 -10.5
    endloop
  endfacet
  facet normal -0.608913 0 -0.793237
    outer loop
      vertex -24.2139 -74 -11.8302
      vertex -23.8679 -34 -12.0958
      vertex -23.8679 -74 -12.0958
    endloop
  endfacet
  facet normal -0.608913 0 -0.793237
    outer loop
      vertex -23.8679 -34 -12.0958
      vertex -24.2139 -74 -11.8302
      vertex -24.2139 -34 -11.8302
    endloop
  endfacet
  facet normal -0.6756 0 -0.737268
    outer loop
      vertex -24.5355 -74 -11.5355
      vertex -24.2139 -34 -11.8302
      vertex -24.2139 -74 -11.8302
    endloop
  endfacet
  facet normal -0.6756 0 -0.737268
    outer loop
      vertex -24.2139 -34 -11.8302
      vertex -24.5355 -74 -11.5355
      vertex -24.5355 -34 -11.5355
    endloop
  endfacet
  facet normal 0.923821 0 -0.382824
    outer loop
      vertex 25.6985 -74 -9.7101
      vertex 25.5315 -34 -10.1131
      vertex 25.6985 -34 -9.7101
    endloop
  endfacet
  facet normal 0.923821 0 -0.382824
    outer loop
      vertex 25.5315 -34 -10.1131
      vertex 25.6985 -74 -9.7101
      vertex 25.5315 -74 -10.1131
    endloop
  endfacet
  facet normal 0 0 -1
    outer loop
      vertex 21 -74 -13
      vertex 8.37158 -54 -13
      vertex 21 -34 -13
    endloop
  endfacet
  facet normal 0 0 -1
    outer loop
      vertex 21 -74 -13
      vertex 4.18579 -61.25 -13
      vertex 8.37158 -54 -13
    endloop
  endfacet
  facet normal 0 0 -1
    outer loop
      vertex 21 -74 -13
      vertex -4.18579 -61.25 -13
      vertex 4.18579 -61.25 -13
    endloop
  endfacet
  facet normal -0 0 -1
    outer loop
      vertex -4.18579 -61.25 -13
      vertex -21 -74 -13
      vertex -8.37158 -54 -13
    endloop
  endfacet
  facet normal 0 0 -1
    outer loop
      vertex -21 -74 -13
      vertex -4.18579 -61.25 -13
      vertex 21 -74 -13
    endloop
  endfacet
  facet normal 0 0 -1
    outer loop
      vertex 4.18579 -46.75 -13
      vertex 21 -34 -13
      vertex 8.37158 -54 -13
    endloop
  endfacet
  facet normal 0 0 -1
    outer loop
      vertex -4.18579 -46.75 -13
      vertex 21 -34 -13
      vertex 4.18579 -46.75 -13
    endloop
  endfacet
  facet normal 0 0 -1
    outer loop
      vertex -21 -34 -13
      vertex -8.37158 -54 -13
      vertex -21 -74 -13
    endloop
  endfacet
  facet normal 0 0 -1
    outer loop
      vertex -4.18579 -46.75 -13
      vertex -21 -34 -13
      vertex 21 -34 -13
    endloop
  endfacet
  facet normal 0 0 -1
    outer loop
      vertex -8.37158 -54 -13
      vertex -21 -34 -13
      vertex -4.18579 -46.75 -13
    endloop
  endfacet
  facet normal -0.461735 0 -0.887018
    outer loop
      vertex -23.5 -74 -12.3301
      vertex -23.1131 -34 -12.5315
      vertex -23.1131 -74 -12.5315
    endloop
  endfacet
  facet normal -0.461735 0 -0.887018
    outer loop
      vertex -23.1131 -34 -12.5315
      vertex -23.5 -74 -12.3301
      vertex -23.5 -34 -12.3301
    endloop
  endfacet
  facet normal 0.843473 -0 0.537172
    outer loop
      vertex 25.0958 -74 36.8679
      vertex 25.3301 -34 36.5
      vertex 25.0958 -34 36.8679
    endloop
  endfacet
  facet normal 0.843473 0 0.537172
    outer loop
      vertex 25.3301 -34 36.5
      vertex 25.0958 -74 36.8679
      vertex 25.3301 -74 36.5
    endloop
  endfacet
  facet normal 1 0 0
    outer loop
      vertex 26 -34 34
      vertex 26 -39.3729 13
      vertex 26 -34 -8
    endloop
  endfacet
  facet normal 1 0 0
    outer loop
      vertex 26 -34 34
      vertex 26 -42.0865 17.7
      vertex 26 -39.3729 13
    endloop
  endfacet
  facet normal 1 0 0
    outer loop
      vertex 26 -34 34
      vertex 26 -47.5135 17.7
      vertex 26 -42.0865 17.7
    endloop
  endfacet
  facet normal 1 0 0
    outer loop
      vertex 26 -47.5135 17.7
      vertex 26 -57.7729 13
      vertex 26 -50.2271 13
    endloop
  endfacet
  facet normal 1 0 0
    outer loop
      vertex 26 -60.4865 17.7
      vertex 26 -47.5135 17.7
      vertex 26 -34 34
    endloop
  endfacet
  facet normal 1 0 0
    outer loop
      vertex 26 -47.5135 17.7
      vertex 26 -60.4865 17.7
      vertex 26 -57.7729 13
    endloop
  endfacet
  facet normal 1 -0 0
    outer loop
      vertex 26 -74 34
      vertex 26 -60.4865 17.7
      vertex 26 -34 34
    endloop
  endfacet
  facet normal 1 0 0
    outer loop
      vertex 26 -65.9135 17.7
      vertex 26 -74 34
      vertex 26 -68.6271 13
    endloop
  endfacet
  facet normal 1 0 0
    outer loop
      vertex 26 -60.4865 17.7
      vertex 26 -74 34
      vertex 26 -65.9135 17.7
    endloop
  endfacet
  facet normal 1 -0 0
    outer loop
      vertex 26 -42.0865 8.3
      vertex 26 -34 -8
      vertex 26 -39.3729 13
    endloop
  endfacet
  facet normal 1 -0 0
    outer loop
      vertex 26 -47.5135 8.3
      vertex 26 -34 -8
      vertex 26 -42.0865 8.3
    endloop
  endfacet
  facet normal 1 -0 0
    outer loop
      vertex 26 -57.7729 13
      vertex 26 -47.5135 8.3
      vertex 26 -50.2271 13
    endloop
  endfacet
  facet normal 1 0 0
    outer loop
      vertex 26 -60.4865 8.3
      vertex 26 -47.5135 8.3
      vertex 26 -57.7729 13
    endloop
  endfacet
  facet normal 1 0 0
    outer loop
      vertex 26 -47.5135 8.3
      vertex 26 -60.4865 8.3
      vertex 26 -34 -8
    endloop
  endfacet
  facet normal 1 0 0
    outer loop
      vertex 26 -74 -8
      vertex 26 -60.4865 8.3
      vertex 26 -65.9135 8.3
    endloop
  endfacet
  facet normal 1 0 0
    outer loop
      vertex 26 -60.4865 8.3
      vertex 26 -74 -8
      vertex 26 -34 -8
    endloop
  endfacet
  facet normal 1 0 0
    outer loop
      vertex 26 -68.6271 13
      vertex 26 -74 -8
      vertex 26 -65.9135 8.3
    endloop
  endfacet
  facet normal 1 0 0
    outer loop
      vertex 26 -74 -8
      vertex 26 -68.6271 13
      vertex 26 -74 34
    endloop
  endfacet
  facet normal -0.887018 0 0.461735
    outer loop
      vertex -25.5315 -74 36.1131
      vertex -25.3301 -34 36.5
      vertex -25.5315 -34 36.1131
    endloop
  endfacet
  facet normal -0.887018 0 0.461735
    outer loop
      vertex -25.3301 -34 36.5
      vertex -25.5315 -74 36.1131
      vertex -25.3301 -74 36.5
    endloop
  endfacet
  facet normal -1 0 0
    outer loop
      vertex -26 -42.3568 13.8893
      vertex -26 -34 13.8
      vertex -26 -42.3287 13.8
    endloop
  endfacet
  facet normal -1 0 0
    outer loop
      vertex -26 -42.4436 14.0988
      vertex -26 -34 13.8
      vertex -26 -42.3568 13.8893
    endloop
  endfacet
  facet normal -1 0 0
    outer loop
      vertex -26 -42.5483 14.3
      vertex -26 -34 13.8
      vertex -26 -42.4436 14.0988
    endloop
  endfacet
  facet normal -1 0 0
    outer loop
      vertex -26 -42.6702 14.4913
      vertex -26 -34 13.8
      vertex -26 -42.5483 14.3
    endloop
  endfacet
  facet normal -1 0 0
    outer loop
      vertex -26 -42.8083 14.6712
      vertex -26 -34 13.8
      vertex -26 -42.6702 14.4913
    endloop
  endfacet
  facet normal -1 0 0
    outer loop
      vertex -26 -42.9615 14.8385
      vertex -26 -34 13.8
      vertex -26 -42.8083 14.6712
    endloop
  endfacet
  facet normal -1 0 0
    outer loop
      vertex -26 -43.1288 14.9917
      vertex -26 -34 13.8
      vertex -26 -42.9615 14.8385
    endloop
  endfacet
  facet normal -1 0 0
    outer loop
      vertex -26 -43.3087 15.1298
      vertex -26 -34 13.8
      vertex -26 -43.1288 14.9917
    endloop
  endfacet
  facet normal -1 0 0
    outer loop
      vertex -26 -34 13.8
      vertex -26 -43.3087 15.1298
      vertex -26 -34 34
    endloop
  endfacet
  facet normal -1 0 0
    outer loop
      vertex -26 -43.5 15.2517
      vertex -26 -34 34
      vertex -26 -43.3087 15.1298
    endloop
  endfacet
  facet normal -1 0 0
    outer loop
      vertex -26 -43.7012 15.3564
      vertex -26 -34 34
      vertex -26 -43.5 15.2517
    endloop
  endfacet
  facet normal -1 0 0
    outer loop
      vertex -26 -43.9107 15.4432
      vertex -26 -34 34
      vertex -26 -43.7012 15.3564
    endloop
  endfacet
  facet normal -1 0 0
    outer loop
      vertex -26 -44.1271 15.5114
      vertex -26 -34 34
      vertex -26 -43.9107 15.4432
    endloop
  endfacet
  facet normal -1 0 0
    outer loop
      vertex -26 -44.3485 15.5605
      vertex -26 -34 34
      vertex -26 -44.1271 15.5114
    endloop
  endfacet
  facet normal -1 0 0
    outer loop
      vertex -26 -44.5734 15.5901
      vertex -26 -34 34
      vertex -26 -44.3485 15.5605
    endloop
  endfacet
  facet normal -1 0 0
    outer loop
      vertex -26 -44.8 15.6
      vertex -26 -34 34
      vertex -26 -44.5734 15.5901
    endloop
  endfacet
  facet normal -1 0 0
    outer loop
      vertex -26 -45.0266 15.5901
      vertex -26 -34 34
      vertex -26 -44.8 15.6
    endloop
  endfacet
  facet normal -1 0 0
    outer loop
      vertex -26 -45.2515 15.5605
      vertex -26 -34 34
      vertex -26 -45.0266 15.5901
    endloop
  endfacet
  facet normal -1 0 0
    outer loop
      vertex -26 -45.4729 15.5114
      vertex -26 -34 34
      vertex -26 -45.2515 15.5605
    endloop
  endfacet
  facet normal -1 0 0
    outer loop
      vertex -26 -45.6893 15.4432
      vertex -26 -34 34
      vertex -26 -45.4729 15.5114
    endloop
  endfacet
  facet normal -1 0 0
    outer loop
      vertex -26 -45.8988 15.3564
      vertex -26 -34 34
      vertex -26 -45.6893 15.4432
    endloop
  endfacet
  facet normal -1 0 0
    outer loop
      vertex -26 -62.1012 15.3564
      vertex -26 -45.8988 15.3564
      vertex -26 -46.1 15.2517
    endloop
  endfacet
  facet normal -1 0 0
    outer loop
      vertex -26 -61.9 15.2517
      vertex -26 -46.1 15.2517
      vertex -26 -46.2913 15.1298
    endloop
  endfacet
  facet normal -1 0 0
    outer loop
      vertex -26 -61.7087 15.1298
      vertex -26 -46.2913 15.1298
      vertex -26 -46.4712 14.9917
    endloop
  endfacet
  facet normal -1 0 0
    outer loop
      vertex -26 -61.5288 14.9917
      vertex -26 -46.4712 14.9917
      vertex -26 -46.6385 14.8385
    endloop
  endfacet
  facet normal -1 0 0
    outer loop
      vertex -26 -61.3615 14.8385
      vertex -26 -46.6385 14.8385
      vertex -26 -46.7917 14.6712
    endloop
  endfacet
  facet normal -1 0 0
    outer loop
      vertex -26 -61.2083 14.6712
      vertex -26 -46.7917 14.6712
      vertex -26 -46.9298 14.4913
    endloop
  endfacet
  facet normal -1 0 0
    outer loop
      vertex -26 -60.7287 13.8
      vertex -26 -47.2432 13.8893
      vertex -26 -47.2713 13.8
    endloop
  endfacet
  facet normal -1 0 0
    outer loop
      vertex -26 -60.7568 13.8893
      vertex -26 -47.2432 13.8893
      vertex -26 -60.7287 13.8
    endloop
  endfacet
  facet normal -1 0 0
    outer loop
      vertex -26 -47.2432 13.8893
      vertex -26 -60.7568 13.8893
      vertex -26 -47.1564 14.0988
    endloop
  endfacet
  facet normal -1 0 0
    outer loop
      vertex -26 -60.8436 14.0988
      vertex -26 -47.1564 14.0988
      vertex -26 -60.7568 13.8893
    endloop
  endfacet
  facet normal -1 0 0
    outer loop
      vertex -26 -47.1564 14.0988
      vertex -26 -60.8436 14.0988
      vertex -26 -47.0517 14.3
    endloop
  endfacet
  facet normal -1 0 0
    outer loop
      vertex -26 -60.9483 14.3
      vertex -26 -47.0517 14.3
      vertex -26 -60.8436 14.0988
    endloop
  endfacet
  facet normal -1 0 0
    outer loop
      vertex -26 -47.0517 14.3
      vertex -26 -60.9483 14.3
      vertex -26 -46.9298 14.4913
    endloop
  endfacet
  facet normal -1 0 0
    outer loop
      vertex -26 -61.0702 14.4913
      vertex -26 -46.9298 14.4913
      vertex -26 -60.9483 14.3
    endloop
  endfacet
  facet normal -1 0 0
    outer loop
      vertex -26 -61.2083 14.6712
      vertex -26 -46.9298 14.4913
      vertex -26 -61.0702 14.4913
    endloop
  endfacet
  facet normal -1 0 0
    outer loop
      vertex -26 -46.7917 14.6712
      vertex -26 -61.2083 14.6712
      vertex -26 -61.3615 14.8385
    endloop
  endfacet
  facet normal -1 0 0
    outer loop
      vertex -26 -46.6385 14.8385
      vertex -26 -61.3615 14.8385
      vertex -26 -61.5288 14.9917
    endloop
  endfacet
  facet normal -1 0 0
    outer loop
      vertex -26 -46.4712 14.9917
      vertex -26 -61.5288 14.9917
      vertex -26 -61.7087 15.1298
    endloop
  endfacet
  facet normal -1 0 0
    outer loop
      vertex -26 -46.2913 15.1298
      vertex -26 -61.7087 15.1298
      vertex -26 -61.9 15.2517
    endloop
  endfacet
  facet normal -1 0 0
    outer loop
      vertex -26 -46.1 15.2517
      vertex -26 -61.9 15.2517
      vertex -26 -62.1012 15.3564
    endloop
  endfacet
  facet normal -1 0 0
    outer loop
      vertex -26 -45.8988 15.3564
      vertex -26 -62.1012 15.3564
      vertex -26 -34 34
    endloop
  endfacet
  facet normal -1 0 0
    outer loop
      vertex -26 -74 34
      vertex -26 -62.1012 15.3564
      vertex -26 -62.3107 15.4432
    endloop
  endfacet
  facet normal -1 0 0
    outer loop
      vertex -26 -74 34
      vertex -26 -62.3107 15.4432
      vertex -26 -62.5271 15.5114
    endloop
  endfacet
  facet normal -1 0 0
    outer loop
      vertex -26 -74 34
      vertex -26 -62.5271 15.5114
      vertex -26 -62.7485 15.5605
    endloop
  endfacet
  facet normal -1 0 0
    outer loop
      vertex -26 -74 34
      vertex -26 -62.7485 15.5605
      vertex -26 -62.9734 15.5901
    endloop
  endfacet
  facet normal -1 0 0
    outer loop
      vertex -26 -74 34
      vertex -26 -62.9734 15.5901
      vertex -26 -63.2 15.6
    endloop
  endfacet
  facet normal -1 0 0
    outer loop
      vertex -26 -74 34
      vertex -26 -63.2 15.6
      vertex -26 -63.4266 15.5901
    endloop
  endfacet
  facet normal -1 0 0
    outer loop
      vertex -26 -74 34
      vertex -26 -63.4266 15.5901
      vertex -26 -63.6515 15.5605
    endloop
  endfacet
  facet normal -1 0 0
    outer loop
      vertex -26 -74 34
      vertex -26 -63.6515 15.5605
      vertex -26 -63.8729 15.5114
    endloop
  endfacet
  facet normal -1 0 0
    outer loop
      vertex -26 -74 34
      vertex -26 -63.8729 15.5114
      vertex -26 -64.0892 15.4432
    endloop
  endfacet
  facet normal -1 0 0
    outer loop
      vertex -26 -74 34
      vertex -26 -64.0892 15.4432
      vertex -26 -64.2988 15.3564
    endloop
  endfacet
  facet normal -1 0 0
    outer loop
      vertex -26 -74 34
      vertex -26 -64.2988 15.3564
      vertex -26 -64.5 15.2517
    endloop
  endfacet
  facet normal -1 0 0
    outer loop
      vertex -26 -74 13.8
      vertex -26 -65.6432 13.8893
      vertex -26 -65.6713 13.8
    endloop
  endfacet
  facet normal -1 0 0
    outer loop
      vertex -26 -74 13.8
      vertex -26 -65.5564 14.0988
      vertex -26 -65.6432 13.8893
    endloop
  endfacet
  facet normal -1 0 0
    outer loop
      vertex -26 -74 13.8
      vertex -26 -65.4517 14.3
      vertex -26 -65.5564 14.0988
    endloop
  endfacet
  facet normal -1 0 0
    outer loop
      vertex -26 -74 13.8
      vertex -26 -65.3298 14.4913
      vertex -26 -65.4517 14.3
    endloop
  endfacet
  facet normal -1 0 0
    outer loop
      vertex -26 -74 13.8
      vertex -26 -65.1917 14.6712
      vertex -26 -65.3298 14.4913
    endloop
  endfacet
  facet normal -1 0 0
    outer loop
      vertex -26 -74 13.8
      vertex -26 -65.0385 14.8385
      vertex -26 -65.1917 14.6712
    endloop
  endfacet
  facet normal -1 0 0
    outer loop
      vertex -26 -74 13.8
      vertex -26 -64.8712 14.9917
      vertex -26 -65.0385 14.8385
    endloop
  endfacet
  facet normal -1 0 0
    outer loop
      vertex -26 -74 13.8
      vertex -26 -64.6913 15.1298
      vertex -26 -64.8712 14.9917
    endloop
  endfacet
  facet normal -1 0 0
    outer loop
      vertex -26 -74 34
      vertex -26 -64.6913 15.1298
      vertex -26 -74 13.8
    endloop
  endfacet
  facet normal -1 0 0
    outer loop
      vertex -26 -64.6913 15.1298
      vertex -26 -74 34
      vertex -26 -64.5 15.2517
    endloop
  endfacet
  facet normal -1 0 0
    outer loop
      vertex -26 -62.1012 15.3564
      vertex -26 -74 34
      vertex -26 -34 34
    endloop
  endfacet
  facet normal -1 0 0
    outer loop
      vertex -26 -43.3087 10.8702
      vertex -26 -34 12.2
      vertex -26 -34 -8
    endloop
  endfacet
  facet normal -1 -0 0
    outer loop
      vertex -26 -34 12.2
      vertex -26 -42.3568 12.1107
      vertex -26 -42.3287 12.2
    endloop
  endfacet
  facet normal -1 0 0
    outer loop
      vertex -26 -34 12.2
      vertex -26 -42.4436 11.9012
      vertex -26 -42.3568 12.1107
    endloop
  endfacet
  facet normal -1 0 0
    outer loop
      vertex -26 -34 12.2
      vertex -26 -42.5483 11.7
      vertex -26 -42.4436 11.9012
    endloop
  endfacet
  facet normal -1 0 0
    outer loop
      vertex -26 -34 12.2
      vertex -26 -42.6702 11.5087
      vertex -26 -42.5483 11.7
    endloop
  endfacet
  facet normal -1 0 0
    outer loop
      vertex -26 -34 12.2
      vertex -26 -42.8083 11.3288
      vertex -26 -42.6702 11.5087
    endloop
  endfacet
  facet normal -1 0 0
    outer loop
      vertex -26 -34 12.2
      vertex -26 -42.9615 11.1615
      vertex -26 -42.8083 11.3288
    endloop
  endfacet
  facet normal -1 0 0
    outer loop
      vertex -26 -34 12.2
      vertex -26 -43.1288 11.0083
      vertex -26 -42.9615 11.1615
    endloop
  endfacet
  facet normal -1 0 0
    outer loop
      vertex -26 -34 12.2
      vertex -26 -43.3087 10.8702
      vertex -26 -43.1288 11.0083
    endloop
  endfacet
  facet normal -1 0 0
    outer loop
      vertex -26 -34 -8
      vertex -26 -43.5 10.7483
      vertex -26 -43.3087 10.8702
    endloop
  endfacet
  facet normal -1 0 0
    outer loop
      vertex -26 -34 -8
      vertex -26 -43.7012 10.6436
      vertex -26 -43.5 10.7483
    endloop
  endfacet
  facet normal -1 0 0
    outer loop
      vertex -26 -34 -8
      vertex -26 -43.9107 10.5568
      vertex -26 -43.7012 10.6436
    endloop
  endfacet
  facet normal -1 0 0
    outer loop
      vertex -26 -34 -8
      vertex -26 -44.1271 10.4886
      vertex -26 -43.9107 10.5568
    endloop
  endfacet
  facet normal -1 0 0
    outer loop
      vertex -26 -34 -8
      vertex -26 -44.3485 10.4395
      vertex -26 -44.1271 10.4886
    endloop
  endfacet
  facet normal -1 0 0
    outer loop
      vertex -26 -34 -8
      vertex -26 -44.5734 10.4099
      vertex -26 -44.3485 10.4395
    endloop
  endfacet
  facet normal -1 0 0
    outer loop
      vertex -26 -34 -8
      vertex -26 -44.8 10.4
      vertex -26 -44.5734 10.4099
    endloop
  endfacet
  facet normal -1 0 0
    outer loop
      vertex -26 -34 -8
      vertex -26 -45.0266 10.4099
      vertex -26 -44.8 10.4
    endloop
  endfacet
  facet normal -1 0 0
    outer loop
      vertex -26 -34 -8
      vertex -26 -45.2515 10.4395
      vertex -26 -45.0266 10.4099
    endloop
  endfacet
  facet normal -1 0 0
    outer loop
      vertex -26 -34 -8
      vertex -26 -45.4729 10.4886
      vertex -26 -45.2515 10.4395
    endloop
  endfacet
  facet normal -1 0 0
    outer loop
      vertex -26 -34 -8
      vertex -26 -45.6893 10.5568
      vertex -26 -45.4729 10.4886
    endloop
  endfacet
  facet normal -1 0 0
    outer loop
      vertex -26 -34 -8
      vertex -26 -45.8988 10.6436
      vertex -26 -45.6893 10.5568
    endloop
  endfacet
  facet normal -1 0 0
    outer loop
      vertex -26 -62.1012 10.6436
      vertex -26 -45.8988 10.6436
      vertex -26 -34 -8
    endloop
  endfacet
  facet normal -1 0 0
    outer loop
      vertex -26 -45.8988 10.6436
      vertex -26 -62.1012 10.6436
      vertex -26 -46.1 10.7483
    endloop
  endfacet
  facet normal -1 0 -0
    outer loop
      vertex -26 -61.9 10.7483
      vertex -26 -46.1 10.7483
      vertex -26 -62.1012 10.6436
    endloop
  endfacet
  facet normal -1 0 0
    outer loop
      vertex -26 -46.1 10.7483
      vertex -26 -61.9 10.7483
      vertex -26 -46.2913 10.8702
    endloop
  endfacet
  facet normal -1 0 -0
    outer loop
      vertex -26 -61.7087 10.8702
      vertex -26 -46.2913 10.8702
      vertex -26 -61.9 10.7483
    endloop
  endfacet
  facet normal -1 0 0
    outer loop
      vertex -26 -46.2913 10.8702
      vertex -26 -61.7087 10.8702
      vertex -26 -46.4712 11.0083
    endloop
  endfacet
  facet normal -1 0 0
    outer loop
      vertex -26 -47.2432 12.1107
      vertex -26 -60.7287 12.2
      vertex -26 -47.2713 12.2
    endloop
  endfacet
  facet normal -1 0 0
    outer loop
      vertex -26 -60.7568 12.1107
      vertex -26 -47.2432 12.1107
      vertex -26 -47.1564 11.9012
    endloop
  endfacet
  facet normal -1 0 0
    outer loop
      vertex -26 -60.8436 11.9012
      vertex -26 -47.1564 11.9012
      vertex -26 -47.0517 11.7
    endloop
  endfacet
  facet normal -1 0 0
    outer loop
      vertex -26 -60.9483 11.7
      vertex -26 -47.0517 11.7
      vertex -26 -46.9298 11.5087
    endloop
  endfacet
  facet normal -1 0 -0
    outer loop
      vertex -26 -61.5288 11.0083
      vertex -26 -46.4712 11.0083
      vertex -26 -61.7087 10.8702
    endloop
  endfacet
  facet normal -1 0 0
    outer loop
      vertex -26 -47.2432 12.1107
      vertex -26 -60.7568 12.1107
      vertex -26 -60.7287 12.2
    endloop
  endfacet
  facet normal -1 0 0
    outer loop
      vertex -26 -47.1564 11.9012
      vertex -26 -60.8436 11.9012
      vertex -26 -60.7568 12.1107
    endloop
  endfacet
  facet normal -1 0 0
    outer loop
      vertex -26 -47.0517 11.7
      vertex -26 -60.9483 11.7
      vertex -26 -60.8436 11.9012
    endloop
  endfacet
  facet normal -1 0 0
    outer loop
      vertex -26 -46.9298 11.5087
      vertex -26 -61.0702 11.5087
      vertex -26 -60.9483 11.7
    endloop
  endfacet
  facet normal -1 -0 0
    outer loop
      vertex -26 -46.9298 11.5087
      vertex -26 -61.2083 11.3288
      vertex -26 -61.0702 11.5087
    endloop
  endfacet
  facet normal -1 0 0
    outer loop
      vertex -26 -46.7917 11.3288
      vertex -26 -61.2083 11.3288
      vertex -26 -46.9298 11.5087
    endloop
  endfacet
  facet normal -1 0 -0
    outer loop
      vertex -26 -61.2083 11.3288
      vertex -26 -46.7917 11.3288
      vertex -26 -61.3615 11.1615
    endloop
  endfacet
  facet normal -1 0 0
    outer loop
      vertex -26 -46.6385 11.1615
      vertex -26 -61.3615 11.1615
      vertex -26 -46.7917 11.3288
    endloop
  endfacet
  facet normal -1 0 -0
    outer loop
      vertex -26 -61.3615 11.1615
      vertex -26 -46.6385 11.1615
      vertex -26 -61.5288 11.0083
    endloop
  endfacet
  facet normal -1 0 0
    outer loop
      vertex -26 -46.4712 11.0083
      vertex -26 -61.5288 11.0083
      vertex -26 -46.6385 11.1615
    endloop
  endfacet
  facet normal -1 0 0
    outer loop
      vertex -26 -74 -8
      vertex -26 -62.1012 10.6436
      vertex -26 -34 -8
    endloop
  endfacet
  facet normal -1 0 0
    outer loop
      vertex -26 -62.1012 10.6436
      vertex -26 -74 -8
      vertex -26 -62.3107 10.5568
    endloop
  endfacet
  facet normal -1 0 0
    outer loop
      vertex -26 -62.3107 10.5568
      vertex -26 -74 -8
      vertex -26 -62.5271 10.4886
    endloop
  endfacet
  facet normal -1 0 0
    outer loop
      vertex -26 -62.5271 10.4886
      vertex -26 -74 -8
      vertex -26 -62.7485 10.4395
    endloop
  endfacet
  facet normal -1 0 0
    outer loop
      vertex -26 -62.7485 10.4395
      vertex -26 -74 -8
      vertex -26 -62.9734 10.4099
    endloop
  endfacet
  facet normal -1 0 0
    outer loop
      vertex -26 -62.9734 10.4099
      vertex -26 -74 -8
      vertex -26 -63.2 10.4
    endloop
  endfacet
  facet normal -1 -0 0
    outer loop
      vertex -26 -63.2 10.4
      vertex -26 -74 -8
      vertex -26 -63.4266 10.4099
    endloop
  endfacet
  facet normal -1 -0 0
    outer loop
      vertex -26 -63.4266 10.4099
      vertex -26 -74 -8
      vertex -26 -63.6515 10.4395
    endloop
  endfacet
  facet normal -1 -0 0
    outer loop
      vertex -26 -63.6515 10.4395
      vertex -26 -74 -8
      vertex -26 -63.8729 10.4886
    endloop
  endfacet
  facet normal -1 -0 0
    outer loop
      vertex -26 -63.8729 10.4886
      vertex -26 -74 -8
      vertex -26 -64.0892 10.5568
    endloop
  endfacet
  facet normal -1 -0 0
    outer loop
      vertex -26 -64.0892 10.5568
      vertex -26 -74 -8
      vertex -26 -64.2988 10.6436
    endloop
  endfacet
  facet normal -1 -0 0
    outer loop
      vertex -26 -64.2988 10.6436
      vertex -26 -74 -8
      vertex -26 -64.5 10.7483
    endloop
  endfacet
  facet normal -1 0 0
    outer loop
      vertex -26 -74 -8
      vertex -26 -64.6913 10.8702
      vertex -26 -64.5 10.7483
    endloop
  endfacet
  facet normal -1 0 0
    outer loop
      vertex -26 -74 12.2
      vertex -26 -64.6913 10.8702
      vertex -26 -74 -8
    endloop
  endfacet
  facet normal -1 0 0
    outer loop
      vertex -26 -64.6913 10.8702
      vertex -26 -74 12.2
      vertex -26 -64.8712 11.0083
    endloop
  endfacet
  facet normal -1 0 0
    outer loop
      vertex -26 -64.8712 11.0083
      vertex -26 -74 12.2
      vertex -26 -65.0385 11.1615
    endloop
  endfacet
  facet normal -1 0 0
    outer loop
      vertex -26 -65.0385 11.1615
      vertex -26 -74 12.2
      vertex -26 -65.1917 11.3288
    endloop
  endfacet
  facet normal -1 0 0
    outer loop
      vertex -26 -65.1917 11.3288
      vertex -26 -74 12.2
      vertex -26 -65.3298 11.5087
    endloop
  endfacet
  facet normal -1 0 0
    outer loop
      vertex -26 -65.3298 11.5087
      vertex -26 -74 12.2
      vertex -26 -65.4517 11.7
    endloop
  endfacet
  facet normal -1 0 0
    outer loop
      vertex -26 -65.4517 11.7
      vertex -26 -74 12.2
      vertex -26 -65.5564 11.9012
    endloop
  endfacet
  facet normal -1 0 0
    outer loop
      vertex -26 -65.5564 11.9012
      vertex -26 -74 12.2
      vertex -26 -65.6432 12.1107
    endloop
  endfacet
  facet normal -1 0 0
    outer loop
      vertex -26 -65.6432 12.1107
      vertex -26 -74 12.2
      vertex -26 -65.6713 12.2
    endloop
  endfacet
  facet normal -0.953759 0 0.300572
    outer loop
      vertex -25.8296 -74 35.2941
      vertex -25.6985 -34 35.7101
      vertex -25.8296 -34 35.2941
    endloop
  endfacet
  facet normal -0.953759 0 0.300572
    outer loop
      vertex -25.6985 -34 35.7101
      vertex -25.8296 -74 35.2941
      vertex -25.6985 -74 35.7101
    endloop
  endfacet
  facet normal -0.923821 0 0.382824
    outer loop
      vertex -25.6985 -74 35.7101
      vertex -25.5315 -34 36.1131
      vertex -25.6985 -34 35.7101
    endloop
  endfacet
  facet normal -0.923821 0 0.382824
    outer loop
      vertex -25.5315 -34 36.1131
      vertex -25.6985 -74 35.7101
      vertex -25.5315 -74 36.1131
    endloop
  endfacet
  facet normal -0.0435566 0 -0.999051
    outer loop
      vertex -21.4358 -74 -12.981
      vertex -21 -34 -13
      vertex -21 -74 -13
    endloop
  endfacet
  facet normal -0.0435566 0 -0.999051
    outer loop
      vertex -21 -34 -13
      vertex -21.4358 -74 -12.981
      vertex -21.4358 -34 -12.981
    endloop
  endfacet
  facet normal -0.537172 0 -0.843473
    outer loop
      vertex -23.8679 -74 -12.0958
      vertex -23.5 -34 -12.3301
      vertex -23.5 -74 -12.3301
    endloop
  endfacet
  facet normal -0.537172 0 -0.843473
    outer loop
      vertex -23.5 -34 -12.3301
      vertex -23.8679 -74 -12.0958
      vertex -23.8679 -34 -12.0958
    endloop
  endfacet
  facet normal -0.999051 0 -0.0435586
    outer loop
      vertex -25.981 -74 -8.43578
      vertex -26 -34 -8
      vertex -25.981 -34 -8.43578
    endloop
  endfacet
  facet normal -0.999051 -0 -0.0435586
    outer loop
      vertex -26 -34 -8
      vertex -25.981 -74 -8.43578
      vertex -26 -74 -8
    endloop
  endfacet
  facet normal -0.0435566 0 0.999051
    outer loop
      vertex -21.4358 -34 38.981
      vertex -21 -74 39
      vertex -21 -34 39
    endloop
  endfacet
  facet normal -0.0435566 0 0.999051
    outer loop
      vertex -21 -74 39
      vertex -21.4358 -34 38.981
      vertex -21.4358 -74 38.981
    endloop
  endfacet
  facet normal 0.737268 0 -0.6756
    outer loop
      vertex 24.8302 -74 -11.2139
      vertex 24.5355 -34 -11.5355
      vertex 24.8302 -34 -11.2139
    endloop
  endfacet
  facet normal 0.737268 0 -0.6756
    outer loop
      vertex 24.5355 -34 -11.5355
      vertex 24.8302 -74 -11.2139
      vertex 24.5355 -74 -11.5355
    endloop
  endfacet
  facet normal -0.382824 0 0.923821
    outer loop
      vertex -23.1131 -34 38.5315
      vertex -22.7101 -74 38.6985
      vertex -22.7101 -34 38.6985
    endloop
  endfacet
  facet normal -0.382824 0 0.923821
    outer loop
      vertex -22.7101 -74 38.6985
      vertex -23.1131 -34 38.5315
      vertex -23.1131 -74 38.5315
    endloop
  endfacet
  facet normal 0.976301 0 -0.216416
    outer loop
      vertex 25.924 -74 -8.86824
      vertex 25.8296 -34 -9.2941
      vertex 25.924 -34 -8.86824
    endloop
  endfacet
  facet normal 0.976301 0 -0.216416
    outer loop
      vertex 25.8296 -34 -9.2941
      vertex 25.924 -74 -8.86824
      vertex 25.8296 -74 -9.2941
    endloop
  endfacet
  facet normal 0.991425 0 -0.130674
    outer loop
      vertex 25.981 -74 -8.43578
      vertex 25.924 -34 -8.86824
      vertex 25.981 -34 -8.43578
    endloop
  endfacet
  facet normal 0.991425 0 -0.130674
    outer loop
      vertex 25.924 -34 -8.86824
      vertex 25.981 -74 -8.43578
      vertex 25.924 -74 -8.86824
    endloop
  endfacet
  facet normal -0.991423 0 0.130692
    outer loop
      vertex -25.981 -74 34.4358
      vertex -25.924 -34 34.8682
      vertex -25.981 -34 34.4358
    endloop
  endfacet
  facet normal -0.991423 0 0.130692
    outer loop
      vertex -25.924 -34 34.8682
      vertex -25.981 -74 34.4358
      vertex -25.924 -74 34.8682
    endloop
  endfacet
  facet normal 0.130692 0 -0.991423
    outer loop
      vertex 21.4358 -74 -12.981
      vertex 21.8682 -34 -12.924
      vertex 21.8682 -74 -12.924
    endloop
  endfacet
  facet normal 0.130692 0 -0.991423
    outer loop
      vertex 21.8682 -34 -12.924
      vertex 21.4358 -74 -12.981
      vertex 21.4358 -34 -12.981
    endloop
  endfacet
  facet normal -0.6756 0 0.737268
    outer loop
      vertex -24.5355 -34 37.5355
      vertex -24.2139 -74 37.8302
      vertex -24.2139 -34 37.8302
    endloop
  endfacet
  facet normal -0.6756 0 0.737268
    outer loop
      vertex -24.2139 -74 37.8302
      vertex -24.5355 -34 37.5355
      vertex -24.5355 -74 37.5355
    endloop
  endfacet
  facet normal -0.843473 0 -0.537172
    outer loop
      vertex -25.0958 -74 -10.8679
      vertex -25.3301 -34 -10.5
      vertex -25.0958 -34 -10.8679
    endloop
  endfacet
  facet normal -0.843473 -0 -0.537172
    outer loop
      vertex -25.3301 -34 -10.5
      vertex -25.0958 -74 -10.8679
      vertex -25.3301 -74 -10.5
    endloop
  endfacet
  facet normal 0.608913 0 -0.793237
    outer loop
      vertex 23.8679 -74 -12.0958
      vertex 24.2139 -34 -11.8302
      vertex 24.2139 -74 -11.8302
    endloop
  endfacet
  facet normal 0.608913 0 -0.793237
    outer loop
      vertex 24.2139 -34 -11.8302
      vertex 23.8679 -74 -12.0958
      vertex 23.8679 -34 -12.0958
    endloop
  endfacet
  facet normal 0.6756 0 -0.737268
    outer loop
      vertex 24.2139 -74 -11.8302
      vertex 24.5355 -34 -11.5355
      vertex 24.5355 -74 -11.5355
    endloop
  endfacet
  facet normal 0.6756 0 -0.737268
    outer loop
      vertex 24.5355 -34 -11.5355
      vertex 24.2139 -74 -11.8302
      vertex 24.2139 -34 -11.8302
    endloop
  endfacet
  facet normal -0.300572 0 0.953759
    outer loop
      vertex -22.7101 -34 38.6985
      vertex -22.2941 -74 38.8296
      vertex -22.2941 -34 38.8296
    endloop
  endfacet
  facet normal -0.300572 0 0.953759
    outer loop
      vertex -22.2941 -74 38.8296
      vertex -22.7101 -34 38.6985
      vertex -22.7101 -74 38.6985
    endloop
  endfacet
  facet normal 0.461735 0 -0.887018
    outer loop
      vertex 23.1131 -74 -12.5315
      vertex 23.5 -34 -12.3301
      vertex 23.5 -74 -12.3301
    endloop
  endfacet
  facet normal 0.461735 0 -0.887018
    outer loop
      vertex 23.5 -34 -12.3301
      vertex 23.1131 -74 -12.5315
      vertex 23.1131 -34 -12.5315
    endloop
  endfacet
  facet normal -0.216396 0 0.976306
    outer loop
      vertex -22.2941 -34 38.8296
      vertex -21.8682 -74 38.924
      vertex -21.8682 -34 38.924
    endloop
  endfacet
  facet normal -0.216396 0 0.976306
    outer loop
      vertex -21.8682 -74 38.924
      vertex -22.2941 -34 38.8296
      vertex -22.2941 -74 38.8296
    endloop
  endfacet
  facet normal -0.999051 0 0.0435566
    outer loop
      vertex -26 -74 34
      vertex -25.981 -34 34.4358
      vertex -26 -34 34
    endloop
  endfacet
  facet normal -0.999051 0 0.0435566
    outer loop
      vertex -25.981 -34 34.4358
      vertex -26 -74 34
      vertex -25.981 -74 34.4358
    endloop
  endfacet
  facet normal -0.737268 0 0.6756
    outer loop
      vertex -24.8302 -74 37.2139
      vertex -24.5355 -34 37.5355
      vertex -24.8302 -34 37.2139
    endloop
  endfacet
  facet normal -0.737268 0 0.6756
    outer loop
      vertex -24.5355 -34 37.5355
      vertex -24.8302 -74 37.2139
      vertex -24.5355 -74 37.5355
    endloop
  endfacet
  facet normal 0.793237 0 -0.608913
    outer loop
      vertex 25.0958 -74 -10.8679
      vertex 24.8302 -34 -11.2139
      vertex 25.0958 -34 -10.8679
    endloop
  endfacet
  facet normal 0.793237 0 -0.608913
    outer loop
      vertex 24.8302 -34 -11.2139
      vertex 25.0958 -74 -10.8679
      vertex 24.8302 -74 -11.2139
    endloop
  endfacet
  facet normal 0.953759 -0 0.300572
    outer loop
      vertex 25.6985 -74 35.7101
      vertex 25.8296 -34 35.2941
      vertex 25.6985 -34 35.7101
    endloop
  endfacet
  facet normal 0.953759 0 0.300572
    outer loop
      vertex 25.8296 -34 35.2941
      vertex 25.6985 -74 35.7101
      vertex 25.8296 -74 35.2941
    endloop
  endfacet
  facet normal 0.608913 0 0.793237
    outer loop
      vertex 23.8679 -34 38.0958
      vertex 24.2139 -74 37.8302
      vertex 24.2139 -34 37.8302
    endloop
  endfacet
  facet normal 0.608913 0 0.793237
    outer loop
      vertex 24.2139 -74 37.8302
      vertex 23.8679 -34 38.0958
      vertex 23.8679 -74 38.0958
    endloop
  endfacet
  facet normal -0.887018 0 -0.461735
    outer loop
      vertex -25.3301 -74 -10.5
      vertex -25.5315 -34 -10.1131
      vertex -25.3301 -34 -10.5
    endloop
  endfacet
  facet normal -0.887018 -0 -0.461735
    outer loop
      vertex -25.5315 -34 -10.1131
      vertex -25.3301 -74 -10.5
      vertex -25.5315 -74 -10.1131
    endloop
  endfacet
  facet normal 0.537172 0 0.843473
    outer loop
      vertex 23.5 -34 38.3301
      vertex 23.8679 -74 38.0958
      vertex 23.8679 -34 38.0958
    endloop
  endfacet
  facet normal 0.537172 0 0.843473
    outer loop
      vertex 23.8679 -74 38.0958
      vertex 23.5 -34 38.3301
      vertex 23.5 -74 38.3301
    endloop
  endfacet
  facet normal 0.300572 0 -0.953759
    outer loop
      vertex 22.2941 -74 -12.8296
      vertex 22.7101 -34 -12.6985
      vertex 22.7101 -74 -12.6985
    endloop
  endfacet
  facet normal 0.300572 0 -0.953759
    outer loop
      vertex 22.7101 -34 -12.6985
      vertex 22.2941 -74 -12.8296
      vertex 22.2941 -34 -12.8296
    endloop
  endfacet
  facet normal 0.382824 0 -0.923821
    outer loop
      vertex 22.7101 -74 -12.6985
      vertex 23.1131 -34 -12.5315
      vertex 23.1131 -74 -12.5315
    endloop
  endfacet
  facet normal 0.382824 0 -0.923821
    outer loop
      vertex 23.1131 -34 -12.5315
      vertex 22.7101 -74 -12.6985
      vertex 22.7101 -34 -12.6985
    endloop
  endfacet
  facet normal 0.976306 -0 0.216396
    outer loop
      vertex 25.8296 -74 35.2941
      vertex 25.924 -34 34.8682
      vertex 25.8296 -34 35.2941
    endloop
  endfacet
  facet normal 0.976306 0 0.216396
    outer loop
      vertex 25.924 -34 34.8682
      vertex 25.8296 -74 35.2941
      vertex 25.924 -74 34.8682
    endloop
  endfacet
  facet normal 0.461735 0 0.887018
    outer loop
      vertex 23.1131 -34 38.5315
      vertex 23.5 -74 38.3301
      vertex 23.5 -34 38.3301
    endloop
  endfacet
  facet normal 0.461735 0 0.887018
    outer loop
      vertex 23.5 -74 38.3301
      vertex 23.1131 -34 38.5315
      vertex 23.1131 -74 38.5315
    endloop
  endfacet
  facet normal -0.130692 0 0.991423
    outer loop
      vertex -21.8682 -34 38.924
      vertex -21.4358 -74 38.981
      vertex -21.4358 -34 38.981
    endloop
  endfacet
  facet normal -0.130692 0 0.991423
    outer loop
      vertex -21.4358 -74 38.981
      vertex -21.8682 -34 38.924
      vertex -21.8682 -74 38.924
    endloop
  endfacet
  facet normal -0.923821 0 -0.382824
    outer loop
      vertex -25.5315 -74 -10.1131
      vertex -25.6985 -34 -9.7101
      vertex -25.5315 -34 -10.1131
    endloop
  endfacet
  facet normal -0.923821 -0 -0.382824
    outer loop
      vertex -25.6985 -34 -9.7101
      vertex -25.5315 -74 -10.1131
      vertex -25.6985 -74 -9.7101
    endloop
  endfacet
  facet normal -0.216396 0 -0.976306
    outer loop
      vertex -22.2941 -74 -12.8296
      vertex -21.8682 -34 -12.924
      vertex -21.8682 -74 -12.924
    endloop
  endfacet
  facet normal -0.216396 0 -0.976306
    outer loop
      vertex -21.8682 -34 -12.924
      vertex -22.2941 -74 -12.8296
      vertex -22.2941 -34 -12.8296
    endloop
  endfacet
  facet normal 0.737268 -0 0.6756
    outer loop
      vertex 24.5355 -74 37.5355
      vertex 24.8302 -34 37.2139
      vertex 24.5355 -34 37.5355
    endloop
  endfacet
  facet normal 0.737268 0 0.6756
    outer loop
      vertex 24.8302 -34 37.2139
      vertex 24.5355 -74 37.5355
      vertex 24.8302 -74 37.2139
    endloop
  endfacet
  facet normal -0.130692 0 -0.991423
    outer loop
      vertex -21.8682 -74 -12.924
      vertex -21.4358 -34 -12.981
      vertex -21.4358 -74 -12.981
    endloop
  endfacet
  facet normal -0.130692 0 -0.991423
    outer loop
      vertex -21.4358 -34 -12.981
      vertex -21.8682 -74 -12.924
      vertex -21.8682 -34 -12.924
    endloop
  endfacet
  facet normal -0.976306 0 0.216396
    outer loop
      vertex -25.924 -74 34.8682
      vertex -25.8296 -34 35.2941
      vertex -25.924 -34 34.8682
    endloop
  endfacet
  facet normal -0.976306 0 0.216396
    outer loop
      vertex -25.8296 -34 35.2941
      vertex -25.924 -74 34.8682
      vertex -25.8296 -74 35.2941
    endloop
  endfacet
  facet normal -0.793237 0 -0.608913
    outer loop
      vertex -24.8302 -74 -11.2139
      vertex -25.0958 -34 -10.8679
      vertex -24.8302 -34 -11.2139
    endloop
  endfacet
  facet normal -0.793237 -0 -0.608913
    outer loop
      vertex -25.0958 -34 -10.8679
      vertex -24.8302 -74 -11.2139
      vertex -25.0958 -74 -10.8679
    endloop
  endfacet
  facet normal 0.793237 -0 0.608913
    outer loop
      vertex 24.8302 -74 37.2139
      vertex 25.0958 -34 36.8679
      vertex 24.8302 -34 37.2139
    endloop
  endfacet
  facet normal 0.793237 0 0.608913
    outer loop
      vertex 25.0958 -34 36.8679
      vertex 24.8302 -74 37.2139
      vertex 25.0958 -74 36.8679
    endloop
  endfacet
  facet normal -0.608913 0 0.793237
    outer loop
      vertex -24.2139 -34 37.8302
      vertex -23.8679 -74 38.0958
      vertex -23.8679 -34 38.0958
    endloop
  endfacet
  facet normal -0.608913 0 0.793237
    outer loop
      vertex -23.8679 -74 38.0958
      vertex -24.2139 -34 37.8302
      vertex -24.2139 -74 37.8302
    endloop
  endfacet
  facet normal 0.991423 -0 0.130692
    outer loop
      vertex 25.924 -74 34.8682
      vertex 25.981 -34 34.4358
      vertex 25.924 -34 34.8682
    endloop
  endfacet
  facet normal 0.991423 0 0.130692
    outer loop
      vertex 25.981 -34 34.4358
      vertex 25.924 -74 34.8682
      vertex 25.981 -74 34.4358
    endloop
  endfacet
  facet normal 0.843473 0 -0.537172
    outer loop
      vertex 25.3301 -74 -10.5
      vertex 25.0958 -34 -10.8679
      vertex 25.3301 -34 -10.5
    endloop
  endfacet
  facet normal 0.843473 0 -0.537172
    outer loop
      vertex 25.0958 -34 -10.8679
      vertex 25.3301 -74 -10.5
      vertex 25.0958 -74 -10.8679
    endloop
  endfacet
  facet normal 0.216396 0 -0.976306
    outer loop
      vertex 21.8682 -74 -12.924
      vertex 22.2941 -34 -12.8296
      vertex 22.2941 -74 -12.8296
    endloop
  endfacet
  facet normal 0.216396 0 -0.976306
    outer loop
      vertex 22.2941 -34 -12.8296
      vertex 21.8682 -74 -12.924
      vertex 21.8682 -34 -12.924
    endloop
  endfacet
  facet normal -0.843473 0 0.537172
    outer loop
      vertex -25.3301 -74 36.5
      vertex -25.0958 -34 36.8679
      vertex -25.3301 -34 36.5
    endloop
  endfacet
  facet normal -0.843473 0 0.537172
    outer loop
      vertex -25.0958 -34 36.8679
      vertex -25.3301 -74 36.5
      vertex -25.0958 -74 36.8679
    endloop
  endfacet
  facet normal 0.999051 0 -0.0435586
    outer loop
      vertex 26 -74 -8
      vertex 25.981 -34 -8.43578
      vertex 26 -34 -8
    endloop
  endfacet
  facet normal 0.999051 0 -0.0435586
    outer loop
      vertex 25.981 -34 -8.43578
      vertex 26 -74 -8
      vertex 25.981 -74 -8.43578
    endloop
  endfacet
  facet normal 0.953759 0 -0.300572
    outer loop
      vertex 25.8296 -74 -9.2941
      vertex 25.6985 -34 -9.7101
      vertex 25.8296 -34 -9.2941
    endloop
  endfacet
  facet normal 0.953759 0 -0.300572
    outer loop
      vertex 25.6985 -34 -9.7101
      vertex 25.8296 -74 -9.2941
      vertex 25.6985 -74 -9.7101
    endloop
  endfacet
  facet normal -0.793237 0 0.608913
    outer loop
      vertex -25.0958 -74 36.8679
      vertex -24.8302 -34 37.2139
      vertex -25.0958 -34 36.8679
    endloop
  endfacet
  facet normal -0.793237 0 0.608913
    outer loop
      vertex -24.8302 -34 37.2139
      vertex -25.0958 -74 36.8679
      vertex -24.8302 -74 37.2139
    endloop
  endfacet
  facet normal 0.923821 -0 0.382824
    outer loop
      vertex 25.5315 -74 36.1131
      vertex 25.6985 -34 35.7101
      vertex 25.5315 -34 36.1131
    endloop
  endfacet
  facet normal 0.923821 0 0.382824
    outer loop
      vertex 25.6985 -34 35.7101
      vertex 25.5315 -74 36.1131
      vertex 25.6985 -74 35.7101
    endloop
  endfacet
  facet normal -0.461735 0 0.887018
    outer loop
      vertex -23.5 -34 38.3301
      vertex -23.1131 -74 38.5315
      vertex -23.1131 -34 38.5315
    endloop
  endfacet
  facet normal -0.461735 0 0.887018
    outer loop
      vertex -23.1131 -74 38.5315
      vertex -23.5 -34 38.3301
      vertex -23.5 -74 38.3301
    endloop
  endfacet
  facet normal 0.537172 0 -0.843473
    outer loop
      vertex 23.5 -74 -12.3301
      vertex 23.8679 -34 -12.0958
      vertex 23.8679 -74 -12.0958
    endloop
  endfacet
  facet normal 0.537172 0 -0.843473
    outer loop
      vertex 23.8679 -34 -12.0958
      vertex 23.5 -74 -12.3301
      vertex 23.5 -34 -12.3301
    endloop
  endfacet
  facet normal 0.300572 0 0.953759
    outer loop
      vertex 22.2941 -34 38.8296
      vertex 22.7101 -74 38.6985
      vertex 22.7101 -34 38.6985
    endloop
  endfacet
  facet normal 0.300572 0 0.953759
    outer loop
      vertex 22.7101 -74 38.6985
      vertex 22.2941 -34 38.8296
      vertex 22.2941 -74 38.8296
    endloop
  endfacet
  facet normal -0.953759 0 -0.300572
    outer loop
      vertex -25.6985 -74 -9.7101
      vertex -25.8296 -34 -9.2941
      vertex -25.6985 -34 -9.7101
    endloop
  endfacet
  facet normal -0.953759 -0 -0.300572
    outer loop
      vertex -25.8296 -34 -9.2941
      vertex -25.6985 -74 -9.7101
      vertex -25.8296 -74 -9.2941
    endloop
  endfacet
  facet normal -0.737268 0 -0.6756
    outer loop
      vertex -24.5355 -74 -11.5355
      vertex -24.8302 -34 -11.2139
      vertex -24.5355 -34 -11.5355
    endloop
  endfacet
  facet normal -0.737268 -0 -0.6756
    outer loop
      vertex -24.8302 -34 -11.2139
      vertex -24.5355 -74 -11.5355
      vertex -24.8302 -74 -11.2139
    endloop
  endfacet
  facet normal 0.887018 -0 0.461735
    outer loop
      vertex 25.3301 -74 36.5
      vertex 25.5315 -34 36.1131
      vertex 25.3301 -34 36.5
    endloop
  endfacet
  facet normal 0.887018 0 0.461735
    outer loop
      vertex 25.5315 -34 36.1131
      vertex 25.3301 -74 36.5
      vertex 25.5315 -74 36.1131
    endloop
  endfacet
  facet normal 0 -1 0
    outer loop
      vertex -26 -74 12.2
      vertex -20.2 -74 -7.2
      vertex -20.2 -74 12.2
    endloop
  endfacet
  facet normal 0 -1 0
    outer loop
      vertex -25.981 -74 -8.43578
      vertex -20.2 -74 -7.2
      vertex -26 -74 -8
    endloop
  endfacet
  facet normal 0 -1 0
    outer loop
      vertex -26 -74 -8
      vertex -20.2 -74 -7.2
      vertex -26 -74 12.2
    endloop
  endfacet
  facet normal 0 -1 0
    outer loop
      vertex -20.2 -74 33.2
      vertex -21 -74 39
      vertex -21.4358 -74 38.981
    endloop
  endfacet
  facet normal 0 -1 0
    outer loop
      vertex -21 -74 39
      vertex -20.2 -74 33.2
      vertex 21 -74 39
    endloop
  endfacet
  facet normal 0 -1 0
    outer loop
      vertex -20.2 -74 33.2
      vertex -21.4358 -74 38.981
      vertex -21.8682 -74 38.924
    endloop
  endfacet
  facet normal 0 -1 0
    outer loop
      vertex 20.2 -74 33.2
      vertex 21 -74 39
      vertex -20.2 -74 33.2
    endloop
  endfacet
  facet normal 0 -1 0
    outer loop
      vertex -20.2 -74 33.2
      vertex -21.8682 -74 38.924
      vertex -22.2941 -74 38.8296
    endloop
  endfacet
  facet normal 0 -1 -0
    outer loop
      vertex 21 -74 39
      vertex 20.2 -74 33.2
      vertex 21.4358 -74 38.981
    endloop
  endfacet
  facet normal 0 -1 0
    outer loop
      vertex -20.2 -74 33.2
      vertex -22.2941 -74 38.8296
      vertex -22.7101 -74 38.6985
    endloop
  endfacet
  facet normal 0 -1 -0
    outer loop
      vertex 21.4358 -74 38.981
      vertex 20.2 -74 33.2
      vertex 21.8682 -74 38.924
    endloop
  endfacet
  facet normal 0 -1 0
    outer loop
      vertex -20.2 -74 33.2
      vertex -22.7101 -74 38.6985
      vertex -23.1131 -74 38.5315
    endloop
  endfacet
  facet normal 0 -1 -0
    outer loop
      vertex 21.8682 -74 38.924
      vertex 20.2 -74 33.2
      vertex 22.2941 -74 38.8296
    endloop
  endfacet
  facet normal 0 -1 0
    outer loop
      vertex -20.2 -74 33.2
      vertex -23.1131 -74 38.5315
      vertex -23.5 -74 38.3301
    endloop
  endfacet
  facet normal 0 -1 -0
    outer loop
      vertex 22.2941 -74 38.8296
      vertex 20.2 -74 33.2
      vertex 22.7101 -74 38.6985
    endloop
  endfacet
  facet normal 0 -1 0
    outer loop
      vertex -20.2 -74 33.2
      vertex -23.5 -74 38.3301
      vertex -23.8679 -74 38.0958
    endloop
  endfacet
  facet normal 0 -1 -0
    outer loop
      vertex 22.7101 -74 38.6985
      vertex 20.2 -74 33.2
      vertex 23.1131 -74 38.5315
    endloop
  endfacet
  facet normal 0 -1 0
    outer loop
      vertex -20.2 -74 33.2
      vertex -23.8679 -74 38.0958
      vertex -24.2139 -74 37.8302
    endloop
  endfacet
  facet normal 0 -1 -0
    outer loop
      vertex 23.1131 -74 38.5315
      vertex 20.2 -74 33.2
      vertex 23.5 -74 38.3301
    endloop
  endfacet
  facet normal 0 -1 0
    outer loop
      vertex -20.2 -74 33.2
      vertex -24.2139 -74 37.8302
      vertex -24.5355 -74 37.5355
    endloop
  endfacet
  facet normal 0 -1 -0
    outer loop
      vertex 23.5 -74 38.3301
      vertex 20.2 -74 33.2
      vertex 23.8679 -74 38.0958
    endloop
  endfacet
  facet normal 0 -1 0
    outer loop
      vertex -20.2 -74 33.2
      vertex -24.5355 -74 37.5355
      vertex -24.8302 -74 37.2139
    endloop
  endfacet
  facet normal 0 -1 -0
    outer loop
      vertex 23.8679 -74 38.0958
      vertex 20.2 -74 33.2
      vertex 24.2139 -74 37.8302
    endloop
  endfacet
  facet normal 0 -1 0
    outer loop
      vertex -20.2 -74 33.2
      vertex -24.8302 -74 37.2139
      vertex -25.0958 -74 36.8679
    endloop
  endfacet
  facet normal 0 -1 -0
    outer loop
      vertex 24.2139 -74 37.8302
      vertex 20.2 -74 33.2
      vertex 24.5355 -74 37.5355
    endloop
  endfacet
  facet normal 0 -1 0
    outer loop
      vertex -20.2 -74 33.2
      vertex -25.0958 -74 36.8679
      vertex -25.3301 -74 36.5
    endloop
  endfacet
  facet normal 0 -1 -0
    outer loop
      vertex 24.5355 -74 37.5355
      vertex 20.2 -74 33.2
      vertex 24.8302 -74 37.2139
    endloop
  endfacet
  facet normal 0 -1 0
    outer loop
      vertex -20.2 -74 33.2
      vertex -25.3301 -74 36.5
      vertex -25.5315 -74 36.1131
    endloop
  endfacet
  facet normal 0 -1 -0
    outer loop
      vertex 24.8302 -74 37.2139
      vertex 20.2 -74 33.2
      vertex 25.0958 -74 36.8679
    endloop
  endfacet
  facet normal 0 -1 0
    outer loop
      vertex -20.2 -74 33.2
      vertex -25.5315 -74 36.1131
      vertex -25.6985 -74 35.7101
    endloop
  endfacet
  facet normal 0 -1 -0
    outer loop
      vertex 25.0958 -74 36.8679
      vertex 20.2 -74 33.2
      vertex 25.3301 -74 36.5
    endloop
  endfacet
  facet normal 0 -1 0
    outer loop
      vertex -20.2 -74 33.2
      vertex -25.6985 -74 35.7101
      vertex -25.8296 -74 35.2941
    endloop
  endfacet
  facet normal 0 -1 -0
    outer loop
      vertex 25.3301 -74 36.5
      vertex 20.2 -74 33.2
      vertex 25.5315 -74 36.1131
    endloop
  endfacet
  facet normal 0 -1 0
    outer loop
      vertex -20.2 -74 33.2
      vertex -25.8296 -74 35.2941
      vertex -25.924 -74 34.8682
    endloop
  endfacet
  facet normal 0 -1 -0
    outer loop
      vertex 25.5315 -74 36.1131
      vertex 20.2 -74 33.2
      vertex 25.6985 -74 35.7101
    endloop
  endfacet
  facet normal 0 -1 0
    outer loop
      vertex -20.2 -74 33.2
      vertex -25.924 -74 34.8682
      vertex -25.981 -74 34.4358
    endloop
  endfacet
  facet normal 0 -1 -0
    outer loop
      vertex 25.6985 -74 35.7101
      vertex 20.2 -74 33.2
      vertex 25.8296 -74 35.2941
    endloop
  endfacet
  facet normal 0 -1 0
    outer loop
      vertex -20.2 -74 33.2
      vertex -25.981 -74 34.4358
      vertex -26 -74 34
    endloop
  endfacet
  facet normal 0 -1 -0
    outer loop
      vertex 25.8296 -74 35.2941
      vertex 20.2 -74 33.2
      vertex 25.924 -74 34.8682
    endloop
  endfacet
  facet normal 0 -1 -0
    outer loop
      vertex 25.924 -74 34.8682
      vertex 20.2 -74 33.2
      vertex 25.981 -74 34.4358
    endloop
  endfacet
  facet normal 0 -1 0
    outer loop
      vertex -26 -74 13.8
      vertex -20.2 -74 33.2
      vertex -26 -74 34
    endloop
  endfacet
  facet normal 0 -1 -0
    outer loop
      vertex -20.2 -74 33.2
      vertex -26 -74 13.8
      vertex -20.2 -74 13.8
    endloop
  endfacet
  facet normal 0 -1 -0
    outer loop
      vertex 25.981 -74 34.4358
      vertex 20.2 -74 33.2
      vertex 26 -74 34
    endloop
  endfacet
  facet normal 0 -1 0
    outer loop
      vertex 20.2 -74 -7.2
      vertex 26 -74 34
      vertex 20.2 -74 33.2
    endloop
  endfacet
  facet normal 0 -1 0
    outer loop
      vertex 20.2 -74 -7.2
      vertex 26 -74 -8
      vertex 26 -74 34
    endloop
  endfacet
  facet normal 0 -1 -0
    outer loop
      vertex -20.2 -74 -7.2
      vertex -21 -74 -13
      vertex 20.2 -74 -7.2
    endloop
  endfacet
  facet normal 0 -1 0
    outer loop
      vertex -25.924 -74 -8.86824
      vertex -20.2 -74 -7.2
      vertex -25.981 -74 -8.43578
    endloop
  endfacet
  facet normal 0 -1 0
    outer loop
      vertex 21 -74 -13
      vertex 20.2 -74 -7.2
      vertex -21 -74 -13
    endloop
  endfacet
  facet normal 0 -1 0
    outer loop
      vertex -25.8296 -74 -9.2941
      vertex -20.2 -74 -7.2
      vertex -25.924 -74 -8.86824
    endloop
  endfacet
  facet normal -0 -1 0
    outer loop
      vertex 21.4358 -74 -12.981
      vertex 20.2 -74 -7.2
      vertex 21 -74 -13
    endloop
  endfacet
  facet normal 0 -1 0
    outer loop
      vertex -25.6985 -74 -9.7101
      vertex -20.2 -74 -7.2
      vertex -25.8296 -74 -9.2941
    endloop
  endfacet
  facet normal 0 -1 0
    outer loop
      vertex 20.2 -74 -7.2
      vertex 25.981 -74 -8.43578
      vertex 26 -74 -8
    endloop
  endfacet
  facet normal 0 -1 0
    outer loop
      vertex -25.5315 -74 -10.1131
      vertex -20.2 -74 -7.2
      vertex -25.6985 -74 -9.7101
    endloop
  endfacet
  facet normal 0 -1 0
    outer loop
      vertex 20.2 -74 -7.2
      vertex 25.924 -74 -8.86824
      vertex 25.981 -74 -8.43578
    endloop
  endfacet
  facet normal 0 -1 0
    outer loop
      vertex -25.3301 -74 -10.5
      vertex -20.2 -74 -7.2
      vertex -25.5315 -74 -10.1131
    endloop
  endfacet
  facet normal 0 -1 0
    outer loop
      vertex 20.2 -74 -7.2
      vertex 25.8296 -74 -9.2941
      vertex 25.924 -74 -8.86824
    endloop
  endfacet
  facet normal 0 -1 0
    outer loop
      vertex -25.0958 -74 -10.8679
      vertex -20.2 -74 -7.2
      vertex -25.3301 -74 -10.5
    endloop
  endfacet
  facet normal 0 -1 0
    outer loop
      vertex 20.2 -74 -7.2
      vertex 25.6985 -74 -9.7101
      vertex 25.8296 -74 -9.2941
    endloop
  endfacet
  facet normal 0 -1 0
    outer loop
      vertex -24.8302 -74 -11.2139
      vertex -20.2 -74 -7.2
      vertex -25.0958 -74 -10.8679
    endloop
  endfacet
  facet normal 0 -1 0
    outer loop
      vertex 20.2 -74 -7.2
      vertex 25.5315 -74 -10.1131
      vertex 25.6985 -74 -9.7101
    endloop
  endfacet
  facet normal 0 -1 0
    outer loop
      vertex -24.5355 -74 -11.5355
      vertex -20.2 -74 -7.2
      vertex -24.8302 -74 -11.2139
    endloop
  endfacet
  facet normal 0 -1 0
    outer loop
      vertex 20.2 -74 -7.2
      vertex 25.3301 -74 -10.5
      vertex 25.5315 -74 -10.1131
    endloop
  endfacet
  facet normal 0 -1 0
    outer loop
      vertex -24.2139 -74 -11.8302
      vertex -20.2 -74 -7.2
      vertex -24.5355 -74 -11.5355
    endloop
  endfacet
  facet normal 0 -1 0
    outer loop
      vertex 20.2 -74 -7.2
      vertex 25.0958 -74 -10.8679
      vertex 25.3301 -74 -10.5
    endloop
  endfacet
  facet normal 0 -1 0
    outer loop
      vertex -23.8679 -74 -12.0958
      vertex -20.2 -74 -7.2
      vertex -24.2139 -74 -11.8302
    endloop
  endfacet
  facet normal 0 -1 0
    outer loop
      vertex 20.2 -74 -7.2
      vertex 24.8302 -74 -11.2139
      vertex 25.0958 -74 -10.8679
    endloop
  endfacet
  facet normal 0 -1 0
    outer loop
      vertex -23.5 -74 -12.3301
      vertex -20.2 -74 -7.2
      vertex -23.8679 -74 -12.0958
    endloop
  endfacet
  facet normal 0 -1 0
    outer loop
      vertex 20.2 -74 -7.2
      vertex 24.5355 -74 -11.5355
      vertex 24.8302 -74 -11.2139
    endloop
  endfacet
  facet normal 0 -1 0
    outer loop
      vertex -23.1131 -74 -12.5315
      vertex -20.2 -74 -7.2
      vertex -23.5 -74 -12.3301
    endloop
  endfacet
  facet normal 0 -1 0
    outer loop
      vertex 20.2 -74 -7.2
      vertex 24.2139 -74 -11.8302
      vertex 24.5355 -74 -11.5355
    endloop
  endfacet
  facet normal 0 -1 0
    outer loop
      vertex -22.7101 -74 -12.6985
      vertex -20.2 -74 -7.2
      vertex -23.1131 -74 -12.5315
    endloop
  endfacet
  facet normal 0 -1 0
    outer loop
      vertex 20.2 -74 -7.2
      vertex 23.8679 -74 -12.0958
      vertex 24.2139 -74 -11.8302
    endloop
  endfacet
  facet normal 0 -1 0
    outer loop
      vertex -22.2941 -74 -12.8296
      vertex -20.2 -74 -7.2
      vertex -22.7101 -74 -12.6985
    endloop
  endfacet
  facet normal 0 -1 0
    outer loop
      vertex 20.2 -74 -7.2
      vertex 23.5 -74 -12.3301
      vertex 23.8679 -74 -12.0958
    endloop
  endfacet
  facet normal 0 -1 0
    outer loop
      vertex -21.8682 -74 -12.924
      vertex -20.2 -74 -7.2
      vertex -22.2941 -74 -12.8296
    endloop
  endfacet
  facet normal 0 -1 0
    outer loop
      vertex 20.2 -74 -7.2
      vertex 23.1131 -74 -12.5315
      vertex 23.5 -74 -12.3301
    endloop
  endfacet
  facet normal 0 -1 0
    outer loop
      vertex -21.4358 -74 -12.981
      vertex -20.2 -74 -7.2
      vertex -21.8682 -74 -12.924
    endloop
  endfacet
  facet normal 0 -1 0
    outer loop
      vertex 20.2 -74 -7.2
      vertex 22.7101 -74 -12.6985
      vertex 23.1131 -74 -12.5315
    endloop
  endfacet
  facet normal 0 -1 0
    outer loop
      vertex -20.2 -74 -7.2
      vertex -21.4358 -74 -12.981
      vertex -21 -74 -13
    endloop
  endfacet
  facet normal 0 -1 0
    outer loop
      vertex 20.2 -74 -7.2
      vertex 22.2941 -74 -12.8296
      vertex 22.7101 -74 -12.6985
    endloop
  endfacet
  facet normal 0 -1 0
    outer loop
      vertex 20.2 -74 -7.2
      vertex 21.8682 -74 -12.924
      vertex 22.2941 -74 -12.8296
    endloop
  endfacet
  facet normal 0 -1 0
    outer loop
      vertex 20.2 -74 -7.2
      vertex 21.4358 -74 -12.981
      vertex 21.8682 -74 -12.924
    endloop
  endfacet
  facet normal -0.976301 0 -0.216416
    outer loop
      vertex -25.8296 -74 -9.2941
      vertex -25.924 -34 -8.86824
      vertex -25.8296 -34 -9.2941
    endloop
  endfacet
  facet normal -0.976301 -0 -0.216416
    outer loop
      vertex -25.924 -34 -8.86824
      vertex -25.8296 -74 -9.2941
      vertex -25.924 -74 -8.86824
    endloop
  endfacet
  facet normal 0 1 0
    outer loop
      vertex 20.2 -34 33.2
      vertex 21 -34 39
      vertex 21.4358 -34 38.981
    endloop
  endfacet
  facet normal 0 1 0
    outer loop
      vertex 21 -34 39
      vertex 20.2 -34 33.2
      vertex -21 -34 39
    endloop
  endfacet
  facet normal 0 1 0
    outer loop
      vertex 20.2 -34 33.2
      vertex 21.4358 -34 38.981
      vertex 21.8682 -34 38.924
    endloop
  endfacet
  facet normal 0 1 -0
    outer loop
      vertex -20.2 -34 33.2
      vertex -21 -34 39
      vertex 20.2 -34 33.2
    endloop
  endfacet
  facet normal 0 1 0
    outer loop
      vertex 20.2 -34 33.2
      vertex 21.8682 -34 38.924
      vertex 22.2941 -34 38.8296
    endloop
  endfacet
  facet normal 0 1 0
    outer loop
      vertex -21 -34 39
      vertex -20.2 -34 33.2
      vertex -21.4358 -34 38.981
    endloop
  endfacet
  facet normal 0 1 0
    outer loop
      vertex 20.2 -34 33.2
      vertex 22.2941 -34 38.8296
      vertex 22.7101 -34 38.6985
    endloop
  endfacet
  facet normal 0 1 0
    outer loop
      vertex -21.4358 -34 38.981
      vertex -20.2 -34 33.2
      vertex -21.8682 -34 38.924
    endloop
  endfacet
  facet normal 0 1 0
    outer loop
      vertex 20.2 -34 33.2
      vertex 22.7101 -34 38.6985
      vertex 23.1131 -34 38.5315
    endloop
  endfacet
  facet normal 0 1 0
    outer loop
      vertex -21.8682 -34 38.924
      vertex -20.2 -34 33.2
      vertex -22.2941 -34 38.8296
    endloop
  endfacet
  facet normal 0 1 0
    outer loop
      vertex 20.2 -34 33.2
      vertex 23.1131 -34 38.5315
      vertex 23.5 -34 38.3301
    endloop
  endfacet
  facet normal 0 1 0
    outer loop
      vertex -22.2941 -34 38.8296
      vertex -20.2 -34 33.2
      vertex -22.7101 -34 38.6985
    endloop
  endfacet
  facet normal 0 1 0
    outer loop
      vertex 20.2 -34 33.2
      vertex 23.5 -34 38.3301
      vertex 23.8679 -34 38.0958
    endloop
  endfacet
  facet normal 0 1 0
    outer loop
      vertex -22.7101 -34 38.6985
      vertex -20.2 -34 33.2
      vertex -23.1131 -34 38.5315
    endloop
  endfacet
  facet normal 0 1 0
    outer loop
      vertex 20.2 -34 33.2
      vertex 23.8679 -34 38.0958
      vertex 24.2139 -34 37.8302
    endloop
  endfacet
  facet normal 0 1 0
    outer loop
      vertex -23.1131 -34 38.5315
      vertex -20.2 -34 33.2
      vertex -23.5 -34 38.3301
    endloop
  endfacet
  facet normal 0 1 0
    outer loop
      vertex 20.2 -34 33.2
      vertex 24.2139 -34 37.8302
      vertex 24.5355 -34 37.5355
    endloop
  endfacet
  facet normal 0 1 0
    outer loop
      vertex -23.5 -34 38.3301
      vertex -20.2 -34 33.2
      vertex -23.8679 -34 38.0958
    endloop
  endfacet
  facet normal 0 1 0
    outer loop
      vertex 20.2 -34 33.2
      vertex 24.5355 -34 37.5355
      vertex 24.8302 -34 37.2139
    endloop
  endfacet
  facet normal 0 1 0
    outer loop
      vertex -23.8679 -34 38.0958
      vertex -20.2 -34 33.2
      vertex -24.2139 -34 37.8302
    endloop
  endfacet
  facet normal 0 1 0
    outer loop
      vertex 20.2 -34 33.2
      vertex 24.8302 -34 37.2139
      vertex 25.0958 -34 36.8679
    endloop
  endfacet
  facet normal 0 1 0
    outer loop
      vertex -24.2139 -34 37.8302
      vertex -20.2 -34 33.2
      vertex -24.5355 -34 37.5355
    endloop
  endfacet
  facet normal 0 1 0
    outer loop
      vertex 20.2 -34 33.2
      vertex 25.0958 -34 36.8679
      vertex 25.3301 -34 36.5
    endloop
  endfacet
  facet normal 0 1 0
    outer loop
      vertex -24.5355 -34 37.5355
      vertex -20.2 -34 33.2
      vertex -24.8302 -34 37.2139
    endloop
  endfacet
  facet normal 0 1 0
    outer loop
      vertex 20.2 -34 33.2
      vertex 25.3301 -34 36.5
      vertex 25.5315 -34 36.1131
    endloop
  endfacet
  facet normal 0 1 0
    outer loop
      vertex -24.8302 -34 37.2139
      vertex -20.2 -34 33.2
      vertex -25.0958 -34 36.8679
    endloop
  endfacet
  facet normal 0 1 0
    outer loop
      vertex 20.2 -34 33.2
      vertex 25.5315 -34 36.1131
      vertex 25.6985 -34 35.7101
    endloop
  endfacet
  facet normal 0 1 0
    outer loop
      vertex -25.0958 -34 36.8679
      vertex -20.2 -34 33.2
      vertex -25.3301 -34 36.5
    endloop
  endfacet
  facet normal 0 1 0
    outer loop
      vertex 20.2 -34 33.2
      vertex 25.6985 -34 35.7101
      vertex 25.8296 -34 35.2941
    endloop
  endfacet
  facet normal 0 1 0
    outer loop
      vertex -25.3301 -34 36.5
      vertex -20.2 -34 33.2
      vertex -25.5315 -34 36.1131
    endloop
  endfacet
  facet normal 0 1 0
    outer loop
      vertex 20.2 -34 33.2
      vertex 25.8296 -34 35.2941
      vertex 25.924 -34 34.8682
    endloop
  endfacet
  facet normal 0 1 0
    outer loop
      vertex -25.5315 -34 36.1131
      vertex -20.2 -34 33.2
      vertex -25.6985 -34 35.7101
    endloop
  endfacet
  facet normal 0 1 0
    outer loop
      vertex 20.2 -34 33.2
      vertex 25.924 -34 34.8682
      vertex 25.981 -34 34.4358
    endloop
  endfacet
  facet normal 0 1 0
    outer loop
      vertex -25.6985 -34 35.7101
      vertex -20.2 -34 33.2
      vertex -25.8296 -34 35.2941
    endloop
  endfacet
  facet normal 0 1 0
    outer loop
      vertex 20.2 -34 33.2
      vertex 25.981 -34 34.4358
      vertex 26 -34 34
    endloop
  endfacet
  facet normal 0 1 0
    outer loop
      vertex -25.8296 -34 35.2941
      vertex -20.2 -34 33.2
      vertex -25.924 -34 34.8682
    endloop
  endfacet
  facet normal 0 1 0
    outer loop
      vertex -25.924 -34 34.8682
      vertex -20.2 -34 33.2
      vertex -25.981 -34 34.4358
    endloop
  endfacet
  facet normal 0 1 0
    outer loop
      vertex 26 -34 34
      vertex 21.0062 -34 26
      vertex 20.2 -34 33.2
    endloop
  endfacet
  facet normal 0 1 0
    outer loop
      vertex 26 -34 34
      vertex 21.0062 -34 0
      vertex 21.0062 -34 26
    endloop
  endfacet
  facet normal 0 1 0
    outer loop
      vertex 21.0062 -34 0
      vertex 20.2 -34 -7.2
      vertex 20.2 -34 0
    endloop
  endfacet
  facet normal 0 1 -0
    outer loop
      vertex 26 -34 -8
      vertex 21.0062 -34 0
      vertex 26 -34 34
    endloop
  endfacet
  facet normal 0 1 -0
    outer loop
      vertex 25.981 -34 -8.43578
      vertex 20.2 -34 -7.2
      vertex 26 -34 -8
    endloop
  endfacet
  facet normal 0 1 0
    outer loop
      vertex 21.0062 -34 0
      vertex 26 -34 -8
      vertex 20.2 -34 -7.2
    endloop
  endfacet
  facet normal 0 1 0
    outer loop
      vertex -25.981 -34 34.4358
      vertex -20.2 -34 33.2
      vertex -26 -34 34
    endloop
  endfacet
  facet normal 0 1 0
    outer loop
      vertex -21.0062 -34 26
      vertex -20.2 -34 33.2
      vertex -20.2 -34 26
    endloop
  endfacet
  facet normal 0 1 0
    outer loop
      vertex -20.2 -34 33.2
      vertex -21.0062 -34 26
      vertex -26 -34 34
    endloop
  endfacet
  facet normal 0 1 0
    outer loop
      vertex -26 -34 13.8
      vertex -21.0062 -34 26
      vertex -21.0062 -34 13.8
    endloop
  endfacet
  facet normal 0 1 0
    outer loop
      vertex -21.0062 -34 26
      vertex -26 -34 13.8
      vertex -26 -34 34
    endloop
  endfacet
  facet normal 0 1 0
    outer loop
      vertex 20.2 -34 33.2
      vertex 21.0062 -34 26
      vertex 20.2 -34 26
    endloop
  endfacet
  facet normal 0 1 0
    outer loop
      vertex -20.2 -34 0
      vertex -20.2 -34 -7.2
      vertex -21.0062 -34 0
    endloop
  endfacet
  facet normal 0 1 -0
    outer loop
      vertex -21.0062 -34 0
      vertex -26 -34 12.2
      vertex -21.0062 -34 12.2
    endloop
  endfacet
  facet normal 0 1 0
    outer loop
      vertex -26 -34 -8
      vertex -21.0062 -34 0
      vertex -20.2 -34 -7.2
    endloop
  endfacet
  facet normal 0 1 0
    outer loop
      vertex -21.0062 -34 0
      vertex -26 -34 -8
      vertex -26 -34 12.2
    endloop
  endfacet
  facet normal 0 1 0
    outer loop
      vertex 20.2 -34 -7.2
      vertex 21 -34 -13
      vertex -20.2 -34 -7.2
    endloop
  endfacet
  facet normal 0 1 -0
    outer loop
      vertex 25.924 -34 -8.86824
      vertex 20.2 -34 -7.2
      vertex 25.981 -34 -8.43578
    endloop
  endfacet
  facet normal 0 1 0
    outer loop
      vertex -21 -34 -13
      vertex -20.2 -34 -7.2
      vertex 21 -34 -13
    endloop
  endfacet
  facet normal 0 1 -0
    outer loop
      vertex 25.8296 -34 -9.2941
      vertex 20.2 -34 -7.2
      vertex 25.924 -34 -8.86824
    endloop
  endfacet
  facet normal -0 1 0
    outer loop
      vertex -21.4358 -34 -12.981
      vertex -20.2 -34 -7.2
      vertex -21 -34 -13
    endloop
  endfacet
  facet normal 0 1 -0
    outer loop
      vertex 25.6985 -34 -9.7101
      vertex 20.2 -34 -7.2
      vertex 25.8296 -34 -9.2941
    endloop
  endfacet
  facet normal 0 1 0
    outer loop
      vertex -20.2 -34 -7.2
      vertex -25.981 -34 -8.43578
      vertex -26 -34 -8
    endloop
  endfacet
  facet normal 0 1 -0
    outer loop
      vertex 25.5315 -34 -10.1131
      vertex 20.2 -34 -7.2
      vertex 25.6985 -34 -9.7101
    endloop
  endfacet
  facet normal 0 1 0
    outer loop
      vertex -20.2 -34 -7.2
      vertex -25.924 -34 -8.86824
      vertex -25.981 -34 -8.43578
    endloop
  endfacet
  facet normal 0 1 -0
    outer loop
      vertex 25.3301 -34 -10.5
      vertex 20.2 -34 -7.2
      vertex 25.5315 -34 -10.1131
    endloop
  endfacet
  facet normal 0 1 0
    outer loop
      vertex -20.2 -34 -7.2
      vertex -25.8296 -34 -9.2941
      vertex -25.924 -34 -8.86824
    endloop
  endfacet
  facet normal 0 1 -0
    outer loop
      vertex 25.0958 -34 -10.8679
      vertex 20.2 -34 -7.2
      vertex 25.3301 -34 -10.5
    endloop
  endfacet
  facet normal 0 1 0
    outer loop
      vertex -20.2 -34 -7.2
      vertex -25.6985 -34 -9.7101
      vertex -25.8296 -34 -9.2941
    endloop
  endfacet
  facet normal 0 1 -0
    outer loop
      vertex 24.8302 -34 -11.2139
      vertex 20.2 -34 -7.2
      vertex 25.0958 -34 -10.8679
    endloop
  endfacet
  facet normal 0 1 0
    outer loop
      vertex -20.2 -34 -7.2
      vertex -25.5315 -34 -10.1131
      vertex -25.6985 -34 -9.7101
    endloop
  endfacet
  facet normal 0 1 -0
    outer loop
      vertex 24.5355 -34 -11.5355
      vertex 20.2 -34 -7.2
      vertex 24.8302 -34 -11.2139
    endloop
  endfacet
  facet normal 0 1 0
    outer loop
      vertex -20.2 -34 -7.2
      vertex -25.3301 -34 -10.5
      vertex -25.5315 -34 -10.1131
    endloop
  endfacet
  facet normal 0 1 -0
    outer loop
      vertex 24.2139 -34 -11.8302
      vertex 20.2 -34 -7.2
      vertex 24.5355 -34 -11.5355
    endloop
  endfacet
  facet normal 0 1 0
    outer loop
      vertex -20.2 -34 -7.2
      vertex -25.0958 -34 -10.8679
      vertex -25.3301 -34 -10.5
    endloop
  endfacet
  facet normal 0 1 -0
    outer loop
      vertex 23.8679 -34 -12.0958
      vertex 20.2 -34 -7.2
      vertex 24.2139 -34 -11.8302
    endloop
  endfacet
  facet normal 0 1 0
    outer loop
      vertex -20.2 -34 -7.2
      vertex -24.8302 -34 -11.2139
      vertex -25.0958 -34 -10.8679
    endloop
  endfacet
  facet normal 0 1 -0
    outer loop
      vertex 23.5 -34 -12.3301
      vertex 20.2 -34 -7.2
      vertex 23.8679 -34 -12.0958
    endloop
  endfacet
  facet normal 0 1 0
    outer loop
      vertex -20.2 -34 -7.2
      vertex -24.5355 -34 -11.5355
      vertex -24.8302 -34 -11.2139
    endloop
  endfacet
  facet normal 0 1 -0
    outer loop
      vertex 23.1131 -34 -12.5315
      vertex 20.2 -34 -7.2
      vertex 23.5 -34 -12.3301
    endloop
  endfacet
  facet normal 0 1 0
    outer loop
      vertex -20.2 -34 -7.2
      vertex -24.2139 -34 -11.8302
      vertex -24.5355 -34 -11.5355
    endloop
  endfacet
  facet normal 0 1 -0
    outer loop
      vertex 22.7101 -34 -12.6985
      vertex 20.2 -34 -7.2
      vertex 23.1131 -34 -12.5315
    endloop
  endfacet
  facet normal 0 1 0
    outer loop
      vertex -20.2 -34 -7.2
      vertex -23.8679 -34 -12.0958
      vertex -24.2139 -34 -11.8302
    endloop
  endfacet
  facet normal 0 1 -0
    outer loop
      vertex 22.2941 -34 -12.8296
      vertex 20.2 -34 -7.2
      vertex 22.7101 -34 -12.6985
    endloop
  endfacet
  facet normal 0 1 0
    outer loop
      vertex -20.2 -34 -7.2
      vertex -23.5 -34 -12.3301
      vertex -23.8679 -34 -12.0958
    endloop
  endfacet
  facet normal 0 1 -0
    outer loop
      vertex 21.8682 -34 -12.924
      vertex 20.2 -34 -7.2
      vertex 22.2941 -34 -12.8296
    endloop
  endfacet
  facet normal 0 1 0
    outer loop
      vertex -20.2 -34 -7.2
      vertex -23.1131 -34 -12.5315
      vertex -23.5 -34 -12.3301
    endloop
  endfacet
  facet normal 0 1 -0
    outer loop
      vertex 21.4358 -34 -12.981
      vertex 20.2 -34 -7.2
      vertex 21.8682 -34 -12.924
    endloop
  endfacet
  facet normal 0 1 0
    outer loop
      vertex -20.2 -34 -7.2
      vertex -22.7101 -34 -12.6985
      vertex -23.1131 -34 -12.5315
    endloop
  endfacet
  facet normal 0 1 0
    outer loop
      vertex 20.2 -34 -7.2
      vertex 21.4358 -34 -12.981
      vertex 21 -34 -13
    endloop
  endfacet
  facet normal 0 1 0
    outer loop
      vertex -20.2 -34 -7.2
      vertex -22.2941 -34 -12.8296
      vertex -22.7101 -34 -12.6985
    endloop
  endfacet
  facet normal 0 1 0
    outer loop
      vertex -20.2 -34 -7.2
      vertex -21.8682 -34 -12.924
      vertex -22.2941 -34 -12.8296
    endloop
  endfacet
  facet normal 0 1 0
    outer loop
      vertex -20.2 -34 -7.2
      vertex -21.4358 -34 -12.981
      vertex -21.8682 -34 -12.924
    endloop
  endfacet
  facet normal 0.6756 0 0.737268
    outer loop
      vertex 24.2139 -34 37.8302
      vertex 24.5355 -74 37.5355
      vertex 24.5355 -34 37.5355
    endloop
  endfacet
  facet normal 0.6756 0 0.737268
    outer loop
      vertex 24.5355 -74 37.5355
      vertex 24.2139 -34 37.8302
      vertex 24.2139 -74 37.8302
    endloop
  endfacet
  facet normal 0.382824 0 0.923821
    outer loop
      vertex 22.7101 -34 38.6985
      vertex 23.1131 -74 38.5315
      vertex 23.1131 -34 38.5315
    endloop
  endfacet
  facet normal 0.382824 0 0.923821
    outer loop
      vertex 23.1131 -74 38.5315
      vertex 22.7101 -34 38.6985
      vertex 22.7101 -74 38.6985
    endloop
  endfacet
  facet normal 0.216396 0 0.976306
    outer loop
      vertex 21.8682 -34 38.924
      vertex 22.2941 -74 38.8296
      vertex 22.2941 -34 38.8296
    endloop
  endfacet
  facet normal 0.216396 0 0.976306
    outer loop
      vertex 22.2941 -74 38.8296
      vertex 21.8682 -34 38.924
      vertex 21.8682 -74 38.924
    endloop
  endfacet
  facet normal 0.130692 0 0.991423
    outer loop
      vertex 21.4358 -34 38.981
      vertex 21.8682 -74 38.924
      vertex 21.8682 -34 38.924
    endloop
  endfacet
  facet normal 0.130692 0 0.991423
    outer loop
      vertex 21.8682 -74 38.924
      vertex 21.4358 -34 38.981
      vertex 21.4358 -74 38.981
    endloop
  endfacet
  facet normal 1 0 0
    outer loop
      vertex -20.2 -34 33.2
      vertex -20.2 -34.5136 26
      vertex -20.2 -34 26
    endloop
  endfacet
  facet normal 1 -0 0
    outer loop
      vertex -20.2 -42.9615 14.8385
      vertex -20.2 -34.5136 13.8
      vertex -20.2 -34.5136 26
    endloop
  endfacet
  facet normal 1 0 0
    outer loop
      vertex -20.2 -45.4729 15.5114
      vertex -20.2 -34.5136 26
      vertex -20.2 -34 33.2
    endloop
  endfacet
  facet normal 1 0 0
    outer loop
      vertex -20.2 -34.5136 13.8
      vertex -20.2 -42.3568 13.8893
      vertex -20.2 -42.3287 13.8
    endloop
  endfacet
  facet normal 1 0 0
    outer loop
      vertex -20.2 -34.5136 13.8
      vertex -20.2 -42.4436 14.0988
      vertex -20.2 -42.3568 13.8893
    endloop
  endfacet
  facet normal 1 0 0
    outer loop
      vertex -20.2 -34.5136 13.8
      vertex -20.2 -42.5483 14.3
      vertex -20.2 -42.4436 14.0988
    endloop
  endfacet
  facet normal 1 0 0
    outer loop
      vertex -20.2 -34.5136 13.8
      vertex -20.2 -42.6702 14.4913
      vertex -20.2 -42.5483 14.3
    endloop
  endfacet
  facet normal 1 0 0
    outer loop
      vertex -20.2 -34.5136 13.8
      vertex -20.2 -42.8083 14.6712
      vertex -20.2 -42.6702 14.4913
    endloop
  endfacet
  facet normal 1 0 0
    outer loop
      vertex -20.2 -34.5136 13.8
      vertex -20.2 -42.9615 14.8385
      vertex -20.2 -42.8083 14.6712
    endloop
  endfacet
  facet normal 1 0 0
    outer loop
      vertex -20.2 -34.5136 26
      vertex -20.2 -43.1288 14.9917
      vertex -20.2 -42.9615 14.8385
    endloop
  endfacet
  facet normal 1 0 0
    outer loop
      vertex -20.2 -34.5136 26
      vertex -20.2 -43.3087 15.1298
      vertex -20.2 -43.1288 14.9917
    endloop
  endfacet
  facet normal 1 0 0
    outer loop
      vertex -20.2 -34.5136 26
      vertex -20.2 -43.5 15.2517
      vertex -20.2 -43.3087 15.1298
    endloop
  endfacet
  facet normal 1 0 0
    outer loop
      vertex -20.2 -34.5136 26
      vertex -20.2 -43.7012 15.3564
      vertex -20.2 -43.5 15.2517
    endloop
  endfacet
  facet normal 1 0 0
    outer loop
      vertex -20.2 -34.5136 26
      vertex -20.2 -43.9107 15.4432
      vertex -20.2 -43.7012 15.3564
    endloop
  endfacet
  facet normal 1 0 0
    outer loop
      vertex -20.2 -34.5136 26
      vertex -20.2 -44.1271 15.5114
      vertex -20.2 -43.9107 15.4432
    endloop
  endfacet
  facet normal 1 0 0
    outer loop
      vertex -20.2 -34.5136 26
      vertex -20.2 -44.3485 15.5605
      vertex -20.2 -44.1271 15.5114
    endloop
  endfacet
  facet normal 1 0 0
    outer loop
      vertex -20.2 -34.5136 26
      vertex -20.2 -44.5734 15.5901
      vertex -20.2 -44.3485 15.5605
    endloop
  endfacet
  facet normal 1 0 0
    outer loop
      vertex -20.2 -34.5136 26
      vertex -20.2 -44.8 15.6
      vertex -20.2 -44.5734 15.5901
    endloop
  endfacet
  facet normal 1 0 0
    outer loop
      vertex -20.2 -34.5136 26
      vertex -20.2 -45.0266 15.5901
      vertex -20.2 -44.8 15.6
    endloop
  endfacet
  facet normal 1 0 0
    outer loop
      vertex -20.2 -34.5136 26
      vertex -20.2 -45.2515 15.5605
      vertex -20.2 -45.0266 15.5901
    endloop
  endfacet
  facet normal 1 0 0
    outer loop
      vertex -20.2 -34.5136 26
      vertex -20.2 -45.4729 15.5114
      vertex -20.2 -45.2515 15.5605
    endloop
  endfacet
  facet normal 1 0 0
    outer loop
      vertex -20.2 -34 33.2
      vertex -20.2 -45.6893 15.4432
      vertex -20.2 -45.4729 15.5114
    endloop
  endfacet
  facet normal 1 0 0
    outer loop
      vertex -20.2 -34 33.2
      vertex -20.2 -45.8988 15.3564
      vertex -20.2 -45.6893 15.4432
    endloop
  endfacet
  facet normal 1 0 0
    outer loop
      vertex -20.2 -62.1012 15.3564
      vertex -20.2 -45.8988 15.3564
      vertex -20.2 -34 33.2
    endloop
  endfacet
  facet normal 1 0 0
    outer loop
      vertex -20.2 -45.8988 15.3564
      vertex -20.2 -62.1012 15.3564
      vertex -20.2 -46.1 15.2517
    endloop
  endfacet
  facet normal 1 0 -0
    outer loop
      vertex -20.2 -61.9 15.2517
      vertex -20.2 -46.1 15.2517
      vertex -20.2 -62.1012 15.3564
    endloop
  endfacet
  facet normal 1 0 0
    outer loop
      vertex -20.2 -46.1 15.2517
      vertex -20.2 -61.9 15.2517
      vertex -20.2 -46.2913 15.1298
    endloop
  endfacet
  facet normal 1 0 -0
    outer loop
      vertex -20.2 -61.7087 15.1298
      vertex -20.2 -46.2913 15.1298
      vertex -20.2 -61.9 15.2517
    endloop
  endfacet
  facet normal 1 0 0
    outer loop
      vertex -20.2 -46.2913 15.1298
      vertex -20.2 -61.7087 15.1298
      vertex -20.2 -46.4712 14.9917
    endloop
  endfacet
  facet normal 1 0 0
    outer loop
      vertex -20.2 -47.2432 13.8893
      vertex -20.2 -60.7287 13.8
      vertex -20.2 -47.2713 13.8
    endloop
  endfacet
  facet normal 1 0 0
    outer loop
      vertex -20.2 -60.7568 13.8893
      vertex -20.2 -47.2432 13.8893
      vertex -20.2 -47.1564 14.0988
    endloop
  endfacet
  facet normal 1 0 0
    outer loop
      vertex -20.2 -60.8436 14.0988
      vertex -20.2 -47.1564 14.0988
      vertex -20.2 -47.0517 14.3
    endloop
  endfacet
  facet normal 1 0 0
    outer loop
      vertex -20.2 -60.9483 14.3
      vertex -20.2 -47.0517 14.3
      vertex -20.2 -46.9298 14.4913
    endloop
  endfacet
  facet normal 1 0 -0
    outer loop
      vertex -20.2 -61.5288 14.9917
      vertex -20.2 -46.4712 14.9917
      vertex -20.2 -61.7087 15.1298
    endloop
  endfacet
  facet normal 1 0 0
    outer loop
      vertex -20.2 -47.2432 13.8893
      vertex -20.2 -60.7568 13.8893
      vertex -20.2 -60.7287 13.8
    endloop
  endfacet
  facet normal 1 0 0
    outer loop
      vertex -20.2 -47.1564 14.0988
      vertex -20.2 -60.8436 14.0988
      vertex -20.2 -60.7568 13.8893
    endloop
  endfacet
  facet normal 1 0 0
    outer loop
      vertex -20.2 -47.0517 14.3
      vertex -20.2 -60.9483 14.3
      vertex -20.2 -60.8436 14.0988
    endloop
  endfacet
  facet normal 1 0 0
    outer loop
      vertex -20.2 -46.9298 14.4913
      vertex -20.2 -61.0702 14.4913
      vertex -20.2 -60.9483 14.3
    endloop
  endfacet
  facet normal 1 0 0
    outer loop
      vertex -20.2 -46.9298 14.4913
      vertex -20.2 -61.2083 14.6712
      vertex -20.2 -61.0702 14.4913
    endloop
  endfacet
  facet normal 1 0 0
    outer loop
      vertex -20.2 -46.7917 14.6712
      vertex -20.2 -61.2083 14.6712
      vertex -20.2 -46.9298 14.4913
    endloop
  endfacet
  facet normal 1 0 -0
    outer loop
      vertex -20.2 -61.2083 14.6712
      vertex -20.2 -46.7917 14.6712
      vertex -20.2 -61.3615 14.8385
    endloop
  endfacet
  facet normal 1 0 0
    outer loop
      vertex -20.2 -46.6385 14.8385
      vertex -20.2 -61.3615 14.8385
      vertex -20.2 -46.7917 14.6712
    endloop
  endfacet
  facet normal 1 0 -0
    outer loop
      vertex -20.2 -61.3615 14.8385
      vertex -20.2 -46.6385 14.8385
      vertex -20.2 -61.5288 14.9917
    endloop
  endfacet
  facet normal 1 0 0
    outer loop
      vertex -20.2 -46.4712 14.9917
      vertex -20.2 -61.5288 14.9917
      vertex -20.2 -46.6385 14.8385
    endloop
  endfacet
  facet normal 1 -0 0
    outer loop
      vertex -20.2 -74 33.2
      vertex -20.2 -62.1012 15.3564
      vertex -20.2 -34 33.2
    endloop
  endfacet
  facet normal 1 0 0
    outer loop
      vertex -20.2 -62.1012 15.3564
      vertex -20.2 -74 33.2
      vertex -20.2 -62.3107 15.4432
    endloop
  endfacet
  facet normal 1 0 0
    outer loop
      vertex -20.2 -62.3107 15.4432
      vertex -20.2 -74 33.2
      vertex -20.2 -62.5271 15.5114
    endloop
  endfacet
  facet normal 1 0 0
    outer loop
      vertex -20.2 -62.5271 15.5114
      vertex -20.2 -74 33.2
      vertex -20.2 -62.7485 15.5605
    endloop
  endfacet
  facet normal 1 0 0
    outer loop
      vertex -20.2 -62.7485 15.5605
      vertex -20.2 -74 33.2
      vertex -20.2 -62.9734 15.5901
    endloop
  endfacet
  facet normal 1 0 0
    outer loop
      vertex -20.2 -62.9734 15.5901
      vertex -20.2 -74 33.2
      vertex -20.2 -63.2 15.6
    endloop
  endfacet
  facet normal 1 0 0
    outer loop
      vertex -20.2 -63.2 15.6
      vertex -20.2 -74 33.2
      vertex -20.2 -63.4266 15.5901
    endloop
  endfacet
  facet normal 1 0 0
    outer loop
      vertex -20.2 -63.4266 15.5901
      vertex -20.2 -74 33.2
      vertex -20.2 -63.6515 15.5605
    endloop
  endfacet
  facet normal 1 0 0
    outer loop
      vertex -20.2 -63.6515 15.5605
      vertex -20.2 -74 33.2
      vertex -20.2 -63.8729 15.5114
    endloop
  endfacet
  facet normal 1 0 0
    outer loop
      vertex -20.2 -63.8729 15.5114
      vertex -20.2 -74 33.2
      vertex -20.2 -64.0892 15.4432
    endloop
  endfacet
  facet normal 1 0 0
    outer loop
      vertex -20.2 -64.0892 15.4432
      vertex -20.2 -74 33.2
      vertex -20.2 -64.2988 15.3564
    endloop
  endfacet
  facet normal 1 0 0
    outer loop
      vertex -20.2 -64.2988 15.3564
      vertex -20.2 -74 33.2
      vertex -20.2 -64.5 15.2517
    endloop
  endfacet
  facet normal 1 0 0
    outer loop
      vertex -20.2 -74 33.2
      vertex -20.2 -64.6913 15.1298
      vertex -20.2 -64.5 15.2517
    endloop
  endfacet
  facet normal 1 0 0
    outer loop
      vertex -20.2 -74 13.8
      vertex -20.2 -64.6913 15.1298
      vertex -20.2 -74 33.2
    endloop
  endfacet
  facet normal 1 0 0
    outer loop
      vertex -20.2 -64.6913 15.1298
      vertex -20.2 -74 13.8
      vertex -20.2 -64.8712 14.9917
    endloop
  endfacet
  facet normal 1 0 0
    outer loop
      vertex -20.2 -64.8712 14.9917
      vertex -20.2 -74 13.8
      vertex -20.2 -65.0385 14.8385
    endloop
  endfacet
  facet normal 1 0 0
    outer loop
      vertex -20.2 -65.0385 14.8385
      vertex -20.2 -74 13.8
      vertex -20.2 -65.1917 14.6712
    endloop
  endfacet
  facet normal 1 0 0
    outer loop
      vertex -20.2 -65.1917 14.6712
      vertex -20.2 -74 13.8
      vertex -20.2 -65.3298 14.4913
    endloop
  endfacet
  facet normal 1 0 0
    outer loop
      vertex -20.2 -65.3298 14.4913
      vertex -20.2 -74 13.8
      vertex -20.2 -65.4517 14.3
    endloop
  endfacet
  facet normal 1 0 0
    outer loop
      vertex -20.2 -65.4517 14.3
      vertex -20.2 -74 13.8
      vertex -20.2 -65.5564 14.0988
    endloop
  endfacet
  facet normal 1 0 0
    outer loop
      vertex -20.2 -65.5564 14.0988
      vertex -20.2 -74 13.8
      vertex -20.2 -65.6432 13.8893
    endloop
  endfacet
  facet normal 1 0 0
    outer loop
      vertex -20.2 -65.6432 13.8893
      vertex -20.2 -74 13.8
      vertex -20.2 -65.6713 13.8
    endloop
  endfacet
  facet normal 1 0 0
    outer loop
      vertex -20.2 -42.3568 12.1107
      vertex -20.2 -34.5136 12.2
      vertex -20.2 -42.3287 12.2
    endloop
  endfacet
  facet normal 1 -0 0
    outer loop
      vertex -20.2 -34.5136 0
      vertex -20.2 -34 -7.2
      vertex -20.2 -34 0
    endloop
  endfacet
  facet normal 1 0 0
    outer loop
      vertex -20.2 -42.4436 11.9012
      vertex -20.2 -34.5136 12.2
      vertex -20.2 -42.3568 12.1107
    endloop
  endfacet
  facet normal 1 0 0
    outer loop
      vertex -20.2 -42.5483 11.7
      vertex -20.2 -34.5136 12.2
      vertex -20.2 -42.4436 11.9012
    endloop
  endfacet
  facet normal 1 0 0
    outer loop
      vertex -20.2 -42.6702 11.5087
      vertex -20.2 -34.5136 12.2
      vertex -20.2 -42.5483 11.7
    endloop
  endfacet
  facet normal 1 0 0
    outer loop
      vertex -20.2 -42.8083 11.3288
      vertex -20.2 -34.5136 12.2
      vertex -20.2 -42.6702 11.5087
    endloop
  endfacet
  facet normal 1 0 0
    outer loop
      vertex -20.2 -42.9615 11.1615
      vertex -20.2 -34.5136 12.2
      vertex -20.2 -42.8083 11.3288
    endloop
  endfacet
  facet normal 1 0 0
    outer loop
      vertex -20.2 -34.5136 12.2
      vertex -20.2 -42.9615 11.1615
      vertex -20.2 -34.5136 0
    endloop
  endfacet
  facet normal 1 -0 0
    outer loop
      vertex -20.2 -43.1288 11.0083
      vertex -20.2 -34.5136 0
      vertex -20.2 -42.9615 11.1615
    endloop
  endfacet
  facet normal 1 -0 0
    outer loop
      vertex -20.2 -43.3087 10.8702
      vertex -20.2 -34.5136 0
      vertex -20.2 -43.1288 11.0083
    endloop
  endfacet
  facet normal 1 -0 0
    outer loop
      vertex -20.2 -43.5 10.7483
      vertex -20.2 -34.5136 0
      vertex -20.2 -43.3087 10.8702
    endloop
  endfacet
  facet normal 1 -0 0
    outer loop
      vertex -20.2 -43.7012 10.6436
      vertex -20.2 -34.5136 0
      vertex -20.2 -43.5 10.7483
    endloop
  endfacet
  facet normal 1 -0 0
    outer loop
      vertex -20.2 -43.9107 10.5568
      vertex -20.2 -34.5136 0
      vertex -20.2 -43.7012 10.6436
    endloop
  endfacet
  facet normal 1 -0 0
    outer loop
      vertex -20.2 -44.1271 10.4886
      vertex -20.2 -34.5136 0
      vertex -20.2 -43.9107 10.5568
    endloop
  endfacet
  facet normal 1 -0 0
    outer loop
      vertex -20.2 -44.3485 10.4395
      vertex -20.2 -34.5136 0
      vertex -20.2 -44.1271 10.4886
    endloop
  endfacet
  facet normal 1 -0 0
    outer loop
      vertex -20.2 -44.5734 10.4099
      vertex -20.2 -34.5136 0
      vertex -20.2 -44.3485 10.4395
    endloop
  endfacet
  facet normal 1 -0 0
    outer loop
      vertex -20.2 -44.8 10.4
      vertex -20.2 -34.5136 0
      vertex -20.2 -44.5734 10.4099
    endloop
  endfacet
  facet normal 1 0 0
    outer loop
      vertex -20.2 -45.0266 10.4099
      vertex -20.2 -34.5136 0
      vertex -20.2 -44.8 10.4
    endloop
  endfacet
  facet normal 1 0 0
    outer loop
      vertex -20.2 -45.2515 10.4395
      vertex -20.2 -34.5136 0
      vertex -20.2 -45.0266 10.4099
    endloop
  endfacet
  facet normal 1 0 0
    outer loop
      vertex -20.2 -45.4729 10.4886
      vertex -20.2 -34.5136 0
      vertex -20.2 -45.2515 10.4395
    endloop
  endfacet
  facet normal 1 0 0
    outer loop
      vertex -20.2 -34.5136 0
      vertex -20.2 -45.4729 10.4886
      vertex -20.2 -34 -7.2
    endloop
  endfacet
  facet normal 1 0 0
    outer loop
      vertex -20.2 -45.6893 10.5568
      vertex -20.2 -34 -7.2
      vertex -20.2 -45.4729 10.4886
    endloop
  endfacet
  facet normal 1 0 0
    outer loop
      vertex -20.2 -45.8988 10.6436
      vertex -20.2 -34 -7.2
      vertex -20.2 -45.6893 10.5568
    endloop
  endfacet
  facet normal 1 0 0
    outer loop
      vertex -20.2 -62.1012 10.6436
      vertex -20.2 -45.8988 10.6436
      vertex -20.2 -46.1 10.7483
    endloop
  endfacet
  facet normal 1 0 0
    outer loop
      vertex -20.2 -61.9 10.7483
      vertex -20.2 -46.1 10.7483
      vertex -20.2 -46.2913 10.8702
    endloop
  endfacet
  facet normal 1 0 0
    outer loop
      vertex -20.2 -61.7087 10.8702
      vertex -20.2 -46.2913 10.8702
      vertex -20.2 -46.4712 11.0083
    endloop
  endfacet
  facet normal 1 0 0
    outer loop
      vertex -20.2 -61.5288 11.0083
      vertex -20.2 -46.4712 11.0083
      vertex -20.2 -46.6385 11.1615
    endloop
  endfacet
  facet normal 1 0 0
    outer loop
      vertex -20.2 -61.3615 11.1615
      vertex -20.2 -46.6385 11.1615
      vertex -20.2 -46.7917 11.3288
    endloop
  endfacet
  facet normal 1 0 0
    outer loop
      vertex -20.2 -61.2083 11.3288
      vertex -20.2 -46.7917 11.3288
      vertex -20.2 -46.9298 11.5087
    endloop
  endfacet
  facet normal 1 -0 0
    outer loop
      vertex -20.2 -60.7287 12.2
      vertex -20.2 -47.2432 12.1107
      vertex -20.2 -47.2713 12.2
    endloop
  endfacet
  facet normal 1 0 0
    outer loop
      vertex -20.2 -60.7568 12.1107
      vertex -20.2 -47.2432 12.1107
      vertex -20.2 -60.7287 12.2
    endloop
  endfacet
  facet normal 1 0 0
    outer loop
      vertex -20.2 -47.2432 12.1107
      vertex -20.2 -60.7568 12.1107
      vertex -20.2 -47.1564 11.9012
    endloop
  endfacet
  facet normal 1 0 0
    outer loop
      vertex -20.2 -60.8436 11.9012
      vertex -20.2 -47.1564 11.9012
      vertex -20.2 -60.7568 12.1107
    endloop
  endfacet
  facet normal 1 0 0
    outer loop
      vertex -20.2 -47.1564 11.9012
      vertex -20.2 -60.8436 11.9012
      vertex -20.2 -47.0517 11.7
    endloop
  endfacet
  facet normal 1 0 0
    outer loop
      vertex -20.2 -60.9483 11.7
      vertex -20.2 -47.0517 11.7
      vertex -20.2 -60.8436 11.9012
    endloop
  endfacet
  facet normal 1 0 0
    outer loop
      vertex -20.2 -47.0517 11.7
      vertex -20.2 -60.9483 11.7
      vertex -20.2 -46.9298 11.5087
    endloop
  endfacet
  facet normal 1 0 0
    outer loop
      vertex -20.2 -61.0702 11.5087
      vertex -20.2 -46.9298 11.5087
      vertex -20.2 -60.9483 11.7
    endloop
  endfacet
  facet normal 1 0 0
    outer loop
      vertex -20.2 -61.2083 11.3288
      vertex -20.2 -46.9298 11.5087
      vertex -20.2 -61.0702 11.5087
    endloop
  endfacet
  facet normal 1 0 0
    outer loop
      vertex -20.2 -46.7917 11.3288
      vertex -20.2 -61.2083 11.3288
      vertex -20.2 -61.3615 11.1615
    endloop
  endfacet
  facet normal 1 0 0
    outer loop
      vertex -20.2 -46.6385 11.1615
      vertex -20.2 -61.3615 11.1615
      vertex -20.2 -61.5288 11.0083
    endloop
  endfacet
  facet normal 1 0 0
    outer loop
      vertex -20.2 -46.4712 11.0083
      vertex -20.2 -61.5288 11.0083
      vertex -20.2 -61.7087 10.8702
    endloop
  endfacet
  facet normal 1 0 0
    outer loop
      vertex -20.2 -46.2913 10.8702
      vertex -20.2 -61.7087 10.8702
      vertex -20.2 -61.9 10.7483
    endloop
  endfacet
  facet normal 1 0 0
    outer loop
      vertex -20.2 -46.1 10.7483
      vertex -20.2 -61.9 10.7483
      vertex -20.2 -62.1012 10.6436
    endloop
  endfacet
  facet normal 1 0 0
    outer loop
      vertex -20.2 -45.8988 10.6436
      vertex -20.2 -62.1012 10.6436
      vertex -20.2 -34 -7.2
    endloop
  endfacet
  facet normal 1 0 0
    outer loop
      vertex -20.2 -74 -7.2
      vertex -20.2 -62.1012 10.6436
      vertex -20.2 -62.3107 10.5568
    endloop
  endfacet
  facet normal 1 0 0
    outer loop
      vertex -20.2 -74 -7.2
      vertex -20.2 -62.3107 10.5568
      vertex -20.2 -62.5271 10.4886
    endloop
  endfacet
  facet normal 1 0 0
    outer loop
      vertex -20.2 -74 -7.2
      vertex -20.2 -62.5271 10.4886
      vertex -20.2 -62.7485 10.4395
    endloop
  endfacet
  facet normal 1 0 0
    outer loop
      vertex -20.2 -74 -7.2
      vertex -20.2 -62.7485 10.4395
      vertex -20.2 -62.9734 10.4099
    endloop
  endfacet
  facet normal 1 0 0
    outer loop
      vertex -20.2 -74 -7.2
      vertex -20.2 -62.9734 10.4099
      vertex -20.2 -63.2 10.4
    endloop
  endfacet
  facet normal 1 0 0
    outer loop
      vertex -20.2 -74 -7.2
      vertex -20.2 -63.2 10.4
      vertex -20.2 -63.4266 10.4099
    endloop
  endfacet
  facet normal 1 0 0
    outer loop
      vertex -20.2 -74 -7.2
      vertex -20.2 -63.4266 10.4099
      vertex -20.2 -63.6515 10.4395
    endloop
  endfacet
  facet normal 1 0 0
    outer loop
      vertex -20.2 -74 -7.2
      vertex -20.2 -63.6515 10.4395
      vertex -20.2 -63.8729 10.4886
    endloop
  endfacet
  facet normal 1 0 0
    outer loop
      vertex -20.2 -74 -7.2
      vertex -20.2 -63.8729 10.4886
      vertex -20.2 -64.0892 10.5568
    endloop
  endfacet
  facet normal 1 0 0
    outer loop
      vertex -20.2 -74 -7.2
      vertex -20.2 -64.0892 10.5568
      vertex -20.2 -64.2988 10.6436
    endloop
  endfacet
  facet normal 1 0 0
    outer loop
      vertex -20.2 -74 -7.2
      vertex -20.2 -64.2988 10.6436
      vertex -20.2 -64.5 10.7483
    endloop
  endfacet
  facet normal 1 -0 0
    outer loop
      vertex -20.2 -74 12.2
      vertex -20.2 -65.6432 12.1107
      vertex -20.2 -65.6713 12.2
    endloop
  endfacet
  facet normal 1 0 0
    outer loop
      vertex -20.2 -74 12.2
      vertex -20.2 -65.5564 11.9012
      vertex -20.2 -65.6432 12.1107
    endloop
  endfacet
  facet normal 1 0 0
    outer loop
      vertex -20.2 -74 12.2
      vertex -20.2 -65.4517 11.7
      vertex -20.2 -65.5564 11.9012
    endloop
  endfacet
  facet normal 1 0 0
    outer loop
      vertex -20.2 -74 12.2
      vertex -20.2 -65.3298 11.5087
      vertex -20.2 -65.4517 11.7
    endloop
  endfacet
  facet normal 1 0 0
    outer loop
      vertex -20.2 -74 12.2
      vertex -20.2 -65.1917 11.3288
      vertex -20.2 -65.3298 11.5087
    endloop
  endfacet
  facet normal 1 0 0
    outer loop
      vertex -20.2 -74 12.2
      vertex -20.2 -65.0385 11.1615
      vertex -20.2 -65.1917 11.3288
    endloop
  endfacet
  facet normal 1 0 0
    outer loop
      vertex -20.2 -74 12.2
      vertex -20.2 -64.8712 11.0083
      vertex -20.2 -65.0385 11.1615
    endloop
  endfacet
  facet normal 1 0 0
    outer loop
      vertex -20.2 -74 12.2
      vertex -20.2 -64.6913 10.8702
      vertex -20.2 -64.8712 11.0083
    endloop
  endfacet
  facet normal 1 0 0
    outer loop
      vertex -20.2 -74 -7.2
      vertex -20.2 -64.6913 10.8702
      vertex -20.2 -74 12.2
    endloop
  endfacet
  facet normal 1 0 0
    outer loop
      vertex -20.2 -64.6913 10.8702
      vertex -20.2 -74 -7.2
      vertex -20.2 -64.5 10.7483
    endloop
  endfacet
  facet normal 1 0 0
    outer loop
      vertex -20.2 -62.1012 10.6436
      vertex -20.2 -74 -7.2
      vertex -20.2 -34 -7.2
    endloop
  endfacet
  facet normal 0 0 -1
    outer loop
      vertex 20.2 -74 33.2
      vertex 4.2 -54 33.2
      vertex 20.2 -34 33.2
    endloop
  endfacet
  facet normal 0 0 -1
    outer loop
      vertex 20.2 -74 33.2
      vertex 4.18402 -54.3661 33.2
      vertex 4.2 -54 33.2
    endloop
  endfacet
  facet normal 0 0 -1
    outer loop
      vertex 20.2 -74 33.2
      vertex 4.13619 -54.7293 33.2
      vertex 4.18402 -54.3661 33.2
    endloop
  endfacet
  facet normal 0 0 -1
    outer loop
      vertex 20.2 -74 33.2
      vertex 4.05689 -55.087 33.2
      vertex 4.13619 -54.7293 33.2
    endloop
  endfacet
  facet normal 0 0 -1
    outer loop
      vertex 20.2 -74 33.2
      vertex 3.94671 -55.4365 33.2
      vertex 4.05689 -55.087 33.2
    endloop
  endfacet
  facet normal 0 0 -1
    outer loop
      vertex 20.2 -74 33.2
      vertex 3.80649 -55.775 33.2
      vertex 3.94671 -55.4365 33.2
    endloop
  endfacet
  facet normal 0 0 -1
    outer loop
      vertex 20.2 -74 33.2
      vertex 3.63731 -56.1 33.2
      vertex 3.80649 -55.775 33.2
    endloop
  endfacet
  facet normal 0 0 -1
    outer loop
      vertex 20.2 -74 33.2
      vertex 3.44044 -56.409 33.2
      vertex 3.63731 -56.1 33.2
    endloop
  endfacet
  facet normal 0 0 -1
    outer loop
      vertex 20.2 -74 33.2
      vertex 3.21739 -56.6997 33.2
      vertex 3.44044 -56.409 33.2
    endloop
  endfacet
  facet normal 0 0 -1
    outer loop
      vertex 20.2 -74 33.2
      vertex 2.96985 -56.9698 33.2
      vertex 3.21739 -56.6997 33.2
    endloop
  endfacet
  facet normal 0 0 -1
    outer loop
      vertex 20.2 -74 33.2
      vertex 2.69971 -57.2174 33.2
      vertex 2.96985 -56.9698 33.2
    endloop
  endfacet
  facet normal 0 0 -1
    outer loop
      vertex 20.2 -74 33.2
      vertex 2.40902 -57.4404 33.2
      vertex 2.69971 -57.2174 33.2
    endloop
  endfacet
  facet normal 0 0 -1
    outer loop
      vertex 20.2 -74 33.2
      vertex 2.1 -57.6373 33.2
      vertex 2.40902 -57.4404 33.2
    endloop
  endfacet
  facet normal 0 0 -1
    outer loop
      vertex 20.2 -74 33.2
      vertex 1.775 -57.8065 33.2
      vertex 2.1 -57.6373 33.2
    endloop
  endfacet
  facet normal 0 0 -1
    outer loop
      vertex 20.2 -74 33.2
      vertex 1.43648 -57.9467 33.2
      vertex 1.775 -57.8065 33.2
    endloop
  endfacet
  facet normal 0 0 -1
    outer loop
      vertex 20.2 -74 33.2
      vertex 1.08704 -58.0569 33.2
      vertex 1.43648 -57.9467 33.2
    endloop
  endfacet
  facet normal 0 0 -1
    outer loop
      vertex 20.2 -74 33.2
      vertex 0.729321 -58.1362 33.2
      vertex 1.08704 -58.0569 33.2
    endloop
  endfacet
  facet normal 0 0 -1
    outer loop
      vertex 20.2 -74 33.2
      vertex 0.366054 -58.184 33.2
      vertex 0.729321 -58.1362 33.2
    endloop
  endfacet
  facet normal 0 0 -1
    outer loop
      vertex 20.2 -74 33.2
      vertex 0 -58.2 33.2
      vertex 0.366054 -58.184 33.2
    endloop
  endfacet
  facet normal 0 0 -1
    outer loop
      vertex -20.2 -74 33.2
      vertex 0 -58.2 33.2
      vertex 20.2 -74 33.2
    endloop
  endfacet
  facet normal -0 0 -1
    outer loop
      vertex 0 -58.2 33.2
      vertex -20.2 -74 33.2
      vertex -0.366054 -58.184 33.2
    endloop
  endfacet
  facet normal -0 0 -1
    outer loop
      vertex -0.366054 -58.184 33.2
      vertex -20.2 -74 33.2
      vertex -0.729321 -58.1362 33.2
    endloop
  endfacet
  facet normal -0 0 -1
    outer loop
      vertex -0.729321 -58.1362 33.2
      vertex -20.2 -74 33.2
      vertex -1.08704 -58.0569 33.2
    endloop
  endfacet
  facet normal -0 0 -1
    outer loop
      vertex -1.08704 -58.0569 33.2
      vertex -20.2 -74 33.2
      vertex -1.43648 -57.9467 33.2
    endloop
  endfacet
  facet normal -0 0 -1
    outer loop
      vertex -1.43648 -57.9467 33.2
      vertex -20.2 -74 33.2
      vertex -1.775 -57.8065 33.2
    endloop
  endfacet
  facet normal -0 0 -1
    outer loop
      vertex -1.775 -57.8065 33.2
      vertex -20.2 -74 33.2
      vertex -2.1 -57.6373 33.2
    endloop
  endfacet
  facet normal -0 0 -1
    outer loop
      vertex -4.18402 -54.3661 33.2
      vertex -20.2 -74 33.2
      vertex -4.2 -54 33.2
    endloop
  endfacet
  facet normal -0 0 -1
    outer loop
      vertex -4.13619 -54.7293 33.2
      vertex -20.2 -74 33.2
      vertex -4.18402 -54.3661 33.2
    endloop
  endfacet
  facet normal -0 0 -1
    outer loop
      vertex -4.05689 -55.087 33.2
      vertex -20.2 -74 33.2
      vertex -4.13619 -54.7293 33.2
    endloop
  endfacet
  facet normal -0 0 -1
    outer loop
      vertex -3.94671 -55.4365 33.2
      vertex -20.2 -74 33.2
      vertex -4.05689 -55.087 33.2
    endloop
  endfacet
  facet normal -0 0 -1
    outer loop
      vertex -3.80649 -55.775 33.2
      vertex -20.2 -74 33.2
      vertex -3.94671 -55.4365 33.2
    endloop
  endfacet
  facet normal -0 0 -1
    outer loop
      vertex -3.63731 -56.1 33.2
      vertex -20.2 -74 33.2
      vertex -3.80649 -55.775 33.2
    endloop
  endfacet
  facet normal -0 0 -1
    outer loop
      vertex -3.44044 -56.409 33.2
      vertex -20.2 -74 33.2
      vertex -3.63731 -56.1 33.2
    endloop
  endfacet
  facet normal -0 0 -1
    outer loop
      vertex -3.21739 -56.6997 33.2
      vertex -20.2 -74 33.2
      vertex -3.44044 -56.409 33.2
    endloop
  endfacet
  facet normal -0 0 -1
    outer loop
      vertex -2.96985 -56.9698 33.2
      vertex -20.2 -74 33.2
      vertex -3.21739 -56.6997 33.2
    endloop
  endfacet
  facet normal -0 0 -1
    outer loop
      vertex -2.69971 -57.2174 33.2
      vertex -20.2 -74 33.2
      vertex -2.96985 -56.9698 33.2
    endloop
  endfacet
  facet normal -0 0 -1
    outer loop
      vertex -2.40902 -57.4404 33.2
      vertex -20.2 -74 33.2
      vertex -2.69971 -57.2174 33.2
    endloop
  endfacet
  facet normal -0 0 -1
    outer loop
      vertex -2.1 -57.6373 33.2
      vertex -20.2 -74 33.2
      vertex -2.40902 -57.4404 33.2
    endloop
  endfacet
  facet normal 0 0 -1
    outer loop
      vertex 4.18402 -53.6339 33.2
      vertex 20.2 -34 33.2
      vertex 4.2 -54 33.2
    endloop
  endfacet
  facet normal 0 0 -1
    outer loop
      vertex 4.13619 -53.2707 33.2
      vertex 20.2 -34 33.2
      vertex 4.18402 -53.6339 33.2
    endloop
  endfacet
  facet normal 0 0 -1
    outer loop
      vertex 4.05689 -52.913 33.2
      vertex 20.2 -34 33.2
      vertex 4.13619 -53.2707 33.2
    endloop
  endfacet
  facet normal 0 0 -1
    outer loop
      vertex 3.94671 -52.5635 33.2
      vertex 20.2 -34 33.2
      vertex 4.05689 -52.913 33.2
    endloop
  endfacet
  facet normal 0 0 -1
    outer loop
      vertex 3.80649 -52.225 33.2
      vertex 20.2 -34 33.2
      vertex 3.94671 -52.5635 33.2
    endloop
  endfacet
  facet normal 0 0 -1
    outer loop
      vertex 3.63731 -51.9 33.2
      vertex 20.2 -34 33.2
      vertex 3.80649 -52.225 33.2
    endloop
  endfacet
  facet normal 0 0 -1
    outer loop
      vertex 3.44044 -51.591 33.2
      vertex 20.2 -34 33.2
      vertex 3.63731 -51.9 33.2
    endloop
  endfacet
  facet normal 0 0 -1
    outer loop
      vertex 3.21739 -51.3003 33.2
      vertex 20.2 -34 33.2
      vertex 3.44044 -51.591 33.2
    endloop
  endfacet
  facet normal 0 0 -1
    outer loop
      vertex 2.96985 -51.0302 33.2
      vertex 20.2 -34 33.2
      vertex 3.21739 -51.3003 33.2
    endloop
  endfacet
  facet normal 0 0 -1
    outer loop
      vertex 2.69971 -50.7826 33.2
      vertex 20.2 -34 33.2
      vertex 2.96985 -51.0302 33.2
    endloop
  endfacet
  facet normal 0 0 -1
    outer loop
      vertex 2.40902 -50.5596 33.2
      vertex 20.2 -34 33.2
      vertex 2.69971 -50.7826 33.2
    endloop
  endfacet
  facet normal 0 0 -1
    outer loop
      vertex 2.1 -50.3627 33.2
      vertex 20.2 -34 33.2
      vertex 2.40902 -50.5596 33.2
    endloop
  endfacet
  facet normal 0 0 -1
    outer loop
      vertex 1.775 -50.1935 33.2
      vertex 20.2 -34 33.2
      vertex 2.1 -50.3627 33.2
    endloop
  endfacet
  facet normal 0 0 -1
    outer loop
      vertex 1.43648 -50.0533 33.2
      vertex 20.2 -34 33.2
      vertex 1.775 -50.1935 33.2
    endloop
  endfacet
  facet normal 0 0 -1
    outer loop
      vertex 1.08704 -49.9431 33.2
      vertex 20.2 -34 33.2
      vertex 1.43648 -50.0533 33.2
    endloop
  endfacet
  facet normal 0 0 -1
    outer loop
      vertex 0.729321 -49.8638 33.2
      vertex 20.2 -34 33.2
      vertex 1.08704 -49.9431 33.2
    endloop
  endfacet
  facet normal 0 0 -1
    outer loop
      vertex 0.366054 -49.816 33.2
      vertex 20.2 -34 33.2
      vertex 0.729321 -49.8638 33.2
    endloop
  endfacet
  facet normal 0 0 -1
    outer loop
      vertex 0 -49.8 33.2
      vertex 20.2 -34 33.2
      vertex 0.366054 -49.816 33.2
    endloop
  endfacet
  facet normal 0 0 -1
    outer loop
      vertex -20.2 -34 33.2
      vertex 0 -49.8 33.2
      vertex -0.366054 -49.816 33.2
    endloop
  endfacet
  facet normal 0 0 -1
    outer loop
      vertex -20.2 -34 33.2
      vertex -0.366054 -49.816 33.2
      vertex -0.729321 -49.8638 33.2
    endloop
  endfacet
  facet normal 0 0 -1
    outer loop
      vertex -20.2 -34 33.2
      vertex -0.729321 -49.8638 33.2
      vertex -1.08704 -49.9431 33.2
    endloop
  endfacet
  facet normal 0 0 -1
    outer loop
      vertex -20.2 -34 33.2
      vertex -1.08704 -49.9431 33.2
      vertex -1.43648 -50.0533 33.2
    endloop
  endfacet
  facet normal 0 0 -1
    outer loop
      vertex -20.2 -34 33.2
      vertex -1.43648 -50.0533 33.2
      vertex -1.775 -50.1935 33.2
    endloop
  endfacet
  facet normal 0 0 -1
    outer loop
      vertex -20.2 -34 33.2
      vertex -1.775 -50.1935 33.2
      vertex -2.1 -50.3627 33.2
    endloop
  endfacet
  facet normal 0 0 -1
    outer loop
      vertex -20.2 -34 33.2
      vertex -2.1 -50.3627 33.2
      vertex -2.40902 -50.5596 33.2
    endloop
  endfacet
  facet normal 0 0 -1
    outer loop
      vertex -20.2 -34 33.2
      vertex -4.2 -54 33.2
      vertex -20.2 -74 33.2
    endloop
  endfacet
  facet normal 0 0 -1
    outer loop
      vertex -4.2 -54 33.2
      vertex -20.2 -34 33.2
      vertex -4.18402 -53.6339 33.2
    endloop
  endfacet
  facet normal 0 0 -1
    outer loop
      vertex -4.18402 -53.6339 33.2
      vertex -20.2 -34 33.2
      vertex -4.13619 -53.2707 33.2
    endloop
  endfacet
  facet normal 0 0 -1
    outer loop
      vertex -4.13619 -53.2707 33.2
      vertex -20.2 -34 33.2
      vertex -4.05689 -52.913 33.2
    endloop
  endfacet
  facet normal 0 0 -1
    outer loop
      vertex -4.05689 -52.913 33.2
      vertex -20.2 -34 33.2
      vertex -3.94671 -52.5635 33.2
    endloop
  endfacet
  facet normal 0 0 -1
    outer loop
      vertex -3.94671 -52.5635 33.2
      vertex -20.2 -34 33.2
      vertex -3.80649 -52.225 33.2
    endloop
  endfacet
  facet normal 0 0 -1
    outer loop
      vertex -3.80649 -52.225 33.2
      vertex -20.2 -34 33.2
      vertex -3.63731 -51.9 33.2
    endloop
  endfacet
  facet normal 0 0 -1
    outer loop
      vertex 0 -49.8 33.2
      vertex -20.2 -34 33.2
      vertex 20.2 -34 33.2
    endloop
  endfacet
  facet normal 0 0 -1
    outer loop
      vertex -2.69971 -50.7826 33.2
      vertex -20.2 -34 33.2
      vertex -2.40902 -50.5596 33.2
    endloop
  endfacet
  facet normal 0 0 -1
    outer loop
      vertex -2.96985 -51.0302 33.2
      vertex -20.2 -34 33.2
      vertex -2.69971 -50.7826 33.2
    endloop
  endfacet
  facet normal 0 0 -1
    outer loop
      vertex -3.21739 -51.3003 33.2
      vertex -20.2 -34 33.2
      vertex -2.96985 -51.0302 33.2
    endloop
  endfacet
  facet normal 0 0 -1
    outer loop
      vertex -3.44044 -51.591 33.2
      vertex -20.2 -34 33.2
      vertex -3.21739 -51.3003 33.2
    endloop
  endfacet
  facet normal 0 0 -1
    outer loop
      vertex -3.63731 -51.9 33.2
      vertex -20.2 -34 33.2
      vertex -3.44044 -51.591 33.2
    endloop
  endfacet
  facet normal -1 0 0
    outer loop
      vertex 20.2 -34 -7.2
      vertex 20.2 -34.5136 0
      vertex 20.2 -34 0
    endloop
  endfacet
  facet normal -1 0 0
    outer loop
      vertex 20.2 -34.5136 0
      vertex 20.2 -42.2 13
      vertex 20.2 -34.5136 26
    endloop
  endfacet
  facet normal -1 0 0
    outer loop
      vertex 20.2 -45.4729 10.4886
      vertex 20.2 -34.5136 0
      vertex 20.2 -34 -7.2
    endloop
  endfacet
  facet normal -1 0 0
    outer loop
      vertex 20.2 -34.5136 0
      vertex 20.2 -42.2099 12.7734
      vertex 20.2 -42.2 13
    endloop
  endfacet
  facet normal -1 0 0
    outer loop
      vertex 20.2 -34.5136 0
      vertex 20.2 -42.2395 12.5485
      vertex 20.2 -42.2099 12.7734
    endloop
  endfacet
  facet normal -1 0 0
    outer loop
      vertex 20.2 -34.5136 0
      vertex 20.2 -42.2886 12.3271
      vertex 20.2 -42.2395 12.5485
    endloop
  endfacet
  facet normal -1 0 0
    outer loop
      vertex 20.2 -34.5136 0
      vertex 20.2 -42.3568 12.1107
      vertex 20.2 -42.2886 12.3271
    endloop
  endfacet
  facet normal -1 0 0
    outer loop
      vertex 20.2 -34.5136 0
      vertex 20.2 -42.4436 11.9012
      vertex 20.2 -42.3568 12.1107
    endloop
  endfacet
  facet normal -1 0 0
    outer loop
      vertex 20.2 -34.5136 0
      vertex 20.2 -42.5483 11.7
      vertex 20.2 -42.4436 11.9012
    endloop
  endfacet
  facet normal -1 0 0
    outer loop
      vertex 20.2 -34.5136 0
      vertex 20.2 -42.6702 11.5087
      vertex 20.2 -42.5483 11.7
    endloop
  endfacet
  facet normal -1 0 0
    outer loop
      vertex 20.2 -34.5136 0
      vertex 20.2 -42.8083 11.3288
      vertex 20.2 -42.6702 11.5087
    endloop
  endfacet
  facet normal -1 0 0
    outer loop
      vertex 20.2 -34.5136 0
      vertex 20.2 -42.9615 11.1615
      vertex 20.2 -42.8083 11.3288
    endloop
  endfacet
  facet normal -1 0 0
    outer loop
      vertex 20.2 -34.5136 0
      vertex 20.2 -43.1288 11.0083
      vertex 20.2 -42.9615 11.1615
    endloop
  endfacet
  facet normal -1 0 0
    outer loop
      vertex 20.2 -34.5136 0
      vertex 20.2 -43.3087 10.8702
      vertex 20.2 -43.1288 11.0083
    endloop
  endfacet
  facet normal -1 0 0
    outer loop
      vertex 20.2 -34.5136 0
      vertex 20.2 -43.5 10.7483
      vertex 20.2 -43.3087 10.8702
    endloop
  endfacet
  facet normal -1 0 0
    outer loop
      vertex 20.2 -34.5136 0
      vertex 20.2 -43.7012 10.6436
      vertex 20.2 -43.5 10.7483
    endloop
  endfacet
  facet normal -1 0 0
    outer loop
      vertex 20.2 -34.5136 0
      vertex 20.2 -43.9107 10.5568
      vertex 20.2 -43.7012 10.6436
    endloop
  endfacet
  facet normal -1 0 0
    outer loop
      vertex 20.2 -34.5136 0
      vertex 20.2 -44.1271 10.4886
      vertex 20.2 -43.9107 10.5568
    endloop
  endfacet
  facet normal -1 0 0
    outer loop
      vertex 20.2 -34.5136 0
      vertex 20.2 -44.3485 10.4395
      vertex 20.2 -44.1271 10.4886
    endloop
  endfacet
  facet normal -1 0 0
    outer loop
      vertex 20.2 -34.5136 0
      vertex 20.2 -44.5734 10.4099
      vertex 20.2 -44.3485 10.4395
    endloop
  endfacet
  facet normal -1 0 0
    outer loop
      vertex 20.2 -34.5136 0
      vertex 20.2 -44.8 10.4
      vertex 20.2 -44.5734 10.4099
    endloop
  endfacet
  facet normal -1 0 0
    outer loop
      vertex 20.2 -34.5136 0
      vertex 20.2 -45.0266 10.4099
      vertex 20.2 -44.8 10.4
    endloop
  endfacet
  facet normal -1 0 0
    outer loop
      vertex 20.2 -34.5136 0
      vertex 20.2 -45.2515 10.4395
      vertex 20.2 -45.0266 10.4099
    endloop
  endfacet
  facet normal -1 0 0
    outer loop
      vertex 20.2 -34.5136 0
      vertex 20.2 -45.4729 10.4886
      vertex 20.2 -45.2515 10.4395
    endloop
  endfacet
  facet normal -1 0 0
    outer loop
      vertex 20.2 -34 -7.2
      vertex 20.2 -45.6893 10.5568
      vertex 20.2 -45.4729 10.4886
    endloop
  endfacet
  facet normal -1 0 0
    outer loop
      vertex 20.2 -34 -7.2
      vertex 20.2 -45.8988 10.6436
      vertex 20.2 -45.6893 10.5568
    endloop
  endfacet
  facet normal -1 0 0
    outer loop
      vertex 20.2 -62.1012 10.6436
      vertex 20.2 -45.8988 10.6436
      vertex 20.2 -34 -7.2
    endloop
  endfacet
  facet normal -1 0 0
    outer loop
      vertex 20.2 -45.8988 10.6436
      vertex 20.2 -62.1012 10.6436
      vertex 20.2 -46.1 10.7483
    endloop
  endfacet
  facet normal -1 0 -0
    outer loop
      vertex 20.2 -61.9 10.7483
      vertex 20.2 -46.1 10.7483
      vertex 20.2 -62.1012 10.6436
    endloop
  endfacet
  facet normal -1 0 0
    outer loop
      vertex 20.2 -46.1 10.7483
      vertex 20.2 -61.9 10.7483
      vertex 20.2 -46.2913 10.8702
    endloop
  endfacet
  facet normal -1 0 -0
    outer loop
      vertex 20.2 -61.7087 10.8702
      vertex 20.2 -46.2913 10.8702
      vertex 20.2 -61.9 10.7483
    endloop
  endfacet
  facet normal -1 0 0
    outer loop
      vertex 20.2 -46.2913 10.8702
      vertex 20.2 -61.7087 10.8702
      vertex 20.2 -46.4712 11.0083
    endloop
  endfacet
  facet normal -1 0 0
    outer loop
      vertex 20.2 -47.3901 12.7734
      vertex 20.2 -60.6 13
      vertex 20.2 -47.4 13
    endloop
  endfacet
  facet normal -1 0 0
    outer loop
      vertex 20.2 -60.6099 12.7734
      vertex 20.2 -47.3901 12.7734
      vertex 20.2 -47.3605 12.5485
    endloop
  endfacet
  facet normal -1 0 0
    outer loop
      vertex 20.2 -60.6395 12.5485
      vertex 20.2 -47.3605 12.5485
      vertex 20.2 -47.3114 12.3271
    endloop
  endfacet
  facet normal -1 0 0
    outer loop
      vertex 20.2 -60.6886 12.3271
      vertex 20.2 -47.3114 12.3271
      vertex 20.2 -47.2432 12.1107
    endloop
  endfacet
  facet normal -1 0 0
    outer loop
      vertex 20.2 -60.7568 12.1107
      vertex 20.2 -47.2432 12.1107
      vertex 20.2 -47.1564 11.9012
    endloop
  endfacet
  facet normal -1 0 0
    outer loop
      vertex 20.2 -60.8436 11.9012
      vertex 20.2 -47.1564 11.9012
      vertex 20.2 -47.0517 11.7
    endloop
  endfacet
  facet normal -1 0 0
    outer loop
      vertex 20.2 -60.9483 11.7
      vertex 20.2 -47.0517 11.7
      vertex 20.2 -46.9298 11.5087
    endloop
  endfacet
  facet normal -1 0 -0
    outer loop
      vertex 20.2 -61.5288 11.0083
      vertex 20.2 -46.4712 11.0083
      vertex 20.2 -61.7087 10.8702
    endloop
  endfacet
  facet normal -1 0 0
    outer loop
      vertex 20.2 -47.3901 12.7734
      vertex 20.2 -60.6099 12.7734
      vertex 20.2 -60.6 13
    endloop
  endfacet
  facet normal -1 0 0
    outer loop
      vertex 20.2 -47.3605 12.5485
      vertex 20.2 -60.6395 12.5485
      vertex 20.2 -60.6099 12.7734
    endloop
  endfacet
  facet normal -1 0 0
    outer loop
      vertex 20.2 -47.3114 12.3271
      vertex 20.2 -60.6886 12.3271
      vertex 20.2 -60.6395 12.5485
    endloop
  endfacet
  facet normal -1 0 0
    outer loop
      vertex 20.2 -47.2432 12.1107
      vertex 20.2 -60.7568 12.1107
      vertex 20.2 -60.6886 12.3271
    endloop
  endfacet
  facet normal -1 0 0
    outer loop
      vertex 20.2 -47.1564 11.9012
      vertex 20.2 -60.8436 11.9012
      vertex 20.2 -60.7568 12.1107
    endloop
  endfacet
  facet normal -1 0 0
    outer loop
      vertex 20.2 -47.0517 11.7
      vertex 20.2 -60.9483 11.7
      vertex 20.2 -60.8436 11.9012
    endloop
  endfacet
  facet normal -1 0 0
    outer loop
      vertex 20.2 -46.9298 11.5087
      vertex 20.2 -61.0702 11.5087
      vertex 20.2 -60.9483 11.7
    endloop
  endfacet
  facet normal -1 -0 0
    outer loop
      vertex 20.2 -46.9298 11.5087
      vertex 20.2 -61.2083 11.3288
      vertex 20.2 -61.0702 11.5087
    endloop
  endfacet
  facet normal -1 0 0
    outer loop
      vertex 20.2 -46.7917 11.3288
      vertex 20.2 -61.2083 11.3288
      vertex 20.2 -46.9298 11.5087
    endloop
  endfacet
  facet normal -1 0 -0
    outer loop
      vertex 20.2 -61.2083 11.3288
      vertex 20.2 -46.7917 11.3288
      vertex 20.2 -61.3615 11.1615
    endloop
  endfacet
  facet normal -1 0 0
    outer loop
      vertex 20.2 -46.6385 11.1615
      vertex 20.2 -61.3615 11.1615
      vertex 20.2 -46.7917 11.3288
    endloop
  endfacet
  facet normal -1 0 -0
    outer loop
      vertex 20.2 -61.3615 11.1615
      vertex 20.2 -46.6385 11.1615
      vertex 20.2 -61.5288 11.0083
    endloop
  endfacet
  facet normal -1 0 0
    outer loop
      vertex 20.2 -46.4712 11.0083
      vertex 20.2 -61.5288 11.0083
      vertex 20.2 -46.6385 11.1615
    endloop
  endfacet
  facet normal -1 0 0
    outer loop
      vertex 20.2 -74 -7.2
      vertex 20.2 -62.1012 10.6436
      vertex 20.2 -34 -7.2
    endloop
  endfacet
  facet normal -1 0 0
    outer loop
      vertex 20.2 -62.1012 10.6436
      vertex 20.2 -74 -7.2
      vertex 20.2 -62.3107 10.5568
    endloop
  endfacet
  facet normal -1 0 0
    outer loop
      vertex 20.2 -62.3107 10.5568
      vertex 20.2 -74 -7.2
      vertex 20.2 -62.5271 10.4886
    endloop
  endfacet
  facet normal -1 0 0
    outer loop
      vertex 20.2 -62.5271 10.4886
      vertex 20.2 -74 -7.2
      vertex 20.2 -62.7485 10.4395
    endloop
  endfacet
  facet normal -1 0 0
    outer loop
      vertex 20.2 -62.7485 10.4395
      vertex 20.2 -74 -7.2
      vertex 20.2 -62.9734 10.4099
    endloop
  endfacet
  facet normal -1 0 0
    outer loop
      vertex 20.2 -62.9734 10.4099
      vertex 20.2 -74 -7.2
      vertex 20.2 -63.2 10.4
    endloop
  endfacet
  facet normal -1 -0 0
    outer loop
      vertex 20.2 -63.2 10.4
      vertex 20.2 -74 -7.2
      vertex 20.2 -63.4266 10.4099
    endloop
  endfacet
  facet normal -1 -0 0
    outer loop
      vertex 20.2 -63.4266 10.4099
      vertex 20.2 -74 -7.2
      vertex 20.2 -63.6515 10.4395
    endloop
  endfacet
  facet normal -1 -0 0
    outer loop
      vertex 20.2 -63.6515 10.4395
      vertex 20.2 -74 -7.2
      vertex 20.2 -63.8729 10.4886
    endloop
  endfacet
  facet normal -1 -0 0
    outer loop
      vertex 20.2 -63.8729 10.4886
      vertex 20.2 -74 -7.2
      vertex 20.2 -64.0892 10.5568
    endloop
  endfacet
  facet normal -1 -0 0
    outer loop
      vertex 20.2 -64.0892 10.5568
      vertex 20.2 -74 -7.2
      vertex 20.2 -64.2988 10.6436
    endloop
  endfacet
  facet normal -1 -0 0
    outer loop
      vertex 20.2 -65.7901 12.7734
      vertex 20.2 -74 -7.2
      vertex 20.2 -65.8 13
    endloop
  endfacet
  facet normal -1 -0 0
    outer loop
      vertex 20.2 -65.7605 12.5485
      vertex 20.2 -74 -7.2
      vertex 20.2 -65.7901 12.7734
    endloop
  endfacet
  facet normal -1 -0 0
    outer loop
      vertex 20.2 -65.7114 12.3271
      vertex 20.2 -74 -7.2
      vertex 20.2 -65.7605 12.5485
    endloop
  endfacet
  facet normal -1 -0 0
    outer loop
      vertex 20.2 -65.6432 12.1107
      vertex 20.2 -74 -7.2
      vertex 20.2 -65.7114 12.3271
    endloop
  endfacet
  facet normal -1 -0 0
    outer loop
      vertex 20.2 -65.5564 11.9012
      vertex 20.2 -74 -7.2
      vertex 20.2 -65.6432 12.1107
    endloop
  endfacet
  facet normal -1 -0 0
    outer loop
      vertex 20.2 -65.4517 11.7
      vertex 20.2 -74 -7.2
      vertex 20.2 -65.5564 11.9012
    endloop
  endfacet
  facet normal -1 -0 0
    outer loop
      vertex 20.2 -65.3298 11.5087
      vertex 20.2 -74 -7.2
      vertex 20.2 -65.4517 11.7
    endloop
  endfacet
  facet normal -1 -0 0
    outer loop
      vertex 20.2 -65.1917 11.3288
      vertex 20.2 -74 -7.2
      vertex 20.2 -65.3298 11.5087
    endloop
  endfacet
  facet normal -1 -0 0
    outer loop
      vertex 20.2 -65.0385 11.1615
      vertex 20.2 -74 -7.2
      vertex 20.2 -65.1917 11.3288
    endloop
  endfacet
  facet normal -1 -0 0
    outer loop
      vertex 20.2 -64.8712 11.0083
      vertex 20.2 -74 -7.2
      vertex 20.2 -65.0385 11.1615
    endloop
  endfacet
  facet normal -1 -0 0
    outer loop
      vertex 20.2 -64.6913 10.8702
      vertex 20.2 -74 -7.2
      vertex 20.2 -64.8712 11.0083
    endloop
  endfacet
  facet normal -1 -0 0
    outer loop
      vertex 20.2 -64.5 10.7483
      vertex 20.2 -74 -7.2
      vertex 20.2 -64.6913 10.8702
    endloop
  endfacet
  facet normal -1 -0 0
    outer loop
      vertex 20.2 -64.2988 10.6436
      vertex 20.2 -74 -7.2
      vertex 20.2 -64.5 10.7483
    endloop
  endfacet
  facet normal -1 0 0
    outer loop
      vertex 20.2 -34.5136 26
      vertex 20.2 -34 33.2
      vertex 20.2 -34 26
    endloop
  endfacet
  facet normal -1 0 0
    outer loop
      vertex 20.2 -42.2099 13.2266
      vertex 20.2 -34.5136 26
      vertex 20.2 -42.2 13
    endloop
  endfacet
  facet normal -1 0 0
    outer loop
      vertex 20.2 -42.2395 13.4515
      vertex 20.2 -34.5136 26
      vertex 20.2 -42.2099 13.2266
    endloop
  endfacet
  facet normal -1 0 0
    outer loop
      vertex 20.2 -42.2886 13.6729
      vertex 20.2 -34.5136 26
      vertex 20.2 -42.2395 13.4515
    endloop
  endfacet
  facet normal -1 0 0
    outer loop
      vertex 20.2 -42.3568 13.8893
      vertex 20.2 -34.5136 26
      vertex 20.2 -42.2886 13.6729
    endloop
  endfacet
  facet normal -1 0 0
    outer loop
      vertex 20.2 -42.4436 14.0988
      vertex 20.2 -34.5136 26
      vertex 20.2 -42.3568 13.8893
    endloop
  endfacet
  facet normal -1 0 0
    outer loop
      vertex 20.2 -42.5483 14.3
      vertex 20.2 -34.5136 26
      vertex 20.2 -42.4436 14.0988
    endloop
  endfacet
  facet normal -1 0 0
    outer loop
      vertex 20.2 -42.6702 14.4913
      vertex 20.2 -34.5136 26
      vertex 20.2 -42.5483 14.3
    endloop
  endfacet
  facet normal -1 0 0
    outer loop
      vertex 20.2 -42.8083 14.6712
      vertex 20.2 -34.5136 26
      vertex 20.2 -42.6702 14.4913
    endloop
  endfacet
  facet normal -1 0 0
    outer loop
      vertex 20.2 -42.9615 14.8385
      vertex 20.2 -34.5136 26
      vertex 20.2 -42.8083 14.6712
    endloop
  endfacet
  facet normal -1 0 0
    outer loop
      vertex 20.2 -43.1288 14.9917
      vertex 20.2 -34.5136 26
      vertex 20.2 -42.9615 14.8385
    endloop
  endfacet
  facet normal -1 0 0
    outer loop
      vertex 20.2 -43.3087 15.1298
      vertex 20.2 -34.5136 26
      vertex 20.2 -43.1288 14.9917
    endloop
  endfacet
  facet normal -1 0 0
    outer loop
      vertex 20.2 -43.5 15.2517
      vertex 20.2 -34.5136 26
      vertex 20.2 -43.3087 15.1298
    endloop
  endfacet
  facet normal -1 0 0
    outer loop
      vertex 20.2 -43.7012 15.3564
      vertex 20.2 -34.5136 26
      vertex 20.2 -43.5 15.2517
    endloop
  endfacet
  facet normal -1 0 0
    outer loop
      vertex 20.2 -43.9107 15.4432
      vertex 20.2 -34.5136 26
      vertex 20.2 -43.7012 15.3564
    endloop
  endfacet
  facet normal -1 0 0
    outer loop
      vertex 20.2 -44.1271 15.5114
      vertex 20.2 -34.5136 26
      vertex 20.2 -43.9107 15.4432
    endloop
  endfacet
  facet normal -1 0 0
    outer loop
      vertex 20.2 -44.3485 15.5605
      vertex 20.2 -34.5136 26
      vertex 20.2 -44.1271 15.5114
    endloop
  endfacet
  facet normal -1 0 0
    outer loop
      vertex 20.2 -44.5734 15.5901
      vertex 20.2 -34.5136 26
      vertex 20.2 -44.3485 15.5605
    endloop
  endfacet
  facet normal -1 0 0
    outer loop
      vertex 20.2 -44.8 15.6
      vertex 20.2 -34.5136 26
      vertex 20.2 -44.5734 15.5901
    endloop
  endfacet
  facet normal -1 0 0
    outer loop
      vertex 20.2 -45.0266 15.5901
      vertex 20.2 -34.5136 26
      vertex 20.2 -44.8 15.6
    endloop
  endfacet
  facet normal -1 0 0
    outer loop
      vertex 20.2 -45.2515 15.5605
      vertex 20.2 -34.5136 26
      vertex 20.2 -45.0266 15.5901
    endloop
  endfacet
  facet normal -1 0 0
    outer loop
      vertex 20.2 -45.4729 15.5114
      vertex 20.2 -34.5136 26
      vertex 20.2 -45.2515 15.5605
    endloop
  endfacet
  facet normal -1 -0 0
    outer loop
      vertex 20.2 -34.5136 26
      vertex 20.2 -45.4729 15.5114
      vertex 20.2 -34 33.2
    endloop
  endfacet
  facet normal -1 0 0
    outer loop
      vertex 20.2 -45.6893 15.4432
      vertex 20.2 -34 33.2
      vertex 20.2 -45.4729 15.5114
    endloop
  endfacet
  facet normal -1 0 0
    outer loop
      vertex 20.2 -45.8988 15.3564
      vertex 20.2 -34 33.2
      vertex 20.2 -45.6893 15.4432
    endloop
  endfacet
  facet normal -1 0 0
    outer loop
      vertex 20.2 -62.1012 15.3564
      vertex 20.2 -45.8988 15.3564
      vertex 20.2 -46.1 15.2517
    endloop
  endfacet
  facet normal -1 0 0
    outer loop
      vertex 20.2 -61.9 15.2517
      vertex 20.2 -46.1 15.2517
      vertex 20.2 -46.2913 15.1298
    endloop
  endfacet
  facet normal -1 0 0
    outer loop
      vertex 20.2 -61.7087 15.1298
      vertex 20.2 -46.2913 15.1298
      vertex 20.2 -46.4712 14.9917
    endloop
  endfacet
  facet normal -1 0 0
    outer loop
      vertex 20.2 -61.5288 14.9917
      vertex 20.2 -46.4712 14.9917
      vertex 20.2 -46.6385 14.8385
    endloop
  endfacet
  facet normal -1 0 0
    outer loop
      vertex 20.2 -61.3615 14.8385
      vertex 20.2 -46.6385 14.8385
      vertex 20.2 -46.7917 14.6712
    endloop
  endfacet
  facet normal -1 0 0
    outer loop
      vertex 20.2 -61.2083 14.6712
      vertex 20.2 -46.7917 14.6712
      vertex 20.2 -46.9298 14.4913
    endloop
  endfacet
  facet normal -1 0 0
    outer loop
      vertex 20.2 -60.6 13
      vertex 20.2 -47.3901 13.2266
      vertex 20.2 -47.4 13
    endloop
  endfacet
  facet normal -1 0 0
    outer loop
      vertex 20.2 -60.6099 13.2266
      vertex 20.2 -47.3901 13.2266
      vertex 20.2 -60.6 13
    endloop
  endfacet
  facet normal -1 0 0
    outer loop
      vertex 20.2 -47.3901 13.2266
      vertex 20.2 -60.6099 13.2266
      vertex 20.2 -47.3605 13.4515
    endloop
  endfacet
  facet normal -1 0 0
    outer loop
      vertex 20.2 -60.6395 13.4515
      vertex 20.2 -47.3605 13.4515
      vertex 20.2 -60.6099 13.2266
    endloop
  endfacet
  facet normal -1 0 0
    outer loop
      vertex 20.2 -47.3605 13.4515
      vertex 20.2 -60.6395 13.4515
      vertex 20.2 -47.3114 13.6729
    endloop
  endfacet
  facet normal -1 0 0
    outer loop
      vertex 20.2 -60.6886 13.6729
      vertex 20.2 -47.3114 13.6729
      vertex 20.2 -60.6395 13.4515
    endloop
  endfacet
  facet normal -1 0 0
    outer loop
      vertex 20.2 -47.3114 13.6729
      vertex 20.2 -60.6886 13.6729
      vertex 20.2 -47.2432 13.8893
    endloop
  endfacet
  facet normal -1 0 0
    outer loop
      vertex 20.2 -60.7568 13.8893
      vertex 20.2 -47.2432 13.8893
      vertex 20.2 -60.6886 13.6729
    endloop
  endfacet
  facet normal -1 0 0
    outer loop
      vertex 20.2 -47.2432 13.8893
      vertex 20.2 -60.7568 13.8893
      vertex 20.2 -47.1564 14.0988
    endloop
  endfacet
  facet normal -1 0 0
    outer loop
      vertex 20.2 -60.8436 14.0988
      vertex 20.2 -47.1564 14.0988
      vertex 20.2 -60.7568 13.8893
    endloop
  endfacet
  facet normal -1 0 0
    outer loop
      vertex 20.2 -47.1564 14.0988
      vertex 20.2 -60.8436 14.0988
      vertex 20.2 -47.0517 14.3
    endloop
  endfacet
  facet normal -1 0 0
    outer loop
      vertex 20.2 -60.9483 14.3
      vertex 20.2 -47.0517 14.3
      vertex 20.2 -60.8436 14.0988
    endloop
  endfacet
  facet normal -1 0 0
    outer loop
      vertex 20.2 -47.0517 14.3
      vertex 20.2 -60.9483 14.3
      vertex 20.2 -46.9298 14.4913
    endloop
  endfacet
  facet normal -1 0 0
    outer loop
      vertex 20.2 -61.0702 14.4913
      vertex 20.2 -46.9298 14.4913
      vertex 20.2 -60.9483 14.3
    endloop
  endfacet
  facet normal -1 0 0
    outer loop
      vertex 20.2 -61.2083 14.6712
      vertex 20.2 -46.9298 14.4913
      vertex 20.2 -61.0702 14.4913
    endloop
  endfacet
  facet normal -1 0 0
    outer loop
      vertex 20.2 -46.7917 14.6712
      vertex 20.2 -61.2083 14.6712
      vertex 20.2 -61.3615 14.8385
    endloop
  endfacet
  facet normal -1 0 0
    outer loop
      vertex 20.2 -46.6385 14.8385
      vertex 20.2 -61.3615 14.8385
      vertex 20.2 -61.5288 14.9917
    endloop
  endfacet
  facet normal -1 0 0
    outer loop
      vertex 20.2 -46.4712 14.9917
      vertex 20.2 -61.5288 14.9917
      vertex 20.2 -61.7087 15.1298
    endloop
  endfacet
  facet normal -1 0 0
    outer loop
      vertex 20.2 -46.2913 15.1298
      vertex 20.2 -61.7087 15.1298
      vertex 20.2 -61.9 15.2517
    endloop
  endfacet
  facet normal -1 0 0
    outer loop
      vertex 20.2 -46.1 15.2517
      vertex 20.2 -61.9 15.2517
      vertex 20.2 -62.1012 15.3564
    endloop
  endfacet
  facet normal -1 0 0
    outer loop
      vertex 20.2 -45.8988 15.3564
      vertex 20.2 -62.1012 15.3564
      vertex 20.2 -34 33.2
    endloop
  endfacet
  facet normal -1 0 0
    outer loop
      vertex 20.2 -74 33.2
      vertex 20.2 -62.1012 15.3564
      vertex 20.2 -62.3107 15.4432
    endloop
  endfacet
  facet normal -1 0 0
    outer loop
      vertex 20.2 -74 33.2
      vertex 20.2 -62.3107 15.4432
      vertex 20.2 -62.5271 15.5114
    endloop
  endfacet
  facet normal -1 0 0
    outer loop
      vertex 20.2 -74 33.2
      vertex 20.2 -62.5271 15.5114
      vertex 20.2 -62.7485 15.5605
    endloop
  endfacet
  facet normal -1 0 0
    outer loop
      vertex 20.2 -74 33.2
      vertex 20.2 -62.7485 15.5605
      vertex 20.2 -62.9734 15.5901
    endloop
  endfacet
  facet normal -1 0 0
    outer loop
      vertex 20.2 -74 33.2
      vertex 20.2 -62.9734 15.5901
      vertex 20.2 -63.2 15.6
    endloop
  endfacet
  facet normal -1 0 0
    outer loop
      vertex 20.2 -74 33.2
      vertex 20.2 -63.2 15.6
      vertex 20.2 -63.4266 15.5901
    endloop
  endfacet
  facet normal -1 0 0
    outer loop
      vertex 20.2 -74 33.2
      vertex 20.2 -63.4266 15.5901
      vertex 20.2 -63.6515 15.5605
    endloop
  endfacet
  facet normal -1 0 0
    outer loop
      vertex 20.2 -74 33.2
      vertex 20.2 -63.6515 15.5605
      vertex 20.2 -63.8729 15.5114
    endloop
  endfacet
  facet normal -1 0 0
    outer loop
      vertex 20.2 -74 33.2
      vertex 20.2 -63.8729 15.5114
      vertex 20.2 -64.0892 15.4432
    endloop
  endfacet
  facet normal -1 0 0
    outer loop
      vertex 20.2 -74 33.2
      vertex 20.2 -64.0892 15.4432
      vertex 20.2 -64.2988 15.3564
    endloop
  endfacet
  facet normal -1 0 0
    outer loop
      vertex 20.2 -74 33.2
      vertex 20.2 -64.2988 15.3564
      vertex 20.2 -64.5 15.2517
    endloop
  endfacet
  facet normal -1 0 0
    outer loop
      vertex 20.2 -74 33.2
      vertex 20.2 -65.8 13
      vertex 20.2 -74 -7.2
    endloop
  endfacet
  facet normal -1 0 0
    outer loop
      vertex 20.2 -65.8 13
      vertex 20.2 -74 33.2
      vertex 20.2 -65.7901 13.2266
    endloop
  endfacet
  facet normal -1 0 0
    outer loop
      vertex 20.2 -65.7901 13.2266
      vertex 20.2 -74 33.2
      vertex 20.2 -65.7605 13.4515
    endloop
  endfacet
  facet normal -1 0 0
    outer loop
      vertex 20.2 -65.7605 13.4515
      vertex 20.2 -74 33.2
      vertex 20.2 -65.7114 13.6729
    endloop
  endfacet
  facet normal -1 0 0
    outer loop
      vertex 20.2 -62.1012 15.3564
      vertex 20.2 -74 33.2
      vertex 20.2 -34 33.2
    endloop
  endfacet
  facet normal -1 0 0
    outer loop
      vertex 20.2 -64.6913 15.1298
      vertex 20.2 -74 33.2
      vertex 20.2 -64.5 15.2517
    endloop
  endfacet
  facet normal -1 0 0
    outer loop
      vertex 20.2 -64.8712 14.9917
      vertex 20.2 -74 33.2
      vertex 20.2 -64.6913 15.1298
    endloop
  endfacet
  facet normal -1 0 0
    outer loop
      vertex 20.2 -65.0385 14.8385
      vertex 20.2 -74 33.2
      vertex 20.2 -64.8712 14.9917
    endloop
  endfacet
  facet normal -1 0 0
    outer loop
      vertex 20.2 -65.1917 14.6712
      vertex 20.2 -74 33.2
      vertex 20.2 -65.0385 14.8385
    endloop
  endfacet
  facet normal -1 0 0
    outer loop
      vertex 20.2 -65.3298 14.4913
      vertex 20.2 -74 33.2
      vertex 20.2 -65.1917 14.6712
    endloop
  endfacet
  facet normal -1 0 0
    outer loop
      vertex 20.2 -65.4517 14.3
      vertex 20.2 -74 33.2
      vertex 20.2 -65.3298 14.4913
    endloop
  endfacet
  facet normal -1 0 0
    outer loop
      vertex 20.2 -65.5564 14.0988
      vertex 20.2 -74 33.2
      vertex 20.2 -65.4517 14.3
    endloop
  endfacet
  facet normal -1 0 0
    outer loop
      vertex 20.2 -65.6432 13.8893
      vertex 20.2 -74 33.2
      vertex 20.2 -65.5564 14.0988
    endloop
  endfacet
  facet normal -1 0 0
    outer loop
      vertex 20.2 -65.7114 13.6729
      vertex 20.2 -74 33.2
      vertex 20.2 -65.6432 13.8893
    endloop
  endfacet
  facet normal 0 0 1
    outer loop
      vertex 20.2 -34 -7.2
      vertex 4.2 -54 -7.2
      vertex 20.2 -74 -7.2
    endloop
  endfacet
  facet normal 0 0 1
    outer loop
      vertex 20.2 -34 -7.2
      vertex 4.18402 -53.6339 -7.2
      vertex 4.2 -54 -7.2
    endloop
  endfacet
  facet normal 0 0 1
    outer loop
      vertex 20.2 -34 -7.2
      vertex 4.13619 -53.2707 -7.2
      vertex 4.18402 -53.6339 -7.2
    endloop
  endfacet
  facet normal 0 0 1
    outer loop
      vertex 20.2 -34 -7.2
      vertex 4.05689 -52.913 -7.2
      vertex 4.13619 -53.2707 -7.2
    endloop
  endfacet
  facet normal 0 0 1
    outer loop
      vertex 20.2 -34 -7.2
      vertex 3.94671 -52.5635 -7.2
      vertex 4.05689 -52.913 -7.2
    endloop
  endfacet
  facet normal 0 0 1
    outer loop
      vertex 20.2 -34 -7.2
      vertex 3.80649 -52.225 -7.2
      vertex 3.94671 -52.5635 -7.2
    endloop
  endfacet
  facet normal 0 0 1
    outer loop
      vertex 20.2 -34 -7.2
      vertex 3.63731 -51.9 -7.2
      vertex 3.80649 -52.225 -7.2
    endloop
  endfacet
  facet normal 0 0 1
    outer loop
      vertex 20.2 -34 -7.2
      vertex 3.44044 -51.591 -7.2
      vertex 3.63731 -51.9 -7.2
    endloop
  endfacet
  facet normal 0 0 1
    outer loop
      vertex 20.2 -34 -7.2
      vertex 3.21739 -51.3003 -7.2
      vertex 3.44044 -51.591 -7.2
    endloop
  endfacet
  facet normal 0 0 1
    outer loop
      vertex 20.2 -34 -7.2
      vertex 2.96985 -51.0302 -7.2
      vertex 3.21739 -51.3003 -7.2
    endloop
  endfacet
  facet normal 0 0 1
    outer loop
      vertex 20.2 -34 -7.2
      vertex 2.69971 -50.7826 -7.2
      vertex 2.96985 -51.0302 -7.2
    endloop
  endfacet
  facet normal 0 0 1
    outer loop
      vertex 20.2 -34 -7.2
      vertex 2.40902 -50.5596 -7.2
      vertex 2.69971 -50.7826 -7.2
    endloop
  endfacet
  facet normal 0 0 1
    outer loop
      vertex 20.2 -34 -7.2
      vertex 2.1 -50.3627 -7.2
      vertex 2.40902 -50.5596 -7.2
    endloop
  endfacet
  facet normal 0 0 1
    outer loop
      vertex 20.2 -34 -7.2
      vertex 1.775 -50.1935 -7.2
      vertex 2.1 -50.3627 -7.2
    endloop
  endfacet
  facet normal 0 0 1
    outer loop
      vertex 20.2 -34 -7.2
      vertex 1.43648 -50.0533 -7.2
      vertex 1.775 -50.1935 -7.2
    endloop
  endfacet
  facet normal 0 0 1
    outer loop
      vertex 20.2 -34 -7.2
      vertex 1.08704 -49.9431 -7.2
      vertex 1.43648 -50.0533 -7.2
    endloop
  endfacet
  facet normal 0 0 1
    outer loop
      vertex 20.2 -34 -7.2
      vertex 0.729321 -49.8638 -7.2
      vertex 1.08704 -49.9431 -7.2
    endloop
  endfacet
  facet normal 0 0 1
    outer loop
      vertex 20.2 -34 -7.2
      vertex 0.366054 -49.816 -7.2
      vertex 0.729321 -49.8638 -7.2
    endloop
  endfacet
  facet normal 0 0 1
    outer loop
      vertex 20.2 -34 -7.2
      vertex 0 -49.8 -7.2
      vertex 0.366054 -49.816 -7.2
    endloop
  endfacet
  facet normal -0 0 1
    outer loop
      vertex -20.2 -34 -7.2
      vertex 0 -49.8 -7.2
      vertex 20.2 -34 -7.2
    endloop
  endfacet
  facet normal 0 0 1
    outer loop
      vertex 0 -49.8 -7.2
      vertex -20.2 -34 -7.2
      vertex -0.366054 -49.816 -7.2
    endloop
  endfacet
  facet normal 0 0 1
    outer loop
      vertex -0.366054 -49.816 -7.2
      vertex -20.2 -34 -7.2
      vertex -0.729321 -49.8638 -7.2
    endloop
  endfacet
  facet normal 0 0 1
    outer loop
      vertex -0.729321 -49.8638 -7.2
      vertex -20.2 -34 -7.2
      vertex -1.08704 -49.9431 -7.2
    endloop
  endfacet
  facet normal 0 0 1
    outer loop
      vertex -1.08704 -49.9431 -7.2
      vertex -20.2 -34 -7.2
      vertex -1.43648 -50.0533 -7.2
    endloop
  endfacet
  facet normal 0 0 1
    outer loop
      vertex -1.43648 -50.0533 -7.2
      vertex -20.2 -34 -7.2
      vertex -1.775 -50.1935 -7.2
    endloop
  endfacet
  facet normal 0 0 1
    outer loop
      vertex -1.775 -50.1935 -7.2
      vertex -20.2 -34 -7.2
      vertex -2.1 -50.3627 -7.2
    endloop
  endfacet
  facet normal 0 0 1
    outer loop
      vertex -4.18402 -53.6339 -7.2
      vertex -20.2 -34 -7.2
      vertex -4.2 -54 -7.2
    endloop
  endfacet
  facet normal 0 0 1
    outer loop
      vertex -4.13619 -53.2707 -7.2
      vertex -20.2 -34 -7.2
      vertex -4.18402 -53.6339 -7.2
    endloop
  endfacet
  facet normal 0 0 1
    outer loop
      vertex -4.05689 -52.913 -7.2
      vertex -20.2 -34 -7.2
      vertex -4.13619 -53.2707 -7.2
    endloop
  endfacet
  facet normal 0 0 1
    outer loop
      vertex -3.94671 -52.5635 -7.2
      vertex -20.2 -34 -7.2
      vertex -4.05689 -52.913 -7.2
    endloop
  endfacet
  facet normal 0 0 1
    outer loop
      vertex -3.80649 -52.225 -7.2
      vertex -20.2 -34 -7.2
      vertex -3.94671 -52.5635 -7.2
    endloop
  endfacet
  facet normal 0 0 1
    outer loop
      vertex -3.63731 -51.9 -7.2
      vertex -20.2 -34 -7.2
      vertex -3.80649 -52.225 -7.2
    endloop
  endfacet
  facet normal 0 0 1
    outer loop
      vertex -3.44044 -51.591 -7.2
      vertex -20.2 -34 -7.2
      vertex -3.63731 -51.9 -7.2
    endloop
  endfacet
  facet normal 0 0 1
    outer loop
      vertex -3.21739 -51.3003 -7.2
      vertex -20.2 -34 -7.2
      vertex -3.44044 -51.591 -7.2
    endloop
  endfacet
  facet normal 0 0 1
    outer loop
      vertex -2.96985 -51.0302 -7.2
      vertex -20.2 -34 -7.2
      vertex -3.21739 -51.3003 -7.2
    endloop
  endfacet
  facet normal 0 0 1
    outer loop
      vertex -2.69971 -50.7826 -7.2
      vertex -20.2 -34 -7.2
      vertex -2.96985 -51.0302 -7.2
    endloop
  endfacet
  facet normal 0 0 1
    outer loop
      vertex -2.40902 -50.5596 -7.2
      vertex -20.2 -34 -7.2
      vertex -2.69971 -50.7826 -7.2
    endloop
  endfacet
  facet normal 0 0 1
    outer loop
      vertex -2.1 -50.3627 -7.2
      vertex -20.2 -34 -7.2
      vertex -2.40902 -50.5596 -7.2
    endloop
  endfacet
  facet normal -0 0 1
    outer loop
      vertex 4.18402 -54.3661 -7.2
      vertex 20.2 -74 -7.2
      vertex 4.2 -54 -7.2
    endloop
  endfacet
  facet normal -0 0 1
    outer loop
      vertex 4.13619 -54.7293 -7.2
      vertex 20.2 -74 -7.2
      vertex 4.18402 -54.3661 -7.2
    endloop
  endfacet
  facet normal -0 0 1
    outer loop
      vertex 4.05689 -55.087 -7.2
      vertex 20.2 -74 -7.2
      vertex 4.13619 -54.7293 -7.2
    endloop
  endfacet
  facet normal -0 0 1
    outer loop
      vertex 3.94671 -55.4365 -7.2
      vertex 20.2 -74 -7.2
      vertex 4.05689 -55.087 -7.2
    endloop
  endfacet
  facet normal -0 0 1
    outer loop
      vertex 3.80649 -55.775 -7.2
      vertex 20.2 -74 -7.2
      vertex 3.94671 -55.4365 -7.2
    endloop
  endfacet
  facet normal -0 0 1
    outer loop
      vertex 3.63731 -56.1 -7.2
      vertex 20.2 -74 -7.2
      vertex 3.80649 -55.775 -7.2
    endloop
  endfacet
  facet normal -0 0 1
    outer loop
      vertex 3.44044 -56.409 -7.2
      vertex 20.2 -74 -7.2
      vertex 3.63731 -56.1 -7.2
    endloop
  endfacet
  facet normal -0 0 1
    outer loop
      vertex 3.21739 -56.6997 -7.2
      vertex 20.2 -74 -7.2
      vertex 3.44044 -56.409 -7.2
    endloop
  endfacet
  facet normal -0 0 1
    outer loop
      vertex 2.96985 -56.9698 -7.2
      vertex 20.2 -74 -7.2
      vertex 3.21739 -56.6997 -7.2
    endloop
  endfacet
  facet normal -0 0 1
    outer loop
      vertex 2.69971 -57.2174 -7.2
      vertex 20.2 -74 -7.2
      vertex 2.96985 -56.9698 -7.2
    endloop
  endfacet
  facet normal -0 0 1
    outer loop
      vertex 2.40902 -57.4404 -7.2
      vertex 20.2 -74 -7.2
      vertex 2.69971 -57.2174 -7.2
    endloop
  endfacet
  facet normal -0 0 1
    outer loop
      vertex 2.1 -57.6373 -7.2
      vertex 20.2 -74 -7.2
      vertex 2.40902 -57.4404 -7.2
    endloop
  endfacet
  facet normal -0 0 1
    outer loop
      vertex 1.775 -57.8065 -7.2
      vertex 20.2 -74 -7.2
      vertex 2.1 -57.6373 -7.2
    endloop
  endfacet
  facet normal -0 0 1
    outer loop
      vertex 1.43648 -57.9467 -7.2
      vertex 20.2 -74 -7.2
      vertex 1.775 -57.8065 -7.2
    endloop
  endfacet
  facet normal -0 0 1
    outer loop
      vertex 1.08704 -58.0569 -7.2
      vertex 20.2 -74 -7.2
      vertex 1.43648 -57.9467 -7.2
    endloop
  endfacet
  facet normal -0 0 1
    outer loop
      vertex 0.729321 -58.1362 -7.2
      vertex 20.2 -74 -7.2
      vertex 1.08704 -58.0569 -7.2
    endloop
  endfacet
  facet normal -0 0 1
    outer loop
      vertex 0.366054 -58.184 -7.2
      vertex 20.2 -74 -7.2
      vertex 0.729321 -58.1362 -7.2
    endloop
  endfacet
  facet normal -0 0 1
    outer loop
      vertex 0 -58.2 -7.2
      vertex 20.2 -74 -7.2
      vertex 0.366054 -58.184 -7.2
    endloop
  endfacet
  facet normal 0 0 1
    outer loop
      vertex -20.2 -74 -7.2
      vertex 0 -58.2 -7.2
      vertex -0.366054 -58.184 -7.2
    endloop
  endfacet
  facet normal 0 0 1
    outer loop
      vertex -20.2 -74 -7.2
      vertex -0.366054 -58.184 -7.2
      vertex -0.729321 -58.1362 -7.2
    endloop
  endfacet
  facet normal 0 0 1
    outer loop
      vertex -20.2 -74 -7.2
      vertex -0.729321 -58.1362 -7.2
      vertex -1.08704 -58.0569 -7.2
    endloop
  endfacet
  facet normal 0 0 1
    outer loop
      vertex -20.2 -74 -7.2
      vertex -1.08704 -58.0569 -7.2
      vertex -1.43648 -57.9467 -7.2
    endloop
  endfacet
  facet normal 0 0 1
    outer loop
      vertex -20.2 -74 -7.2
      vertex -1.43648 -57.9467 -7.2
      vertex -1.775 -57.8065 -7.2
    endloop
  endfacet
  facet normal 0 0 1
    outer loop
      vertex -20.2 -74 -7.2
      vertex -1.775 -57.8065 -7.2
      vertex -2.1 -57.6373 -7.2
    endloop
  endfacet
  facet normal 0 0 1
    outer loop
      vertex -20.2 -74 -7.2
      vertex -2.1 -57.6373 -7.2
      vertex -2.40902 -57.4404 -7.2
    endloop
  endfacet
  facet normal 0 0 1
    outer loop
      vertex -20.2 -74 -7.2
      vertex -4.2 -54 -7.2
      vertex -20.2 -34 -7.2
    endloop
  endfacet
  facet normal 0 0 1
    outer loop
      vertex -4.2 -54 -7.2
      vertex -20.2 -74 -7.2
      vertex -4.18402 -54.3661 -7.2
    endloop
  endfacet
  facet normal 0 0 1
    outer loop
      vertex -4.18402 -54.3661 -7.2
      vertex -20.2 -74 -7.2
      vertex -4.13619 -54.7293 -7.2
    endloop
  endfacet
  facet normal 0 0 1
    outer loop
      vertex -4.13619 -54.7293 -7.2
      vertex -20.2 -74 -7.2
      vertex -4.05689 -55.087 -7.2
    endloop
  endfacet
  facet normal 0 0 1
    outer loop
      vertex -4.05689 -55.087 -7.2
      vertex -20.2 -74 -7.2
      vertex -3.94671 -55.4365 -7.2
    endloop
  endfacet
  facet normal 0 0 1
    outer loop
      vertex -3.94671 -55.4365 -7.2
      vertex -20.2 -74 -7.2
      vertex -3.80649 -55.775 -7.2
    endloop
  endfacet
  facet normal 0 0 1
    outer loop
      vertex -3.80649 -55.775 -7.2
      vertex -20.2 -74 -7.2
      vertex -3.63731 -56.1 -7.2
    endloop
  endfacet
  facet normal 0 0 1
    outer loop
      vertex 0 -58.2 -7.2
      vertex -20.2 -74 -7.2
      vertex 20.2 -74 -7.2
    endloop
  endfacet
  facet normal 0 0 1
    outer loop
      vertex -2.69971 -57.2174 -7.2
      vertex -20.2 -74 -7.2
      vertex -2.40902 -57.4404 -7.2
    endloop
  endfacet
  facet normal 0 0 1
    outer loop
      vertex -2.96985 -56.9698 -7.2
      vertex -20.2 -74 -7.2
      vertex -2.69971 -57.2174 -7.2
    endloop
  endfacet
  facet normal 0 0 1
    outer loop
      vertex -3.21739 -56.6997 -7.2
      vertex -20.2 -74 -7.2
      vertex -2.96985 -56.9698 -7.2
    endloop
  endfacet
  facet normal 0 0 1
    outer loop
      vertex -3.44044 -56.409 -7.2
      vertex -20.2 -74 -7.2
      vertex -3.21739 -56.6997 -7.2
    endloop
  endfacet
  facet normal 0 0 1
    outer loop
      vertex -3.63731 -56.1 -7.2
      vertex -20.2 -74 -7.2
      vertex -3.44044 -56.409 -7.2
    endloop
  endfacet
  facet normal 0 0 -1
    outer loop
      vertex -26 -42.3287 13.8
      vertex -20.2 -34.5136 13.8
      vertex -20.2 -42.3287 13.8
    endloop
  endfacet
  facet normal -0 0 -1
    outer loop
      vertex -20.2 -34.5136 13.8
      vertex -26 -42.3287 13.8
      vertex -21.0062 -34 13.8
    endloop
  endfacet
  facet normal -0 0 -1
    outer loop
      vertex -21.0062 -34 13.8
      vertex -26 -42.3287 13.8
      vertex -26 -34 13.8
    endloop
  endfacet
  facet normal 0 0 -1
    outer loop
      vertex -26 -74 13.8
      vertex -20.2 -65.6713 13.8
      vertex -20.2 -74 13.8
    endloop
  endfacet
  facet normal -0 0 -1
    outer loop
      vertex -20.2 -65.6713 13.8
      vertex -26 -74 13.8
      vertex -26 -65.6713 13.8
    endloop
  endfacet
  facet normal 0 0 -1
    outer loop
      vertex -26 -60.7287 13.8
      vertex -20.2 -47.2713 13.8
      vertex -20.2 -60.7287 13.8
    endloop
  endfacet
  facet normal -0 0 -1
    outer loop
      vertex -20.2 -47.2713 13.8
      vertex -26 -60.7287 13.8
      vertex -26 -47.2713 13.8
    endloop
  endfacet
  facet normal 0 0 1
    outer loop
      vertex -26 -42.3287 12.2
      vertex -20.2 -34.5136 12.2
      vertex -21.0062 -34 12.2
    endloop
  endfacet
  facet normal 0 0 1
    outer loop
      vertex -26 -42.3287 12.2
      vertex -21.0062 -34 12.2
      vertex -26 -34 12.2
    endloop
  endfacet
  facet normal 0 0 1
    outer loop
      vertex -20.2 -34.5136 12.2
      vertex -26 -42.3287 12.2
      vertex -20.2 -42.3287 12.2
    endloop
  endfacet
  facet normal -0 0 1
    outer loop
      vertex -26 -65.6713 12.2
      vertex -20.2 -74 12.2
      vertex -20.2 -65.6713 12.2
    endloop
  endfacet
  facet normal 0 0 1
    outer loop
      vertex -20.2 -74 12.2
      vertex -26 -65.6713 12.2
      vertex -26 -74 12.2
    endloop
  endfacet
  facet normal -0 0 1
    outer loop
      vertex -26 -47.2713 12.2
      vertex -20.2 -60.7287 12.2
      vertex -20.2 -47.2713 12.2
    endloop
  endfacet
  facet normal 0 0 1
    outer loop
      vertex -20.2 -60.7287 12.2
      vertex -26 -47.2713 12.2
      vertex -26 -60.7287 12.2
    endloop
  endfacet
  facet normal 0.793349 0.608767 0
    outer loop
      vertex 32.7661 22.9431 26
      vertex 30.6418 25.7115 0
      vertex 30.6418 25.7115 26
    endloop
  endfacet
  facet normal 0.793349 0.608767 0
    outer loop
      vertex 30.6418 25.7115 0
      vertex 32.7661 22.9431 26
      vertex 32.7661 22.9431 0
    endloop
  endfacet
  facet normal 0.991444 0.130532 0
    outer loop
      vertex 39.8478 3.48623 26
      vertex 39.3923 6.94593 0
      vertex 39.3923 6.94593 26
    endloop
  endfacet
  facet normal 0.991444 0.130532 0
    outer loop
      vertex 39.3923 6.94593 0
      vertex 39.8478 3.48623 26
      vertex 39.8478 3.48623 0
    endloop
  endfacet
  facet normal 0.999048 0.0436159 0
    outer loop
      vertex 40 0 26
      vertex 39.8478 3.48623 0
      vertex 39.8478 3.48623 26
    endloop
  endfacet
  facet normal 0.999048 0.0436159 0
    outer loop
      vertex 39.8478 3.48623 0
      vertex 40 0 26
      vertex 40 0 0
    endloop
  endfacet
  facet normal 0.976295 0.216444 0
    outer loop
      vertex 39.3923 6.94593 26
      vertex 38.637 10.3528 0
      vertex 38.637 10.3528 26
    endloop
  endfacet
  facet normal 0.976295 0.216444 0
    outer loop
      vertex 38.637 10.3528 0
      vertex 39.3923 6.94593 26
      vertex 39.3923 6.94593 0
    endloop
  endfacet
  facet normal 0.793349 -0.608767 0
    outer loop
      vertex 30.6418 -25.7115 26
      vertex 32.7661 -22.9431 0
      vertex 32.7661 -22.9431 26
    endloop
  endfacet
  facet normal 0.793349 -0.608767 0
    outer loop
      vertex 32.7661 -22.9431 0
      vertex 30.6418 -25.7115 26
      vertex 30.6418 -25.7115 0
    endloop
  endfacet
  facet normal 0.300702 0.953718 -0
    outer loop
      vertex 13.6808 37.5877 0
      vertex 10.3528 38.637 26
      vertex 13.6808 37.5877 26
    endloop
  endfacet
  facet normal 0.300702 0.953718 0
    outer loop
      vertex 10.3528 38.637 26
      vertex 13.6808 37.5877 0
      vertex 10.3528 38.637 0
    endloop
  endfacet
  facet normal -0.130532 -0.991444 0
    outer loop
      vertex -6.94593 -39.3923 0
      vertex -3.48623 -39.8478 26
      vertex -6.94593 -39.3923 26
    endloop
  endfacet
  facet normal -0.130532 -0.991444 -0
    outer loop
      vertex -3.48623 -39.8478 26
      vertex -6.94593 -39.3923 0
      vertex -3.48623 -39.8478 0
    endloop
  endfacet
  facet normal 0.382688 0.923878 -0
    outer loop
      vertex 16.9047 36.2523 0
      vertex 13.6808 37.5877 26
      vertex 16.9047 36.2523 26
    endloop
  endfacet
  facet normal 0.382688 0.923878 0
    outer loop
      vertex 13.6808 37.5877 26
      vertex 16.9047 36.2523 0
      vertex 13.6808 37.5877 0
    endloop
  endfacet
  facet normal -0.130532 0.991444 0
    outer loop
      vertex -3.48623 39.8478 0
      vertex -6.94593 39.3923 26
      vertex -3.48623 39.8478 26
    endloop
  endfacet
  facet normal -0.130532 0.991444 0
    outer loop
      vertex -6.94593 39.3923 26
      vertex -3.48623 39.8478 0
      vertex -6.94593 39.3923 0
    endloop
  endfacet
  facet normal 0.130532 -0.991444 0
    outer loop
      vertex 3.48623 -39.8478 0
      vertex 6.94593 -39.3923 26
      vertex 3.48623 -39.8478 26
    endloop
  endfacet
  facet normal 0.130532 -0.991444 0
    outer loop
      vertex 6.94593 -39.3923 26
      vertex 3.48623 -39.8478 0
      vertex 6.94593 -39.3923 0
    endloop
  endfacet
  facet normal -0.737283 0.675584 0
    outer loop
      vertex -30.6418 25.7115 0
      vertex -28.2843 28.2843 26
      vertex -28.2843 28.2843 0
    endloop
  endfacet
  facet normal -0.737283 0.675584 0
    outer loop
      vertex -28.2843 28.2843 26
      vertex -30.6418 25.7115 0
      vertex -30.6418 25.7115 26
    endloop
  endfacet
  facet normal -0.793349 -0.608767 0
    outer loop
      vertex -30.6418 -25.7115 0
      vertex -32.7661 -22.9431 26
      vertex -32.7661 -22.9431 0
    endloop
  endfacet
  facet normal -0.793349 -0.608767 0
    outer loop
      vertex -32.7661 -22.9431 26
      vertex -30.6418 -25.7115 0
      vertex -30.6418 -25.7115 26
    endloop
  endfacet
  facet normal 0.216444 0.976295 -0
    outer loop
      vertex 10.3528 38.637 0
      vertex 6.94593 39.3923 26
      vertex 10.3528 38.637 26
    endloop
  endfacet
  facet normal 0.216444 0.976295 0
    outer loop
      vertex 6.94593 39.3923 26
      vertex 10.3528 38.637 0
      vertex 6.94593 39.3923 0
    endloop
  endfacet
  facet normal 0.382688 -0.923878 0
    outer loop
      vertex 13.6808 -37.5877 0
      vertex 16.9047 -36.2523 26
      vertex 13.6808 -37.5877 26
    endloop
  endfacet
  facet normal 0.382688 -0.923878 0
    outer loop
      vertex 16.9047 -36.2523 26
      vertex 13.6808 -37.5877 0
      vertex 16.9047 -36.2523 0
    endloop
  endfacet
  facet normal -0.608767 0.793349 0
    outer loop
      vertex -22.9431 32.7661 0
      vertex -25.7115 30.6418 26
      vertex -22.9431 32.7661 26
    endloop
  endfacet
  facet normal -0.608767 0.793349 0
    outer loop
      vertex -25.7115 30.6418 26
      vertex -22.9431 32.7661 0
      vertex -25.7115 30.6418 0
    endloop
  endfacet
  facet normal 0.737283 -0.675584 0
    outer loop
      vertex 28.2843 -28.2843 26
      vertex 30.6418 -25.7115 0
      vertex 30.6418 -25.7115 26
    endloop
  endfacet
  facet normal 0.737283 -0.675584 0
    outer loop
      vertex 30.6418 -25.7115 0
      vertex 28.2843 -28.2843 26
      vertex 28.2843 -28.2843 0
    endloop
  endfacet
  facet normal -0.843399 0.537287 0
    outer loop
      vertex -34.641 20 0
      vertex -32.7661 22.9431 26
      vertex -32.7661 22.9431 0
    endloop
  endfacet
  facet normal -0.843399 0.537287 0
    outer loop
      vertex -32.7661 22.9431 26
      vertex -34.641 20 0
      vertex -34.641 20 26
    endloop
  endfacet
  facet normal -0.843399 -0.537287 0
    outer loop
      vertex -32.7661 -22.9431 0
      vertex -34.641 -20 26
      vertex -34.641 -20 0
    endloop
  endfacet
  facet normal -0.843399 -0.537287 0
    outer loop
      vertex -34.641 -20 26
      vertex -32.7661 -22.9431 0
      vertex -32.7661 -22.9431 26
    endloop
  endfacet
  facet normal 0.737283 0.675584 0
    outer loop
      vertex 30.6418 25.7115 26
      vertex 28.2843 28.2843 0
      vertex 28.2843 28.2843 26
    endloop
  endfacet
  facet normal 0.737283 0.675584 0
    outer loop
      vertex 28.2843 28.2843 0
      vertex 30.6418 25.7115 26
      vertex 30.6418 25.7115 0
    endloop
  endfacet
  facet normal 0.976295 -0.216444 0
    outer loop
      vertex 38.637 -10.3528 26
      vertex 39.3923 -6.94593 0
      vertex 39.3923 -6.94593 26
    endloop
  endfacet
  facet normal 0.976295 -0.216444 0
    outer loop
      vertex 39.3923 -6.94593 0
      vertex 38.637 -10.3528 26
      vertex 38.637 -10.3528 0
    endloop
  endfacet
  facet normal -0.999048 0.0436159 0
    outer loop
      vertex -40 0 0
      vertex -39.8478 3.48623 26
      vertex -39.8478 3.48623 0
    endloop
  endfacet
  facet normal -0.999048 0.0436159 0
    outer loop
      vertex -39.8478 3.48623 26
      vertex -40 0 0
      vertex -40 0 26
    endloop
  endfacet
  facet normal -0.537287 0.843399 0
    outer loop
      vertex -20 34.641 0
      vertex -22.9431 32.7661 26
      vertex -20 34.641 26
    endloop
  endfacet
  facet normal -0.537287 0.843399 0
    outer loop
      vertex -22.9431 32.7661 26
      vertex -20 34.641 0
      vertex -22.9431 32.7661 0
    endloop
  endfacet
  facet normal 0.461746 0.887012 -0
    outer loop
      vertex 20 34.641 0
      vertex 16.9047 36.2523 26
      vertex 20 34.641 26
    endloop
  endfacet
  facet normal 0.461746 0.887012 0
    outer loop
      vertex 16.9047 36.2523 26
      vertex 20 34.641 0
      vertex 16.9047 36.2523 0
    endloop
  endfacet
  facet normal -0.382688 0.923878 0
    outer loop
      vertex -13.6808 37.5877 0
      vertex -16.9047 36.2523 26
      vertex -13.6808 37.5877 26
    endloop
  endfacet
  facet normal -0.382688 0.923878 0
    outer loop
      vertex -16.9047 36.2523 26
      vertex -13.6808 37.5877 0
      vertex -16.9047 36.2523 0
    endloop
  endfacet
  facet normal -0.976295 -0.216444 0
    outer loop
      vertex -38.637 -10.3528 0
      vertex -39.3923 -6.94593 26
      vertex -39.3923 -6.94593 0
    endloop
  endfacet
  facet normal -0.976295 -0.216444 0
    outer loop
      vertex -39.3923 -6.94593 26
      vertex -38.637 -10.3528 0
      vertex -38.637 -10.3528 26
    endloop
  endfacet
  facet normal 0.953718 -0.300702 0
    outer loop
      vertex 37.5877 -13.6808 26
      vertex 38.637 -10.3528 0
      vertex 38.637 -10.3528 26
    endloop
  endfacet
  facet normal 0.953718 -0.300702 0
    outer loop
      vertex 38.637 -10.3528 0
      vertex 37.5877 -13.6808 26
      vertex 37.5877 -13.6808 0
    endloop
  endfacet
  facet normal 0.608767 -0.793349 0
    outer loop
      vertex 22.9431 -32.7661 0
      vertex 25.7115 -30.6418 26
      vertex 22.9431 -32.7661 26
    endloop
  endfacet
  facet normal 0.608767 -0.793349 0
    outer loop
      vertex 25.7115 -30.6418 26
      vertex 22.9431 -32.7661 0
      vertex 25.7115 -30.6418 0
    endloop
  endfacet
  facet normal -0.976295 0.216444 0
    outer loop
      vertex -39.3923 6.94593 0
      vertex -38.637 10.3528 26
      vertex -38.637 10.3528 0
    endloop
  endfacet
  facet normal -0.976295 0.216444 0
    outer loop
      vertex -38.637 10.3528 26
      vertex -39.3923 6.94593 0
      vertex -39.3923 6.94593 26
    endloop
  endfacet
  facet normal -0.300702 0.953718 0
    outer loop
      vertex -10.3528 38.637 0
      vertex -13.6808 37.5877 26
      vertex -10.3528 38.637 26
    endloop
  endfacet
  facet normal -0.300702 0.953718 0
    outer loop
      vertex -13.6808 37.5877 26
      vertex -10.3528 38.637 0
      vertex -13.6808 37.5877 0
    endloop
  endfacet
  facet normal 0.216444 -0.976295 0
    outer loop
      vertex 6.94593 -39.3923 0
      vertex 10.3528 -38.637 26
      vertex 6.94593 -39.3923 26
    endloop
  endfacet
  facet normal 0.216444 -0.976295 0
    outer loop
      vertex 10.3528 -38.637 26
      vertex 6.94593 -39.3923 0
      vertex 10.3528 -38.637 0
    endloop
  endfacet
  facet normal -0.216444 0.976295 0
    outer loop
      vertex -6.94593 39.3923 0
      vertex -10.3528 38.637 26
      vertex -6.94593 39.3923 26
    endloop
  endfacet
  facet normal -0.216444 0.976295 0
    outer loop
      vertex -10.3528 38.637 26
      vertex -6.94593 39.3923 0
      vertex -10.3528 38.637 0
    endloop
  endfacet
  facet normal 0 0 1
    outer loop
      vertex 34.1 0 26
      vertex 40 0 26
      vertex 39.8478 3.48623 26
    endloop
  endfacet
  facet normal 0 0 1
    outer loop
      vertex 33.9702 2.97201 26
      vertex 39.8478 3.48623 26
      vertex 39.3923 6.94593 26
    endloop
  endfacet
  facet normal 0 0 1
    outer loop
      vertex 40 0 26
      vertex 34.1 0 26
      vertex 39.8478 -3.48623 26
    endloop
  endfacet
  facet normal 0 0 1
    outer loop
      vertex 33.5819 5.9214 26
      vertex 39.3923 6.94593 26
      vertex 38.637 10.3528 26
    endloop
  endfacet
  facet normal -0 0 1
    outer loop
      vertex 33.9702 -2.97201 26
      vertex 39.8478 -3.48623 26
      vertex 34.1 0 26
    endloop
  endfacet
  facet normal 0 0 1
    outer loop
      vertex 32.9381 8.82573 26
      vertex 38.637 10.3528 26
      vertex 37.5877 13.6808 26
    endloop
  endfacet
  facet normal 0 0 1
    outer loop
      vertex 39.8478 -3.48623 26
      vertex 33.9702 -2.97201 26
      vertex 39.3923 -6.94593 26
    endloop
  endfacet
  facet normal 0 0 1
    outer loop
      vertex 32.0435 11.6629 26
      vertex 37.5877 13.6808 26
      vertex 36.2523 16.9047 26
    endloop
  endfacet
  facet normal -0 0 1
    outer loop
      vertex 33.5819 -5.9214 26
      vertex 39.3923 -6.94593 26
      vertex 33.9702 -2.97201 26
    endloop
  endfacet
  facet normal 0 0 1
    outer loop
      vertex 30.9051 14.4113 26
      vertex 36.2523 16.9047 26
      vertex 34.641 20 26
    endloop
  endfacet
  facet normal 0 0 1
    outer loop
      vertex 39.3923 -6.94593 26
      vertex 33.5819 -5.9214 26
      vertex 38.637 -10.3528 26
    endloop
  endfacet
  facet normal -0 0 1
    outer loop
      vertex 32.9381 -8.82573 26
      vertex 38.637 -10.3528 26
      vertex 33.5819 -5.9214 26
    endloop
  endfacet
  facet normal 0 0 1
    outer loop
      vertex 39.8478 3.48623 26
      vertex 33.9702 2.97201 26
      vertex 34.1 0 26
    endloop
  endfacet
  facet normal 0 0 1
    outer loop
      vertex 39.3923 6.94593 26
      vertex 33.5819 5.9214 26
      vertex 33.9702 2.97201 26
    endloop
  endfacet
  facet normal 0 0 1
    outer loop
      vertex 38.637 10.3528 26
      vertex 32.9381 8.82573 26
      vertex 33.5819 5.9214 26
    endloop
  endfacet
  facet normal 0 0 1
    outer loop
      vertex 29.5315 17.05 26
      vertex 34.641 20 26
      vertex 32.7661 22.9431 26
    endloop
  endfacet
  facet normal 0 0 1
    outer loop
      vertex 37.5877 13.6808 26
      vertex 32.0435 11.6629 26
      vertex 32.9381 8.82573 26
    endloop
  endfacet
  facet normal 0 0 1
    outer loop
      vertex 36.2523 16.9047 26
      vertex 30.9051 14.4113 26
      vertex 32.0435 11.6629 26
    endloop
  endfacet
  facet normal 0 0 1
    outer loop
      vertex 27.9331 19.559 26
      vertex 32.7661 22.9431 26
      vertex 30.6418 25.7115 26
    endloop
  endfacet
  facet normal 0 0 1
    outer loop
      vertex 34.641 20 26
      vertex 29.5315 17.05 26
      vertex 30.9051 14.4113 26
    endloop
  endfacet
  facet normal 0 0 1
    outer loop
      vertex 26.1221 21.9191 26
      vertex 30.6418 25.7115 26
      vertex 28.2843 28.2843 26
    endloop
  endfacet
  facet normal 0 0 1
    outer loop
      vertex 32.7661 22.9431 26
      vertex 27.9331 19.559 26
      vertex 29.5315 17.05 26
    endloop
  endfacet
  facet normal 0 0 1
    outer loop
      vertex 30.6418 25.7115 26
      vertex 26.1221 21.9191 26
      vertex 27.9331 19.559 26
    endloop
  endfacet
  facet normal 0 0 1
    outer loop
      vertex 24.1123 24.1123 26
      vertex 28.2843 28.2843 26
      vertex 25.7115 30.6418 26
    endloop
  endfacet
  facet normal 0 0 1
    outer loop
      vertex 28.2843 28.2843 26
      vertex 24.1123 24.1123 26
      vertex 26.1221 21.9191 26
    endloop
  endfacet
  facet normal 0 0 1
    outer loop
      vertex 21.9191 26.1221 26
      vertex 25.7115 30.6418 26
      vertex 22.9431 32.7661 26
    endloop
  endfacet
  facet normal 0 0 1
    outer loop
      vertex 25.7115 30.6418 26
      vertex 21.9191 26.1221 26
      vertex 24.1123 24.1123 26
    endloop
  endfacet
  facet normal 0 0 1
    outer loop
      vertex 19.559 27.9331 26
      vertex 22.9431 32.7661 26
      vertex 20 34.641 26
    endloop
  endfacet
  facet normal 0 0 1
    outer loop
      vertex 22.9431 32.7661 26
      vertex 19.559 27.9331 26
      vertex 21.9191 26.1221 26
    endloop
  endfacet
  facet normal 0 0 1
    outer loop
      vertex 20 34.641 26
      vertex 17.05 29.5315 26
      vertex 19.559 27.9331 26
    endloop
  endfacet
  facet normal 0 0 1
    outer loop
      vertex 16.9047 36.2523 26
      vertex 17.05 29.5315 26
      vertex 20 34.641 26
    endloop
  endfacet
  facet normal 0 0 1
    outer loop
      vertex 16.9047 36.2523 26
      vertex 14.4113 30.9051 26
      vertex 17.05 29.5315 26
    endloop
  endfacet
  facet normal 0 0 1
    outer loop
      vertex 13.6808 37.5877 26
      vertex 14.4113 30.9051 26
      vertex 16.9047 36.2523 26
    endloop
  endfacet
  facet normal 0 0 1
    outer loop
      vertex 13.6808 37.5877 26
      vertex 11.6629 32.0435 26
      vertex 14.4113 30.9051 26
    endloop
  endfacet
  facet normal 0 0 1
    outer loop
      vertex 10.3528 38.637 26
      vertex 11.6629 32.0435 26
      vertex 13.6808 37.5877 26
    endloop
  endfacet
  facet normal 0 0 1
    outer loop
      vertex 10.3528 38.637 26
      vertex 8.82573 32.9381 26
      vertex 11.6629 32.0435 26
    endloop
  endfacet
  facet normal 0 0 1
    outer loop
      vertex 6.94593 39.3923 26
      vertex 8.82573 32.9381 26
      vertex 10.3528 38.637 26
    endloop
  endfacet
  facet normal 0 0 1
    outer loop
      vertex 6.94593 39.3923 26
      vertex 5.9214 33.5819 26
      vertex 8.82573 32.9381 26
    endloop
  endfacet
  facet normal 0 0 1
    outer loop
      vertex 3.48623 39.8478 26
      vertex 5.9214 33.5819 26
      vertex 6.94593 39.3923 26
    endloop
  endfacet
  facet normal 0 0 1
    outer loop
      vertex 3.48623 39.8478 26
      vertex 2.97201 33.9702 26
      vertex 5.9214 33.5819 26
    endloop
  endfacet
  facet normal 0 0 1
    outer loop
      vertex 0 40 26
      vertex 2.97201 33.9702 26
      vertex 3.48623 39.8478 26
    endloop
  endfacet
  facet normal 0 0 1
    outer loop
      vertex 0 40 26
      vertex 0 34.1 26
      vertex 2.97201 33.9702 26
    endloop
  endfacet
  facet normal 0 0 1
    outer loop
      vertex 0 40 26
      vertex -2.97201 33.9702 26
      vertex 0 34.1 26
    endloop
  endfacet
  facet normal -0 0 1
    outer loop
      vertex -3.48623 39.8478 26
      vertex -2.97201 33.9702 26
      vertex 0 40 26
    endloop
  endfacet
  facet normal 0 0 1
    outer loop
      vertex -3.48623 39.8478 26
      vertex -5.9214 33.5819 26
      vertex -2.97201 33.9702 26
    endloop
  endfacet
  facet normal -0 0 1
    outer loop
      vertex -6.94593 39.3923 26
      vertex -5.9214 33.5819 26
      vertex -3.48623 39.8478 26
    endloop
  endfacet
  facet normal 0 0 1
    outer loop
      vertex -6.94593 39.3923 26
      vertex -8.82573 32.9381 26
      vertex -5.9214 33.5819 26
    endloop
  endfacet
  facet normal -0 0 1
    outer loop
      vertex -10.3528 38.637 26
      vertex -8.82573 32.9381 26
      vertex -6.94593 39.3923 26
    endloop
  endfacet
  facet normal 0 0 1
    outer loop
      vertex -10.3528 38.637 26
      vertex -11.6629 32.0435 26
      vertex -8.82573 32.9381 26
    endloop
  endfacet
  facet normal -0 0 1
    outer loop
      vertex -13.6808 37.5877 26
      vertex -11.6629 32.0435 26
      vertex -10.3528 38.637 26
    endloop
  endfacet
  facet normal 0 0 1
    outer loop
      vertex -13.6808 37.5877 26
      vertex -14.4113 30.9051 26
      vertex -11.6629 32.0435 26
    endloop
  endfacet
  facet normal -0 0 1
    outer loop
      vertex -16.9047 36.2523 26
      vertex -14.4113 30.9051 26
      vertex -13.6808 37.5877 26
    endloop
  endfacet
  facet normal 0 0 1
    outer loop
      vertex -16.9047 36.2523 26
      vertex -17.05 29.5315 26
      vertex -14.4113 30.9051 26
    endloop
  endfacet
  facet normal -0 0 1
    outer loop
      vertex -20 34.641 26
      vertex -17.05 29.5315 26
      vertex -16.9047 36.2523 26
    endloop
  endfacet
  facet normal 0 0 1
    outer loop
      vertex -17.05 29.5315 26
      vertex -20 34.641 26
      vertex -19.559 27.9331 26
    endloop
  endfacet
  facet normal -0 0 1
    outer loop
      vertex -22.9431 32.7661 26
      vertex -19.559 27.9331 26
      vertex -20 34.641 26
    endloop
  endfacet
  facet normal 0 0 1
    outer loop
      vertex -19.559 27.9331 26
      vertex -22.9431 32.7661 26
      vertex -21.9191 26.1221 26
    endloop
  endfacet
  facet normal -0 0 1
    outer loop
      vertex -25.7115 30.6418 26
      vertex -21.9191 26.1221 26
      vertex -22.9431 32.7661 26
    endloop
  endfacet
  facet normal 0 0 1
    outer loop
      vertex -21.9191 26.1221 26
      vertex -25.7115 30.6418 26
      vertex -24.1123 24.1123 26
    endloop
  endfacet
  facet normal -0 0 1
    outer loop
      vertex -28.2843 28.2843 26
      vertex -24.1123 24.1123 26
      vertex -25.7115 30.6418 26
    endloop
  endfacet
  facet normal 0 0 1
    outer loop
      vertex -24.1123 24.1123 26
      vertex -28.2843 28.2843 26
      vertex -26.1221 21.9191 26
    endloop
  endfacet
  facet normal -0 0 1
    outer loop
      vertex -30.6418 25.7115 26
      vertex -26.1221 21.9191 26
      vertex -28.2843 28.2843 26
    endloop
  endfacet
  facet normal 0 0 1
    outer loop
      vertex -26.1221 21.9191 26
      vertex -30.6418 25.7115 26
      vertex -27.9331 19.559 26
    endloop
  endfacet
  facet normal -0 0 1
    outer loop
      vertex -32.7661 22.9431 26
      vertex -27.9331 19.559 26
      vertex -30.6418 25.7115 26
    endloop
  endfacet
  facet normal 0 0 1
    outer loop
      vertex -27.9331 19.559 26
      vertex -32.7661 22.9431 26
      vertex -29.5315 17.05 26
    endloop
  endfacet
  facet normal -0 0 1
    outer loop
      vertex -34.641 20 26
      vertex -29.5315 17.05 26
      vertex -32.7661 22.9431 26
    endloop
  endfacet
  facet normal 0 0 1
    outer loop
      vertex -29.5315 17.05 26
      vertex -34.641 20 26
      vertex -30.9051 14.4113 26
    endloop
  endfacet
  facet normal -0 0 1
    outer loop
      vertex -36.2523 16.9047 26
      vertex -30.9051 14.4113 26
      vertex -34.641 20 26
    endloop
  endfacet
  facet normal 0 0 1
    outer loop
      vertex -30.9051 14.4113 26
      vertex -36.2523 16.9047 26
      vertex -32.0435 11.6629 26
    endloop
  endfacet
  facet normal -0 0 1
    outer loop
      vertex -37.5877 13.6808 26
      vertex -32.0435 11.6629 26
      vertex -36.2523 16.9047 26
    endloop
  endfacet
  facet normal -0 0 1
    outer loop
      vertex -38.637 10.3528 26
      vertex -32.9381 8.82573 26
      vertex -37.5877 13.6808 26
    endloop
  endfacet
  facet normal 0 0 1
    outer loop
      vertex -32.0435 11.6629 26
      vertex -37.5877 13.6808 26
      vertex -32.9381 8.82573 26
    endloop
  endfacet
  facet normal 0 0 1
    outer loop
      vertex 38.637 -10.3528 26
      vertex 32.9381 -8.82573 26
      vertex 37.5877 -13.6808 26
    endloop
  endfacet
  facet normal -0 0 1
    outer loop
      vertex 32.0435 -11.6629 26
      vertex 37.5877 -13.6808 26
      vertex 32.9381 -8.82573 26
    endloop
  endfacet
  facet normal 0 0 1
    outer loop
      vertex 37.5877 -13.6808 26
      vertex 32.0435 -11.6629 26
      vertex 36.2523 -16.9047 26
    endloop
  endfacet
  facet normal -0 0 1
    outer loop
      vertex 30.9051 -14.4113 26
      vertex 36.2523 -16.9047 26
      vertex 32.0435 -11.6629 26
    endloop
  endfacet
  facet normal 0 0 1
    outer loop
      vertex 36.2523 -16.9047 26
      vertex 30.9051 -14.4113 26
      vertex 34.641 -20 26
    endloop
  endfacet
  facet normal -0 0 1
    outer loop
      vertex 29.5315 -17.05 26
      vertex 34.641 -20 26
      vertex 30.9051 -14.4113 26
    endloop
  endfacet
  facet normal 0 0 1
    outer loop
      vertex 34.641 -20 26
      vertex 29.5315 -17.05 26
      vertex 32.7661 -22.9431 26
    endloop
  endfacet
  facet normal -0 0 1
    outer loop
      vertex 27.9331 -19.559 26
      vertex 32.7661 -22.9431 26
      vertex 29.5315 -17.05 26
    endloop
  endfacet
  facet normal 0 0 1
    outer loop
      vertex 32.7661 -22.9431 26
      vertex 27.9331 -19.559 26
      vertex 30.6418 -25.7115 26
    endloop
  endfacet
  facet normal -0 0 1
    outer loop
      vertex 26.1221 -21.9191 26
      vertex 30.6418 -25.7115 26
      vertex 27.9331 -19.559 26
    endloop
  endfacet
  facet normal 0 0 1
    outer loop
      vertex 30.6418 -25.7115 26
      vertex 26.1221 -21.9191 26
      vertex 28.2843 -28.2843 26
    endloop
  endfacet
  facet normal -0 0 1
    outer loop
      vertex 24.1123 -24.1123 26
      vertex 28.2843 -28.2843 26
      vertex 26.1221 -21.9191 26
    endloop
  endfacet
  facet normal 0 0 1
    outer loop
      vertex 28.2843 -28.2843 26
      vertex 24.1123 -24.1123 26
      vertex 25.7115 -30.6418 26
    endloop
  endfacet
  facet normal -0 0 1
    outer loop
      vertex 21.9191 -26.1221 26
      vertex 25.7115 -30.6418 26
      vertex 24.1123 -24.1123 26
    endloop
  endfacet
  facet normal 0 0 1
    outer loop
      vertex 25.7115 -30.6418 26
      vertex 21.9191 -26.1221 26
      vertex 22.9431 -32.7661 26
    endloop
  endfacet
  facet normal -0 0 1
    outer loop
      vertex 19.559 -27.9331 26
      vertex 22.9431 -32.7661 26
      vertex 21.9191 -26.1221 26
    endloop
  endfacet
  facet normal 0 -0 1
    outer loop
      vertex 20.2 -34 26
      vertex 22.9431 -32.7661 26
      vertex 19.559 -27.9331 26
    endloop
  endfacet
  facet normal 0 0 1
    outer loop
      vertex 20.2 -34 26
      vertex 20 -34.641 26
      vertex 20.2 -34.5136 26
    endloop
  endfacet
  facet normal 0 0 1
    outer loop
      vertex 22.9431 -32.7661 26
      vertex 20.2 -34 26
      vertex 21.0062 -34 26
    endloop
  endfacet
  facet normal -0 0 1
    outer loop
      vertex 17.05 -29.5315 26
      vertex 20.2 -34 26
      vertex 19.559 -27.9331 26
    endloop
  endfacet
  facet normal -0 0 1
    outer loop
      vertex 14.4113 -30.9051 26
      vertex 20.2 -34 26
      vertex 17.05 -29.5315 26
    endloop
  endfacet
  facet normal 0 0 1
    outer loop
      vertex 20.2 -34 26
      vertex 16.9047 -36.2523 26
      vertex 20 -34.641 26
    endloop
  endfacet
  facet normal 0 0 1
    outer loop
      vertex 20.2 -34 26
      vertex 14.4113 -30.9051 26
      vertex 16.9047 -36.2523 26
    endloop
  endfacet
  facet normal 0 0 1
    outer loop
      vertex 14.4113 -30.9051 26
      vertex 13.6808 -37.5877 26
      vertex 16.9047 -36.2523 26
    endloop
  endfacet
  facet normal -0 0 1
    outer loop
      vertex 11.6629 -32.0435 26
      vertex 13.6808 -37.5877 26
      vertex 14.4113 -30.9051 26
    endloop
  endfacet
  facet normal 0 0 1
    outer loop
      vertex 11.6629 -32.0435 26
      vertex 10.3528 -38.637 26
      vertex 13.6808 -37.5877 26
    endloop
  endfacet
  facet normal -0 0 1
    outer loop
      vertex 8.82573 -32.9381 26
      vertex 10.3528 -38.637 26
      vertex 11.6629 -32.0435 26
    endloop
  endfacet
  facet normal 0 0 1
    outer loop
      vertex 8.82573 -32.9381 26
      vertex 6.94593 -39.3923 26
      vertex 10.3528 -38.637 26
    endloop
  endfacet
  facet normal -0 0 1
    outer loop
      vertex 5.9214 -33.5819 26
      vertex 6.94593 -39.3923 26
      vertex 8.82573 -32.9381 26
    endloop
  endfacet
  facet normal 0 0 1
    outer loop
      vertex 5.9214 -33.5819 26
      vertex 3.48623 -39.8478 26
      vertex 6.94593 -39.3923 26
    endloop
  endfacet
  facet normal -0 0 1
    outer loop
      vertex 2.97201 -33.9702 26
      vertex 3.48623 -39.8478 26
      vertex 5.9214 -33.5819 26
    endloop
  endfacet
  facet normal -0 0 1
    outer loop
      vertex 0 -34.1 26
      vertex 3.48623 -39.8478 26
      vertex 2.97201 -33.9702 26
    endloop
  endfacet
  facet normal 0 0 1
    outer loop
      vertex 0 -34.1 26
      vertex 0 -40 26
      vertex 3.48623 -39.8478 26
    endloop
  endfacet
  facet normal 0 0 1
    outer loop
      vertex -2.97201 -33.9702 26
      vertex 0 -40 26
      vertex 0 -34.1 26
    endloop
  endfacet
  facet normal 0 0 1
    outer loop
      vertex -2.97201 -33.9702 26
      vertex -3.48623 -39.8478 26
      vertex 0 -40 26
    endloop
  endfacet
  facet normal 0 0 1
    outer loop
      vertex -5.9214 -33.5819 26
      vertex -3.48623 -39.8478 26
      vertex -2.97201 -33.9702 26
    endloop
  endfacet
  facet normal 0 0 1
    outer loop
      vertex -5.9214 -33.5819 26
      vertex -6.94593 -39.3923 26
      vertex -3.48623 -39.8478 26
    endloop
  endfacet
  facet normal 0 0 1
    outer loop
      vertex -8.82573 -32.9381 26
      vertex -6.94593 -39.3923 26
      vertex -5.9214 -33.5819 26
    endloop
  endfacet
  facet normal 0 0 1
    outer loop
      vertex -8.82573 -32.9381 26
      vertex -10.3528 -38.637 26
      vertex -6.94593 -39.3923 26
    endloop
  endfacet
  facet normal 0 0 1
    outer loop
      vertex -11.6629 -32.0435 26
      vertex -10.3528 -38.637 26
      vertex -8.82573 -32.9381 26
    endloop
  endfacet
  facet normal 0 0 1
    outer loop
      vertex -11.6629 -32.0435 26
      vertex -13.6808 -37.5877 26
      vertex -10.3528 -38.637 26
    endloop
  endfacet
  facet normal 0 0 1
    outer loop
      vertex -14.4113 -30.9051 26
      vertex -13.6808 -37.5877 26
      vertex -11.6629 -32.0435 26
    endloop
  endfacet
  facet normal 0 0 1
    outer loop
      vertex -14.4113 -30.9051 26
      vertex -16.9047 -36.2523 26
      vertex -13.6808 -37.5877 26
    endloop
  endfacet
  facet normal 0 0 1
    outer loop
      vertex -20.2 -34 26
      vertex -14.4113 -30.9051 26
      vertex -17.05 -29.5315 26
    endloop
  endfacet
  facet normal 0 0 1
    outer loop
      vertex -20.2 -34 26
      vertex -17.05 -29.5315 26
      vertex -19.559 -27.9331 26
    endloop
  endfacet
  facet normal 0 0 1
    outer loop
      vertex -14.4113 -30.9051 26
      vertex -20.2 -34 26
      vertex -16.9047 -36.2523 26
    endloop
  endfacet
  facet normal 0 0 1
    outer loop
      vertex -16.9047 -36.2523 26
      vertex -20.2 -34 26
      vertex -20 -34.641 26
    endloop
  endfacet
  facet normal -0 0 1
    outer loop
      vertex -22.9431 -32.7661 26
      vertex -20.2 -34 26
      vertex -19.559 -27.9331 26
    endloop
  endfacet
  facet normal 0 0 1
    outer loop
      vertex -22.9431 -32.7661 26
      vertex -19.559 -27.9331 26
      vertex -21.9191 -26.1221 26
    endloop
  endfacet
  facet normal 0 0 1
    outer loop
      vertex -20.2 -34 26
      vertex -22.9431 -32.7661 26
      vertex -21.0062 -34 26
    endloop
  endfacet
  facet normal 0 0 1
    outer loop
      vertex -25.7115 -30.6418 26
      vertex -21.9191 -26.1221 26
      vertex -24.1123 -24.1123 26
    endloop
  endfacet
  facet normal 0 0 1
    outer loop
      vertex -21.9191 -26.1221 26
      vertex -25.7115 -30.6418 26
      vertex -22.9431 -32.7661 26
    endloop
  endfacet
  facet normal 0 0 1
    outer loop
      vertex -28.2843 -28.2843 26
      vertex -24.1123 -24.1123 26
      vertex -26.1221 -21.9191 26
    endloop
  endfacet
  facet normal 0 0 1
    outer loop
      vertex -30.6418 -25.7115 26
      vertex -26.1221 -21.9191 26
      vertex -27.9331 -19.559 26
    endloop
  endfacet
  facet normal 0 0 1
    outer loop
      vertex -24.1123 -24.1123 26
      vertex -28.2843 -28.2843 26
      vertex -25.7115 -30.6418 26
    endloop
  endfacet
  facet normal 0 0 1
    outer loop
      vertex -32.7661 -22.9431 26
      vertex -27.9331 -19.559 26
      vertex -29.5315 -17.05 26
    endloop
  endfacet
  facet normal 0 0 1
    outer loop
      vertex -26.1221 -21.9191 26
      vertex -30.6418 -25.7115 26
      vertex -28.2843 -28.2843 26
    endloop
  endfacet
  facet normal 0 0 1
    outer loop
      vertex -34.641 -20 26
      vertex -29.5315 -17.05 26
      vertex -30.9051 -14.4113 26
    endloop
  endfacet
  facet normal 0 0 1
    outer loop
      vertex -36.2523 -16.9047 26
      vertex -30.9051 -14.4113 26
      vertex -32.0435 -11.6629 26
    endloop
  endfacet
  facet normal 0 0 1
    outer loop
      vertex -27.9331 -19.559 26
      vertex -32.7661 -22.9431 26
      vertex -30.6418 -25.7115 26
    endloop
  endfacet
  facet normal 0 0 1
    outer loop
      vertex -37.5877 -13.6808 26
      vertex -32.0435 -11.6629 26
      vertex -32.9381 -8.82573 26
    endloop
  endfacet
  facet normal 0 0 1
    outer loop
      vertex -38.637 -10.3528 26
      vertex -32.9381 -8.82573 26
      vertex -33.5819 -5.9214 26
    endloop
  endfacet
  facet normal 0 0 1
    outer loop
      vertex -39.3923 -6.94593 26
      vertex -33.5819 -5.9214 26
      vertex -33.9702 -2.97201 26
    endloop
  endfacet
  facet normal 0 0 1
    outer loop
      vertex -29.5315 -17.05 26
      vertex -34.641 -20 26
      vertex -32.7661 -22.9431 26
    endloop
  endfacet
  facet normal 0 0 1
    outer loop
      vertex -39.8478 -3.48623 26
      vertex -33.9702 -2.97201 26
      vertex -34.1 0 26
    endloop
  endfacet
  facet normal 0 0 1
    outer loop
      vertex -32.9381 8.82573 26
      vertex -38.637 10.3528 26
      vertex -33.5819 5.9214 26
    endloop
  endfacet
  facet normal -0 0 1
    outer loop
      vertex -39.3923 6.94593 26
      vertex -33.5819 5.9214 26
      vertex -38.637 10.3528 26
    endloop
  endfacet
  facet normal 0 0 1
    outer loop
      vertex -30.9051 -14.4113 26
      vertex -36.2523 -16.9047 26
      vertex -34.641 -20 26
    endloop
  endfacet
  facet normal 0 0 1
    outer loop
      vertex -33.5819 5.9214 26
      vertex -39.3923 6.94593 26
      vertex -33.9702 2.97201 26
    endloop
  endfacet
  facet normal 0 0 1
    outer loop
      vertex -32.0435 -11.6629 26
      vertex -37.5877 -13.6808 26
      vertex -36.2523 -16.9047 26
    endloop
  endfacet
  facet normal -0 0 1
    outer loop
      vertex -39.8478 3.48623 26
      vertex -33.9702 2.97201 26
      vertex -39.3923 6.94593 26
    endloop
  endfacet
  facet normal 0 0 1
    outer loop
      vertex -32.9381 -8.82573 26
      vertex -38.637 -10.3528 26
      vertex -37.5877 -13.6808 26
    endloop
  endfacet
  facet normal 0 0 1
    outer loop
      vertex -33.9702 2.97201 26
      vertex -39.8478 3.48623 26
      vertex -34.1 0 26
    endloop
  endfacet
  facet normal 0 0 1
    outer loop
      vertex -33.5819 -5.9214 26
      vertex -39.3923 -6.94593 26
      vertex -38.637 -10.3528 26
    endloop
  endfacet
  facet normal 0 0 1
    outer loop
      vertex -40 0 26
      vertex -34.1 0 26
      vertex -39.8478 3.48623 26
    endloop
  endfacet
  facet normal 0 0 1
    outer loop
      vertex -33.9702 -2.97201 26
      vertex -39.8478 -3.48623 26
      vertex -39.3923 -6.94593 26
    endloop
  endfacet
  facet normal 0 0 1
    outer loop
      vertex -34.1 0 26
      vertex -40 0 26
      vertex -39.8478 -3.48623 26
    endloop
  endfacet
  facet normal 0 0 1
    outer loop
      vertex -20 -34.641 26
      vertex -20.2 -34 26
      vertex -20.2 -34.5136 26
    endloop
  endfacet
  facet normal 0.843399 0.537287 0
    outer loop
      vertex 34.641 20 26
      vertex 32.7661 22.9431 0
      vertex 32.7661 22.9431 26
    endloop
  endfacet
  facet normal 0.843399 0.537287 0
    outer loop
      vertex 32.7661 22.9431 0
      vertex 34.641 20 26
      vertex 34.641 20 0
    endloop
  endfacet
  facet normal -0.382688 -0.923878 0
    outer loop
      vertex -16.9047 -36.2523 0
      vertex -13.6808 -37.5877 26
      vertex -16.9047 -36.2523 26
    endloop
  endfacet
  facet normal -0.382688 -0.923878 -0
    outer loop
      vertex -13.6808 -37.5877 26
      vertex -16.9047 -36.2523 0
      vertex -13.6808 -37.5877 0
    endloop
  endfacet
  facet normal 0.991444 -0.130532 0
    outer loop
      vertex 39.3923 -6.94593 26
      vertex 39.8478 -3.48623 0
      vertex 39.8478 -3.48623 26
    endloop
  endfacet
  facet normal 0.991444 -0.130532 0
    outer loop
      vertex 39.8478 -3.48623 0
      vertex 39.3923 -6.94593 26
      vertex 39.3923 -6.94593 0
    endloop
  endfacet
  facet normal 0.999048 -0.0436159 0
    outer loop
      vertex 39.8478 -3.48623 26
      vertex 40 0 0
      vertex 40 0 26
    endloop
  endfacet
  facet normal 0.999048 -0.0436159 0
    outer loop
      vertex 40 0 0
      vertex 39.8478 -3.48623 26
      vertex 39.8478 -3.48623 0
    endloop
  endfacet
  facet normal 0.887012 -0.461746 0
    outer loop
      vertex 34.641 -20 26
      vertex 36.2523 -16.9047 0
      vertex 36.2523 -16.9047 26
    endloop
  endfacet
  facet normal 0.887012 -0.461746 0
    outer loop
      vertex 36.2523 -16.9047 0
      vertex 34.641 -20 26
      vertex 34.641 -20 0
    endloop
  endfacet
  facet normal 0.0436159 0.999048 -0
    outer loop
      vertex 3.48623 39.8478 0
      vertex 0 40 26
      vertex 3.48623 39.8478 26
    endloop
  endfacet
  facet normal 0.0436159 0.999048 0
    outer loop
      vertex 0 40 26
      vertex 3.48623 39.8478 0
      vertex 0 40 0
    endloop
  endfacet
  facet normal -0.887012 -0.461746 0
    outer loop
      vertex -34.641 -20 0
      vertex -36.2523 -16.9047 26
      vertex -36.2523 -16.9047 0
    endloop
  endfacet
  facet normal -0.887012 -0.461746 0
    outer loop
      vertex -36.2523 -16.9047 26
      vertex -34.641 -20 0
      vertex -34.641 -20 26
    endloop
  endfacet
  facet normal 0.608767 0.793349 -0
    outer loop
      vertex 25.7115 30.6418 0
      vertex 22.9431 32.7661 26
      vertex 25.7115 30.6418 26
    endloop
  endfacet
  facet normal 0.608767 0.793349 0
    outer loop
      vertex 22.9431 32.7661 26
      vertex 25.7115 30.6418 0
      vertex 22.9431 32.7661 0
    endloop
  endfacet
  facet normal 0.675584 0.737283 -0
    outer loop
      vertex 28.2843 28.2843 0
      vertex 25.7115 30.6418 26
      vertex 28.2843 28.2843 26
    endloop
  endfacet
  facet normal 0.675584 0.737283 0
    outer loop
      vertex 25.7115 30.6418 26
      vertex 28.2843 28.2843 0
      vertex 25.7115 30.6418 0
    endloop
  endfacet
  facet normal 0.0436159 -0.999048 0
    outer loop
      vertex 0 -40 0
      vertex 3.48623 -39.8478 26
      vertex 0 -40 26
    endloop
  endfacet
  facet normal 0.0436159 -0.999048 0
    outer loop
      vertex 3.48623 -39.8478 26
      vertex 0 -40 0
      vertex 3.48623 -39.8478 0
    endloop
  endfacet
  facet normal 0.953718 0.300702 0
    outer loop
      vertex 38.637 10.3528 26
      vertex 37.5877 13.6808 0
      vertex 37.5877 13.6808 26
    endloop
  endfacet
  facet normal 0.953718 0.300702 0
    outer loop
      vertex 37.5877 13.6808 0
      vertex 38.637 10.3528 26
      vertex 38.637 10.3528 0
    endloop
  endfacet
  facet normal -0.461746 -0.887012 0
    outer loop
      vertex -20 -34.641 0
      vertex -16.9047 -36.2523 26
      vertex -20 -34.641 26
    endloop
  endfacet
  facet normal -0.461746 -0.887012 -0
    outer loop
      vertex -16.9047 -36.2523 26
      vertex -20 -34.641 0
      vertex -16.9047 -36.2523 0
    endloop
  endfacet
  facet normal 0.923878 -0.382688 0
    outer loop
      vertex 36.2523 -16.9047 26
      vertex 37.5877 -13.6808 0
      vertex 37.5877 -13.6808 26
    endloop
  endfacet
  facet normal 0.923878 -0.382688 0
    outer loop
      vertex 37.5877 -13.6808 0
      vertex 36.2523 -16.9047 26
      vertex 36.2523 -16.9047 0
    endloop
  endfacet
  facet normal -0.0436159 0.999048 0
    outer loop
      vertex 0 40 0
      vertex -3.48623 39.8478 26
      vertex 0 40 26
    endloop
  endfacet
  facet normal -0.0436159 0.999048 0
    outer loop
      vertex -3.48623 39.8478 26
      vertex 0 40 0
      vertex -3.48623 39.8478 0
    endloop
  endfacet
  facet normal 0.923878 0.382688 0
    outer loop
      vertex 37.5877 13.6808 26
      vertex 36.2523 16.9047 0
      vertex 36.2523 16.9047 26
    endloop
  endfacet
  facet normal 0.923878 0.382688 0
    outer loop
      vertex 36.2523 16.9047 0
      vertex 37.5877 13.6808 26
      vertex 37.5877 13.6808 0
    endloop
  endfacet
  facet normal -0.953718 -0.300702 0
    outer loop
      vertex -37.5877 -13.6808 0
      vertex -38.637 -10.3528 26
      vertex -38.637 -10.3528 0
    endloop
  endfacet
  facet normal -0.953718 -0.300702 0
    outer loop
      vertex -38.637 -10.3528 26
      vertex -37.5877 -13.6808 0
      vertex -37.5877 -13.6808 26
    endloop
  endfacet
  facet normal 0.130532 0.991444 -0
    outer loop
      vertex 6.94593 39.3923 0
      vertex 3.48623 39.8478 26
      vertex 6.94593 39.3923 26
    endloop
  endfacet
  facet normal 0.130532 0.991444 0
    outer loop
      vertex 3.48623 39.8478 26
      vertex 6.94593 39.3923 0
      vertex 3.48623 39.8478 0
    endloop
  endfacet
  facet normal 0.887012 0.461746 0
    outer loop
      vertex 36.2523 16.9047 26
      vertex 34.641 20 0
      vertex 34.641 20 26
    endloop
  endfacet
  facet normal 0.887012 0.461746 0
    outer loop
      vertex 34.641 20 0
      vertex 36.2523 16.9047 26
      vertex 36.2523 16.9047 0
    endloop
  endfacet
  facet normal -0.608767 -0.793349 0
    outer loop
      vertex -25.7115 -30.6418 0
      vertex -22.9431 -32.7661 26
      vertex -25.7115 -30.6418 26
    endloop
  endfacet
  facet normal -0.608767 -0.793349 -0
    outer loop
      vertex -22.9431 -32.7661 26
      vertex -25.7115 -30.6418 0
      vertex -22.9431 -32.7661 0
    endloop
  endfacet
  facet normal -0.675584 0.737283 0
    outer loop
      vertex -25.7115 30.6418 0
      vertex -28.2843 28.2843 26
      vertex -25.7115 30.6418 26
    endloop
  endfacet
  facet normal -0.675584 0.737283 0
    outer loop
      vertex -28.2843 28.2843 26
      vertex -25.7115 30.6418 0
      vertex -28.2843 28.2843 0
    endloop
  endfacet
  facet normal -0.216444 -0.976295 0
    outer loop
      vertex -10.3528 -38.637 0
      vertex -6.94593 -39.3923 26
      vertex -10.3528 -38.637 26
    endloop
  endfacet
  facet normal -0.216444 -0.976295 -0
    outer loop
      vertex -6.94593 -39.3923 26
      vertex -10.3528 -38.637 0
      vertex -6.94593 -39.3923 0
    endloop
  endfacet
  facet normal -0.737283 -0.675584 0
    outer loop
      vertex -28.2843 -28.2843 0
      vertex -30.6418 -25.7115 26
      vertex -30.6418 -25.7115 0
    endloop
  endfacet
  facet normal -0.737283 -0.675584 0
    outer loop
      vertex -30.6418 -25.7115 26
      vertex -28.2843 -28.2843 0
      vertex -28.2843 -28.2843 26
    endloop
  endfacet
  facet normal 0.537287 0.843399 -0
    outer loop
      vertex 22.9431 32.7661 0
      vertex 20 34.641 26
      vertex 22.9431 32.7661 26
    endloop
  endfacet
  facet normal 0.537287 0.843399 0
    outer loop
      vertex 20 34.641 26
      vertex 22.9431 32.7661 0
      vertex 20 34.641 0
    endloop
  endfacet
  facet normal -0.991444 -0.130532 0
    outer loop
      vertex -39.3923 -6.94593 0
      vertex -39.8478 -3.48623 26
      vertex -39.8478 -3.48623 0
    endloop
  endfacet
  facet normal -0.991444 -0.130532 0
    outer loop
      vertex -39.8478 -3.48623 26
      vertex -39.3923 -6.94593 0
      vertex -39.3923 -6.94593 26
    endloop
  endfacet
  facet normal -0.953718 0.300702 0
    outer loop
      vertex -38.637 10.3528 0
      vertex -37.5877 13.6808 26
      vertex -37.5877 13.6808 0
    endloop
  endfacet
  facet normal -0.953718 0.300702 0
    outer loop
      vertex -37.5877 13.6808 26
      vertex -38.637 10.3528 0
      vertex -38.637 10.3528 26
    endloop
  endfacet
  facet normal 0.300702 -0.953718 0
    outer loop
      vertex 10.3528 -38.637 0
      vertex 13.6808 -37.5877 26
      vertex 10.3528 -38.637 26
    endloop
  endfacet
  facet normal 0.300702 -0.953718 0
    outer loop
      vertex 13.6808 -37.5877 26
      vertex 10.3528 -38.637 0
      vertex 13.6808 -37.5877 0
    endloop
  endfacet
  facet normal -0.461746 0.887012 0
    outer loop
      vertex -16.9047 36.2523 0
      vertex -20 34.641 26
      vertex -16.9047 36.2523 26
    endloop
  endfacet
  facet normal -0.461746 0.887012 0
    outer loop
      vertex -20 34.641 26
      vertex -16.9047 36.2523 0
      vertex -20 34.641 0
    endloop
  endfacet
  facet normal -0.999048 -0.0436159 0
    outer loop
      vertex -39.8478 -3.48623 0
      vertex -40 0 26
      vertex -40 0 0
    endloop
  endfacet
  facet normal -0.999048 -0.0436159 0
    outer loop
      vertex -40 0 26
      vertex -39.8478 -3.48623 0
      vertex -39.8478 -3.48623 26
    endloop
  endfacet
  facet normal -0.0436159 -0.999048 0
    outer loop
      vertex -3.48623 -39.8478 0
      vertex 0 -40 26
      vertex -3.48623 -39.8478 26
    endloop
  endfacet
  facet normal -0.0436159 -0.999048 -0
    outer loop
      vertex 0 -40 26
      vertex -3.48623 -39.8478 0
      vertex 0 -40 0
    endloop
  endfacet
  facet normal 0.461746 -0.887012 0
    outer loop
      vertex 16.9047 -36.2523 0
      vertex 20 -34.641 26
      vertex 16.9047 -36.2523 26
    endloop
  endfacet
  facet normal 0.461746 -0.887012 0
    outer loop
      vertex 20 -34.641 26
      vertex 16.9047 -36.2523 0
      vertex 20 -34.641 0
    endloop
  endfacet
  facet normal 0.843399 -0.537287 0
    outer loop
      vertex 32.7661 -22.9431 26
      vertex 34.641 -20 0
      vertex 34.641 -20 26
    endloop
  endfacet
  facet normal 0.843399 -0.537287 0
    outer loop
      vertex 34.641 -20 0
      vertex 32.7661 -22.9431 26
      vertex 32.7661 -22.9431 0
    endloop
  endfacet
  facet normal 0.537287 -0.8434 0
    outer loop
      vertex 21.0062 -34 0
      vertex 22.9431 -32.7661 26
      vertex 21.0062 -34 26
    endloop
  endfacet
  facet normal 0.537287 -0.8434 0
    outer loop
      vertex 22.9431 -32.7661 26
      vertex 21.0062 -34 0
      vertex 22.9431 -32.7661 0
    endloop
  endfacet
  facet normal 0.537257 -0.843418 0
    outer loop
      vertex 20 -34.641 0
      vertex 20.2 -34.5136 26
      vertex 20 -34.641 26
    endloop
  endfacet
  facet normal 0.537257 -0.843418 0
    outer loop
      vertex 20.2 -34.5136 26
      vertex 20 -34.641 0
      vertex 20.2 -34.5136 0
    endloop
  endfacet
  facet normal -0.675584 -0.737283 0
    outer loop
      vertex -28.2843 -28.2843 0
      vertex -25.7115 -30.6418 26
      vertex -28.2843 -28.2843 26
    endloop
  endfacet
  facet normal -0.675584 -0.737283 -0
    outer loop
      vertex -25.7115 -30.6418 26
      vertex -28.2843 -28.2843 0
      vertex -25.7115 -30.6418 0
    endloop
  endfacet
  facet normal -0.923878 -0.382688 0
    outer loop
      vertex -36.2523 -16.9047 0
      vertex -37.5877 -13.6808 26
      vertex -37.5877 -13.6808 0
    endloop
  endfacet
  facet normal -0.923878 -0.382688 0
    outer loop
      vertex -37.5877 -13.6808 26
      vertex -36.2523 -16.9047 0
      vertex -36.2523 -16.9047 26
    endloop
  endfacet
  facet normal -0.991444 0.130532 0
    outer loop
      vertex -39.8478 3.48623 0
      vertex -39.3923 6.94593 26
      vertex -39.3923 6.94593 0
    endloop
  endfacet
  facet normal -0.991444 0.130532 0
    outer loop
      vertex -39.3923 6.94593 26
      vertex -39.8478 3.48623 0
      vertex -39.8478 3.48623 26
    endloop
  endfacet
  facet normal -0.300702 -0.953718 0
    outer loop
      vertex -13.6808 -37.5877 0
      vertex -10.3528 -38.637 26
      vertex -13.6808 -37.5877 26
    endloop
  endfacet
  facet normal -0.300702 -0.953718 -0
    outer loop
      vertex -10.3528 -38.637 26
      vertex -13.6808 -37.5877 0
      vertex -10.3528 -38.637 0
    endloop
  endfacet
  facet normal -0.923878 0.382688 0
    outer loop
      vertex -37.5877 13.6808 0
      vertex -36.2523 16.9047 26
      vertex -36.2523 16.9047 0
    endloop
  endfacet
  facet normal -0.923878 0.382688 0
    outer loop
      vertex -36.2523 16.9047 26
      vertex -37.5877 13.6808 0
      vertex -37.5877 13.6808 26
    endloop
  endfacet
  facet normal -0.537287 -0.8434 0
    outer loop
      vertex -22.9431 -32.7661 26
      vertex -21.0062 -34 13.8
      vertex -21.0062 -34 26
    endloop
  endfacet
  facet normal -0.537295 -0.843394 -0
    outer loop
      vertex -21.0062 -34 13.8
      vertex -21.0062 -34 12.2
      vertex -20.2 -34.5136 13.8
    endloop
  endfacet
  facet normal -0.537287 -0.8434 0
    outer loop
      vertex -22.9431 -32.7661 26
      vertex -21.0062 -34 12.2
      vertex -21.0062 -34 13.8
    endloop
  endfacet
  facet normal -0.537287 -0.8434 0
    outer loop
      vertex -22.9431 -32.7661 0
      vertex -21.0062 -34 12.2
      vertex -22.9431 -32.7661 26
    endloop
  endfacet
  facet normal -0.537287 -0.8434 -0
    outer loop
      vertex -21.0062 -34 12.2
      vertex -22.9431 -32.7661 0
      vertex -21.0062 -34 0
    endloop
  endfacet
  facet normal -0.537257 -0.843418 0
    outer loop
      vertex -20.2 -34.5136 13.8
      vertex -20 -34.641 26
      vertex -20.2 -34.5136 26
    endloop
  endfacet
  facet normal -0.537295 -0.843394 0
    outer loop
      vertex -20.2 -34.5136 12.2
      vertex -20.2 -34.5136 13.8
      vertex -21.0062 -34 12.2
    endloop
  endfacet
  facet normal -0.537257 -0.843418 0
    outer loop
      vertex -20.2 -34.5136 12.2
      vertex -20 -34.641 26
      vertex -20.2 -34.5136 13.8
    endloop
  endfacet
  facet normal -0.537257 -0.843418 0
    outer loop
      vertex -20 -34.641 0
      vertex -20.2 -34.5136 12.2
      vertex -20.2 -34.5136 0
    endloop
  endfacet
  facet normal -0.537257 -0.843418 0
    outer loop
      vertex -20.2 -34.5136 12.2
      vertex -20 -34.641 0
      vertex -20 -34.641 26
    endloop
  endfacet
  facet normal 0.675584 -0.737283 0
    outer loop
      vertex 25.7115 -30.6418 0
      vertex 28.2843 -28.2843 26
      vertex 25.7115 -30.6418 26
    endloop
  endfacet
  facet normal 0.675584 -0.737283 0
    outer loop
      vertex 28.2843 -28.2843 26
      vertex 25.7115 -30.6418 0
      vertex 28.2843 -28.2843 0
    endloop
  endfacet
  facet normal -0 0 -1
    outer loop
      vertex 20.2 -34.5136 0
      vertex 20 -34.641 0
      vertex 20.2 -34 0
    endloop
  endfacet
  facet normal 0 0 -1
    outer loop
      vertex 33.091 -0.82822 0
      vertex 40 0 0
      vertex 39.8478 -3.48623 0
    endloop
  endfacet
  facet normal 0 0 -1
    outer loop
      vertex 32.4513 -2.05692 0
      vertex 39.8478 -3.48623 0
      vertex 39.3923 -6.94593 0
    endloop
  endfacet
  facet normal 0 0 -1
    outer loop
      vertex 40 0 0
      vertex 33.1514 -0.555674 0
      vertex 33.1878 -0.278898 0
    endloop
  endfacet
  facet normal 0 0 -1
    outer loop
      vertex 31.6 -2.77128 0
      vertex 39.3923 -6.94593 0
      vertex 38.637 -10.3528 0
    endloop
  endfacet
  facet normal -0 0 -1
    outer loop
      vertex 40 0 0
      vertex 33.1878 -0.278898 0
      vertex 33.2 0 0
    endloop
  endfacet
  facet normal 0 0 -1
    outer loop
      vertex 28.0118 -7.50575 0
      vertex 38.637 -10.3528 0
      vertex 37.5877 -13.6808 0
    endloop
  endfacet
  facet normal 0 0 -1
    outer loop
      vertex 33.1514 0.555674 0
      vertex 40 0 0
      vertex 33.1878 0.278898 0
    endloop
  endfacet
  facet normal 0 0 -1
    outer loop
      vertex 27.2511 -9.91858 0
      vertex 37.5877 -13.6808 0
      vertex 36.2523 -16.9047 0
    endloop
  endfacet
  facet normal 0 0 -1
    outer loop
      vertex 33.091 0.82822 0
      vertex 40 0 0
      vertex 33.1514 0.555674 0
    endloop
  endfacet
  facet normal 0 0 -1
    outer loop
      vertex 26.2829 -12.2559 0
      vertex 36.2523 -16.9047 0
      vertex 34.641 -20 0
    endloop
  endfacet
  facet normal 0 0 -1
    outer loop
      vertex 40 0 0
      vertex 33.091 0.82822 0
      vertex 39.8478 3.48623 0
    endloop
  endfacet
  facet normal 0 0 -1
    outer loop
      vertex 32.9002 1.35238 0
      vertex 39.8478 3.48623 0
      vertex 33.007 1.09446 0
    endloop
  endfacet
  facet normal 0 0 -1
    outer loop
      vertex 33.007 1.09446 0
      vertex 39.8478 3.48623 0
      vertex 33.091 0.82822 0
    endloop
  endfacet
  facet normal 0 0 -1
    outer loop
      vertex 33.1878 0.278898 0
      vertex 40 0 0
      vertex 33.2 0 0
    endloop
  endfacet
  facet normal 0 0 -1
    outer loop
      vertex 40 0 0
      vertex 33.091 -0.82822 0
      vertex 33.1514 -0.555674 0
    endloop
  endfacet
  facet normal 0 0 -1
    outer loop
      vertex 39.8478 -3.48623 0
      vertex 33.007 -1.09446 0
      vertex 33.091 -0.82822 0
    endloop
  endfacet
  facet normal 0 0 -1
    outer loop
      vertex 39.8478 -3.48623 0
      vertex 32.9002 -1.35238 0
      vertex 33.007 -1.09446 0
    endloop
  endfacet
  facet normal 0 0 -1
    outer loop
      vertex 39.8478 -3.48623 0
      vertex 32.7713 -1.6 0
      vertex 32.9002 -1.35238 0
    endloop
  endfacet
  facet normal 0 0 -1
    outer loop
      vertex 25.1147 -14.5 0
      vertex 34.641 -20 0
      vertex 32.7661 -22.9431 0
    endloop
  endfacet
  facet normal 0 0 -1
    outer loop
      vertex 39.8478 -3.48623 0
      vertex 32.6213 -1.83544 0
      vertex 32.7713 -1.6 0
    endloop
  endfacet
  facet normal 0 0 -1
    outer loop
      vertex 39.8478 -3.48623 0
      vertex 32.4513 -2.05692 0
      vertex 32.6213 -1.83544 0
    endloop
  endfacet
  facet normal 0 0 -1
    outer loop
      vertex 39.3923 -6.94593 0
      vertex 32.2627 -2.26274 0
      vertex 32.4513 -2.05692 0
    endloop
  endfacet
  facet normal 0 0 -1
    outer loop
      vertex 39.3923 -6.94593 0
      vertex 32.0569 -2.45134 0
      vertex 32.2627 -2.26274 0
    endloop
  endfacet
  facet normal 0 0 -1
    outer loop
      vertex 39.3923 -6.94593 0
      vertex 31.8354 -2.62129 0
      vertex 32.0569 -2.45134 0
    endloop
  endfacet
  facet normal 0 0 -1
    outer loop
      vertex 38.637 -10.3528 0
      vertex 28.0118 -7.50575 0
      vertex 31.3524 -2.90018 0
    endloop
  endfacet
  facet normal 0 0 -1
    outer loop
      vertex 39.3923 -6.94593 0
      vertex 31.6 -2.77128 0
      vertex 31.8354 -2.62129 0
    endloop
  endfacet
  facet normal 0 0 -1
    outer loop
      vertex 38.637 -10.3528 0
      vertex 31.3524 -2.90018 0
      vertex 31.6 -2.77128 0
    endloop
  endfacet
  facet normal 0 0 -1
    outer loop
      vertex 31.3524 -2.90018 0
      vertex 28.0118 -7.50575 0
      vertex 31.0945 -3.00702 0
    endloop
  endfacet
  facet normal 0 0 -1
    outer loop
      vertex 23.7554 -16.6337 0
      vertex 32.7661 -22.9431 0
      vertex 30.6418 -25.7115 0
    endloop
  endfacet
  facet normal 0 0 -1
    outer loop
      vertex 37.5877 -13.6808 0
      vertex 27.2511 -9.91858 0
      vertex 28.0118 -7.50575 0
    endloop
  endfacet
  facet normal 0 -0 -1
    outer loop
      vertex 28.5594 -5.0358 0
      vertex 31.0945 -3.00702 0
      vertex 28.0118 -7.50575 0
    endloop
  endfacet
  facet normal 0 0 -1
    outer loop
      vertex 30.8282 -3.09096 0
      vertex 28.5594 -5.0358 0
      vertex 30.5557 -3.15138 0
    endloop
  endfacet
  facet normal 0 0 -1
    outer loop
      vertex 30.5557 -3.15138 0
      vertex 28.5594 -5.0358 0
      vertex 30.2789 -3.18782 0
    endloop
  endfacet
  facet normal 0 0 -1
    outer loop
      vertex 30.2789 -3.18782 0
      vertex 28.5594 -5.0358 0
      vertex 30 -3.2 0
    endloop
  endfacet
  facet normal -0 0 -1
    outer loop
      vertex 30 -3.2 0
      vertex 28.5594 -5.0358 0
      vertex 29.7211 -3.18782 0
    endloop
  endfacet
  facet normal -0 0 -1
    outer loop
      vertex 29.4443 -3.15138 0
      vertex 28.5594 -5.0358 0
      vertex 29.1718 -3.09096 0
    endloop
  endfacet
  facet normal -0 0 -1
    outer loop
      vertex 29.1718 -3.09096 0
      vertex 28.5594 -5.0358 0
      vertex 28.9055 -3.00702 0
    endloop
  endfacet
  facet normal -0 0 -1
    outer loop
      vertex 28.9055 -3.00702 0
      vertex 28.5594 -5.0358 0
      vertex 28.8306 -2.97598 0
    endloop
  endfacet
  facet normal 0 0 -1
    outer loop
      vertex 22.2153 -18.6408 0
      vertex 30.6418 -25.7115 0
      vertex 28.2843 -28.2843 0
    endloop
  endfacet
  facet normal -0 0 -1
    outer loop
      vertex 29.7211 -3.18782 0
      vertex 28.5594 -5.0358 0
      vertex 29.4443 -3.15138 0
    endloop
  endfacet
  facet normal 0 0 -1
    outer loop
      vertex 31.0945 -3.00702 0
      vertex 28.5594 -5.0358 0
      vertex 30.8282 -3.09096 0
    endloop
  endfacet
  facet normal 0 0 -1
    outer loop
      vertex 36.2523 -16.9047 0
      vertex 26.2829 -12.2559 0
      vertex 27.2511 -9.91858 0
    endloop
  endfacet
  facet normal 0 0 -1
    outer loop
      vertex 18.2 -25.9808 0
      vertex 28.2843 -28.2843 0
      vertex 25.7115 -30.6418 0
    endloop
  endfacet
  facet normal 0 0 -1
    outer loop
      vertex 34.641 -20 0
      vertex 25.1147 -14.5 0
      vertex 26.2829 -12.2559 0
    endloop
  endfacet
  facet normal 0 0 -1
    outer loop
      vertex 32.7661 -22.9431 0
      vertex 23.7554 -16.6337 0
      vertex 25.1147 -14.5 0
    endloop
  endfacet
  facet normal 0 0 -1
    outer loop
      vertex 18.007 -27.0752 0
      vertex 25.7115 -30.6418 0
      vertex 22.9431 -32.7661 0
    endloop
  endfacet
  facet normal 0 0 -1
    outer loop
      vertex 30.6418 -25.7115 0
      vertex 22.2153 -18.6408 0
      vertex 23.7554 -16.6337 0
    endloop
  endfacet
  facet normal 0 0 -1
    outer loop
      vertex 20.2 -34 0
      vertex 22.9431 -32.7661 0
      vertex 21.0062 -34 0
    endloop
  endfacet
  facet normal 0 0 -1
    outer loop
      vertex 28.2843 -28.2843 0
      vertex 20.5061 -20.5061 0
      vertex 22.2153 -18.6408 0
    endloop
  endfacet
  facet normal 0 0 -1
    outer loop
      vertex 17.4513 -28.0377 0
      vertex 22.9431 -32.7661 0
      vertex 20.2 -34 0
    endloop
  endfacet
  facet normal 0 0 -1
    outer loop
      vertex 16.9047 -36.2523 0
      vertex 20.2 -34 0
      vertex 20 -34.641 0
    endloop
  endfacet
  facet normal 0 0 -1
    outer loop
      vertex 25.7115 -30.6418 0
      vertex 18.1878 -26.2597 0
      vertex 18.2 -25.9808 0
    endloop
  endfacet
  facet normal 0 0 -1
    outer loop
      vertex 28.2843 -28.2843 0
      vertex 18.1878 -25.7019 0
      vertex 20.5061 -20.5061 0
    endloop
  endfacet
  facet normal 0 0 -1
    outer loop
      vertex 28.2843 -28.2843 0
      vertex 18.2 -25.9808 0
      vertex 18.1878 -25.7019 0
    endloop
  endfacet
  facet normal 0 0 -1
    outer loop
      vertex 25.7115 -30.6418 0
      vertex 18.1514 -26.5364 0
      vertex 18.1878 -26.2597 0
    endloop
  endfacet
  facet normal 0 0 -1
    outer loop
      vertex 25.7115 -30.6418 0
      vertex 18.091 -26.809 0
      vertex 18.1514 -26.5364 0
    endloop
  endfacet
  facet normal 0 0 -1
    outer loop
      vertex 25.7115 -30.6418 0
      vertex 18.007 -27.0752 0
      vertex 18.091 -26.809 0
    endloop
  endfacet
  facet normal 0 0 -1
    outer loop
      vertex 22.9431 -32.7661 0
      vertex 17.9002 -27.3331 0
      vertex 18.007 -27.0752 0
    endloop
  endfacet
  facet normal 0 0 -1
    outer loop
      vertex 22.9431 -32.7661 0
      vertex 17.7713 -27.5808 0
      vertex 17.9002 -27.3331 0
    endloop
  endfacet
  facet normal 0 0 -1
    outer loop
      vertex 22.9431 -32.7661 0
      vertex 17.6213 -27.8162 0
      vertex 17.7713 -27.5808 0
    endloop
  endfacet
  facet normal 0 0 -1
    outer loop
      vertex 22.9431 -32.7661 0
      vertex 17.4513 -28.0377 0
      vertex 17.6213 -27.8162 0
    endloop
  endfacet
  facet normal 0 0 -1
    outer loop
      vertex 20.2 -34 0
      vertex 17.2627 -28.2435 0
      vertex 17.4513 -28.0377 0
    endloop
  endfacet
  facet normal 0 0 -1
    outer loop
      vertex 20.2 -34 0
      vertex 17.0569 -28.4321 0
      vertex 17.2627 -28.2435 0
    endloop
  endfacet
  facet normal -0 0 -1
    outer loop
      vertex 20.2 -34 0
      vertex 16.9047 -36.2523 0
      vertex 15.8282 -29.0717 0
    endloop
  endfacet
  facet normal 0 0 -1
    outer loop
      vertex 20.2 -34 0
      vertex 16.8354 -28.602 0
      vertex 17.0569 -28.4321 0
    endloop
  endfacet
  facet normal 0 0 -1
    outer loop
      vertex 20.2 -34 0
      vertex 16.6 -28.752 0
      vertex 16.8354 -28.602 0
    endloop
  endfacet
  facet normal 0 0 -1
    outer loop
      vertex 20.2 -34 0
      vertex 16.3524 -28.8809 0
      vertex 16.6 -28.752 0
    endloop
  endfacet
  facet normal 0 0 -1
    outer loop
      vertex 20.2 -34 0
      vertex 16.0945 -28.9878 0
      vertex 16.3524 -28.8809 0
    endloop
  endfacet
  facet normal 0 0 -1
    outer loop
      vertex 20.2 -34 0
      vertex 15.8282 -29.0717 0
      vertex 16.0945 -28.9878 0
    endloop
  endfacet
  facet normal 0 0 -1
    outer loop
      vertex 16.9047 -36.2523 0
      vertex 15.5557 -29.1321 0
      vertex 15.8282 -29.0717 0
    endloop
  endfacet
  facet normal 0 0 -1
    outer loop
      vertex 16.9047 -36.2523 0
      vertex 15.2789 -29.1686 0
      vertex 15.5557 -29.1321 0
    endloop
  endfacet
  facet normal 0 0 -1
    outer loop
      vertex 16.9047 -36.2523 0
      vertex 15 -29.1808 0
      vertex 15.2789 -29.1686 0
    endloop
  endfacet
  facet normal 0 0 -1
    outer loop
      vertex 16.9047 -36.2523 0
      vertex 14.7211 -29.1686 0
      vertex 15 -29.1808 0
    endloop
  endfacet
  facet normal 0 0 -1
    outer loop
      vertex 16.9047 -36.2523 0
      vertex 14.4443 -29.1321 0
      vertex 14.7211 -29.1686 0
    endloop
  endfacet
  facet normal 0 0 -1
    outer loop
      vertex 13.6808 -37.5877 0
      vertex 14.4443 -29.1321 0
      vertex 16.9047 -36.2523 0
    endloop
  endfacet
  facet normal -0 0 -1
    outer loop
      vertex 14.4443 -29.1321 0
      vertex 13.6808 -37.5877 0
      vertex 14.1718 -29.0717 0
    endloop
  endfacet
  facet normal -0 0 -1
    outer loop
      vertex 14.1718 -29.0717 0
      vertex 13.6808 -37.5877 0
      vertex 13.9055 -28.9878 0
    endloop
  endfacet
  facet normal 0 0 -1
    outer loop
      vertex 13.6808 -37.5877 0
      vertex 13.6476 -28.8809 0
      vertex 13.9055 -28.9878 0
    endloop
  endfacet
  facet normal 0 0 -1
    outer loop
      vertex 13.6808 -37.5877 0
      vertex 13.4 -28.752 0
      vertex 13.6476 -28.8809 0
    endloop
  endfacet
  facet normal 0 0 -1
    outer loop
      vertex 10.3528 -38.637 0
      vertex 13.4 -28.752 0
      vertex 13.6808 -37.5877 0
    endloop
  endfacet
  facet normal -0 0 -1
    outer loop
      vertex 13.4 -28.752 0
      vertex 10.3528 -38.637 0
      vertex 13.1646 -28.602 0
    endloop
  endfacet
  facet normal 0 0 -1
    outer loop
      vertex 7.50575 -28.0118 0
      vertex 13.1646 -28.602 0
      vertex 10.3528 -38.637 0
    endloop
  endfacet
  facet normal 0 0 -1
    outer loop
      vertex 13.1646 -28.602 0
      vertex 7.50575 -28.0118 0
      vertex 12.9431 -28.4321 0
    endloop
  endfacet
  facet normal 0 -0 -1
    outer loop
      vertex 9.91858 -27.2511 0
      vertex 12.9431 -28.4321 0
      vertex 7.50575 -28.0118 0
    endloop
  endfacet
  facet normal 0 0 -1
    outer loop
      vertex 12.9431 -28.4321 0
      vertex 9.91858 -27.2511 0
      vertex 12.7373 -28.2435 0
    endloop
  endfacet
  facet normal 0 0 -1
    outer loop
      vertex 12.7373 -28.2435 0
      vertex 9.91858 -27.2511 0
      vertex 12.5487 -28.0377 0
    endloop
  endfacet
  facet normal 0 0 -1
    outer loop
      vertex 12.2287 -27.5808 0
      vertex 9.91858 -27.2511 0
      vertex 12.0998 -27.3331 0
    endloop
  endfacet
  facet normal 0 0 -1
    outer loop
      vertex 12.0998 -27.3331 0
      vertex 9.91858 -27.2511 0
      vertex 11.993 -27.0752 0
    endloop
  endfacet
  facet normal -0 0 -1
    outer loop
      vertex 11.993 -27.0752 0
      vertex 9.91858 -27.2511 0
      vertex 11.909 -26.809 0
    endloop
  endfacet
  facet normal 0 0 -1
    outer loop
      vertex 12.5487 -28.0377 0
      vertex 9.91858 -27.2511 0
      vertex 12.3787 -27.8162 0
    endloop
  endfacet
  facet normal -0 0 -1
    outer loop
      vertex 11.909 -26.809 0
      vertex 9.91858 -27.2511 0
      vertex 11.8486 -26.5364 0
    endloop
  endfacet
  facet normal -0 0 -1
    outer loop
      vertex 11.8486 -26.5364 0
      vertex 9.91858 -27.2511 0
      vertex 11.838 -26.456 0
    endloop
  endfacet
  facet normal 0 0 -1
    outer loop
      vertex 12.3787 -27.8162 0
      vertex 9.91858 -27.2511 0
      vertex 12.2287 -27.5808 0
    endloop
  endfacet
  facet normal 0 0 -1
    outer loop
      vertex 6.94593 -39.3923 0
      vertex 7.50575 -28.0118 0
      vertex 10.3528 -38.637 0
    endloop
  endfacet
  facet normal 0 0 -1
    outer loop
      vertex 6.94593 -39.3923 0
      vertex 5.0358 -28.5594 0
      vertex 7.50575 -28.0118 0
    endloop
  endfacet
  facet normal 0 0 -1
    outer loop
      vertex 3.48623 -39.8478 0
      vertex 5.0358 -28.5594 0
      vertex 6.94593 -39.3923 0
    endloop
  endfacet
  facet normal 0 0 -1
    outer loop
      vertex 3.48623 -39.8478 0
      vertex 2.52752 -28.8896 0
      vertex 5.0358 -28.5594 0
    endloop
  endfacet
  facet normal 0 0 -1
    outer loop
      vertex 0 -40 0
      vertex 2.52752 -28.8896 0
      vertex 3.48623 -39.8478 0
    endloop
  endfacet
  facet normal 0 0 -1
    outer loop
      vertex 0 -40 0
      vertex 0 -29 0
      vertex 2.52752 -28.8896 0
    endloop
  endfacet
  facet normal 0 0 -1
    outer loop
      vertex 0 -40 0
      vertex -2.52752 -28.8896 0
      vertex 0 -29 0
    endloop
  endfacet
  facet normal 0 0 -1
    outer loop
      vertex -3.48623 -39.8478 0
      vertex -2.52752 -28.8896 0
      vertex 0 -40 0
    endloop
  endfacet
  facet normal 0 0 -1
    outer loop
      vertex -3.48623 -39.8478 0
      vertex -5.0358 -28.5594 0
      vertex -2.52752 -28.8896 0
    endloop
  endfacet
  facet normal 0 0 -1
    outer loop
      vertex -6.94593 -39.3923 0
      vertex -5.0358 -28.5594 0
      vertex -3.48623 -39.8478 0
    endloop
  endfacet
  facet normal 0 0 -1
    outer loop
      vertex -6.94593 -39.3923 0
      vertex -7.50575 -28.0118 0
      vertex -5.0358 -28.5594 0
    endloop
  endfacet
  facet normal 0 0 -1
    outer loop
      vertex -10.3528 -38.637 0
      vertex -7.50575 -28.0118 0
      vertex -6.94593 -39.3923 0
    endloop
  endfacet
  facet normal 0 0 -1
    outer loop
      vertex -13.1646 -28.602 0
      vertex -7.50575 -28.0118 0
      vertex -10.3528 -38.637 0
    endloop
  endfacet
  facet normal -0 0 -1
    outer loop
      vertex -7.50575 -28.0118 0
      vertex -12.9431 -28.4321 0
      vertex -9.91858 -27.2511 0
    endloop
  endfacet
  facet normal 0 0 -1
    outer loop
      vertex -9.91858 -27.2511 0
      vertex -11.8486 -26.5364 0
      vertex -11.838 -26.456 0
    endloop
  endfacet
  facet normal 0 0 -1
    outer loop
      vertex -9.91858 -27.2511 0
      vertex -11.909 -26.809 0
      vertex -11.8486 -26.5364 0
    endloop
  endfacet
  facet normal 0 0 -1
    outer loop
      vertex -9.91858 -27.2511 0
      vertex -11.993 -27.0752 0
      vertex -11.909 -26.809 0
    endloop
  endfacet
  facet normal -0 0 -1
    outer loop
      vertex -9.91858 -27.2511 0
      vertex -12.0998 -27.3331 0
      vertex -11.993 -27.0752 0
    endloop
  endfacet
  facet normal 0 0 -1
    outer loop
      vertex -9.91858 -27.2511 0
      vertex -12.2287 -27.5808 0
      vertex -12.0998 -27.3331 0
    endloop
  endfacet
  facet normal 0 0 -1
    outer loop
      vertex -9.91858 -27.2511 0
      vertex -12.3787 -27.8162 0
      vertex -12.2287 -27.5808 0
    endloop
  endfacet
  facet normal 0 0 -1
    outer loop
      vertex -9.91858 -27.2511 0
      vertex -12.5487 -28.0377 0
      vertex -12.3787 -27.8162 0
    endloop
  endfacet
  facet normal 0 0 -1
    outer loop
      vertex -9.91858 -27.2511 0
      vertex -12.7373 -28.2435 0
      vertex -12.5487 -28.0377 0
    endloop
  endfacet
  facet normal 0 0 -1
    outer loop
      vertex -9.91858 -27.2511 0
      vertex -12.9431 -28.4321 0
      vertex -12.7373 -28.2435 0
    endloop
  endfacet
  facet normal 0 0 -1
    outer loop
      vertex -7.50575 -28.0118 0
      vertex -13.1646 -28.602 0
      vertex -12.9431 -28.4321 0
    endloop
  endfacet
  facet normal 0 0 -1
    outer loop
      vertex -10.3528 -38.637 0
      vertex -13.4 -28.752 0
      vertex -13.1646 -28.602 0
    endloop
  endfacet
  facet normal 0 0 -1
    outer loop
      vertex -13.6808 -37.5877 0
      vertex -13.4 -28.752 0
      vertex -10.3528 -38.637 0
    endloop
  endfacet
  facet normal 0 0 -1
    outer loop
      vertex -13.4 -28.752 0
      vertex -13.6808 -37.5877 0
      vertex -13.6476 -28.8809 0
    endloop
  endfacet
  facet normal 0 0 -1
    outer loop
      vertex -13.6808 -37.5877 0
      vertex -13.9055 -28.9878 0
      vertex -13.6476 -28.8809 0
    endloop
  endfacet
  facet normal 0 0 -1
    outer loop
      vertex -13.6808 -37.5877 0
      vertex -14.1718 -29.0717 0
      vertex -13.9055 -28.9878 0
    endloop
  endfacet
  facet normal 0 0 -1
    outer loop
      vertex -13.6808 -37.5877 0
      vertex -14.4443 -29.1321 0
      vertex -14.1718 -29.0717 0
    endloop
  endfacet
  facet normal 0 0 -1
    outer loop
      vertex -16.9047 -36.2523 0
      vertex -14.4443 -29.1321 0
      vertex -13.6808 -37.5877 0
    endloop
  endfacet
  facet normal 0 0 -1
    outer loop
      vertex -14.4443 -29.1321 0
      vertex -16.9047 -36.2523 0
      vertex -14.7211 -29.1686 0
    endloop
  endfacet
  facet normal 0 0 -1
    outer loop
      vertex -14.7211 -29.1686 0
      vertex -16.9047 -36.2523 0
      vertex -15 -29.1808 0
    endloop
  endfacet
  facet normal -0 0 -1
    outer loop
      vertex -15 -29.1808 0
      vertex -16.9047 -36.2523 0
      vertex -15.2789 -29.1686 0
    endloop
  endfacet
  facet normal -0 0 -1
    outer loop
      vertex -15.2789 -29.1686 0
      vertex -16.9047 -36.2523 0
      vertex -15.5557 -29.1321 0
    endloop
  endfacet
  facet normal -0 0 -1
    outer loop
      vertex -15.5557 -29.1321 0
      vertex -16.9047 -36.2523 0
      vertex -15.8282 -29.0717 0
    endloop
  endfacet
  facet normal 0 0 -1
    outer loop
      vertex -20.2 -34 0
      vertex -15.8282 -29.0717 0
      vertex -16.9047 -36.2523 0
    endloop
  endfacet
  facet normal -0 0 -1
    outer loop
      vertex -15.8282 -29.0717 0
      vertex -20.2 -34 0
      vertex -16.0945 -28.9878 0
    endloop
  endfacet
  facet normal -0 0 -1
    outer loop
      vertex -16.0945 -28.9878 0
      vertex -20.2 -34 0
      vertex -16.3524 -28.8809 0
    endloop
  endfacet
  facet normal -0 0 -1
    outer loop
      vertex -16.3524 -28.8809 0
      vertex -20.2 -34 0
      vertex -16.6 -28.752 0
    endloop
  endfacet
  facet normal -0 0 -1
    outer loop
      vertex -16.6 -28.752 0
      vertex -20.2 -34 0
      vertex -16.8354 -28.602 0
    endloop
  endfacet
  facet normal -0 0 -1
    outer loop
      vertex -16.8354 -28.602 0
      vertex -20.2 -34 0
      vertex -17.0569 -28.4321 0
    endloop
  endfacet
  facet normal -0 0 -1
    outer loop
      vertex -17.0569 -28.4321 0
      vertex -20.2 -34 0
      vertex -17.2627 -28.2435 0
    endloop
  endfacet
  facet normal -0 0 -1
    outer loop
      vertex -17.2627 -28.2435 0
      vertex -20.2 -34 0
      vertex -17.4513 -28.0377 0
    endloop
  endfacet
  facet normal 0 0 -1
    outer loop
      vertex -22.9431 -32.7661 0
      vertex -17.4513 -28.0377 0
      vertex -20.2 -34 0
    endloop
  endfacet
  facet normal -0 0 -1
    outer loop
      vertex -17.4513 -28.0377 0
      vertex -22.9431 -32.7661 0
      vertex -17.6213 -27.8162 0
    endloop
  endfacet
  facet normal -0 0 -1
    outer loop
      vertex -17.6213 -27.8162 0
      vertex -22.9431 -32.7661 0
      vertex -17.7713 -27.5808 0
    endloop
  endfacet
  facet normal -0 0 -1
    outer loop
      vertex -17.7713 -27.5808 0
      vertex -22.9431 -32.7661 0
      vertex -17.9002 -27.3331 0
    endloop
  endfacet
  facet normal -0 0 -1
    outer loop
      vertex -17.9002 -27.3331 0
      vertex -22.9431 -32.7661 0
      vertex -18.007 -27.0752 0
    endloop
  endfacet
  facet normal 0 0 -1
    outer loop
      vertex -25.7115 -30.6418 0
      vertex -18.007 -27.0752 0
      vertex -22.9431 -32.7661 0
    endloop
  endfacet
  facet normal 0 0 -1
    outer loop
      vertex -25.7115 -30.6418 0
      vertex -18.2 -25.9808 0
      vertex -18.1878 -26.2597 0
    endloop
  endfacet
  facet normal 0 0 -1
    outer loop
      vertex -20.2 -34 0
      vertex -16.9047 -36.2523 0
      vertex -20 -34.641 0
    endloop
  endfacet
  facet normal -0 0 -1
    outer loop
      vertex -18.007 -27.0752 0
      vertex -25.7115 -30.6418 0
      vertex -18.091 -26.809 0
    endloop
  endfacet
  facet normal 0 0 -1
    outer loop
      vertex -20.2 -34 0
      vertex -20 -34.641 0
      vertex -20.2 -34.5136 0
    endloop
  endfacet
  facet normal -0 0 -1
    outer loop
      vertex -18.091 -26.809 0
      vertex -25.7115 -30.6418 0
      vertex -18.1514 -26.5364 0
    endloop
  endfacet
  facet normal -0 0 -1
    outer loop
      vertex -18.1514 -26.5364 0
      vertex -25.7115 -30.6418 0
      vertex -18.1878 -26.2597 0
    endloop
  endfacet
  facet normal 0 0 -1
    outer loop
      vertex -22.9431 -32.7661 0
      vertex -20.2 -34 0
      vertex -21.0062 -34 0
    endloop
  endfacet
  facet normal 0 0 -1
    outer loop
      vertex -18.2 -25.9808 0
      vertex -25.7115 -30.6418 0
      vertex -28.2843 -28.2843 0
    endloop
  endfacet
  facet normal 0 0 -1
    outer loop
      vertex -18.2 -25.9808 0
      vertex -20.5061 -20.5061 0
      vertex -18.6408 -22.2153 0
    endloop
  endfacet
  facet normal -0 0 -1
    outer loop
      vertex -18.2 -25.9808 0
      vertex -28.2843 -28.2843 0
      vertex -20.5061 -20.5061 0
    endloop
  endfacet
  facet normal -0 0 -1
    outer loop
      vertex -20.5061 -20.5061 0
      vertex -28.2843 -28.2843 0
      vertex -22.2153 -18.6408 0
    endloop
  endfacet
  facet normal 0 0 -1
    outer loop
      vertex -30.6418 -25.7115 0
      vertex -22.2153 -18.6408 0
      vertex -28.2843 -28.2843 0
    endloop
  endfacet
  facet normal -0 0 -1
    outer loop
      vertex -22.2153 -18.6408 0
      vertex -30.6418 -25.7115 0
      vertex -23.7554 -16.6337 0
    endloop
  endfacet
  facet normal 0 0 -1
    outer loop
      vertex -32.7661 -22.9431 0
      vertex -23.7554 -16.6337 0
      vertex -30.6418 -25.7115 0
    endloop
  endfacet
  facet normal -0 0 -1
    outer loop
      vertex -23.7554 -16.6337 0
      vertex -32.7661 -22.9431 0
      vertex -25.1147 -14.5 0
    endloop
  endfacet
  facet normal 0 0 -1
    outer loop
      vertex -34.641 -20 0
      vertex -25.1147 -14.5 0
      vertex -32.7661 -22.9431 0
    endloop
  endfacet
  facet normal -0 0 -1
    outer loop
      vertex -25.1147 -14.5 0
      vertex -34.641 -20 0
      vertex -26.2829 -12.2559 0
    endloop
  endfacet
  facet normal 0 0 -1
    outer loop
      vertex -36.2523 -16.9047 0
      vertex -26.2829 -12.2559 0
      vertex -34.641 -20 0
    endloop
  endfacet
  facet normal -0 0 -1
    outer loop
      vertex -26.2829 -12.2559 0
      vertex -36.2523 -16.9047 0
      vertex -27.2511 -9.91858 0
    endloop
  endfacet
  facet normal 0 0 -1
    outer loop
      vertex -37.5877 -13.6808 0
      vertex -27.2511 -9.91858 0
      vertex -36.2523 -16.9047 0
    endloop
  endfacet
  facet normal -0 0 -1
    outer loop
      vertex -27.2511 -9.91858 0
      vertex -37.5877 -13.6808 0
      vertex -28.0118 -7.50575 0
    endloop
  endfacet
  facet normal 0 0 -1
    outer loop
      vertex -28.5594 -5.0358 0
      vertex -28.9055 -3.00702 0
      vertex -28.8306 -2.97598 0
    endloop
  endfacet
  facet normal 0 0 -1
    outer loop
      vertex -28.5594 -5.0358 0
      vertex -29.1718 -3.09096 0
      vertex -28.9055 -3.00702 0
    endloop
  endfacet
  facet normal 0 0 -1
    outer loop
      vertex -38.637 -10.3528 0
      vertex -28.0118 -7.50575 0
      vertex -37.5877 -13.6808 0
    endloop
  endfacet
  facet normal 0 0 -1
    outer loop
      vertex -28.5594 -5.0358 0
      vertex -29.4443 -3.15138 0
      vertex -29.1718 -3.09096 0
    endloop
  endfacet
  facet normal 0 0 -1
    outer loop
      vertex -28.5594 -5.0358 0
      vertex -29.7211 -3.18782 0
      vertex -29.4443 -3.15138 0
    endloop
  endfacet
  facet normal 0 -0 -1
    outer loop
      vertex -31.3524 -2.90018 0
      vertex -28.0118 -7.50575 0
      vertex -38.637 -10.3528 0
    endloop
  endfacet
  facet normal 0 0 -1
    outer loop
      vertex -28.5594 -5.0358 0
      vertex -30 -3.2 0
      vertex -29.7211 -3.18782 0
    endloop
  endfacet
  facet normal 0 0 -1
    outer loop
      vertex -28.5594 -5.0358 0
      vertex -30.2789 -3.18782 0
      vertex -30 -3.2 0
    endloop
  endfacet
  facet normal 0 0 -1
    outer loop
      vertex -28.5594 -5.0358 0
      vertex -30.5557 -3.15138 0
      vertex -30.2789 -3.18782 0
    endloop
  endfacet
  facet normal 0 0 -1
    outer loop
      vertex -28.0118 -7.50575 0
      vertex -31.0945 -3.00702 0
      vertex -28.5594 -5.0358 0
    endloop
  endfacet
  facet normal 0 0 -1
    outer loop
      vertex -28.5594 -5.0358 0
      vertex -30.8282 -3.09096 0
      vertex -30.5557 -3.15138 0
    endloop
  endfacet
  facet normal 0 0 -1
    outer loop
      vertex -28.5594 -5.0358 0
      vertex -31.0945 -3.00702 0
      vertex -30.8282 -3.09096 0
    endloop
  endfacet
  facet normal 0 0 -1
    outer loop
      vertex -28.0118 -7.50575 0
      vertex -31.3524 -2.90018 0
      vertex -31.0945 -3.00702 0
    endloop
  endfacet
  facet normal -0 0 -1
    outer loop
      vertex -31.3524 -2.90018 0
      vertex -38.637 -10.3528 0
      vertex -31.6 -2.77128 0
    endloop
  endfacet
  facet normal 0 0 -1
    outer loop
      vertex -39.3923 -6.94593 0
      vertex -31.6 -2.77128 0
      vertex -38.637 -10.3528 0
    endloop
  endfacet
  facet normal -0 0 -1
    outer loop
      vertex -31.6 -2.77128 0
      vertex -39.3923 -6.94593 0
      vertex -31.8354 -2.62129 0
    endloop
  endfacet
  facet normal -0 0 -1
    outer loop
      vertex -31.8354 -2.62129 0
      vertex -39.3923 -6.94593 0
      vertex -32.0569 -2.45134 0
    endloop
  endfacet
  facet normal -0 0 -1
    outer loop
      vertex -32.0569 -2.45134 0
      vertex -39.3923 -6.94593 0
      vertex -32.2627 -2.26274 0
    endloop
  endfacet
  facet normal -0 0 -1
    outer loop
      vertex -32.2627 -2.26274 0
      vertex -39.3923 -6.94593 0
      vertex -32.4513 -2.05692 0
    endloop
  endfacet
  facet normal 0 0 -1
    outer loop
      vertex -39.8478 -3.48623 0
      vertex -32.4513 -2.05692 0
      vertex -39.3923 -6.94593 0
    endloop
  endfacet
  facet normal -0 0 -1
    outer loop
      vertex -32.4513 -2.05692 0
      vertex -39.8478 -3.48623 0
      vertex -32.6213 -1.83544 0
    endloop
  endfacet
  facet normal -0 0 -1
    outer loop
      vertex -32.6213 -1.83544 0
      vertex -39.8478 -3.48623 0
      vertex -32.7713 -1.6 0
    endloop
  endfacet
  facet normal -0 0 -1
    outer loop
      vertex -32.7713 -1.6 0
      vertex -39.8478 -3.48623 0
      vertex -32.9002 -1.35238 0
    endloop
  endfacet
  facet normal 0 0 -1
    outer loop
      vertex 32.7713 1.6 0
      vertex 39.8478 3.48623 0
      vertex 32.9002 1.35238 0
    endloop
  endfacet
  facet normal 0 0 -1
    outer loop
      vertex 32.6213 1.83544 0
      vertex 39.8478 3.48623 0
      vertex 32.7713 1.6 0
    endloop
  endfacet
  facet normal 0 0 -1
    outer loop
      vertex 32.4513 2.05692 0
      vertex 39.8478 3.48623 0
      vertex 32.6213 1.83544 0
    endloop
  endfacet
  facet normal -0 0 -1
    outer loop
      vertex 39.8478 3.48623 0
      vertex 32.4513 2.05692 0
      vertex 39.3923 6.94593 0
    endloop
  endfacet
  facet normal 0 0 -1
    outer loop
      vertex 32.2627 2.26274 0
      vertex 39.3923 6.94593 0
      vertex 32.4513 2.05692 0
    endloop
  endfacet
  facet normal 0 0 -1
    outer loop
      vertex 32.0569 2.45134 0
      vertex 39.3923 6.94593 0
      vertex 32.2627 2.26274 0
    endloop
  endfacet
  facet normal 0 0 -1
    outer loop
      vertex 31.8354 2.62129 0
      vertex 39.3923 6.94593 0
      vertex 32.0569 2.45134 0
    endloop
  endfacet
  facet normal 0 0 -1
    outer loop
      vertex 31.6 2.77128 0
      vertex 39.3923 6.94593 0
      vertex 31.8354 2.62129 0
    endloop
  endfacet
  facet normal -0 0 -1
    outer loop
      vertex 39.3923 6.94593 0
      vertex 31.6 2.77128 0
      vertex 38.637 10.3528 0
    endloop
  endfacet
  facet normal 0 0 -1
    outer loop
      vertex 31.3524 2.90018 0
      vertex 38.637 10.3528 0
      vertex 31.6 2.77128 0
    endloop
  endfacet
  facet normal 0 0 -1
    outer loop
      vertex 28.0118 7.50575 0
      vertex 38.637 10.3528 0
      vertex 31.3524 2.90018 0
    endloop
  endfacet
  facet normal -0 0 -1
    outer loop
      vertex 37.5877 13.6808 0
      vertex 27.2511 9.91858 0
      vertex 36.2523 16.9047 0
    endloop
  endfacet
  facet normal 0 0 -1
    outer loop
      vertex 27.2511 9.91858 0
      vertex 37.5877 13.6808 0
      vertex 28.0118 7.50575 0
    endloop
  endfacet
  facet normal -0 0 -1
    outer loop
      vertex 38.637 10.3528 0
      vertex 28.0118 7.50575 0
      vertex 37.5877 13.6808 0
    endloop
  endfacet
  facet normal 0 0 -1
    outer loop
      vertex 28.0118 7.50575 0
      vertex 31.3524 2.90018 0
      vertex 31.0945 3.00702 0
    endloop
  endfacet
  facet normal 0 0 -1
    outer loop
      vertex 28.5594 5.0358 0
      vertex 31.0945 3.00702 0
      vertex 30.8282 3.09096 0
    endloop
  endfacet
  facet normal 0 0 -1
    outer loop
      vertex 26.2829 12.2559 0
      vertex 36.2523 16.9047 0
      vertex 27.2511 9.91858 0
    endloop
  endfacet
  facet normal 0 0 -1
    outer loop
      vertex 28.5594 5.0358 0
      vertex 30.8282 3.09096 0
      vertex 30.5557 3.15138 0
    endloop
  endfacet
  facet normal 0 0 -1
    outer loop
      vertex 28.5594 5.0358 0
      vertex 30.5557 3.15138 0
      vertex 30.2789 3.18782 0
    endloop
  endfacet
  facet normal 0 0 -1
    outer loop
      vertex 28.5594 5.0358 0
      vertex 30.2789 3.18782 0
      vertex 30 3.2 0
    endloop
  endfacet
  facet normal 0 0 -1
    outer loop
      vertex 28.5594 5.0358 0
      vertex 30 3.2 0
      vertex 29.7211 3.18782 0
    endloop
  endfacet
  facet normal 0 0 -1
    outer loop
      vertex 28.5594 5.0358 0
      vertex 29.7211 3.18782 0
      vertex 29.4443 3.15138 0
    endloop
  endfacet
  facet normal 0 0 -1
    outer loop
      vertex 28.5594 5.0358 0
      vertex 29.4443 3.15138 0
      vertex 29.1718 3.09096 0
    endloop
  endfacet
  facet normal 0 0 -1
    outer loop
      vertex 28.5594 5.0358 0
      vertex 29.1718 3.09096 0
      vertex 28.9055 3.00702 0
    endloop
  endfacet
  facet normal 0 0 -1
    outer loop
      vertex 28.5594 5.0358 0
      vertex 28.9055 3.00702 0
      vertex 28.8306 2.97598 0
    endloop
  endfacet
  facet normal 0 0 -1
    outer loop
      vertex 31.0945 3.00702 0
      vertex 28.5594 5.0358 0
      vertex 28.0118 7.50575 0
    endloop
  endfacet
  facet normal -0 0 -1
    outer loop
      vertex 36.2523 16.9047 0
      vertex 26.2829 12.2559 0
      vertex 34.641 20 0
    endloop
  endfacet
  facet normal 0 0 -1
    outer loop
      vertex 25.1147 14.5 0
      vertex 34.641 20 0
      vertex 26.2829 12.2559 0
    endloop
  endfacet
  facet normal -0 0 -1
    outer loop
      vertex 34.641 20 0
      vertex 25.1147 14.5 0
      vertex 32.7661 22.9431 0
    endloop
  endfacet
  facet normal 0 0 -1
    outer loop
      vertex 23.7554 16.6337 0
      vertex 32.7661 22.9431 0
      vertex 25.1147 14.5 0
    endloop
  endfacet
  facet normal -0 0 -1
    outer loop
      vertex 32.7661 22.9431 0
      vertex 23.7554 16.6337 0
      vertex 30.6418 25.7115 0
    endloop
  endfacet
  facet normal 0 0 -1
    outer loop
      vertex 22.2153 18.6408 0
      vertex 30.6418 25.7115 0
      vertex 23.7554 16.6337 0
    endloop
  endfacet
  facet normal -0 0 -1
    outer loop
      vertex 30.6418 25.7115 0
      vertex 22.2153 18.6408 0
      vertex 28.2843 28.2843 0
    endloop
  endfacet
  facet normal 0 0 -1
    outer loop
      vertex 20.5061 20.5061 0
      vertex 28.2843 28.2843 0
      vertex 22.2153 18.6408 0
    endloop
  endfacet
  facet normal 0 0 -1
    outer loop
      vertex 18.1878 25.7019 0
      vertex 28.2843 28.2843 0
      vertex 20.5061 20.5061 0
    endloop
  endfacet
  facet normal 0 -0 -1
    outer loop
      vertex 18.2 25.9808 0
      vertex 28.2843 28.2843 0
      vertex 18.1878 25.7019 0
    endloop
  endfacet
  facet normal 0 0 -1
    outer loop
      vertex 18.1878 26.2597 0
      vertex 25.7115 30.6418 0
      vertex 18.2 25.9808 0
    endloop
  endfacet
  facet normal 0 0 -1
    outer loop
      vertex 18.1514 25.4251 0
      vertex 20.5061 20.5061 0
      vertex 18.6408 22.2153 0
    endloop
  endfacet
  facet normal 0 0 -1
    outer loop
      vertex 18.1514 26.5364 0
      vertex 25.7115 30.6418 0
      vertex 18.1878 26.2597 0
    endloop
  endfacet
  facet normal 0 0 -1
    outer loop
      vertex 18.091 26.809 0
      vertex 25.7115 30.6418 0
      vertex 18.1514 26.5364 0
    endloop
  endfacet
  facet normal 0 0 -1
    outer loop
      vertex 18.007 27.0752 0
      vertex 25.7115 30.6418 0
      vertex 18.091 26.809 0
    endloop
  endfacet
  facet normal -0 0 -1
    outer loop
      vertex 25.7115 30.6418 0
      vertex 18.007 27.0752 0
      vertex 22.9431 32.7661 0
    endloop
  endfacet
  facet normal 0 0 -1
    outer loop
      vertex 17.9002 27.3331 0
      vertex 22.9431 32.7661 0
      vertex 18.007 27.0752 0
    endloop
  endfacet
  facet normal 0 0 -1
    outer loop
      vertex 17.7713 27.5808 0
      vertex 22.9431 32.7661 0
      vertex 17.9002 27.3331 0
    endloop
  endfacet
  facet normal 0 0 -1
    outer loop
      vertex 17.6213 27.8162 0
      vertex 22.9431 32.7661 0
      vertex 17.7713 27.5808 0
    endloop
  endfacet
  facet normal 0 0 -1
    outer loop
      vertex 17.4513 28.0377 0
      vertex 22.9431 32.7661 0
      vertex 17.6213 27.8162 0
    endloop
  endfacet
  facet normal 0 0 -1
    outer loop
      vertex 17.2627 28.2435 0
      vertex 22.9431 32.7661 0
      vertex 17.4513 28.0377 0
    endloop
  endfacet
  facet normal -0 0 -1
    outer loop
      vertex 22.9431 32.7661 0
      vertex 17.2627 28.2435 0
      vertex 20 34.641 0
    endloop
  endfacet
  facet normal 0 0 -1
    outer loop
      vertex 17.0569 28.4321 0
      vertex 20 34.641 0
      vertex 17.2627 28.2435 0
    endloop
  endfacet
  facet normal 0 0 -1
    outer loop
      vertex 16.8354 28.602 0
      vertex 20 34.641 0
      vertex 17.0569 28.4321 0
    endloop
  endfacet
  facet normal 0 0 -1
    outer loop
      vertex 16.6 28.752 0
      vertex 20 34.641 0
      vertex 16.8354 28.602 0
    endloop
  endfacet
  facet normal 0 0 -1
    outer loop
      vertex 16.3524 28.8809 0
      vertex 20 34.641 0
      vertex 16.6 28.752 0
    endloop
  endfacet
  facet normal 0 0 -1
    outer loop
      vertex 16.0945 28.9878 0
      vertex 20 34.641 0
      vertex 16.3524 28.8809 0
    endloop
  endfacet
  facet normal 0 0 -1
    outer loop
      vertex 15.8282 29.0717 0
      vertex 20 34.641 0
      vertex 16.0945 28.9878 0
    endloop
  endfacet
  facet normal -0 0 -1
    outer loop
      vertex 20 34.641 0
      vertex 15.8282 29.0717 0
      vertex 16.9047 36.2523 0
    endloop
  endfacet
  facet normal 0 0 -1
    outer loop
      vertex 15.5557 29.1321 0
      vertex 16.9047 36.2523 0
      vertex 15.8282 29.0717 0
    endloop
  endfacet
  facet normal 0 0 -1
    outer loop
      vertex 15.2789 29.1686 0
      vertex 16.9047 36.2523 0
      vertex 15.5557 29.1321 0
    endloop
  endfacet
  facet normal 0 0 -1
    outer loop
      vertex 15 29.1808 0
      vertex 16.9047 36.2523 0
      vertex 15.2789 29.1686 0
    endloop
  endfacet
  facet normal 0 0 -1
    outer loop
      vertex 14.7211 29.1686 0
      vertex 16.9047 36.2523 0
      vertex 15 29.1808 0
    endloop
  endfacet
  facet normal 0 0 -1
    outer loop
      vertex 14.4443 29.1321 0
      vertex 16.9047 36.2523 0
      vertex 14.7211 29.1686 0
    endloop
  endfacet
  facet normal 0 0 -1
    outer loop
      vertex 13.6808 37.5877 0
      vertex 14.4443 29.1321 0
      vertex 14.1718 29.0717 0
    endloop
  endfacet
  facet normal 0 0 -1
    outer loop
      vertex 13.6808 37.5877 0
      vertex 14.1718 29.0717 0
      vertex 13.9055 28.9878 0
    endloop
  endfacet
  facet normal 0 0 -1
    outer loop
      vertex 14.4443 29.1321 0
      vertex 13.6808 37.5877 0
      vertex 16.9047 36.2523 0
    endloop
  endfacet
  facet normal 0 0 -1
    outer loop
      vertex 13.6476 28.8809 0
      vertex 13.6808 37.5877 0
      vertex 13.9055 28.9878 0
    endloop
  endfacet
  facet normal 0 0 -1
    outer loop
      vertex 13.4 28.752 0
      vertex 13.6808 37.5877 0
      vertex 13.6476 28.8809 0
    endloop
  endfacet
  facet normal 0 0 -1
    outer loop
      vertex 10.3528 38.637 0
      vertex 13.4 28.752 0
      vertex 13.1646 28.602 0
    endloop
  endfacet
  facet normal 0 0 -1
    outer loop
      vertex 7.50575 28.0118 0
      vertex 13.1646 28.602 0
      vertex 12.9431 28.4321 0
    endloop
  endfacet
  facet normal 0 0 -1
    outer loop
      vertex 9.91858 27.2511 0
      vertex 12.9431 28.4321 0
      vertex 12.7373 28.2435 0
    endloop
  endfacet
  facet normal 0 0 -1
    outer loop
      vertex 9.91858 27.2511 0
      vertex 12.7373 28.2435 0
      vertex 12.5487 28.0377 0
    endloop
  endfacet
  facet normal 0 0 -1
    outer loop
      vertex 9.91858 27.2511 0
      vertex 12.5487 28.0377 0
      vertex 12.3787 27.8162 0
    endloop
  endfacet
  facet normal 0 0 -1
    outer loop
      vertex 9.91858 27.2511 0
      vertex 12.3787 27.8162 0
      vertex 12.2287 27.5808 0
    endloop
  endfacet
  facet normal 0 0 -1
    outer loop
      vertex 9.91858 27.2511 0
      vertex 12.2287 27.5808 0
      vertex 12.0998 27.3331 0
    endloop
  endfacet
  facet normal 0 0 -1
    outer loop
      vertex 9.91858 27.2511 0
      vertex 12.0998 27.3331 0
      vertex 11.993 27.0752 0
    endloop
  endfacet
  facet normal 0 0 -1
    outer loop
      vertex 9.91858 27.2511 0
      vertex 11.993 27.0752 0
      vertex 11.909 26.809 0
    endloop
  endfacet
  facet normal 0 0 -1
    outer loop
      vertex 9.91858 27.2511 0
      vertex 11.909 26.809 0
      vertex 11.8486 26.5364 0
    endloop
  endfacet
  facet normal 0 0 -1
    outer loop
      vertex 12.9431 28.4321 0
      vertex 9.91858 27.2511 0
      vertex 7.50575 28.0118 0
    endloop
  endfacet
  facet normal 0 0 -1
    outer loop
      vertex 9.91858 27.2511 0
      vertex 11.8486 26.5364 0
      vertex 11.838 26.456 0
    endloop
  endfacet
  facet normal 0 0 -1
    outer loop
      vertex 13.4 28.752 0
      vertex 10.3528 38.637 0
      vertex 13.6808 37.5877 0
    endloop
  endfacet
  facet normal -0 0 -1
    outer loop
      vertex 13.1646 28.602 0
      vertex 7.50575 28.0118 0
      vertex 10.3528 38.637 0
    endloop
  endfacet
  facet normal 0 0 -1
    outer loop
      vertex 7.50575 28.0118 0
      vertex 6.94593 39.3923 0
      vertex 10.3528 38.637 0
    endloop
  endfacet
  facet normal 0 0 -1
    outer loop
      vertex 5.0358 28.5594 0
      vertex 6.94593 39.3923 0
      vertex 7.50575 28.0118 0
    endloop
  endfacet
  facet normal 0 0 -1
    outer loop
      vertex 5.0358 28.5594 0
      vertex 3.48623 39.8478 0
      vertex 6.94593 39.3923 0
    endloop
  endfacet
  facet normal 0 0 -1
    outer loop
      vertex 2.52752 28.8896 0
      vertex 3.48623 39.8478 0
      vertex 5.0358 28.5594 0
    endloop
  endfacet
  facet normal 0 0 -1
    outer loop
      vertex 0 29 0
      vertex 3.48623 39.8478 0
      vertex 2.52752 28.8896 0
    endloop
  endfacet
  facet normal 0 0 -1
    outer loop
      vertex 0 29 0
      vertex 0 40 0
      vertex 3.48623 39.8478 0
    endloop
  endfacet
  facet normal 0 0 -1
    outer loop
      vertex -2.52752 28.8896 0
      vertex 0 40 0
      vertex 0 29 0
    endloop
  endfacet
  facet normal 0 0 -1
    outer loop
      vertex -2.52752 28.8896 0
      vertex -3.48623 39.8478 0
      vertex 0 40 0
    endloop
  endfacet
  facet normal 0 0 -1
    outer loop
      vertex -5.0358 28.5594 0
      vertex -3.48623 39.8478 0
      vertex -2.52752 28.8896 0
    endloop
  endfacet
  facet normal 0 0 -1
    outer loop
      vertex -5.0358 28.5594 0
      vertex -6.94593 39.3923 0
      vertex -3.48623 39.8478 0
    endloop
  endfacet
  facet normal 0 0 -1
    outer loop
      vertex -7.50575 28.0118 0
      vertex -6.94593 39.3923 0
      vertex -5.0358 28.5594 0
    endloop
  endfacet
  facet normal 0 0 -1
    outer loop
      vertex -12.9431 28.4321 0
      vertex -7.50575 28.0118 0
      vertex -9.91858 27.2511 0
    endloop
  endfacet
  facet normal 0 0 -1
    outer loop
      vertex -7.50575 28.0118 0
      vertex -10.3528 38.637 0
      vertex -6.94593 39.3923 0
    endloop
  endfacet
  facet normal 0 0 -1
    outer loop
      vertex -11.8486 26.5364 0
      vertex -9.91858 27.2511 0
      vertex -11.838 26.456 0
    endloop
  endfacet
  facet normal 0 0 -1
    outer loop
      vertex -11.909 26.809 0
      vertex -9.91858 27.2511 0
      vertex -11.8486 26.5364 0
    endloop
  endfacet
  facet normal 0 0 -1
    outer loop
      vertex -11.993 27.0752 0
      vertex -9.91858 27.2511 0
      vertex -11.909 26.809 0
    endloop
  endfacet
  facet normal 0 0 -1
    outer loop
      vertex -12.0998 27.3331 0
      vertex -9.91858 27.2511 0
      vertex -11.993 27.0752 0
    endloop
  endfacet
  facet normal 0 0 -1
    outer loop
      vertex -12.2287 27.5808 0
      vertex -9.91858 27.2511 0
      vertex -12.0998 27.3331 0
    endloop
  endfacet
  facet normal 0 0 -1
    outer loop
      vertex -12.3787 27.8162 0
      vertex -9.91858 27.2511 0
      vertex -12.2287 27.5808 0
    endloop
  endfacet
  facet normal 0 0 -1
    outer loop
      vertex -12.5487 28.0377 0
      vertex -9.91858 27.2511 0
      vertex -12.3787 27.8162 0
    endloop
  endfacet
  facet normal 0 0 -1
    outer loop
      vertex -12.7373 28.2435 0
      vertex -9.91858 27.2511 0
      vertex -12.5487 28.0377 0
    endloop
  endfacet
  facet normal 0 0 -1
    outer loop
      vertex -12.9431 28.4321 0
      vertex -9.91858 27.2511 0
      vertex -12.7373 28.2435 0
    endloop
  endfacet
  facet normal 0 0 -1
    outer loop
      vertex -13.1646 28.602 0
      vertex -7.50575 28.0118 0
      vertex -12.9431 28.4321 0
    endloop
  endfacet
  facet normal 0 0 -1
    outer loop
      vertex -7.50575 28.0118 0
      vertex -13.1646 28.602 0
      vertex -10.3528 38.637 0
    endloop
  endfacet
  facet normal 0 0 -1
    outer loop
      vertex -13.4 28.752 0
      vertex -10.3528 38.637 0
      vertex -13.1646 28.602 0
    endloop
  endfacet
  facet normal 0 0 -1
    outer loop
      vertex -13.6808 37.5877 0
      vertex -13.4 28.752 0
      vertex -13.6476 28.8809 0
    endloop
  endfacet
  facet normal 0 0 -1
    outer loop
      vertex -13.4 28.752 0
      vertex -13.6808 37.5877 0
      vertex -10.3528 38.637 0
    endloop
  endfacet
  facet normal 0 0 -1
    outer loop
      vertex -13.9055 28.9878 0
      vertex -13.6808 37.5877 0
      vertex -13.6476 28.8809 0
    endloop
  endfacet
  facet normal 0 0 -1
    outer loop
      vertex -14.1718 29.0717 0
      vertex -13.6808 37.5877 0
      vertex -13.9055 28.9878 0
    endloop
  endfacet
  facet normal 0 0 -1
    outer loop
      vertex -14.4443 29.1321 0
      vertex -13.6808 37.5877 0
      vertex -14.1718 29.0717 0
    endloop
  endfacet
  facet normal 0 0 -1
    outer loop
      vertex -16.9047 36.2523 0
      vertex -14.4443 29.1321 0
      vertex -14.7211 29.1686 0
    endloop
  endfacet
  facet normal 0 0 -1
    outer loop
      vertex -16.9047 36.2523 0
      vertex -14.7211 29.1686 0
      vertex -15 29.1808 0
    endloop
  endfacet
  facet normal 0 0 -1
    outer loop
      vertex -16.9047 36.2523 0
      vertex -15 29.1808 0
      vertex -15.2789 29.1686 0
    endloop
  endfacet
  facet normal 0 0 -1
    outer loop
      vertex -16.9047 36.2523 0
      vertex -15.2789 29.1686 0
      vertex -15.5557 29.1321 0
    endloop
  endfacet
  facet normal 0 0 -1
    outer loop
      vertex -16.9047 36.2523 0
      vertex -15.5557 29.1321 0
      vertex -15.8282 29.0717 0
    endloop
  endfacet
  facet normal 0 0 -1
    outer loop
      vertex -20 34.641 0
      vertex -15.8282 29.0717 0
      vertex -16.0945 28.9878 0
    endloop
  endfacet
  facet normal 0 0 -1
    outer loop
      vertex -20 34.641 0
      vertex -16.0945 28.9878 0
      vertex -16.3524 28.8809 0
    endloop
  endfacet
  facet normal 0 0 -1
    outer loop
      vertex -20 34.641 0
      vertex -16.3524 28.8809 0
      vertex -16.6 28.752 0
    endloop
  endfacet
  facet normal 0 0 -1
    outer loop
      vertex -20 34.641 0
      vertex -16.6 28.752 0
      vertex -16.8354 28.602 0
    endloop
  endfacet
  facet normal 0 0 -1
    outer loop
      vertex -14.4443 29.1321 0
      vertex -16.9047 36.2523 0
      vertex -13.6808 37.5877 0
    endloop
  endfacet
  facet normal 0 0 -1
    outer loop
      vertex -20 34.641 0
      vertex -16.8354 28.602 0
      vertex -17.0569 28.4321 0
    endloop
  endfacet
  facet normal 0 0 -1
    outer loop
      vertex -20 34.641 0
      vertex -17.0569 28.4321 0
      vertex -17.2627 28.2435 0
    endloop
  endfacet
  facet normal 0 0 -1
    outer loop
      vertex -22.9431 32.7661 0
      vertex -17.2627 28.2435 0
      vertex -17.4513 28.0377 0
    endloop
  endfacet
  facet normal 0 0 -1
    outer loop
      vertex -22.9431 32.7661 0
      vertex -17.4513 28.0377 0
      vertex -17.6213 27.8162 0
    endloop
  endfacet
  facet normal 0 0 -1
    outer loop
      vertex -22.9431 32.7661 0
      vertex -17.6213 27.8162 0
      vertex -17.7713 27.5808 0
    endloop
  endfacet
  facet normal 0 0 -1
    outer loop
      vertex -22.9431 32.7661 0
      vertex -17.7713 27.5808 0
      vertex -17.9002 27.3331 0
    endloop
  endfacet
  facet normal 0 0 -1
    outer loop
      vertex -22.9431 32.7661 0
      vertex -17.9002 27.3331 0
      vertex -18.007 27.0752 0
    endloop
  endfacet
  facet normal 0 0 -1
    outer loop
      vertex -25.7115 30.6418 0
      vertex -18.007 27.0752 0
      vertex -18.091 26.809 0
    endloop
  endfacet
  facet normal 0 0 -1
    outer loop
      vertex -25.7115 30.6418 0
      vertex -18.091 26.809 0
      vertex -18.1514 26.5364 0
    endloop
  endfacet
  facet normal 0 0 -1
    outer loop
      vertex -25.7115 30.6418 0
      vertex -18.1514 26.5364 0
      vertex -18.1878 26.2597 0
    endloop
  endfacet
  facet normal 0 0 -1
    outer loop
      vertex -28.2843 28.2843 0
      vertex -18.1878 25.7019 0
      vertex -20.5061 20.5061 0
    endloop
  endfacet
  facet normal 0 0 -1
    outer loop
      vertex -15.8282 29.0717 0
      vertex -20 34.641 0
      vertex -16.9047 36.2523 0
    endloop
  endfacet
  facet normal 0 0 -1
    outer loop
      vertex -18.1878 25.7019 0
      vertex -28.2843 28.2843 0
      vertex -18.2 25.9808 0
    endloop
  endfacet
  facet normal 0 -0 -1
    outer loop
      vertex -25.7115 30.6418 0
      vertex -18.2 25.9808 0
      vertex -28.2843 28.2843 0
    endloop
  endfacet
  facet normal 0 0 -1
    outer loop
      vertex -28.2843 28.2843 0
      vertex -20.5061 20.5061 0
      vertex -22.2153 18.6408 0
    endloop
  endfacet
  facet normal 0 0 -1
    outer loop
      vertex -17.2627 28.2435 0
      vertex -22.9431 32.7661 0
      vertex -20 34.641 0
    endloop
  endfacet
  facet normal 0 0 -1
    outer loop
      vertex -30.6418 25.7115 0
      vertex -22.2153 18.6408 0
      vertex -23.7554 16.6337 0
    endloop
  endfacet
  facet normal 0 0 -1
    outer loop
      vertex -32.7661 22.9431 0
      vertex -23.7554 16.6337 0
      vertex -25.1147 14.5 0
    endloop
  endfacet
  facet normal 0 0 -1
    outer loop
      vertex -18.007 27.0752 0
      vertex -25.7115 30.6418 0
      vertex -22.9431 32.7661 0
    endloop
  endfacet
  facet normal 0 0 -1
    outer loop
      vertex -34.641 20 0
      vertex -25.1147 14.5 0
      vertex -26.2829 12.2559 0
    endloop
  endfacet
  facet normal 0 0 -1
    outer loop
      vertex -36.2523 16.9047 0
      vertex -26.2829 12.2559 0
      vertex -27.2511 9.91858 0
    endloop
  endfacet
  facet normal 0 0 -1
    outer loop
      vertex -37.5877 13.6808 0
      vertex -27.2511 9.91858 0
      vertex -28.0118 7.50575 0
    endloop
  endfacet
  facet normal 0 0 -1
    outer loop
      vertex -18.2 25.9808 0
      vertex -25.7115 30.6418 0
      vertex -18.1878 26.2597 0
    endloop
  endfacet
  facet normal 0 0 -1
    outer loop
      vertex -31.0945 3.00702 0
      vertex -28.0118 7.50575 0
      vertex -28.5594 5.0358 0
    endloop
  endfacet
  facet normal 0 0 -1
    outer loop
      vertex -28.9055 3.00702 0
      vertex -28.5594 5.0358 0
      vertex -28.8306 2.97598 0
    endloop
  endfacet
  facet normal 0 0 -1
    outer loop
      vertex -29.1718 3.09096 0
      vertex -28.5594 5.0358 0
      vertex -28.9055 3.00702 0
    endloop
  endfacet
  facet normal 0 0 -1
    outer loop
      vertex -29.4443 3.15138 0
      vertex -28.5594 5.0358 0
      vertex -29.1718 3.09096 0
    endloop
  endfacet
  facet normal 0 0 -1
    outer loop
      vertex -29.7211 3.18782 0
      vertex -28.5594 5.0358 0
      vertex -29.4443 3.15138 0
    endloop
  endfacet
  facet normal 0 0 -1
    outer loop
      vertex -30 3.2 0
      vertex -28.5594 5.0358 0
      vertex -29.7211 3.18782 0
    endloop
  endfacet
  facet normal 0 0 -1
    outer loop
      vertex -30.2789 3.18782 0
      vertex -28.5594 5.0358 0
      vertex -30 3.2 0
    endloop
  endfacet
  facet normal 0 0 -1
    outer loop
      vertex -30.5557 3.15138 0
      vertex -28.5594 5.0358 0
      vertex -30.2789 3.18782 0
    endloop
  endfacet
  facet normal 0 0 -1
    outer loop
      vertex -30.8282 3.09096 0
      vertex -28.5594 5.0358 0
      vertex -30.5557 3.15138 0
    endloop
  endfacet
  facet normal 0 0 -1
    outer loop
      vertex -22.2153 18.6408 0
      vertex -30.6418 25.7115 0
      vertex -28.2843 28.2843 0
    endloop
  endfacet
  facet normal 0 0 -1
    outer loop
      vertex -31.0945 3.00702 0
      vertex -28.5594 5.0358 0
      vertex -30.8282 3.09096 0
    endloop
  endfacet
  facet normal 0 0 -1
    outer loop
      vertex -31.3524 2.90018 0
      vertex -28.0118 7.50575 0
      vertex -31.0945 3.00702 0
    endloop
  endfacet
  facet normal -0 0 -1
    outer loop
      vertex -28.0118 7.50575 0
      vertex -31.3524 2.90018 0
      vertex -38.637 10.3528 0
    endloop
  endfacet
  facet normal 0 0 -1
    outer loop
      vertex -38.637 10.3528 0
      vertex -31.3524 2.90018 0
      vertex -31.6 2.77128 0
    endloop
  endfacet
  facet normal 0 0 -1
    outer loop
      vertex -39.3923 6.94593 0
      vertex -31.6 2.77128 0
      vertex -31.8354 2.62129 0
    endloop
  endfacet
  facet normal 0 0 -1
    outer loop
      vertex -39.3923 6.94593 0
      vertex -31.8354 2.62129 0
      vertex -32.0569 2.45134 0
    endloop
  endfacet
  facet normal 0 0 -1
    outer loop
      vertex -39.3923 6.94593 0
      vertex -32.0569 2.45134 0
      vertex -32.2627 2.26274 0
    endloop
  endfacet
  facet normal 0 0 -1
    outer loop
      vertex -39.3923 6.94593 0
      vertex -32.2627 2.26274 0
      vertex -32.4513 2.05692 0
    endloop
  endfacet
  facet normal 0 0 -1
    outer loop
      vertex -39.8478 3.48623 0
      vertex -32.4513 2.05692 0
      vertex -32.6213 1.83544 0
    endloop
  endfacet
  facet normal 0 0 -1
    outer loop
      vertex -23.7554 16.6337 0
      vertex -32.7661 22.9431 0
      vertex -30.6418 25.7115 0
    endloop
  endfacet
  facet normal 0 0 -1
    outer loop
      vertex -39.8478 3.48623 0
      vertex -32.6213 1.83544 0
      vertex -32.7713 1.6 0
    endloop
  endfacet
  facet normal 0 0 -1
    outer loop
      vertex -39.8478 3.48623 0
      vertex -32.7713 1.6 0
      vertex -32.9002 1.35238 0
    endloop
  endfacet
  facet normal 0 0 -1
    outer loop
      vertex -39.8478 3.48623 0
      vertex -32.9002 1.35238 0
      vertex -33.007 1.09446 0
    endloop
  endfacet
  facet normal 0 0 -1
    outer loop
      vertex -39.8478 3.48623 0
      vertex -33.007 1.09446 0
      vertex -33.091 0.82822 0
    endloop
  endfacet
  facet normal 0 0 -1
    outer loop
      vertex -40 0 0
      vertex -33.091 0.82822 0
      vertex -33.1514 0.555674 0
    endloop
  endfacet
  facet normal 0 0 -1
    outer loop
      vertex -40 0 0
      vertex -33.1514 0.555674 0
      vertex -33.1878 0.278898 0
    endloop
  endfacet
  facet normal 0 0 -1
    outer loop
      vertex -40 0 0
      vertex -33.1878 0.278898 0
      vertex -33.2 0 0
    endloop
  endfacet
  facet normal -0 0 -1
    outer loop
      vertex -32.9002 -1.35238 0
      vertex -39.8478 -3.48623 0
      vertex -33.007 -1.09446 0
    endloop
  endfacet
  facet normal 0 0 -1
    outer loop
      vertex -25.1147 14.5 0
      vertex -34.641 20 0
      vertex -32.7661 22.9431 0
    endloop
  endfacet
  facet normal -0 0 -1
    outer loop
      vertex -33.007 -1.09446 0
      vertex -39.8478 -3.48623 0
      vertex -33.091 -0.82822 0
    endloop
  endfacet
  facet normal 0 0 -1
    outer loop
      vertex -26.2829 12.2559 0
      vertex -36.2523 16.9047 0
      vertex -34.641 20 0
    endloop
  endfacet
  facet normal 0 0 -1
    outer loop
      vertex -40 0 0
      vertex -33.091 -0.82822 0
      vertex -39.8478 -3.48623 0
    endloop
  endfacet
  facet normal 0 0 -1
    outer loop
      vertex -27.2511 9.91858 0
      vertex -37.5877 13.6808 0
      vertex -36.2523 16.9047 0
    endloop
  endfacet
  facet normal 0 0 -1
    outer loop
      vertex -33.091 -0.82822 0
      vertex -40 0 0
      vertex -33.1514 -0.555674 0
    endloop
  endfacet
  facet normal 0 0 -1
    outer loop
      vertex -28.0118 7.50575 0
      vertex -38.637 10.3528 0
      vertex -37.5877 13.6808 0
    endloop
  endfacet
  facet normal 0 0 -1
    outer loop
      vertex -33.1514 -0.555674 0
      vertex -40 0 0
      vertex -33.1878 -0.278898 0
    endloop
  endfacet
  facet normal 0 0 -1
    outer loop
      vertex -31.6 2.77128 0
      vertex -39.3923 6.94593 0
      vertex -38.637 10.3528 0
    endloop
  endfacet
  facet normal 0 0 -1
    outer loop
      vertex -33.1878 -0.278898 0
      vertex -40 0 0
      vertex -33.2 0 0
    endloop
  endfacet
  facet normal 0 0 -1
    outer loop
      vertex -32.4513 2.05692 0
      vertex -39.8478 3.48623 0
      vertex -39.3923 6.94593 0
    endloop
  endfacet
  facet normal -0 0 -1
    outer loop
      vertex -33.091 0.82822 0
      vertex -40 0 0
      vertex -39.8478 3.48623 0
    endloop
  endfacet
  facet normal -0 0 -1
    outer loop
      vertex -18.1514 25.4251 0
      vertex -20.5061 20.5061 0
      vertex -18.1878 25.7019 0
    endloop
  endfacet
  facet normal 0 0 -1
    outer loop
      vertex -20.5061 20.5061 0
      vertex -18.1514 25.4251 0
      vertex -18.6408 22.2153 0
    endloop
  endfacet
  facet normal -0 0 -1
    outer loop
      vertex -18.091 25.1525 0
      vertex -18.6408 22.2153 0
      vertex -18.1514 25.4251 0
    endloop
  endfacet
  facet normal -0 0 -1
    outer loop
      vertex -18.007 24.8863 0
      vertex -18.6408 22.2153 0
      vertex -18.091 25.1525 0
    endloop
  endfacet
  facet normal -0 0 -1
    outer loop
      vertex -17.9002 24.6284 0
      vertex -18.6408 22.2153 0
      vertex -18.007 24.8863 0
    endloop
  endfacet
  facet normal -0 0 -1
    outer loop
      vertex -17.7713 24.3808 0
      vertex -18.6408 22.2153 0
      vertex -17.9002 24.6284 0
    endloop
  endfacet
  facet normal -0 0 -1
    outer loop
      vertex -17.6213 24.1453 0
      vertex -18.6408 22.2153 0
      vertex -17.7713 24.3808 0
    endloop
  endfacet
  facet normal -0 0 -1
    outer loop
      vertex -17.4513 23.9238 0
      vertex -18.6408 22.2153 0
      vertex -17.6213 24.1453 0
    endloop
  endfacet
  facet normal -0 0 -1
    outer loop
      vertex -17.2627 23.718 0
      vertex -18.6408 22.2153 0
      vertex -17.4513 23.9238 0
    endloop
  endfacet
  facet normal -0 0 -1
    outer loop
      vertex -17.0569 23.5294 0
      vertex -18.6408 22.2153 0
      vertex -17.2627 23.718 0
    endloop
  endfacet
  facet normal 0 0 -1
    outer loop
      vertex -18.6408 22.2153 0
      vertex -17.0569 23.5294 0
      vertex -16.9926 23.48 0
    endloop
  endfacet
  facet normal -0 0 -1
    outer loop
      vertex 28.2843 28.2843 0
      vertex 18.2 25.9808 0
      vertex 25.7115 30.6418 0
    endloop
  endfacet
  facet normal 0 0 -1
    outer loop
      vertex 20.5061 20.5061 0
      vertex 18.1514 25.4251 0
      vertex 18.1878 25.7019 0
    endloop
  endfacet
  facet normal 0 0 -1
    outer loop
      vertex 18.6408 22.2153 0
      vertex 18.091 25.1525 0
      vertex 18.1514 25.4251 0
    endloop
  endfacet
  facet normal 0 0 -1
    outer loop
      vertex 18.6408 22.2153 0
      vertex 18.007 24.8863 0
      vertex 18.091 25.1525 0
    endloop
  endfacet
  facet normal 0 0 -1
    outer loop
      vertex 18.6408 22.2153 0
      vertex 17.9002 24.6284 0
      vertex 18.007 24.8863 0
    endloop
  endfacet
  facet normal 0 0 -1
    outer loop
      vertex 18.6408 22.2153 0
      vertex 17.7713 24.3808 0
      vertex 17.9002 24.6284 0
    endloop
  endfacet
  facet normal 0 0 -1
    outer loop
      vertex 18.6408 22.2153 0
      vertex 17.6213 24.1453 0
      vertex 17.7713 24.3808 0
    endloop
  endfacet
  facet normal 0 0 -1
    outer loop
      vertex 18.6408 22.2153 0
      vertex 17.4513 23.9238 0
      vertex 17.6213 24.1453 0
    endloop
  endfacet
  facet normal 0 0 -1
    outer loop
      vertex 18.6408 22.2153 0
      vertex 17.2627 23.718 0
      vertex 17.4513 23.9238 0
    endloop
  endfacet
  facet normal 0 0 -1
    outer loop
      vertex 18.6408 22.2153 0
      vertex 17.0569 23.5294 0
      vertex 17.2627 23.718 0
    endloop
  endfacet
  facet normal 0 -0 -1
    outer loop
      vertex 17.0569 23.5294 0
      vertex 18.6408 22.2153 0
      vertex 16.9926 23.48 0
    endloop
  endfacet
  facet normal 0 0 -1
    outer loop
      vertex 18.1514 -25.4251 0
      vertex 20.5061 -20.5061 0
      vertex 18.1878 -25.7019 0
    endloop
  endfacet
  facet normal 0 0 -1
    outer loop
      vertex 20.5061 -20.5061 0
      vertex 18.1514 -25.4251 0
      vertex 18.6408 -22.2153 0
    endloop
  endfacet
  facet normal 0 0 -1
    outer loop
      vertex 18.091 -25.1525 0
      vertex 18.6408 -22.2153 0
      vertex 18.1514 -25.4251 0
    endloop
  endfacet
  facet normal 0 0 -1
    outer loop
      vertex 18.007 -24.8863 0
      vertex 18.6408 -22.2153 0
      vertex 18.091 -25.1525 0
    endloop
  endfacet
  facet normal 0 0 -1
    outer loop
      vertex 17.9002 -24.6284 0
      vertex 18.6408 -22.2153 0
      vertex 18.007 -24.8863 0
    endloop
  endfacet
  facet normal 0 0 -1
    outer loop
      vertex 17.7713 -24.3808 0
      vertex 18.6408 -22.2153 0
      vertex 17.9002 -24.6284 0
    endloop
  endfacet
  facet normal 0 0 -1
    outer loop
      vertex 17.6213 -24.1453 0
      vertex 18.6408 -22.2153 0
      vertex 17.7713 -24.3808 0
    endloop
  endfacet
  facet normal 0 0 -1
    outer loop
      vertex 17.4513 -23.9238 0
      vertex 18.6408 -22.2153 0
      vertex 17.6213 -24.1453 0
    endloop
  endfacet
  facet normal 0 0 -1
    outer loop
      vertex 17.2627 -23.718 0
      vertex 18.6408 -22.2153 0
      vertex 17.4513 -23.9238 0
    endloop
  endfacet
  facet normal 0 0 -1
    outer loop
      vertex 17.0569 -23.5294 0
      vertex 18.6408 -22.2153 0
      vertex 17.2627 -23.718 0
    endloop
  endfacet
  facet normal 0 0 -1
    outer loop
      vertex 18.6408 -22.2153 0
      vertex 17.0569 -23.5294 0
      vertex 16.9926 -23.48 0
    endloop
  endfacet
  facet normal 0 0 -1
    outer loop
      vertex -17.0569 -23.5294 0
      vertex -18.6408 -22.2153 0
      vertex -16.9926 -23.48 0
    endloop
  endfacet
  facet normal 0 0 -1
    outer loop
      vertex -17.2627 -23.718 0
      vertex -18.6408 -22.2153 0
      vertex -17.0569 -23.5294 0
    endloop
  endfacet
  facet normal 0 0 -1
    outer loop
      vertex -17.4513 -23.9238 0
      vertex -18.6408 -22.2153 0
      vertex -17.2627 -23.718 0
    endloop
  endfacet
  facet normal 0 0 -1
    outer loop
      vertex -17.6213 -24.1453 0
      vertex -18.6408 -22.2153 0
      vertex -17.4513 -23.9238 0
    endloop
  endfacet
  facet normal 0 0 -1
    outer loop
      vertex -17.7713 -24.3808 0
      vertex -18.6408 -22.2153 0
      vertex -17.6213 -24.1453 0
    endloop
  endfacet
  facet normal 0 0 -1
    outer loop
      vertex -17.9002 -24.6284 0
      vertex -18.6408 -22.2153 0
      vertex -17.7713 -24.3808 0
    endloop
  endfacet
  facet normal 0 0 -1
    outer loop
      vertex -18.007 -24.8863 0
      vertex -18.6408 -22.2153 0
      vertex -17.9002 -24.6284 0
    endloop
  endfacet
  facet normal 0 0 -1
    outer loop
      vertex -18.091 -25.1525 0
      vertex -18.6408 -22.2153 0
      vertex -18.007 -24.8863 0
    endloop
  endfacet
  facet normal 0 0 -1
    outer loop
      vertex -18.1514 -25.4251 0
      vertex -18.6408 -22.2153 0
      vertex -18.091 -25.1525 0
    endloop
  endfacet
  facet normal 0 0 -1
    outer loop
      vertex -18.1878 -25.7019 0
      vertex -18.6408 -22.2153 0
      vertex -18.1514 -25.4251 0
    endloop
  endfacet
  facet normal 0 0 -1
    outer loop
      vertex -18.6408 -22.2153 0
      vertex -18.1878 -25.7019 0
      vertex -18.2 -25.9808 0
    endloop
  endfacet
  facet normal -0.887012 0.461746 0
    outer loop
      vertex -36.2523 16.9047 0
      vertex -34.641 20 26
      vertex -34.641 20 0
    endloop
  endfacet
  facet normal -0.887012 0.461746 0
    outer loop
      vertex -34.641 20 26
      vertex -36.2523 16.9047 0
      vertex -36.2523 16.9047 26
    endloop
  endfacet
  facet normal -0.793349 0.608767 0
    outer loop
      vertex -32.7661 22.9431 0
      vertex -30.6418 25.7115 26
      vertex -30.6418 25.7115 0
    endloop
  endfacet
  facet normal -0.793349 0.608767 0
    outer loop
      vertex -30.6418 25.7115 26
      vertex -32.7661 22.9431 0
      vertex -32.7661 22.9431 26
    endloop
  endfacet
  facet normal -0.991463 -0.130392 0
    outer loop
      vertex 33.1878 0.278898 0
      vertex 33.1514 0.555674 3
      vertex 33.1514 0.555674 0
    endloop
  endfacet
  facet normal -0.991463 -0.130392 0
    outer loop
      vertex 33.1514 0.555674 3
      vertex 33.1878 0.278898 0
      vertex 33.1878 0.278898 3
    endloop
  endfacet
  facet normal -0.999045 -0.0437018 0
    outer loop
      vertex 33.2 0 0
      vertex 33.1878 0.278898 3
      vertex 33.1878 0.278898 0
    endloop
  endfacet
  facet normal -0.999045 -0.0437018 0
    outer loop
      vertex 33.1878 0.278898 3
      vertex 33.2 0 0
      vertex 33.2 0 3
    endloop
  endfacet
  facet normal -0.976313 -0.216365 0
    outer loop
      vertex 33.1514 0.555674 0
      vertex 33.091 0.82822 3
      vertex 33.091 0.82822 0
    endloop
  endfacet
  facet normal -0.976313 -0.216365 0
    outer loop
      vertex 33.091 0.82822 3
      vertex 33.1514 0.555674 0
      vertex 33.1514 0.555674 3
    endloop
  endfacet
  facet normal -0.953661 -0.300885 0
    outer loop
      vertex 33.091 0.82822 0
      vertex 33.007 1.09446 3
      vertex 33.007 1.09446 0
    endloop
  endfacet
  facet normal -0.953661 -0.300885 0
    outer loop
      vertex 33.007 1.09446 3
      vertex 33.091 0.82822 0
      vertex 33.091 0.82822 3
    endloop
  endfacet
  facet normal -0.382727 -0.923861 0
    outer loop
      vertex 31.0945 3.00702 0
      vertex 31.3524 2.90018 3
      vertex 31.0945 3.00702 3
    endloop
  endfacet
  facet normal -0.382727 -0.923861 -0
    outer loop
      vertex 31.3524 2.90018 3
      vertex 31.0945 3.00702 0
      vertex 31.3524 2.90018 0
    endloop
  endfacet
  facet normal -0.923923 -0.38258 0
    outer loop
      vertex 33.007 1.09446 0
      vertex 32.9002 1.35238 3
      vertex 32.9002 1.35238 0
    endloop
  endfacet
  facet normal -0.923923 -0.38258 0
    outer loop
      vertex 32.9002 1.35238 3
      vertex 33.007 1.09446 0
      vertex 33.007 1.09446 3
    endloop
  endfacet
  facet normal -0.991463 0.130392 0
    outer loop
      vertex 33.1514 -0.555674 0
      vertex 33.1878 -0.278898 3
      vertex 33.1878 -0.278898 0
    endloop
  endfacet
  facet normal -0.991463 0.130392 0
    outer loop
      vertex 33.1878 -0.278898 3
      vertex 33.1514 -0.555674 0
      vertex 33.1514 -0.555674 3
    endloop
  endfacet
  facet normal -0.675627 0.737243 0
    outer loop
      vertex 32.2627 -2.26274 0
      vertex 32.0569 -2.45134 3
      vertex 32.2627 -2.26274 3
    endloop
  endfacet
  facet normal -0.675627 0.737243 0
    outer loop
      vertex 32.0569 -2.45134 3
      vertex 32.2627 -2.26274 0
      vertex 32.0569 -2.45134 0
    endloop
  endfacet
  facet normal -0.216468 0.97629 0
    outer loop
      vertex 30.8282 -3.09096 0
      vertex 30.5557 -3.15138 3
      vertex 30.8282 -3.09096 3
    endloop
  endfacet
  facet normal -0.216468 0.97629 0
    outer loop
      vertex 30.5557 -3.15138 3
      vertex 30.8282 -3.09096 0
      vertex 30.5557 -3.15138 0
    endloop
  endfacet
  facet normal -0.04363 -0.999048 0
    outer loop
      vertex 30 3.2 0
      vertex 30.2789 3.18782 3
      vertex 30 3.2 3
    endloop
  endfacet
  facet normal -0.04363 -0.999048 -0
    outer loop
      vertex 30.2789 3.18782 3
      vertex 30 3.2 0
      vertex 30.2789 3.18782 0
    endloop
  endfacet
  facet normal -0.976313 0.216365 0
    outer loop
      vertex 33.091 -0.82822 0
      vertex 33.1514 -0.555674 3
      vertex 33.1514 -0.555674 0
    endloop
  endfacet
  facet normal -0.976313 0.216365 0
    outer loop
      vertex 33.1514 -0.555674 3
      vertex 33.091 -0.82822 0
      vertex 33.091 -0.82822 3
    endloop
  endfacet
  facet normal -0.793263 0.60888 0
    outer loop
      vertex 32.4513 -2.05692 0
      vertex 32.6213 -1.83544 3
      vertex 32.6213 -1.83544 0
    endloop
  endfacet
  facet normal -0.793263 0.60888 0
    outer loop
      vertex 32.6213 -1.83544 3
      vertex 32.4513 -2.05692 0
      vertex 32.4513 -2.05692 3
    endloop
  endfacet
  facet normal -0.953661 0.300885 0
    outer loop
      vertex 33.007 -1.09446 0
      vertex 33.091 -0.82822 3
      vertex 33.091 -0.82822 0
    endloop
  endfacet
  facet normal -0.953661 0.300885 0
    outer loop
      vertex 33.091 -0.82822 3
      vertex 33.007 -1.09446 0
      vertex 33.007 -1.09446 3
    endloop
  endfacet
  facet normal -0.130521 0.991446 0
    outer loop
      vertex 30.5557 -3.15138 0
      vertex 30.2789 -3.18782 3
      vertex 30.5557 -3.15138 3
    endloop
  endfacet
  facet normal -0.130521 0.991446 0
    outer loop
      vertex 30.2789 -3.18782 3
      vertex 30.5557 -3.15138 0
      vertex 30.2789 -3.18782 0
    endloop
  endfacet
  facet normal -0.923923 0.38258 0
    outer loop
      vertex 32.9002 -1.35238 0
      vertex 33.007 -1.09446 3
      vertex 33.007 -1.09446 0
    endloop
  endfacet
  facet normal -0.923923 0.38258 0
    outer loop
      vertex 33.007 -1.09446 3
      vertex 32.9002 -1.35238 0
      vertex 32.9002 -1.35238 3
    endloop
  endfacet
  facet normal -0.46177 -0.887 0
    outer loop
      vertex 31.3524 2.90018 0
      vertex 31.6 2.77128 3
      vertex 31.3524 2.90018 3
    endloop
  endfacet
  facet normal -0.46177 -0.887 -0
    outer loop
      vertex 31.6 2.77128 3
      vertex 31.3524 2.90018 0
      vertex 31.6 2.77128 0
    endloop
  endfacet
  facet normal -0.608732 -0.793376 0
    outer loop
      vertex 31.8354 2.62129 0
      vertex 32.0569 2.45134 3
      vertex 31.8354 2.62129 3
    endloop
  endfacet
  facet normal -0.608732 -0.793376 -0
    outer loop
      vertex 32.0569 2.45134 3
      vertex 31.8354 2.62129 0
      vertex 32.0569 2.45134 0
    endloop
  endfacet
  facet normal -0.793263 -0.60888 0
    outer loop
      vertex 32.6213 1.83544 0
      vertex 32.4513 2.05692 3
      vertex 32.4513 2.05692 0
    endloop
  endfacet
  facet normal -0.793263 -0.60888 0
    outer loop
      vertex 32.4513 2.05692 3
      vertex 32.6213 1.83544 0
      vertex 32.6213 1.83544 3
    endloop
  endfacet
  facet normal 0.130521 -0.991446 0
    outer loop
      vertex 29.4443 3.15138 0
      vertex 29.7211 3.18782 3
      vertex 29.4443 3.15138 3
    endloop
  endfacet
  facet normal 0.130521 -0.991446 0
    outer loop
      vertex 29.7211 3.18782 3
      vertex 29.4443 3.15138 0
      vertex 29.7211 3.18782 0
    endloop
  endfacet
  facet normal -0.737276 -0.675592 0
    outer loop
      vertex 32.4513 2.05692 0
      vertex 32.2627 2.26274 3
      vertex 32.2627 2.26274 0
    endloop
  endfacet
  facet normal -0.737276 -0.675592 0
    outer loop
      vertex 32.2627 2.26274 3
      vertex 32.4513 2.05692 0
      vertex 32.4513 2.05692 3
    endloop
  endfacet
  facet normal -0.382727 0.923861 0
    outer loop
      vertex 31.3524 -2.90018 0
      vertex 31.0945 -3.00702 3
      vertex 31.3524 -2.90018 3
    endloop
  endfacet
  facet normal -0.382727 0.923861 0
    outer loop
      vertex 31.0945 -3.00702 3
      vertex 31.3524 -2.90018 0
      vertex 31.0945 -3.00702 0
    endloop
  endfacet
  facet normal -0.46177 0.887 0
    outer loop
      vertex 31.6 -2.77128 0
      vertex 31.3524 -2.90018 3
      vertex 31.6 -2.77128 3
    endloop
  endfacet
  facet normal -0.46177 0.887 0
    outer loop
      vertex 31.3524 -2.90018 3
      vertex 31.6 -2.77128 0
      vertex 31.3524 -2.90018 0
    endloop
  endfacet
  facet normal 0.216468 -0.97629 0
    outer loop
      vertex 29.1718 3.09096 0
      vertex 29.4443 3.15138 3
      vertex 29.1718 3.09096 3
    endloop
  endfacet
  facet normal 0.216468 -0.97629 0
    outer loop
      vertex 29.4443 3.15138 3
      vertex 29.1718 3.09096 0
      vertex 29.4443 3.15138 0
    endloop
  endfacet
  facet normal -0.53736 0.843353 0
    outer loop
      vertex 31.8354 -2.62129 0
      vertex 31.6 -2.77128 3
      vertex 31.8354 -2.62129 3
    endloop
  endfacet
  facet normal -0.53736 0.843353 0
    outer loop
      vertex 31.6 -2.77128 3
      vertex 31.8354 -2.62129 0
      vertex 31.6 -2.77128 0
    endloop
  endfacet
  facet normal -0.53736 -0.843353 0
    outer loop
      vertex 31.6 2.77128 0
      vertex 31.8354 2.62129 3
      vertex 31.6 2.77128 3
    endloop
  endfacet
  facet normal -0.53736 -0.843353 -0
    outer loop
      vertex 31.8354 2.62129 3
      vertex 31.6 2.77128 0
      vertex 31.8354 2.62129 0
    endloop
  endfacet
  facet normal -0.843378 0.53732 0
    outer loop
      vertex 32.6213 -1.83544 0
      vertex 32.7713 -1.6 3
      vertex 32.7713 -1.6 0
    endloop
  endfacet
  facet normal -0.843378 0.53732 0
    outer loop
      vertex 32.7713 -1.6 3
      vertex 32.6213 -1.83544 0
      vertex 32.6213 -1.83544 3
    endloop
  endfacet
  facet normal -0.737276 0.675592 0
    outer loop
      vertex 32.2627 -2.26274 0
      vertex 32.4513 -2.05692 3
      vertex 32.4513 -2.05692 0
    endloop
  endfacet
  facet normal -0.737276 0.675592 0
    outer loop
      vertex 32.4513 -2.05692 3
      vertex 32.2627 -2.26274 0
      vertex 32.2627 -2.26274 3
    endloop
  endfacet
  facet normal -0.843378 -0.53732 0
    outer loop
      vertex 32.7713 1.6 0
      vertex 32.6213 1.83544 3
      vertex 32.6213 1.83544 0
    endloop
  endfacet
  facet normal -0.843378 -0.53732 0
    outer loop
      vertex 32.6213 1.83544 3
      vertex 32.7713 1.6 0
      vertex 32.7713 1.6 3
    endloop
  endfacet
  facet normal 0.130521 0.991446 -0
    outer loop
      vertex 29.7211 -3.18782 0
      vertex 29.4443 -3.15138 3
      vertex 29.7211 -3.18782 3
    endloop
  endfacet
  facet normal 0.130521 0.991446 0
    outer loop
      vertex 29.4443 -3.15138 3
      vertex 29.7211 -3.18782 0
      vertex 29.4443 -3.15138 0
    endloop
  endfacet
  facet normal 0.04363 0.999048 -0
    outer loop
      vertex 30 -3.2 0
      vertex 29.7211 -3.18782 3
      vertex 30 -3.2 3
    endloop
  endfacet
  facet normal 0.04363 0.999048 0
    outer loop
      vertex 29.7211 -3.18782 3
      vertex 30 -3.2 0
      vertex 29.7211 -3.18782 0
    endloop
  endfacet
  facet normal -0.887015 -0.461741 0
    outer loop
      vertex 32.9002 1.35238 0
      vertex 32.7713 1.6 3
      vertex 32.7713 1.6 0
    endloop
  endfacet
  facet normal -0.887015 -0.461741 0
    outer loop
      vertex 32.7713 1.6 3
      vertex 32.9002 1.35238 0
      vertex 32.9002 1.35238 3
    endloop
  endfacet
  facet normal 0.300627 0.953742 -0
    outer loop
      vertex 29.1718 -3.09096 0
      vertex 28.9055 -3.00702 3
      vertex 29.1718 -3.09096 3
    endloop
  endfacet
  facet normal 0.300627 0.953742 0
    outer loop
      vertex 28.9055 -3.00702 3
      vertex 29.1718 -3.09096 0
      vertex 28.9055 -3.00702 0
    endloop
  endfacet
  facet normal -0.300627 0.953742 0
    outer loop
      vertex 31.0945 -3.00702 0
      vertex 30.8282 -3.09096 3
      vertex 31.0945 -3.00702 3
    endloop
  endfacet
  facet normal -0.300627 0.953742 0
    outer loop
      vertex 30.8282 -3.09096 3
      vertex 31.0945 -3.00702 0
      vertex 30.8282 -3.09096 0
    endloop
  endfacet
  facet normal 0.300627 -0.953742 0
    outer loop
      vertex 28.9055 3.00702 0
      vertex 29.1718 3.09096 3
      vertex 28.9055 3.00702 3
    endloop
  endfacet
  facet normal 0.300627 -0.953742 0
    outer loop
      vertex 29.1718 3.09096 3
      vertex 28.9055 3.00702 0
      vertex 29.1718 3.09096 0
    endloop
  endfacet
  facet normal 0.216468 0.97629 -0
    outer loop
      vertex 29.4443 -3.15138 0
      vertex 29.1718 -3.09096 3
      vertex 29.4443 -3.15138 3
    endloop
  endfacet
  facet normal 0.216468 0.97629 0
    outer loop
      vertex 29.1718 -3.09096 3
      vertex 29.4443 -3.15138 0
      vertex 29.1718 -3.09096 0
    endloop
  endfacet
  facet normal 0.04363 -0.999048 0
    outer loop
      vertex 29.7211 3.18782 0
      vertex 30 3.2 3
      vertex 29.7211 3.18782 3
    endloop
  endfacet
  facet normal 0.04363 -0.999048 0
    outer loop
      vertex 30 3.2 3
      vertex 29.7211 3.18782 0
      vertex 30 3.2 0
    endloop
  endfacet
  facet normal -0.216468 -0.97629 0
    outer loop
      vertex 30.5557 3.15138 0
      vertex 30.8282 3.09096 3
      vertex 30.5557 3.15138 3
    endloop
  endfacet
  facet normal -0.216468 -0.97629 -0
    outer loop
      vertex 30.8282 3.09096 3
      vertex 30.5557 3.15138 0
      vertex 30.8282 3.09096 0
    endloop
  endfacet
  facet normal -0.999045 0.0437018 0
    outer loop
      vertex 33.1878 -0.278898 0
      vertex 33.2 0 3
      vertex 33.2 0 0
    endloop
  endfacet
  facet normal -0.999045 0.0437018 0
    outer loop
      vertex 33.2 0 3
      vertex 33.1878 -0.278898 0
      vertex 33.1878 -0.278898 3
    endloop
  endfacet
  facet normal -0.04363 0.999048 0
    outer loop
      vertex 30.2789 -3.18782 0
      vertex 30 -3.2 3
      vertex 30.2789 -3.18782 3
    endloop
  endfacet
  facet normal -0.04363 0.999048 0
    outer loop
      vertex 30 -3.2 3
      vertex 30.2789 -3.18782 0
      vertex 30 -3.2 0
    endloop
  endfacet
  facet normal -0.130521 -0.991446 0
    outer loop
      vertex 30.2789 3.18782 0
      vertex 30.5557 3.15138 3
      vertex 30.2789 3.18782 3
    endloop
  endfacet
  facet normal -0.130521 -0.991446 -0
    outer loop
      vertex 30.5557 3.15138 3
      vertex 30.2789 3.18782 0
      vertex 30.5557 3.15138 0
    endloop
  endfacet
  facet normal -0.887015 0.461741 0
    outer loop
      vertex 32.7713 -1.6 0
      vertex 32.9002 -1.35238 3
      vertex 32.9002 -1.35238 0
    endloop
  endfacet
  facet normal -0.887015 0.461741 0
    outer loop
      vertex 32.9002 -1.35238 3
      vertex 32.7713 -1.6 0
      vertex 32.7713 -1.6 3
    endloop
  endfacet
  facet normal -0.675627 -0.737243 0
    outer loop
      vertex 32.0569 2.45134 0
      vertex 32.2627 2.26274 3
      vertex 32.0569 2.45134 3
    endloop
  endfacet
  facet normal -0.675627 -0.737243 -0
    outer loop
      vertex 32.2627 2.26274 3
      vertex 32.0569 2.45134 0
      vertex 32.2627 2.26274 0
    endloop
  endfacet
  facet normal -0.300627 -0.953742 0
    outer loop
      vertex 30.8282 3.09096 0
      vertex 31.0945 3.00702 3
      vertex 30.8282 3.09096 3
    endloop
  endfacet
  facet normal -0.300627 -0.953742 -0
    outer loop
      vertex 31.0945 3.00702 3
      vertex 30.8282 3.09096 0
      vertex 31.0945 3.00702 0
    endloop
  endfacet
  facet normal -0.608732 0.793376 0
    outer loop
      vertex 32.0569 -2.45134 0
      vertex 31.8354 -2.62129 3
      vertex 32.0569 -2.45134 3
    endloop
  endfacet
  facet normal -0.608732 0.793376 0
    outer loop
      vertex 31.8354 -2.62129 3
      vertex 32.0569 -2.45134 0
      vertex 31.8354 -2.62129 0
    endloop
  endfacet
  facet normal 0.382846 0.923812 -0
    outer loop
      vertex 28.9055 -3.00702 0
      vertex 28.8306 -2.97598 3
      vertex 28.9055 -3.00702 3
    endloop
  endfacet
  facet normal 0.382846 0.923812 0
    outer loop
      vertex 28.8306 -2.97598 3
      vertex 28.9055 -3.00702 0
      vertex 28.8306 -2.97598 0
    endloop
  endfacet
  facet normal 0.382846 -0.923812 0
    outer loop
      vertex 28.8306 2.97598 0
      vertex 28.9055 3.00702 3
      vertex 28.8306 2.97598 3
    endloop
  endfacet
  facet normal 0.382846 -0.923812 0
    outer loop
      vertex 28.9055 3.00702 3
      vertex 28.8306 2.97598 0
      vertex 28.9055 3.00702 0
    endloop
  endfacet
  facet normal 0 0 -1
    outer loop
      vertex 29 0 3
      vertex 33.2 0 3
      vertex 33.1878 -0.278898 3
    endloop
  endfacet
  facet normal 0 0 -1
    outer loop
      vertex 29 0 3
      vertex 33.1878 -0.278898 3
      vertex 33.1514 -0.555674 3
    endloop
  endfacet
  facet normal 0 0 -1
    outer loop
      vertex 33.2 0 3
      vertex 29 0 3
      vertex 33.1878 0.278898 3
    endloop
  endfacet
  facet normal 0 0 -1
    outer loop
      vertex 29 0 3
      vertex 33.1514 -0.555674 3
      vertex 33.091 -0.82822 3
    endloop
  endfacet
  facet normal -0 0 -1
    outer loop
      vertex 33.1878 0.278898 3
      vertex 29 0 3
      vertex 33.1514 0.555674 3
    endloop
  endfacet
  facet normal 0 0 -1
    outer loop
      vertex 29 0 3
      vertex 33.091 -0.82822 3
      vertex 33.007 -1.09446 3
    endloop
  endfacet
  facet normal -0 0 -1
    outer loop
      vertex 33.1514 0.555674 3
      vertex 29 0 3
      vertex 33.091 0.82822 3
    endloop
  endfacet
  facet normal 0 0 -1
    outer loop
      vertex 29 0 3
      vertex 33.007 -1.09446 3
      vertex 32.9002 -1.35238 3
    endloop
  endfacet
  facet normal -0 0 -1
    outer loop
      vertex 33.091 0.82822 3
      vertex 29 0 3
      vertex 33.007 1.09446 3
    endloop
  endfacet
  facet normal 0 0 -1
    outer loop
      vertex 29 0 3
      vertex 32.9002 -1.35238 3
      vertex 32.7713 -1.6 3
    endloop
  endfacet
  facet normal -0 0 -1
    outer loop
      vertex 33.007 1.09446 3
      vertex 29 0 3
      vertex 32.9002 1.35238 3
    endloop
  endfacet
  facet normal 0 0 -1
    outer loop
      vertex 29 0 3
      vertex 32.7713 -1.6 3
      vertex 32.6213 -1.83544 3
    endloop
  endfacet
  facet normal -0 0 -1
    outer loop
      vertex 32.9002 1.35238 3
      vertex 29 0 3
      vertex 32.7713 1.6 3
    endloop
  endfacet
  facet normal 0 0 -1
    outer loop
      vertex 29 0 3
      vertex 32.6213 -1.83544 3
      vertex 32.4513 -2.05692 3
    endloop
  endfacet
  facet normal -0 0 -1
    outer loop
      vertex 32.7713 1.6 3
      vertex 29 0 3
      vertex 32.6213 1.83544 3
    endloop
  endfacet
  facet normal 0 0 -1
    outer loop
      vertex 29 0 3
      vertex 32.4513 -2.05692 3
      vertex 32.2627 -2.26274 3
    endloop
  endfacet
  facet normal -0 0 -1
    outer loop
      vertex 32.6213 1.83544 3
      vertex 29 0 3
      vertex 32.4513 2.05692 3
    endloop
  endfacet
  facet normal 0 0 -1
    outer loop
      vertex 29 0 3
      vertex 32.2627 -2.26274 3
      vertex 32.0569 -2.45134 3
    endloop
  endfacet
  facet normal -0 0 -1
    outer loop
      vertex 32.4513 2.05692 3
      vertex 29 0 3
      vertex 32.2627 2.26274 3
    endloop
  endfacet
  facet normal 0 0 -1
    outer loop
      vertex 29 0 3
      vertex 32.0569 -2.45134 3
      vertex 31.8354 -2.62129 3
    endloop
  endfacet
  facet normal -0 0 -1
    outer loop
      vertex 32.2627 2.26274 3
      vertex 29 0 3
      vertex 32.0569 2.45134 3
    endloop
  endfacet
  facet normal 0 0 -1
    outer loop
      vertex 29 0 3
      vertex 31.8354 -2.62129 3
      vertex 31.6 -2.77128 3
    endloop
  endfacet
  facet normal -0 0 -1
    outer loop
      vertex 32.0569 2.45134 3
      vertex 29 0 3
      vertex 31.8354 2.62129 3
    endloop
  endfacet
  facet normal 0 0 -1
    outer loop
      vertex 29 0 3
      vertex 31.6 -2.77128 3
      vertex 31.3524 -2.90018 3
    endloop
  endfacet
  facet normal -0 0 -1
    outer loop
      vertex 31.8354 2.62129 3
      vertex 29 0 3
      vertex 31.6 2.77128 3
    endloop
  endfacet
  facet normal 0 0 -1
    outer loop
      vertex 29 0 3
      vertex 31.3524 -2.90018 3
      vertex 31.0945 -3.00702 3
    endloop
  endfacet
  facet normal -0 0 -1
    outer loop
      vertex 31.6 2.77128 3
      vertex 29 0 3
      vertex 31.3524 2.90018 3
    endloop
  endfacet
  facet normal 0 0 -1
    outer loop
      vertex 29 0 3
      vertex 31.0945 -3.00702 3
      vertex 30.8282 -3.09096 3
    endloop
  endfacet
  facet normal -0 0 -1
    outer loop
      vertex 31.3524 2.90018 3
      vertex 29 0 3
      vertex 31.0945 3.00702 3
    endloop
  endfacet
  facet normal 0 0 -1
    outer loop
      vertex 29 0 3
      vertex 30.8282 -3.09096 3
      vertex 30.5557 -3.15138 3
    endloop
  endfacet
  facet normal -0 0 -1
    outer loop
      vertex 31.0945 3.00702 3
      vertex 29 0 3
      vertex 30.8282 3.09096 3
    endloop
  endfacet
  facet normal 0 0 -1
    outer loop
      vertex 28.8896 -2.52752 3
      vertex 30.5557 -3.15138 3
      vertex 30.2789 -3.18782 3
    endloop
  endfacet
  facet normal -0 0 -1
    outer loop
      vertex 30.8282 3.09096 3
      vertex 29 0 3
      vertex 30.5557 3.15138 3
    endloop
  endfacet
  facet normal 0 0 -1
    outer loop
      vertex 28.8896 -2.52752 3
      vertex 30.2789 -3.18782 3
      vertex 30 -3.2 3
    endloop
  endfacet
  facet normal 0 0 -1
    outer loop
      vertex 28.8896 2.52752 3
      vertex 30.5557 3.15138 3
      vertex 29 0 3
    endloop
  endfacet
  facet normal 0 0 -1
    outer loop
      vertex 28.8896 -2.52752 3
      vertex 30 -3.2 3
      vertex 29.7211 -3.18782 3
    endloop
  endfacet
  facet normal -0 0 -1
    outer loop
      vertex 30.5557 3.15138 3
      vertex 28.8896 2.52752 3
      vertex 30.2789 3.18782 3
    endloop
  endfacet
  facet normal 0 0 -1
    outer loop
      vertex 28.8896 -2.52752 3
      vertex 29.7211 -3.18782 3
      vertex 29.4443 -3.15138 3
    endloop
  endfacet
  facet normal -0 0 -1
    outer loop
      vertex 30.2789 3.18782 3
      vertex 28.8896 2.52752 3
      vertex 30 3.2 3
    endloop
  endfacet
  facet normal 0 0 -1
    outer loop
      vertex 28.8896 -2.52752 3
      vertex 29.4443 -3.15138 3
      vertex 29.1718 -3.09096 3
    endloop
  endfacet
  facet normal 0 0 -1
    outer loop
      vertex 30 3.2 3
      vertex 28.8896 2.52752 3
      vertex 29.7211 3.18782 3
    endloop
  endfacet
  facet normal 0 0 -1
    outer loop
      vertex 29.7211 3.18782 3
      vertex 28.8896 2.52752 3
      vertex 29.4443 3.15138 3
    endloop
  endfacet
  facet normal 0 0 -1
    outer loop
      vertex 28.8896 -2.52752 3
      vertex 29.1718 -3.09096 3
      vertex 28.9055 -3.00702 3
    endloop
  endfacet
  facet normal 0 0 -1
    outer loop
      vertex 30.5557 -3.15138 3
      vertex 28.8896 -2.52752 3
      vertex 29 0 3
    endloop
  endfacet
  facet normal 0 -0 -1
    outer loop
      vertex 28.8896 -2.52752 3
      vertex 28.9055 -3.00702 3
      vertex 28.8306 -2.97598 3
    endloop
  endfacet
  facet normal 0 0 -1
    outer loop
      vertex 29.4443 3.15138 3
      vertex 28.8896 2.52752 3
      vertex 29.1718 3.09096 3
    endloop
  endfacet
  facet normal 0 0 -1
    outer loop
      vertex 29.1718 3.09096 3
      vertex 28.8896 2.52752 3
      vertex 28.9055 3.00702 3
    endloop
  endfacet
  facet normal 0 0 -1
    outer loop
      vertex 28.9055 3.00702 3
      vertex 28.8896 2.52752 3
      vertex 28.8306 2.97598 3
    endloop
  endfacet
  facet normal -0.382911 -0.923785 0
    outer loop
      vertex 16.0945 28.9878 0
      vertex 16.3524 28.8809 3
      vertex 16.0945 28.9878 3
    endloop
  endfacet
  facet normal -0.382911 -0.923785 -0
    outer loop
      vertex 16.3524 28.8809 3
      vertex 16.0945 28.9878 0
      vertex 16.3524 28.8809 0
    endloop
  endfacet
  facet normal -0.46177 -0.887 0
    outer loop
      vertex 16.3524 28.8809 0
      vertex 16.6 28.752 3
      vertex 16.3524 28.8809 3
    endloop
  endfacet
  facet normal -0.46177 -0.887 -0
    outer loop
      vertex 16.6 28.752 3
      vertex 16.3524 28.8809 0
      vertex 16.6 28.752 0
    endloop
  endfacet
  facet normal -0.300497 -0.953783 0
    outer loop
      vertex 15.8282 29.0717 0
      vertex 16.0945 28.9878 3
      vertex 15.8282 29.0717 3
    endloop
  endfacet
  facet normal -0.300497 -0.953783 -0
    outer loop
      vertex 16.0945 28.9878 3
      vertex 15.8282 29.0717 0
      vertex 16.0945 28.9878 0
    endloop
  endfacet
  facet normal -0.991458 -0.130427 0
    outer loop
      vertex 18.1878 26.2597 0
      vertex 18.1514 26.5364 3
      vertex 18.1514 26.5364 0
    endloop
  endfacet
  facet normal -0.991458 -0.130427 0
    outer loop
      vertex 18.1514 26.5364 3
      vertex 18.1878 26.2597 0
      vertex 18.1878 26.2597 3
    endloop
  endfacet
  facet normal -0.999045 0.0437015 0
    outer loop
      vertex 18.1878 25.7019 0
      vertex 18.2 25.9808 3
      vertex 18.2 25.9808 0
    endloop
  endfacet
  facet normal -0.999045 0.0437015 0
    outer loop
      vertex 18.2 25.9808 3
      vertex 18.1878 25.7019 0
      vertex 18.1878 25.7019 3
    endloop
  endfacet
  facet normal -0.923912 -0.382605 0
    outer loop
      vertex 18.007 27.0752 0
      vertex 17.9002 27.3331 3
      vertex 17.9002 27.3331 0
    endloop
  endfacet
  facet normal -0.923912 -0.382605 0
    outer loop
      vertex 17.9002 27.3331 3
      vertex 18.007 27.0752 0
      vertex 18.007 27.0752 3
    endloop
  endfacet
  facet normal -0.737243 0.675627 0
    outer loop
      vertex 17.2627 23.718 0
      vertex 17.4513 23.9238 3
      vertex 17.4513 23.9238 0
    endloop
  endfacet
  facet normal -0.737243 0.675627 0
    outer loop
      vertex 17.4513 23.9238 3
      vertex 17.2627 23.718 0
      vertex 17.2627 23.718 3
    endloop
  endfacet
  facet normal -0.923912 0.382605 0
    outer loop
      vertex 17.9002 24.6284 0
      vertex 18.007 24.8863 3
      vertex 18.007 24.8863 0
    endloop
  endfacet
  facet normal -0.923912 0.382605 0
    outer loop
      vertex 18.007 24.8863 3
      vertex 17.9002 24.6284 0
      vertex 17.9002 24.6284 3
    endloop
  endfacet
  facet normal 0.300497 -0.953783 0
    outer loop
      vertex 13.9055 28.9878 0
      vertex 14.1718 29.0717 3
      vertex 13.9055 28.9878 3
    endloop
  endfacet
  facet normal 0.300497 -0.953783 0
    outer loop
      vertex 14.1718 29.0717 3
      vertex 13.9055 28.9878 0
      vertex 14.1718 29.0717 0
    endloop
  endfacet
  facet normal 0.991421 -0.13071 0
    outer loop
      vertex 11.838 26.456 3
      vertex 11.8486 26.5364 0
      vertex 11.8486 26.5364 3
    endloop
  endfacet
  facet normal 0.991421 -0.13071 0
    outer loop
      vertex 11.8486 26.5364 0
      vertex 11.838 26.456 3
      vertex 11.838 26.456 0
    endloop
  endfacet
  facet normal 0.130732 -0.991418 0
    outer loop
      vertex 14.4443 29.1321 0
      vertex 14.7211 29.1686 3
      vertex 14.4443 29.1321 3
    endloop
  endfacet
  facet normal 0.130732 -0.991418 0
    outer loop
      vertex 14.7211 29.1686 3
      vertex 14.4443 29.1321 0
      vertex 14.7211 29.1686 0
    endloop
  endfacet
  facet normal -0.609234 0.792991 0
    outer loop
      vertex 17.0569 23.5294 0
      vertex 16.9926 23.48 3
      vertex 17.0569 23.5294 3
    endloop
  endfacet
  facet normal -0.609234 0.792991 0
    outer loop
      vertex 16.9926 23.48 3
      vertex 17.0569 23.5294 0
      vertex 16.9926 23.48 0
    endloop
  endfacet
  facet normal 0.537385 -0.843337 0
    outer loop
      vertex 13.1646 28.602 0
      vertex 13.4 28.752 3
      vertex 13.1646 28.602 3
    endloop
  endfacet
  facet normal 0.537385 -0.843337 0
    outer loop
      vertex 13.4 28.752 3
      vertex 13.1646 28.602 0
      vertex 13.4 28.752 0
    endloop
  endfacet
  facet normal -0.737243 -0.675627 0
    outer loop
      vertex 17.4513 28.0377 0
      vertex 17.2627 28.2435 3
      vertex 17.2627 28.2435 0
    endloop
  endfacet
  facet normal -0.737243 -0.675627 0
    outer loop
      vertex 17.2627 28.2435 3
      vertex 17.4513 28.0377 0
      vertex 17.4513 28.0377 3
    endloop
  endfacet
  facet normal 0.216399 -0.976305 0
    outer loop
      vertex 14.1718 29.0717 0
      vertex 14.4443 29.1321 3
      vertex 14.1718 29.0717 3
    endloop
  endfacet
  facet normal 0.216399 -0.976305 0
    outer loop
      vertex 14.4443 29.1321 3
      vertex 14.1718 29.0717 0
      vertex 14.4443 29.1321 0
    endloop
  endfacet
  facet normal 0.843337 -0.537385 0
    outer loop
      vertex 12.2287 27.5808 3
      vertex 12.3787 27.8162 0
      vertex 12.3787 27.8162 3
    endloop
  endfacet
  facet normal 0.843337 -0.537385 0
    outer loop
      vertex 12.3787 27.8162 0
      vertex 12.2287 27.5808 3
      vertex 12.2287 27.5808 0
    endloop
  endfacet
  facet normal 0.923912 -0.382605 0
    outer loop
      vertex 11.993 27.0752 3
      vertex 12.0998 27.3331 0
      vertex 12.0998 27.3331 3
    endloop
  endfacet
  facet normal 0.923912 -0.382605 0
    outer loop
      vertex 12.0998 27.3331 0
      vertex 11.993 27.0752 3
      vertex 11.993 27.0752 0
    endloop
  endfacet
  facet normal -0.130732 -0.991418 0
    outer loop
      vertex 15.2789 29.1686 0
      vertex 15.5557 29.1321 3
      vertex 15.2789 29.1686 3
    endloop
  endfacet
  facet normal -0.130732 -0.991418 -0
    outer loop
      vertex 15.5557 29.1321 3
      vertex 15.2789 29.1686 0
      vertex 15.5557 29.1321 0
    endloop
  endfacet
  facet normal 0 0 -1
    outer loop
      vertex 14.5 25.1147 3
      vertex 18.2 25.9808 3
      vertex 18.1878 25.7019 3
    endloop
  endfacet
  facet normal 0 0 -1
    outer loop
      vertex 14.5 25.1147 3
      vertex 18.1878 25.7019 3
      vertex 18.1514 25.4251 3
    endloop
  endfacet
  facet normal -0 0 -1
    outer loop
      vertex 18.2 25.9808 3
      vertex 14.5 25.1147 3
      vertex 18.1878 26.2597 3
    endloop
  endfacet
  facet normal 0 0 -1
    outer loop
      vertex 14.5 25.1147 3
      vertex 18.1514 25.4251 3
      vertex 18.091 25.1525 3
    endloop
  endfacet
  facet normal -0 0 -1
    outer loop
      vertex 18.1878 26.2597 3
      vertex 14.5 25.1147 3
      vertex 18.1514 26.5364 3
    endloop
  endfacet
  facet normal 0 0 -1
    outer loop
      vertex 14.5 25.1147 3
      vertex 18.091 25.1525 3
      vertex 18.007 24.8863 3
    endloop
  endfacet
  facet normal -0 0 -1
    outer loop
      vertex 18.1514 26.5364 3
      vertex 14.5 25.1147 3
      vertex 18.091 26.809 3
    endloop
  endfacet
  facet normal 0 0 -1
    outer loop
      vertex 16.6337 23.7554 3
      vertex 18.007 24.8863 3
      vertex 17.9002 24.6284 3
    endloop
  endfacet
  facet normal -0 0 -1
    outer loop
      vertex 18.091 26.809 3
      vertex 14.5 25.1147 3
      vertex 18.007 27.0752 3
    endloop
  endfacet
  facet normal 0 0 -1
    outer loop
      vertex 16.6337 23.7554 3
      vertex 17.9002 24.6284 3
      vertex 17.7713 24.3808 3
    endloop
  endfacet
  facet normal -0 0 -1
    outer loop
      vertex 18.007 27.0752 3
      vertex 14.5 25.1147 3
      vertex 17.9002 27.3331 3
    endloop
  endfacet
  facet normal 0 0 -1
    outer loop
      vertex 16.6337 23.7554 3
      vertex 17.7713 24.3808 3
      vertex 17.6213 24.1453 3
    endloop
  endfacet
  facet normal -0 0 -1
    outer loop
      vertex 17.9002 27.3331 3
      vertex 14.5 25.1147 3
      vertex 17.7713 27.5808 3
    endloop
  endfacet
  facet normal 0 0 -1
    outer loop
      vertex 16.6337 23.7554 3
      vertex 17.6213 24.1453 3
      vertex 17.4513 23.9238 3
    endloop
  endfacet
  facet normal -0 0 -1
    outer loop
      vertex 18.007 24.8863 3
      vertex 16.6337 23.7554 3
      vertex 14.5 25.1147 3
    endloop
  endfacet
  facet normal 0 0 -1
    outer loop
      vertex 16.6337 23.7554 3
      vertex 17.4513 23.9238 3
      vertex 17.2627 23.718 3
    endloop
  endfacet
  facet normal -0 0 -1
    outer loop
      vertex 17.7713 27.5808 3
      vertex 14.5 25.1147 3
      vertex 17.6213 27.8162 3
    endloop
  endfacet
  facet normal 0 0 -1
    outer loop
      vertex 16.6337 23.7554 3
      vertex 17.2627 23.718 3
      vertex 17.0569 23.5294 3
    endloop
  endfacet
  facet normal -0 0 -1
    outer loop
      vertex 17.6213 27.8162 3
      vertex 14.5 25.1147 3
      vertex 17.4513 28.0377 3
    endloop
  endfacet
  facet normal 0 0 -1
    outer loop
      vertex 16.6337 23.7554 3
      vertex 17.0569 23.5294 3
      vertex 16.9926 23.48 3
    endloop
  endfacet
  facet normal -0 0 -1
    outer loop
      vertex 17.4513 28.0377 3
      vertex 14.5 25.1147 3
      vertex 17.2627 28.2435 3
    endloop
  endfacet
  facet normal -0 0 -1
    outer loop
      vertex 17.2627 28.2435 3
      vertex 14.5 25.1147 3
      vertex 17.0569 28.4321 3
    endloop
  endfacet
  facet normal -0 0 -1
    outer loop
      vertex 17.0569 28.4321 3
      vertex 14.5 25.1147 3
      vertex 16.8354 28.602 3
    endloop
  endfacet
  facet normal -0 0 -1
    outer loop
      vertex 16.8354 28.602 3
      vertex 14.5 25.1147 3
      vertex 16.6 28.752 3
    endloop
  endfacet
  facet normal -0 0 -1
    outer loop
      vertex 16.6 28.752 3
      vertex 14.5 25.1147 3
      vertex 16.3524 28.8809 3
    endloop
  endfacet
  facet normal -0 0 -1
    outer loop
      vertex 16.3524 28.8809 3
      vertex 14.5 25.1147 3
      vertex 16.0945 28.9878 3
    endloop
  endfacet
  facet normal -0 0 -1
    outer loop
      vertex 16.0945 28.9878 3
      vertex 14.5 25.1147 3
      vertex 15.8282 29.0717 3
    endloop
  endfacet
  facet normal -0 0 -1
    outer loop
      vertex 15.8282 29.0717 3
      vertex 14.5 25.1147 3
      vertex 15.5557 29.1321 3
    endloop
  endfacet
  facet normal -0 0 -1
    outer loop
      vertex 15.5557 29.1321 3
      vertex 14.5 25.1147 3
      vertex 15.2789 29.1686 3
    endloop
  endfacet
  facet normal -0 0 -1
    outer loop
      vertex 15.2789 29.1686 3
      vertex 14.5 25.1147 3
      vertex 15 29.1808 3
    endloop
  endfacet
  facet normal 0 0 -1
    outer loop
      vertex 15 29.1808 3
      vertex 14.5 25.1147 3
      vertex 14.7211 29.1686 3
    endloop
  endfacet
  facet normal 0 0 -1
    outer loop
      vertex 14.5 25.1147 3
      vertex 14.4443 29.1321 3
      vertex 14.7211 29.1686 3
    endloop
  endfacet
  facet normal 0 0 -1
    outer loop
      vertex 14.5 25.1147 3
      vertex 14.1718 29.0717 3
      vertex 14.4443 29.1321 3
    endloop
  endfacet
  facet normal 0 0 -1
    outer loop
      vertex 14.5 25.1147 3
      vertex 13.9055 28.9878 3
      vertex 14.1718 29.0717 3
    endloop
  endfacet
  facet normal 0 0 -1
    outer loop
      vertex 14.5 25.1147 3
      vertex 13.6476 28.8809 3
      vertex 13.9055 28.9878 3
    endloop
  endfacet
  facet normal 0 0 -1
    outer loop
      vertex 14.5 25.1147 3
      vertex 13.4 28.752 3
      vertex 13.6476 28.8809 3
    endloop
  endfacet
  facet normal 0 0 -1
    outer loop
      vertex 14.5 25.1147 3
      vertex 13.1646 28.602 3
      vertex 13.4 28.752 3
    endloop
  endfacet
  facet normal 0 0 -1
    outer loop
      vertex 14.5 25.1147 3
      vertex 12.9431 28.4321 3
      vertex 13.1646 28.602 3
    endloop
  endfacet
  facet normal 0 0 -1
    outer loop
      vertex 14.5 25.1147 3
      vertex 12.7373 28.2435 3
      vertex 12.9431 28.4321 3
    endloop
  endfacet
  facet normal 0 0 -1
    outer loop
      vertex 14.5 25.1147 3
      vertex 12.5487 28.0377 3
      vertex 12.7373 28.2435 3
    endloop
  endfacet
  facet normal 0 0 -1
    outer loop
      vertex 12.2559 26.2829 3
      vertex 12.5487 28.0377 3
      vertex 14.5 25.1147 3
    endloop
  endfacet
  facet normal 0 0 -1
    outer loop
      vertex 12.5487 28.0377 3
      vertex 12.2559 26.2829 3
      vertex 12.3787 27.8162 3
    endloop
  endfacet
  facet normal 0 0 -1
    outer loop
      vertex 12.2559 26.2829 3
      vertex 12.2287 27.5808 3
      vertex 12.3787 27.8162 3
    endloop
  endfacet
  facet normal 0 0 -1
    outer loop
      vertex 12.2559 26.2829 3
      vertex 12.0998 27.3331 3
      vertex 12.2287 27.5808 3
    endloop
  endfacet
  facet normal 0 0 -1
    outer loop
      vertex 12.2559 26.2829 3
      vertex 11.993 27.0752 3
      vertex 12.0998 27.3331 3
    endloop
  endfacet
  facet normal 0 0 -1
    outer loop
      vertex 12.2559 26.2829 3
      vertex 11.909 26.809 3
      vertex 11.993 27.0752 3
    endloop
  endfacet
  facet normal 0 0 -1
    outer loop
      vertex 12.2559 26.2829 3
      vertex 11.8486 26.5364 3
      vertex 11.909 26.809 3
    endloop
  endfacet
  facet normal 0 -0 -1
    outer loop
      vertex 11.8486 26.5364 3
      vertex 12.2559 26.2829 3
      vertex 11.838 26.456 3
    endloop
  endfacet
  facet normal -0.991464 0.13038 0
    outer loop
      vertex 18.1514 25.4251 0
      vertex 18.1878 25.7019 3
      vertex 18.1878 25.7019 0
    endloop
  endfacet
  facet normal -0.991464 0.13038 0
    outer loop
      vertex 18.1878 25.7019 3
      vertex 18.1514 25.4251 0
      vertex 18.1514 25.4251 3
    endloop
  endfacet
  facet normal 0.60862 -0.793462 0
    outer loop
      vertex 12.9431 28.4321 0
      vertex 13.1646 28.602 3
      vertex 12.9431 28.4321 3
    endloop
  endfacet
  facet normal 0.60862 -0.793462 0
    outer loop
      vertex 13.1646 28.602 3
      vertex 12.9431 28.4321 0
      vertex 13.1646 28.602 0
    endloop
  endfacet
  facet normal -0.843337 -0.537385 0
    outer loop
      vertex 17.7713 27.5808 0
      vertex 17.6213 27.8162 3
      vertex 17.6213 27.8162 0
    endloop
  endfacet
  facet normal -0.843337 -0.537385 0
    outer loop
      vertex 17.6213 27.8162 3
      vertex 17.7713 27.5808 0
      vertex 17.7713 27.5808 3
    endloop
  endfacet
  facet normal 0.675627 -0.737243 0
    outer loop
      vertex 12.7373 28.2435 0
      vertex 12.9431 28.4321 3
      vertex 12.7373 28.2435 3
    endloop
  endfacet
  facet normal 0.675627 -0.737243 0
    outer loop
      vertex 12.9431 28.4321 3
      vertex 12.7373 28.2435 0
      vertex 12.9431 28.4321 0
    endloop
  endfacet
  facet normal 0.0437015 -0.999045 0
    outer loop
      vertex 14.7211 29.1686 0
      vertex 15 29.1808 3
      vertex 14.7211 29.1686 3
    endloop
  endfacet
  facet normal 0.0437015 -0.999045 0
    outer loop
      vertex 15 29.1808 3
      vertex 14.7211 29.1686 0
      vertex 15 29.1808 0
    endloop
  endfacet
  facet normal -0.675627 -0.737243 0
    outer loop
      vertex 17.0569 28.4321 0
      vertex 17.2627 28.2435 3
      vertex 17.0569 28.4321 3
    endloop
  endfacet
  facet normal -0.675627 -0.737243 -0
    outer loop
      vertex 17.2627 28.2435 3
      vertex 17.0569 28.4321 0
      vertex 17.2627 28.2435 0
    endloop
  endfacet
  facet normal -0.60862 -0.793462 0
    outer loop
      vertex 16.8354 28.602 0
      vertex 17.0569 28.4321 3
      vertex 16.8354 28.602 3
    endloop
  endfacet
  facet normal -0.60862 -0.793462 -0
    outer loop
      vertex 17.0569 28.4321 3
      vertex 16.8354 28.602 0
      vertex 17.0569 28.4321 0
    endloop
  endfacet
  facet normal 0.953648 -0.300926 0
    outer loop
      vertex 11.909 26.809 3
      vertex 11.993 27.0752 0
      vertex 11.993 27.0752 3
    endloop
  endfacet
  facet normal 0.953648 -0.300926 0
    outer loop
      vertex 11.993 27.0752 0
      vertex 11.909 26.809 3
      vertex 11.909 26.809 0
    endloop
  endfacet
  facet normal -0.887 0.46177 0
    outer loop
      vertex 17.7713 24.3808 0
      vertex 17.9002 24.6284 3
      vertex 17.9002 24.6284 0
    endloop
  endfacet
  facet normal -0.887 0.46177 0
    outer loop
      vertex 17.9002 24.6284 3
      vertex 17.7713 24.3808 0
      vertex 17.7713 24.3808 3
    endloop
  endfacet
  facet normal 0.46177 -0.887 0
    outer loop
      vertex 13.4 28.752 0
      vertex 13.6476 28.8809 3
      vertex 13.4 28.752 3
    endloop
  endfacet
  facet normal 0.46177 -0.887 0
    outer loop
      vertex 13.6476 28.8809 3
      vertex 13.4 28.752 0
      vertex 13.6476 28.8809 0
    endloop
  endfacet
  facet normal -0.887076 -0.461623 0
    outer loop
      vertex 17.9002 27.3331 0
      vertex 17.7713 27.5808 3
      vertex 17.7713 27.5808 0
    endloop
  endfacet
  facet normal -0.887076 -0.461623 0
    outer loop
      vertex 17.7713 27.5808 3
      vertex 17.9002 27.3331 0
      vertex 17.9002 27.3331 3
    endloop
  endfacet
  facet normal 0.382911 -0.923785 0
    outer loop
      vertex 13.6476 28.8809 0
      vertex 13.9055 28.9878 3
      vertex 13.6476 28.8809 3
    endloop
  endfacet
  facet normal 0.382911 -0.923785 0
    outer loop
      vertex 13.9055 28.9878 3
      vertex 13.6476 28.8809 0
      vertex 13.9055 28.9878 0
    endloop
  endfacet
  facet normal -0.216399 -0.976305 0
    outer loop
      vertex 15.5557 29.1321 0
      vertex 15.8282 29.0717 3
      vertex 15.5557 29.1321 3
    endloop
  endfacet
  facet normal -0.216399 -0.976305 -0
    outer loop
      vertex 15.8282 29.0717 3
      vertex 15.5557 29.1321 0
      vertex 15.8282 29.0717 0
    endloop
  endfacet
  facet normal -0.537385 -0.843337 0
    outer loop
      vertex 16.6 28.752 0
      vertex 16.8354 28.602 3
      vertex 16.6 28.752 3
    endloop
  endfacet
  facet normal -0.537385 -0.843337 -0
    outer loop
      vertex 16.8354 28.602 3
      vertex 16.6 28.752 0
      vertex 16.8354 28.602 0
    endloop
  endfacet
  facet normal -0.953648 -0.300926 0
    outer loop
      vertex 18.091 26.809 0
      vertex 18.007 27.0752 3
      vertex 18.007 27.0752 0
    endloop
  endfacet
  facet normal -0.953648 -0.300926 0
    outer loop
      vertex 18.007 27.0752 3
      vertex 18.091 26.809 0
      vertex 18.091 26.809 3
    endloop
  endfacet
  facet normal -0.84344 0.537223 0
    outer loop
      vertex 17.6213 24.1453 0
      vertex 17.7713 24.3808 3
      vertex 17.7713 24.3808 0
    endloop
  endfacet
  facet normal -0.84344 0.537223 0
    outer loop
      vertex 17.7713 24.3808 3
      vertex 17.6213 24.1453 0
      vertex 17.6213 24.1453 3
    endloop
  endfacet
  facet normal 0.976322 -0.216324 0
    outer loop
      vertex 11.8486 26.5364 3
      vertex 11.909 26.809 0
      vertex 11.909 26.809 3
    endloop
  endfacet
  facet normal 0.976322 -0.216324 0
    outer loop
      vertex 11.909 26.809 0
      vertex 11.8486 26.5364 3
      vertex 11.8486 26.5364 0
    endloop
  endfacet
  facet normal 0.887076 -0.461623 0
    outer loop
      vertex 12.0998 27.3331 3
      vertex 12.2287 27.5808 0
      vertex 12.2287 27.5808 3
    endloop
  endfacet
  facet normal 0.887076 -0.461623 0
    outer loop
      vertex 12.2287 27.5808 0
      vertex 12.0998 27.3331 3
      vertex 12.0998 27.3331 0
    endloop
  endfacet
  facet normal -0.976322 0.216324 0
    outer loop
      vertex 18.091 25.1525 0
      vertex 18.1514 25.4251 3
      vertex 18.1514 25.4251 0
    endloop
  endfacet
  facet normal -0.976322 0.216324 0
    outer loop
      vertex 18.1514 25.4251 3
      vertex 18.091 25.1525 0
      vertex 18.091 25.1525 3
    endloop
  endfacet
  facet normal -0.953648 0.300926 0
    outer loop
      vertex 18.007 24.8863 0
      vertex 18.091 25.1525 3
      vertex 18.091 25.1525 0
    endloop
  endfacet
  facet normal -0.953648 0.300926 0
    outer loop
      vertex 18.091 25.1525 3
      vertex 18.007 24.8863 0
      vertex 18.007 24.8863 3
    endloop
  endfacet
  facet normal -0.999045 -0.0437015 0
    outer loop
      vertex 18.2 25.9808 0
      vertex 18.1878 26.2597 3
      vertex 18.1878 26.2597 0
    endloop
  endfacet
  facet normal -0.999045 -0.0437015 0
    outer loop
      vertex 18.1878 26.2597 3
      vertex 18.2 25.9808 0
      vertex 18.2 25.9808 3
    endloop
  endfacet
  facet normal 0.793289 -0.608845 0
    outer loop
      vertex 12.3787 27.8162 3
      vertex 12.5487 28.0377 0
      vertex 12.5487 28.0377 3
    endloop
  endfacet
  facet normal 0.793289 -0.608845 0
    outer loop
      vertex 12.5487 28.0377 0
      vertex 12.3787 27.8162 3
      vertex 12.3787 27.8162 0
    endloop
  endfacet
  facet normal -0.793289 -0.608845 0
    outer loop
      vertex 17.6213 27.8162 0
      vertex 17.4513 28.0377 3
      vertex 17.4513 28.0377 0
    endloop
  endfacet
  facet normal -0.793289 -0.608845 0
    outer loop
      vertex 17.4513 28.0377 3
      vertex 17.6213 27.8162 0
      vertex 17.6213 27.8162 3
    endloop
  endfacet
  facet normal -0.0437015 -0.999045 0
    outer loop
      vertex 15 29.1808 0
      vertex 15.2789 29.1686 3
      vertex 15 29.1808 3
    endloop
  endfacet
  facet normal -0.0437015 -0.999045 -0
    outer loop
      vertex 15.2789 29.1686 3
      vertex 15 29.1808 0
      vertex 15.2789 29.1686 0
    endloop
  endfacet
  facet normal 0.737243 -0.675627 0
    outer loop
      vertex 12.5487 28.0377 3
      vertex 12.7373 28.2435 0
      vertex 12.7373 28.2435 3
    endloop
  endfacet
  facet normal 0.737243 -0.675627 0
    outer loop
      vertex 12.7373 28.2435 0
      vertex 12.5487 28.0377 3
      vertex 12.5487 28.0377 0
    endloop
  endfacet
  facet normal -0.793289 0.608845 0
    outer loop
      vertex 17.4513 23.9238 0
      vertex 17.6213 24.1453 3
      vertex 17.6213 24.1453 0
    endloop
  endfacet
  facet normal -0.793289 0.608845 0
    outer loop
      vertex 17.6213 24.1453 3
      vertex 17.4513 23.9238 0
      vertex 17.4513 23.9238 3
    endloop
  endfacet
  facet normal -0.675627 0.737243 0
    outer loop
      vertex 17.2627 23.718 0
      vertex 17.0569 23.5294 3
      vertex 17.2627 23.718 3
    endloop
  endfacet
  facet normal -0.675627 0.737243 0
    outer loop
      vertex 17.0569 23.5294 3
      vertex 17.2627 23.718 0
      vertex 17.0569 23.5294 0
    endloop
  endfacet
  facet normal -0.976322 -0.216324 0
    outer loop
      vertex 18.1514 26.5364 0
      vertex 18.091 26.809 3
      vertex 18.091 26.809 0
    endloop
  endfacet
  facet normal -0.976322 -0.216324 0
    outer loop
      vertex 18.091 26.809 3
      vertex 18.1514 26.5364 0
      vertex 18.1514 26.5364 3
    endloop
  endfacet
  facet normal 0.60862 -0.793462 0
    outer loop
      vertex -17.0569 28.4321 0
      vertex -16.8354 28.602 3
      vertex -17.0569 28.4321 3
    endloop
  endfacet
  facet normal 0.60862 -0.793462 0
    outer loop
      vertex -16.8354 28.602 3
      vertex -17.0569 28.4321 0
      vertex -16.8354 28.602 0
    endloop
  endfacet
  facet normal 0.537385 -0.843337 0
    outer loop
      vertex -16.8354 28.602 0
      vertex -16.6 28.752 3
      vertex -16.8354 28.602 3
    endloop
  endfacet
  facet normal 0.537385 -0.843337 0
    outer loop
      vertex -16.6 28.752 3
      vertex -16.8354 28.602 0
      vertex -16.6 28.752 0
    endloop
  endfacet
  facet normal 0.675627 -0.737243 0
    outer loop
      vertex -17.2627 28.2435 0
      vertex -17.0569 28.4321 3
      vertex -17.2627 28.2435 3
    endloop
  endfacet
  facet normal 0.675627 -0.737243 0
    outer loop
      vertex -17.0569 28.4321 3
      vertex -17.2627 28.2435 0
      vertex -17.0569 28.4321 0
    endloop
  endfacet
  facet normal -0.60862 -0.793462 0
    outer loop
      vertex -13.1646 28.602 0
      vertex -12.9431 28.4321 3
      vertex -13.1646 28.602 3
    endloop
  endfacet
  facet normal -0.60862 -0.793462 -0
    outer loop
      vertex -12.9431 28.4321 3
      vertex -13.1646 28.602 0
      vertex -12.9431 28.4321 0
    endloop
  endfacet
  facet normal 0.675627 0.737243 -0
    outer loop
      vertex -17.0569 23.5294 0
      vertex -17.2627 23.718 3
      vertex -17.0569 23.5294 3
    endloop
  endfacet
  facet normal 0.675627 0.737243 0
    outer loop
      vertex -17.2627 23.718 3
      vertex -17.0569 23.5294 0
      vertex -17.2627 23.718 0
    endloop
  endfacet
  facet normal -0.793289 -0.608845 0
    outer loop
      vertex -12.3787 27.8162 0
      vertex -12.5487 28.0377 3
      vertex -12.5487 28.0377 0
    endloop
  endfacet
  facet normal -0.793289 -0.608845 0
    outer loop
      vertex -12.5487 28.0377 3
      vertex -12.3787 27.8162 0
      vertex -12.3787 27.8162 3
    endloop
  endfacet
  facet normal 0.609234 0.792991 -0
    outer loop
      vertex -16.9926 23.48 0
      vertex -17.0569 23.5294 3
      vertex -16.9926 23.48 3
    endloop
  endfacet
  facet normal 0.609234 0.792991 0
    outer loop
      vertex -17.0569 23.5294 3
      vertex -16.9926 23.48 0
      vertex -17.0569 23.5294 0
    endloop
  endfacet
  facet normal 0.991458 -0.130427 0
    outer loop
      vertex -18.1878 26.2597 3
      vertex -18.1514 26.5364 0
      vertex -18.1514 26.5364 3
    endloop
  endfacet
  facet normal 0.991458 -0.130427 0
    outer loop
      vertex -18.1514 26.5364 0
      vertex -18.1878 26.2597 3
      vertex -18.1878 26.2597 0
    endloop
  endfacet
  facet normal -0.923912 -0.382605 0
    outer loop
      vertex -11.993 27.0752 0
      vertex -12.0998 27.3331 3
      vertex -12.0998 27.3331 0
    endloop
  endfacet
  facet normal -0.923912 -0.382605 0
    outer loop
      vertex -12.0998 27.3331 3
      vertex -11.993 27.0752 0
      vertex -11.993 27.0752 3
    endloop
  endfacet
  facet normal 0.923912 -0.382605 0
    outer loop
      vertex -18.007 27.0752 3
      vertex -17.9002 27.3331 0
      vertex -17.9002 27.3331 3
    endloop
  endfacet
  facet normal 0.923912 -0.382605 0
    outer loop
      vertex -17.9002 27.3331 0
      vertex -18.007 27.0752 3
      vertex -18.007 27.0752 0
    endloop
  endfacet
  facet normal 0.991464 0.13038 0
    outer loop
      vertex -18.1514 25.4251 3
      vertex -18.1878 25.7019 0
      vertex -18.1878 25.7019 3
    endloop
  endfacet
  facet normal 0.991464 0.13038 0
    outer loop
      vertex -18.1878 25.7019 0
      vertex -18.1514 25.4251 3
      vertex -18.1514 25.4251 0
    endloop
  endfacet
  facet normal 0.999045 -0.0437015 0
    outer loop
      vertex -18.2 25.9808 3
      vertex -18.1878 26.2597 0
      vertex -18.1878 26.2597 3
    endloop
  endfacet
  facet normal 0.999045 -0.0437015 0
    outer loop
      vertex -18.1878 26.2597 0
      vertex -18.2 25.9808 3
      vertex -18.2 25.9808 0
    endloop
  endfacet
  facet normal 0.382911 -0.923785 0
    outer loop
      vertex -16.3524 28.8809 0
      vertex -16.0945 28.9878 3
      vertex -16.3524 28.8809 3
    endloop
  endfacet
  facet normal 0.382911 -0.923785 0
    outer loop
      vertex -16.0945 28.9878 3
      vertex -16.3524 28.8809 0
      vertex -16.0945 28.9878 0
    endloop
  endfacet
  facet normal 0.84344 0.537223 0
    outer loop
      vertex -17.6213 24.1453 3
      vertex -17.7713 24.3808 0
      vertex -17.7713 24.3808 3
    endloop
  endfacet
  facet normal 0.84344 0.537223 0
    outer loop
      vertex -17.7713 24.3808 0
      vertex -17.6213 24.1453 3
      vertex -17.6213 24.1453 0
    endloop
  endfacet
  facet normal 0.793289 -0.608845 0
    outer loop
      vertex -17.6213 27.8162 3
      vertex -17.4513 28.0377 0
      vertex -17.4513 28.0377 3
    endloop
  endfacet
  facet normal 0.793289 -0.608845 0
    outer loop
      vertex -17.4513 28.0377 0
      vertex -17.6213 27.8162 3
      vertex -17.6213 27.8162 0
    endloop
  endfacet
  facet normal 0.300497 -0.953783 0
    outer loop
      vertex -16.0945 28.9878 0
      vertex -15.8282 29.0717 3
      vertex -16.0945 28.9878 3
    endloop
  endfacet
  facet normal 0.300497 -0.953783 0
    outer loop
      vertex -15.8282 29.0717 3
      vertex -16.0945 28.9878 0
      vertex -15.8282 29.0717 0
    endloop
  endfacet
  facet normal 0.976322 0.216324 0
    outer loop
      vertex -18.091 25.1525 3
      vertex -18.1514 25.4251 0
      vertex -18.1514 25.4251 3
    endloop
  endfacet
  facet normal 0.976322 0.216324 0
    outer loop
      vertex -18.1514 25.4251 0
      vertex -18.091 25.1525 3
      vertex -18.091 25.1525 0
    endloop
  endfacet
  facet normal -0.46177 -0.887 0
    outer loop
      vertex -13.6476 28.8809 0
      vertex -13.4 28.752 3
      vertex -13.6476 28.8809 3
    endloop
  endfacet
  facet normal -0.46177 -0.887 -0
    outer loop
      vertex -13.4 28.752 3
      vertex -13.6476 28.8809 0
      vertex -13.4 28.752 0
    endloop
  endfacet
  facet normal -0.843337 -0.537385 0
    outer loop
      vertex -12.2287 27.5808 0
      vertex -12.3787 27.8162 3
      vertex -12.3787 27.8162 0
    endloop
  endfacet
  facet normal -0.843337 -0.537385 0
    outer loop
      vertex -12.3787 27.8162 3
      vertex -12.2287 27.5808 0
      vertex -12.2287 27.5808 3
    endloop
  endfacet
  facet normal 0.216399 -0.976305 0
    outer loop
      vertex -15.8282 29.0717 0
      vertex -15.5557 29.1321 3
      vertex -15.8282 29.0717 3
    endloop
  endfacet
  facet normal 0.216399 -0.976305 0
    outer loop
      vertex -15.5557 29.1321 3
      vertex -15.8282 29.0717 0
      vertex -15.5557 29.1321 0
    endloop
  endfacet
  facet normal -0.0437015 -0.999045 0
    outer loop
      vertex -15 29.1808 0
      vertex -14.7211 29.1686 3
      vertex -15 29.1808 3
    endloop
  endfacet
  facet normal -0.0437015 -0.999045 -0
    outer loop
      vertex -14.7211 29.1686 3
      vertex -15 29.1808 0
      vertex -14.7211 29.1686 0
    endloop
  endfacet
  facet normal 0.999045 0.0437015 0
    outer loop
      vertex -18.1878 25.7019 3
      vertex -18.2 25.9808 0
      vertex -18.2 25.9808 3
    endloop
  endfacet
  facet normal 0.999045 0.0437015 0
    outer loop
      vertex -18.2 25.9808 0
      vertex -18.1878 25.7019 3
      vertex -18.1878 25.7019 0
    endloop
  endfacet
  facet normal -0.130732 -0.991418 0
    outer loop
      vertex -14.7211 29.1686 0
      vertex -14.4443 29.1321 3
      vertex -14.7211 29.1686 3
    endloop
  endfacet
  facet normal -0.130732 -0.991418 -0
    outer loop
      vertex -14.4443 29.1321 3
      vertex -14.7211 29.1686 0
      vertex -14.4443 29.1321 0
    endloop
  endfacet
  facet normal -0.737243 -0.675627 0
    outer loop
      vertex -12.5487 28.0377 0
      vertex -12.7373 28.2435 3
      vertex -12.7373 28.2435 0
    endloop
  endfacet
  facet normal -0.737243 -0.675627 0
    outer loop
      vertex -12.7373 28.2435 3
      vertex -12.5487 28.0377 0
      vertex -12.5487 28.0377 3
    endloop
  endfacet
  facet normal 0.953648 -0.300926 0
    outer loop
      vertex -18.091 26.809 3
      vertex -18.007 27.0752 0
      vertex -18.007 27.0752 3
    endloop
  endfacet
  facet normal 0.953648 -0.300926 0
    outer loop
      vertex -18.007 27.0752 0
      vertex -18.091 26.809 3
      vertex -18.091 26.809 0
    endloop
  endfacet
  facet normal 0.887 0.46177 0
    outer loop
      vertex -17.7713 24.3808 3
      vertex -17.9002 24.6284 0
      vertex -17.9002 24.6284 3
    endloop
  endfacet
  facet normal 0.887 0.46177 0
    outer loop
      vertex -17.9002 24.6284 0
      vertex -17.7713 24.3808 3
      vertex -17.7713 24.3808 0
    endloop
  endfacet
  facet normal -0.976322 -0.216324 0
    outer loop
      vertex -11.8486 26.5364 0
      vertex -11.909 26.809 3
      vertex -11.909 26.809 0
    endloop
  endfacet
  facet normal -0.976322 -0.216324 0
    outer loop
      vertex -11.909 26.809 3
      vertex -11.8486 26.5364 0
      vertex -11.8486 26.5364 3
    endloop
  endfacet
  facet normal 0.843337 -0.537385 0
    outer loop
      vertex -17.7713 27.5808 3
      vertex -17.6213 27.8162 0
      vertex -17.6213 27.8162 3
    endloop
  endfacet
  facet normal 0.843337 -0.537385 0
    outer loop
      vertex -17.6213 27.8162 0
      vertex -17.7713 27.5808 3
      vertex -17.7713 27.5808 0
    endloop
  endfacet
  facet normal -0.953648 -0.300926 0
    outer loop
      vertex -11.909 26.809 0
      vertex -11.993 27.0752 3
      vertex -11.993 27.0752 0
    endloop
  endfacet
  facet normal -0.953648 -0.300926 0
    outer loop
      vertex -11.993 27.0752 3
      vertex -11.909 26.809 0
      vertex -11.909 26.809 3
    endloop
  endfacet
  facet normal 0.887076 -0.461623 0
    outer loop
      vertex -17.9002 27.3331 3
      vertex -17.7713 27.5808 0
      vertex -17.7713 27.5808 3
    endloop
  endfacet
  facet normal 0.887076 -0.461623 0
    outer loop
      vertex -17.7713 27.5808 0
      vertex -17.9002 27.3331 3
      vertex -17.9002 27.3331 0
    endloop
  endfacet
  facet normal -0.537385 -0.843337 0
    outer loop
      vertex -13.4 28.752 0
      vertex -13.1646 28.602 3
      vertex -13.4 28.752 3
    endloop
  endfacet
  facet normal -0.537385 -0.843337 -0
    outer loop
      vertex -13.1646 28.602 3
      vertex -13.4 28.752 0
      vertex -13.1646 28.602 0
    endloop
  endfacet
  facet normal 0.737243 0.675627 0
    outer loop
      vertex -17.2627 23.718 3
      vertex -17.4513 23.9238 0
      vertex -17.4513 23.9238 3
    endloop
  endfacet
  facet normal 0.737243 0.675627 0
    outer loop
      vertex -17.4513 23.9238 0
      vertex -17.2627 23.718 3
      vertex -17.2627 23.718 0
    endloop
  endfacet
  facet normal 0 0 -1
    outer loop
      vertex -12.2559 26.2829 3
      vertex -11.8486 26.5364 3
      vertex -11.838 26.456 3
    endloop
  endfacet
  facet normal -0 0 -1
    outer loop
      vertex -11.8486 26.5364 3
      vertex -12.2559 26.2829 3
      vertex -11.909 26.809 3
    endloop
  endfacet
  facet normal -0 0 -1
    outer loop
      vertex -11.909 26.809 3
      vertex -12.2559 26.2829 3
      vertex -11.993 27.0752 3
    endloop
  endfacet
  facet normal -0 0 -1
    outer loop
      vertex -11.993 27.0752 3
      vertex -12.2559 26.2829 3
      vertex -12.0998 27.3331 3
    endloop
  endfacet
  facet normal -0 0 -1
    outer loop
      vertex -12.0998 27.3331 3
      vertex -12.2559 26.2829 3
      vertex -12.2287 27.5808 3
    endloop
  endfacet
  facet normal 0 0 -1
    outer loop
      vertex -12.2559 26.2829 3
      vertex -12.3787 27.8162 3
      vertex -12.2287 27.5808 3
    endloop
  endfacet
  facet normal 0 0 -1
    outer loop
      vertex -12.2559 26.2829 3
      vertex -12.5487 28.0377 3
      vertex -12.3787 27.8162 3
    endloop
  endfacet
  facet normal 0 0 -1
    outer loop
      vertex -12.2559 26.2829 3
      vertex -12.7373 28.2435 3
      vertex -12.5487 28.0377 3
    endloop
  endfacet
  facet normal 0 0 -1
    outer loop
      vertex -14.5 25.1147 3
      vertex -12.7373 28.2435 3
      vertex -12.2559 26.2829 3
    endloop
  endfacet
  facet normal -0 0 -1
    outer loop
      vertex -12.7373 28.2435 3
      vertex -14.5 25.1147 3
      vertex -12.9431 28.4321 3
    endloop
  endfacet
  facet normal -0 0 -1
    outer loop
      vertex -12.9431 28.4321 3
      vertex -14.5 25.1147 3
      vertex -13.1646 28.602 3
    endloop
  endfacet
  facet normal -0 0 -1
    outer loop
      vertex -13.1646 28.602 3
      vertex -14.5 25.1147 3
      vertex -13.4 28.752 3
    endloop
  endfacet
  facet normal -0 0 -1
    outer loop
      vertex -13.4 28.752 3
      vertex -14.5 25.1147 3
      vertex -13.6476 28.8809 3
    endloop
  endfacet
  facet normal -0 0 -1
    outer loop
      vertex -13.6476 28.8809 3
      vertex -14.5 25.1147 3
      vertex -13.9055 28.9878 3
    endloop
  endfacet
  facet normal -0 0 -1
    outer loop
      vertex -13.9055 28.9878 3
      vertex -14.5 25.1147 3
      vertex -14.1718 29.0717 3
    endloop
  endfacet
  facet normal -0 0 -1
    outer loop
      vertex -14.1718 29.0717 3
      vertex -14.5 25.1147 3
      vertex -14.4443 29.1321 3
    endloop
  endfacet
  facet normal 0 0 -1
    outer loop
      vertex -14.5 25.1147 3
      vertex -14.7211 29.1686 3
      vertex -14.4443 29.1321 3
    endloop
  endfacet
  facet normal 0 0 -1
    outer loop
      vertex -14.5 25.1147 3
      vertex -15 29.1808 3
      vertex -14.7211 29.1686 3
    endloop
  endfacet
  facet normal 0 0 -1
    outer loop
      vertex -14.5 25.1147 3
      vertex -15.2789 29.1686 3
      vertex -15 29.1808 3
    endloop
  endfacet
  facet normal 0 0 -1
    outer loop
      vertex -14.5 25.1147 3
      vertex -15.5557 29.1321 3
      vertex -15.2789 29.1686 3
    endloop
  endfacet
  facet normal 0 0 -1
    outer loop
      vertex -14.5 25.1147 3
      vertex -15.8282 29.0717 3
      vertex -15.5557 29.1321 3
    endloop
  endfacet
  facet normal 0 0 -1
    outer loop
      vertex -14.5 25.1147 3
      vertex -16.0945 28.9878 3
      vertex -15.8282 29.0717 3
    endloop
  endfacet
  facet normal 0 0 -1
    outer loop
      vertex -14.5 25.1147 3
      vertex -16.3524 28.8809 3
      vertex -16.0945 28.9878 3
    endloop
  endfacet
  facet normal 0 0 -1
    outer loop
      vertex -14.5 25.1147 3
      vertex -16.6 28.752 3
      vertex -16.3524 28.8809 3
    endloop
  endfacet
  facet normal 0 0 -1
    outer loop
      vertex -18.091 25.1525 3
      vertex -14.5 25.1147 3
      vertex -16.6337 23.7554 3
    endloop
  endfacet
  facet normal 0 0 -1
    outer loop
      vertex -14.5 25.1147 3
      vertex -16.8354 28.602 3
      vertex -16.6 28.752 3
    endloop
  endfacet
  facet normal 0 0 -1
    outer loop
      vertex -17.0569 23.5294 3
      vertex -16.6337 23.7554 3
      vertex -16.9926 23.48 3
    endloop
  endfacet
  facet normal 0 0 -1
    outer loop
      vertex -16.6337 23.7554 3
      vertex -17.0569 23.5294 3
      vertex -17.2627 23.718 3
    endloop
  endfacet
  facet normal 0 0 -1
    outer loop
      vertex -14.5 25.1147 3
      vertex -17.0569 28.4321 3
      vertex -16.8354 28.602 3
    endloop
  endfacet
  facet normal 0 0 -1
    outer loop
      vertex -17.4513 23.9238 3
      vertex -16.6337 23.7554 3
      vertex -17.2627 23.718 3
    endloop
  endfacet
  facet normal 0 0 -1
    outer loop
      vertex -14.5 25.1147 3
      vertex -17.2627 28.2435 3
      vertex -17.0569 28.4321 3
    endloop
  endfacet
  facet normal 0 0 -1
    outer loop
      vertex -17.6213 24.1453 3
      vertex -16.6337 23.7554 3
      vertex -17.4513 23.9238 3
    endloop
  endfacet
  facet normal 0 0 -1
    outer loop
      vertex -14.5 25.1147 3
      vertex -17.4513 28.0377 3
      vertex -17.2627 28.2435 3
    endloop
  endfacet
  facet normal 0 0 -1
    outer loop
      vertex -17.7713 24.3808 3
      vertex -16.6337 23.7554 3
      vertex -17.6213 24.1453 3
    endloop
  endfacet
  facet normal 0 0 -1
    outer loop
      vertex -14.5 25.1147 3
      vertex -17.6213 27.8162 3
      vertex -17.4513 28.0377 3
    endloop
  endfacet
  facet normal 0 0 -1
    outer loop
      vertex -17.9002 24.6284 3
      vertex -16.6337 23.7554 3
      vertex -17.7713 24.3808 3
    endloop
  endfacet
  facet normal 0 0 -1
    outer loop
      vertex -14.5 25.1147 3
      vertex -17.7713 27.5808 3
      vertex -17.6213 27.8162 3
    endloop
  endfacet
  facet normal 0 0 -1
    outer loop
      vertex -18.007 24.8863 3
      vertex -16.6337 23.7554 3
      vertex -17.9002 24.6284 3
    endloop
  endfacet
  facet normal 0 0 -1
    outer loop
      vertex -14.5 25.1147 3
      vertex -17.9002 27.3331 3
      vertex -17.7713 27.5808 3
    endloop
  endfacet
  facet normal 0 0 -1
    outer loop
      vertex -18.091 25.1525 3
      vertex -16.6337 23.7554 3
      vertex -18.007 24.8863 3
    endloop
  endfacet
  facet normal 0 0 -1
    outer loop
      vertex -14.5 25.1147 3
      vertex -18.007 27.0752 3
      vertex -17.9002 27.3331 3
    endloop
  endfacet
  facet normal 0 0 -1
    outer loop
      vertex -14.5 25.1147 3
      vertex -18.091 25.1525 3
      vertex -18.1514 25.4251 3
    endloop
  endfacet
  facet normal 0 0 -1
    outer loop
      vertex -14.5 25.1147 3
      vertex -18.091 26.809 3
      vertex -18.007 27.0752 3
    endloop
  endfacet
  facet normal 0 0 -1
    outer loop
      vertex -14.5 25.1147 3
      vertex -18.1514 25.4251 3
      vertex -18.1878 25.7019 3
    endloop
  endfacet
  facet normal 0 0 -1
    outer loop
      vertex -14.5 25.1147 3
      vertex -18.1514 26.5364 3
      vertex -18.091 26.809 3
    endloop
  endfacet
  facet normal 0 0 -1
    outer loop
      vertex -14.5 25.1147 3
      vertex -18.1878 25.7019 3
      vertex -18.2 25.9808 3
    endloop
  endfacet
  facet normal 0 0 -1
    outer loop
      vertex -14.5 25.1147 3
      vertex -18.1878 26.2597 3
      vertex -18.1514 26.5364 3
    endloop
  endfacet
  facet normal 0 0 -1
    outer loop
      vertex -14.5 25.1147 3
      vertex -18.2 25.9808 3
      vertex -18.1878 26.2597 3
    endloop
  endfacet
  facet normal 0.793289 0.608845 0
    outer loop
      vertex -17.4513 23.9238 3
      vertex -17.6213 24.1453 0
      vertex -17.6213 24.1453 3
    endloop
  endfacet
  facet normal 0.793289 0.608845 0
    outer loop
      vertex -17.6213 24.1453 0
      vertex -17.4513 23.9238 3
      vertex -17.4513 23.9238 0
    endloop
  endfacet
  facet normal -0.675627 -0.737243 0
    outer loop
      vertex -12.9431 28.4321 0
      vertex -12.7373 28.2435 3
      vertex -12.9431 28.4321 3
    endloop
  endfacet
  facet normal -0.675627 -0.737243 -0
    outer loop
      vertex -12.7373 28.2435 3
      vertex -12.9431 28.4321 0
      vertex -12.7373 28.2435 0
    endloop
  endfacet
  facet normal 0.0437015 -0.999045 0
    outer loop
      vertex -15.2789 29.1686 0
      vertex -15 29.1808 3
      vertex -15.2789 29.1686 3
    endloop
  endfacet
  facet normal 0.0437015 -0.999045 0
    outer loop
      vertex -15 29.1808 3
      vertex -15.2789 29.1686 0
      vertex -15 29.1808 0
    endloop
  endfacet
  facet normal 0.737243 -0.675627 0
    outer loop
      vertex -17.4513 28.0377 3
      vertex -17.2627 28.2435 0
      vertex -17.2627 28.2435 3
    endloop
  endfacet
  facet normal 0.737243 -0.675627 0
    outer loop
      vertex -17.2627 28.2435 0
      vertex -17.4513 28.0377 3
      vertex -17.4513 28.0377 0
    endloop
  endfacet
  facet normal 0.130732 -0.991418 0
    outer loop
      vertex -15.5557 29.1321 0
      vertex -15.2789 29.1686 3
      vertex -15.5557 29.1321 3
    endloop
  endfacet
  facet normal 0.130732 -0.991418 0
    outer loop
      vertex -15.2789 29.1686 3
      vertex -15.5557 29.1321 0
      vertex -15.2789 29.1686 0
    endloop
  endfacet
  facet normal -0.382911 -0.923785 0
    outer loop
      vertex -13.9055 28.9878 0
      vertex -13.6476 28.8809 3
      vertex -13.9055 28.9878 3
    endloop
  endfacet
  facet normal -0.382911 -0.923785 -0
    outer loop
      vertex -13.6476 28.8809 3
      vertex -13.9055 28.9878 0
      vertex -13.6476 28.8809 0
    endloop
  endfacet
  facet normal 0.976322 -0.216324 0
    outer loop
      vertex -18.1514 26.5364 3
      vertex -18.091 26.809 0
      vertex -18.091 26.809 3
    endloop
  endfacet
  facet normal 0.976322 -0.216324 0
    outer loop
      vertex -18.091 26.809 0
      vertex -18.1514 26.5364 3
      vertex -18.1514 26.5364 0
    endloop
  endfacet
  facet normal 0.953648 0.300926 0
    outer loop
      vertex -18.007 24.8863 3
      vertex -18.091 25.1525 0
      vertex -18.091 25.1525 3
    endloop
  endfacet
  facet normal 0.953648 0.300926 0
    outer loop
      vertex -18.091 25.1525 0
      vertex -18.007 24.8863 3
      vertex -18.007 24.8863 0
    endloop
  endfacet
  facet normal 0.46177 -0.887 0
    outer loop
      vertex -16.6 28.752 0
      vertex -16.3524 28.8809 3
      vertex -16.6 28.752 3
    endloop
  endfacet
  facet normal 0.46177 -0.887 0
    outer loop
      vertex -16.3524 28.8809 3
      vertex -16.6 28.752 0
      vertex -16.3524 28.8809 0
    endloop
  endfacet
  facet normal -0.887076 -0.461623 0
    outer loop
      vertex -12.0998 27.3331 0
      vertex -12.2287 27.5808 3
      vertex -12.2287 27.5808 0
    endloop
  endfacet
  facet normal -0.887076 -0.461623 0
    outer loop
      vertex -12.2287 27.5808 3
      vertex -12.0998 27.3331 0
      vertex -12.0998 27.3331 3
    endloop
  endfacet
  facet normal 0.923912 0.382605 0
    outer loop
      vertex -17.9002 24.6284 3
      vertex -18.007 24.8863 0
      vertex -18.007 24.8863 3
    endloop
  endfacet
  facet normal 0.923912 0.382605 0
    outer loop
      vertex -18.007 24.8863 0
      vertex -17.9002 24.6284 3
      vertex -17.9002 24.6284 0
    endloop
  endfacet
  facet normal -0.216399 -0.976305 0
    outer loop
      vertex -14.4443 29.1321 0
      vertex -14.1718 29.0717 3
      vertex -14.4443 29.1321 3
    endloop
  endfacet
  facet normal -0.216399 -0.976305 -0
    outer loop
      vertex -14.1718 29.0717 3
      vertex -14.4443 29.1321 0
      vertex -14.1718 29.0717 0
    endloop
  endfacet
  facet normal -0.300497 -0.953783 0
    outer loop
      vertex -14.1718 29.0717 0
      vertex -13.9055 28.9878 3
      vertex -14.1718 29.0717 3
    endloop
  endfacet
  facet normal -0.300497 -0.953783 -0
    outer loop
      vertex -13.9055 28.9878 3
      vertex -14.1718 29.0717 0
      vertex -13.9055 28.9878 0
    endloop
  endfacet
  facet normal -0.991421 -0.13071 0
    outer loop
      vertex -11.838 26.456 0
      vertex -11.8486 26.5364 3
      vertex -11.8486 26.5364 0
    endloop
  endfacet
  facet normal -0.991421 -0.13071 0
    outer loop
      vertex -11.8486 26.5364 3
      vertex -11.838 26.456 0
      vertex -11.838 26.456 3
    endloop
  endfacet
  facet normal 0.976313 0.216365 0
    outer loop
      vertex -33.091 -0.82822 3
      vertex -33.1514 -0.555674 0
      vertex -33.1514 -0.555674 3
    endloop
  endfacet
  facet normal 0.976313 0.216365 0
    outer loop
      vertex -33.1514 -0.555674 0
      vertex -33.091 -0.82822 3
      vertex -33.091 -0.82822 0
    endloop
  endfacet
  facet normal 0.953661 0.300885 0
    outer loop
      vertex -33.007 -1.09446 3
      vertex -33.091 -0.82822 0
      vertex -33.091 -0.82822 3
    endloop
  endfacet
  facet normal 0.953661 0.300885 0
    outer loop
      vertex -33.091 -0.82822 0
      vertex -33.007 -1.09446 3
      vertex -33.007 -1.09446 0
    endloop
  endfacet
  facet normal 0.999045 0.0437018 0
    outer loop
      vertex -33.1878 -0.278898 3
      vertex -33.2 0 0
      vertex -33.2 0 3
    endloop
  endfacet
  facet normal 0.999045 0.0437018 0
    outer loop
      vertex -33.2 0 0
      vertex -33.1878 -0.278898 3
      vertex -33.1878 -0.278898 0
    endloop
  endfacet
  facet normal 0.737276 0.675592 0
    outer loop
      vertex -32.2627 -2.26274 3
      vertex -32.4513 -2.05692 0
      vertex -32.4513 -2.05692 3
    endloop
  endfacet
  facet normal 0.737276 0.675592 0
    outer loop
      vertex -32.4513 -2.05692 0
      vertex -32.2627 -2.26274 3
      vertex -32.2627 -2.26274 0
    endloop
  endfacet
  facet normal 0.216468 -0.97629 0
    outer loop
      vertex -30.8282 3.09096 0
      vertex -30.5557 3.15138 3
      vertex -30.8282 3.09096 3
    endloop
  endfacet
  facet normal 0.216468 -0.97629 0
    outer loop
      vertex -30.5557 3.15138 3
      vertex -30.8282 3.09096 0
      vertex -30.5557 3.15138 0
    endloop
  endfacet
  facet normal 0.53736 -0.843353 0
    outer loop
      vertex -31.8354 2.62129 0
      vertex -31.6 2.77128 3
      vertex -31.8354 2.62129 3
    endloop
  endfacet
  facet normal 0.53736 -0.843353 0
    outer loop
      vertex -31.6 2.77128 3
      vertex -31.8354 2.62129 0
      vertex -31.6 2.77128 0
    endloop
  endfacet
  facet normal 0.04363 0.999048 -0
    outer loop
      vertex -30 -3.2 0
      vertex -30.2789 -3.18782 3
      vertex -30 -3.2 3
    endloop
  endfacet
  facet normal 0.04363 0.999048 0
    outer loop
      vertex -30.2789 -3.18782 3
      vertex -30 -3.2 0
      vertex -30.2789 -3.18782 0
    endloop
  endfacet
  facet normal 0.991463 -0.130392 0
    outer loop
      vertex -33.1878 0.278898 3
      vertex -33.1514 0.555674 0
      vertex -33.1514 0.555674 3
    endloop
  endfacet
  facet normal 0.991463 -0.130392 0
    outer loop
      vertex -33.1514 0.555674 0
      vertex -33.1878 0.278898 3
      vertex -33.1878 0.278898 0
    endloop
  endfacet
  facet normal 0.953661 -0.300885 0
    outer loop
      vertex -33.091 0.82822 3
      vertex -33.007 1.09446 0
      vertex -33.007 1.09446 3
    endloop
  endfacet
  facet normal 0.953661 -0.300885 0
    outer loop
      vertex -33.007 1.09446 0
      vertex -33.091 0.82822 3
      vertex -33.091 0.82822 0
    endloop
  endfacet
  facet normal 0.675627 -0.737243 0
    outer loop
      vertex -32.2627 2.26274 0
      vertex -32.0569 2.45134 3
      vertex -32.2627 2.26274 3
    endloop
  endfacet
  facet normal 0.675627 -0.737243 0
    outer loop
      vertex -32.0569 2.45134 3
      vertex -32.2627 2.26274 0
      vertex -32.0569 2.45134 0
    endloop
  endfacet
  facet normal 0.130521 -0.991446 0
    outer loop
      vertex -30.5557 3.15138 0
      vertex -30.2789 3.18782 3
      vertex -30.5557 3.15138 3
    endloop
  endfacet
  facet normal 0.130521 -0.991446 0
    outer loop
      vertex -30.2789 3.18782 3
      vertex -30.5557 3.15138 0
      vertex -30.2789 3.18782 0
    endloop
  endfacet
  facet normal -0.130521 -0.991446 0
    outer loop
      vertex -29.7211 3.18782 0
      vertex -29.4443 3.15138 3
      vertex -29.7211 3.18782 3
    endloop
  endfacet
  facet normal -0.130521 -0.991446 -0
    outer loop
      vertex -29.4443 3.15138 3
      vertex -29.7211 3.18782 0
      vertex -29.4443 3.15138 0
    endloop
  endfacet
  facet normal 0.53736 0.843353 -0
    outer loop
      vertex -31.6 -2.77128 0
      vertex -31.8354 -2.62129 3
      vertex -31.6 -2.77128 3
    endloop
  endfacet
  facet normal 0.53736 0.843353 0
    outer loop
      vertex -31.8354 -2.62129 3
      vertex -31.6 -2.77128 0
      vertex -31.8354 -2.62129 0
    endloop
  endfacet
  facet normal 0.46177 0.887 -0
    outer loop
      vertex -31.3524 -2.90018 0
      vertex -31.6 -2.77128 3
      vertex -31.3524 -2.90018 3
    endloop
  endfacet
  facet normal 0.46177 0.887 0
    outer loop
      vertex -31.6 -2.77128 3
      vertex -31.3524 -2.90018 0
      vertex -31.6 -2.77128 0
    endloop
  endfacet
  facet normal 0.608732 0.793376 -0
    outer loop
      vertex -31.8354 -2.62129 0
      vertex -32.0569 -2.45134 3
      vertex -31.8354 -2.62129 3
    endloop
  endfacet
  facet normal 0.608732 0.793376 0
    outer loop
      vertex -32.0569 -2.45134 3
      vertex -31.8354 -2.62129 0
      vertex -32.0569 -2.45134 0
    endloop
  endfacet
  facet normal 0.793263 0.60888 0
    outer loop
      vertex -32.4513 -2.05692 3
      vertex -32.6213 -1.83544 0
      vertex -32.6213 -1.83544 3
    endloop
  endfacet
  facet normal 0.793263 0.60888 0
    outer loop
      vertex -32.6213 -1.83544 0
      vertex -32.4513 -2.05692 3
      vertex -32.4513 -2.05692 0
    endloop
  endfacet
  facet normal 0.04363 -0.999048 0
    outer loop
      vertex -30.2789 3.18782 0
      vertex -30 3.2 3
      vertex -30.2789 3.18782 3
    endloop
  endfacet
  facet normal 0.04363 -0.999048 0
    outer loop
      vertex -30 3.2 3
      vertex -30.2789 3.18782 0
      vertex -30 3.2 0
    endloop
  endfacet
  facet normal -0.130521 0.991446 0
    outer loop
      vertex -29.4443 -3.15138 0
      vertex -29.7211 -3.18782 3
      vertex -29.4443 -3.15138 3
    endloop
  endfacet
  facet normal -0.130521 0.991446 0
    outer loop
      vertex -29.7211 -3.18782 3
      vertex -29.4443 -3.15138 0
      vertex -29.7211 -3.18782 0
    endloop
  endfacet
  facet normal 0.976313 -0.216365 0
    outer loop
      vertex -33.1514 0.555674 3
      vertex -33.091 0.82822 0
      vertex -33.091 0.82822 3
    endloop
  endfacet
  facet normal 0.976313 -0.216365 0
    outer loop
      vertex -33.091 0.82822 0
      vertex -33.1514 0.555674 3
      vertex -33.1514 0.555674 0
    endloop
  endfacet
  facet normal 0.46177 -0.887 0
    outer loop
      vertex -31.6 2.77128 0
      vertex -31.3524 2.90018 3
      vertex -31.6 2.77128 3
    endloop
  endfacet
  facet normal 0.46177 -0.887 0
    outer loop
      vertex -31.3524 2.90018 3
      vertex -31.6 2.77128 0
      vertex -31.3524 2.90018 0
    endloop
  endfacet
  facet normal -0.216468 0.97629 0
    outer loop
      vertex -29.1718 -3.09096 0
      vertex -29.4443 -3.15138 3
      vertex -29.1718 -3.09096 3
    endloop
  endfacet
  facet normal -0.216468 0.97629 0
    outer loop
      vertex -29.4443 -3.15138 3
      vertex -29.1718 -3.09096 0
      vertex -29.4443 -3.15138 0
    endloop
  endfacet
  facet normal -0.300627 0.953742 0
    outer loop
      vertex -28.9055 -3.00702 0
      vertex -29.1718 -3.09096 3
      vertex -28.9055 -3.00702 3
    endloop
  endfacet
  facet normal -0.300627 0.953742 0
    outer loop
      vertex -29.1718 -3.09096 3
      vertex -28.9055 -3.00702 0
      vertex -29.1718 -3.09096 0
    endloop
  endfacet
  facet normal 0.923923 0.38258 0
    outer loop
      vertex -32.9002 -1.35238 3
      vertex -33.007 -1.09446 0
      vertex -33.007 -1.09446 3
    endloop
  endfacet
  facet normal 0.923923 0.38258 0
    outer loop
      vertex -33.007 -1.09446 0
      vertex -32.9002 -1.35238 3
      vertex -32.9002 -1.35238 0
    endloop
  endfacet
  facet normal 0.843378 -0.53732 0
    outer loop
      vertex -32.7713 1.6 3
      vertex -32.6213 1.83544 0
      vertex -32.6213 1.83544 3
    endloop
  endfacet
  facet normal 0.843378 -0.53732 0
    outer loop
      vertex -32.6213 1.83544 0
      vertex -32.7713 1.6 3
      vertex -32.7713 1.6 0
    endloop
  endfacet
  facet normal 0.737276 -0.675592 0
    outer loop
      vertex -32.4513 2.05692 3
      vertex -32.2627 2.26274 0
      vertex -32.2627 2.26274 3
    endloop
  endfacet
  facet normal 0.737276 -0.675592 0
    outer loop
      vertex -32.2627 2.26274 0
      vertex -32.4513 2.05692 3
      vertex -32.4513 2.05692 0
    endloop
  endfacet
  facet normal 0.793263 -0.60888 0
    outer loop
      vertex -32.6213 1.83544 3
      vertex -32.4513 2.05692 0
      vertex -32.4513 2.05692 3
    endloop
  endfacet
  facet normal 0.793263 -0.60888 0
    outer loop
      vertex -32.4513 2.05692 0
      vertex -32.6213 1.83544 3
      vertex -32.6213 1.83544 0
    endloop
  endfacet
  facet normal 0.382727 0.923861 -0
    outer loop
      vertex -31.0945 -3.00702 0
      vertex -31.3524 -2.90018 3
      vertex -31.0945 -3.00702 3
    endloop
  endfacet
  facet normal 0.382727 0.923861 0
    outer loop
      vertex -31.3524 -2.90018 3
      vertex -31.0945 -3.00702 0
      vertex -31.3524 -2.90018 0
    endloop
  endfacet
  facet normal 0.843378 0.53732 0
    outer loop
      vertex -32.6213 -1.83544 3
      vertex -32.7713 -1.6 0
      vertex -32.7713 -1.6 3
    endloop
  endfacet
  facet normal 0.843378 0.53732 0
    outer loop
      vertex -32.7713 -1.6 0
      vertex -32.6213 -1.83544 3
      vertex -32.6213 -1.83544 0
    endloop
  endfacet
  facet normal -0.04363 -0.999048 0
    outer loop
      vertex -30 3.2 0
      vertex -29.7211 3.18782 3
      vertex -30 3.2 3
    endloop
  endfacet
  facet normal -0.04363 -0.999048 -0
    outer loop
      vertex -29.7211 3.18782 3
      vertex -30 3.2 0
      vertex -29.7211 3.18782 0
    endloop
  endfacet
  facet normal 0.887015 0.461741 0
    outer loop
      vertex -32.7713 -1.6 3
      vertex -32.9002 -1.35238 0
      vertex -32.9002 -1.35238 3
    endloop
  endfacet
  facet normal 0.887015 0.461741 0
    outer loop
      vertex -32.9002 -1.35238 0
      vertex -32.7713 -1.6 3
      vertex -32.7713 -1.6 0
    endloop
  endfacet
  facet normal -0.300627 -0.953742 0
    outer loop
      vertex -29.1718 3.09096 0
      vertex -28.9055 3.00702 3
      vertex -29.1718 3.09096 3
    endloop
  endfacet
  facet normal -0.300627 -0.953742 -0
    outer loop
      vertex -28.9055 3.00702 3
      vertex -29.1718 3.09096 0
      vertex -28.9055 3.00702 0
    endloop
  endfacet
  facet normal 0.991463 0.130392 0
    outer loop
      vertex -33.1514 -0.555674 3
      vertex -33.1878 -0.278898 0
      vertex -33.1878 -0.278898 3
    endloop
  endfacet
  facet normal 0.991463 0.130392 0
    outer loop
      vertex -33.1878 -0.278898 0
      vertex -33.1514 -0.555674 3
      vertex -33.1514 -0.555674 0
    endloop
  endfacet
  facet normal 0.300627 -0.953742 0
    outer loop
      vertex -31.0945 3.00702 0
      vertex -30.8282 3.09096 3
      vertex -31.0945 3.00702 3
    endloop
  endfacet
  facet normal 0.300627 -0.953742 0
    outer loop
      vertex -30.8282 3.09096 3
      vertex -31.0945 3.00702 0
      vertex -30.8282 3.09096 0
    endloop
  endfacet
  facet normal 0.382727 -0.923861 0
    outer loop
      vertex -31.3524 2.90018 0
      vertex -31.0945 3.00702 3
      vertex -31.3524 2.90018 3
    endloop
  endfacet
  facet normal 0.382727 -0.923861 0
    outer loop
      vertex -31.0945 3.00702 3
      vertex -31.3524 2.90018 0
      vertex -31.0945 3.00702 0
    endloop
  endfacet
  facet normal -0.216468 -0.97629 0
    outer loop
      vertex -29.4443 3.15138 0
      vertex -29.1718 3.09096 3
      vertex -29.4443 3.15138 3
    endloop
  endfacet
  facet normal -0.216468 -0.97629 -0
    outer loop
      vertex -29.1718 3.09096 3
      vertex -29.4443 3.15138 0
      vertex -29.1718 3.09096 0
    endloop
  endfacet
  facet normal -0.04363 0.999048 0
    outer loop
      vertex -29.7211 -3.18782 0
      vertex -30 -3.2 3
      vertex -29.7211 -3.18782 3
    endloop
  endfacet
  facet normal -0.04363 0.999048 0
    outer loop
      vertex -30 -3.2 3
      vertex -29.7211 -3.18782 0
      vertex -30 -3.2 0
    endloop
  endfacet
  facet normal 0.216468 0.97629 -0
    outer loop
      vertex -30.5557 -3.15138 0
      vertex -30.8282 -3.09096 3
      vertex -30.5557 -3.15138 3
    endloop
  endfacet
  facet normal 0.216468 0.97629 0
    outer loop
      vertex -30.8282 -3.09096 3
      vertex -30.5557 -3.15138 0
      vertex -30.8282 -3.09096 0
    endloop
  endfacet
  facet normal 0.999045 -0.0437018 0
    outer loop
      vertex -33.2 0 3
      vertex -33.1878 0.278898 0
      vertex -33.1878 0.278898 3
    endloop
  endfacet
  facet normal 0.999045 -0.0437018 0
    outer loop
      vertex -33.1878 0.278898 0
      vertex -33.2 0 3
      vertex -33.2 0 0
    endloop
  endfacet
  facet normal 0.130521 0.991446 -0
    outer loop
      vertex -30.2789 -3.18782 0
      vertex -30.5557 -3.15138 3
      vertex -30.2789 -3.18782 3
    endloop
  endfacet
  facet normal 0.130521 0.991446 0
    outer loop
      vertex -30.5557 -3.15138 3
      vertex -30.2789 -3.18782 0
      vertex -30.5557 -3.15138 0
    endloop
  endfacet
  facet normal 0.887015 -0.461741 0
    outer loop
      vertex -32.9002 1.35238 3
      vertex -32.7713 1.6 0
      vertex -32.7713 1.6 3
    endloop
  endfacet
  facet normal 0.887015 -0.461741 0
    outer loop
      vertex -32.7713 1.6 0
      vertex -32.9002 1.35238 3
      vertex -32.9002 1.35238 0
    endloop
  endfacet
  facet normal 0.675627 0.737243 -0
    outer loop
      vertex -32.0569 -2.45134 0
      vertex -32.2627 -2.26274 3
      vertex -32.0569 -2.45134 3
    endloop
  endfacet
  facet normal 0.675627 0.737243 0
    outer loop
      vertex -32.2627 -2.26274 3
      vertex -32.0569 -2.45134 0
      vertex -32.2627 -2.26274 0
    endloop
  endfacet
  facet normal 0.923923 -0.38258 0
    outer loop
      vertex -33.007 1.09446 3
      vertex -32.9002 1.35238 0
      vertex -32.9002 1.35238 3
    endloop
  endfacet
  facet normal 0.923923 -0.38258 0
    outer loop
      vertex -32.9002 1.35238 0
      vertex -33.007 1.09446 3
      vertex -33.007 1.09446 0
    endloop
  endfacet
  facet normal 0.300627 0.953742 -0
    outer loop
      vertex -30.8282 -3.09096 0
      vertex -31.0945 -3.00702 3
      vertex -30.8282 -3.09096 3
    endloop
  endfacet
  facet normal 0.300627 0.953742 0
    outer loop
      vertex -31.0945 -3.00702 3
      vertex -30.8282 -3.09096 0
      vertex -31.0945 -3.00702 0
    endloop
  endfacet
  facet normal 0.608732 -0.793376 0
    outer loop
      vertex -32.0569 2.45134 0
      vertex -31.8354 2.62129 3
      vertex -32.0569 2.45134 3
    endloop
  endfacet
  facet normal 0.608732 -0.793376 0
    outer loop
      vertex -31.8354 2.62129 3
      vertex -32.0569 2.45134 0
      vertex -31.8354 2.62129 0
    endloop
  endfacet
  facet normal -0.382846 -0.923812 0
    outer loop
      vertex -28.9055 3.00702 0
      vertex -28.8306 2.97598 3
      vertex -28.9055 3.00702 3
    endloop
  endfacet
  facet normal -0.382846 -0.923812 -0
    outer loop
      vertex -28.8306 2.97598 3
      vertex -28.9055 3.00702 0
      vertex -28.8306 2.97598 0
    endloop
  endfacet
  facet normal -0.382846 0.923812 0
    outer loop
      vertex -28.8306 -2.97598 0
      vertex -28.9055 -3.00702 3
      vertex -28.8306 -2.97598 3
    endloop
  endfacet
  facet normal -0.382846 0.923812 0
    outer loop
      vertex -28.9055 -3.00702 3
      vertex -28.8306 -2.97598 0
      vertex -28.9055 -3.00702 0
    endloop
  endfacet
  facet normal 0 0 -1
    outer loop
      vertex -28.9055 -3.00702 3
      vertex -28.8896 -2.52752 3
      vertex -28.8306 -2.97598 3
    endloop
  endfacet
  facet normal 0 0 -1
    outer loop
      vertex -29.1718 -3.09096 3
      vertex -28.8896 -2.52752 3
      vertex -28.9055 -3.00702 3
    endloop
  endfacet
  facet normal 0 0 -1
    outer loop
      vertex -29.4443 -3.15138 3
      vertex -28.8896 -2.52752 3
      vertex -29.1718 -3.09096 3
    endloop
  endfacet
  facet normal 0 0 -1
    outer loop
      vertex -28.8896 2.52752 3
      vertex -28.9055 3.00702 3
      vertex -28.8306 2.97598 3
    endloop
  endfacet
  facet normal 0 0 -1
    outer loop
      vertex -30.5557 3.15138 3
      vertex -28.8896 2.52752 3
      vertex -29 0 3
    endloop
  endfacet
  facet normal 0 0 -1
    outer loop
      vertex -29.7211 -3.18782 3
      vertex -28.8896 -2.52752 3
      vertex -29.4443 -3.15138 3
    endloop
  endfacet
  facet normal 0 0 -1
    outer loop
      vertex -28.8896 2.52752 3
      vertex -29.1718 3.09096 3
      vertex -28.9055 3.00702 3
    endloop
  endfacet
  facet normal 0 0 -1
    outer loop
      vertex -30 -3.2 3
      vertex -28.8896 -2.52752 3
      vertex -29.7211 -3.18782 3
    endloop
  endfacet
  facet normal 0 0 -1
    outer loop
      vertex -28.8896 2.52752 3
      vertex -29.4443 3.15138 3
      vertex -29.1718 3.09096 3
    endloop
  endfacet
  facet normal 0 0 -1
    outer loop
      vertex -30.2789 -3.18782 3
      vertex -28.8896 -2.52752 3
      vertex -30 -3.2 3
    endloop
  endfacet
  facet normal 0 0 -1
    outer loop
      vertex -28.8896 2.52752 3
      vertex -29.7211 3.18782 3
      vertex -29.4443 3.15138 3
    endloop
  endfacet
  facet normal 0 0 -1
    outer loop
      vertex -30.5557 -3.15138 3
      vertex -28.8896 -2.52752 3
      vertex -30.2789 -3.18782 3
    endloop
  endfacet
  facet normal 0 0 -1
    outer loop
      vertex -28.8896 2.52752 3
      vertex -30 3.2 3
      vertex -29.7211 3.18782 3
    endloop
  endfacet
  facet normal -0 0 -1
    outer loop
      vertex -28.8896 -2.52752 3
      vertex -30.5557 -3.15138 3
      vertex -29 0 3
    endloop
  endfacet
  facet normal 0 0 -1
    outer loop
      vertex -28.8896 2.52752 3
      vertex -30.2789 3.18782 3
      vertex -30 3.2 3
    endloop
  endfacet
  facet normal 0 0 -1
    outer loop
      vertex -30.8282 -3.09096 3
      vertex -29 0 3
      vertex -30.5557 -3.15138 3
    endloop
  endfacet
  facet normal 0 0 -1
    outer loop
      vertex -28.8896 2.52752 3
      vertex -30.5557 3.15138 3
      vertex -30.2789 3.18782 3
    endloop
  endfacet
  facet normal 0 0 -1
    outer loop
      vertex -31.0945 -3.00702 3
      vertex -29 0 3
      vertex -30.8282 -3.09096 3
    endloop
  endfacet
  facet normal 0 0 -1
    outer loop
      vertex -29 0 3
      vertex -30.8282 3.09096 3
      vertex -30.5557 3.15138 3
    endloop
  endfacet
  facet normal 0 0 -1
    outer loop
      vertex -31.3524 -2.90018 3
      vertex -29 0 3
      vertex -31.0945 -3.00702 3
    endloop
  endfacet
  facet normal 0 0 -1
    outer loop
      vertex -29 0 3
      vertex -31.0945 3.00702 3
      vertex -30.8282 3.09096 3
    endloop
  endfacet
  facet normal 0 0 -1
    outer loop
      vertex -31.6 -2.77128 3
      vertex -29 0 3
      vertex -31.3524 -2.90018 3
    endloop
  endfacet
  facet normal 0 0 -1
    outer loop
      vertex -29 0 3
      vertex -31.3524 2.90018 3
      vertex -31.0945 3.00702 3
    endloop
  endfacet
  facet normal 0 0 -1
    outer loop
      vertex -31.8354 -2.62129 3
      vertex -29 0 3
      vertex -31.6 -2.77128 3
    endloop
  endfacet
  facet normal 0 0 -1
    outer loop
      vertex -29 0 3
      vertex -31.6 2.77128 3
      vertex -31.3524 2.90018 3
    endloop
  endfacet
  facet normal 0 0 -1
    outer loop
      vertex -32.0569 -2.45134 3
      vertex -29 0 3
      vertex -31.8354 -2.62129 3
    endloop
  endfacet
  facet normal 0 0 -1
    outer loop
      vertex -29 0 3
      vertex -31.8354 2.62129 3
      vertex -31.6 2.77128 3
    endloop
  endfacet
  facet normal 0 0 -1
    outer loop
      vertex -32.2627 -2.26274 3
      vertex -29 0 3
      vertex -32.0569 -2.45134 3
    endloop
  endfacet
  facet normal 0 0 -1
    outer loop
      vertex -29 0 3
      vertex -32.0569 2.45134 3
      vertex -31.8354 2.62129 3
    endloop
  endfacet
  facet normal 0 0 -1
    outer loop
      vertex -32.4513 -2.05692 3
      vertex -29 0 3
      vertex -32.2627 -2.26274 3
    endloop
  endfacet
  facet normal 0 0 -1
    outer loop
      vertex -29 0 3
      vertex -32.2627 2.26274 3
      vertex -32.0569 2.45134 3
    endloop
  endfacet
  facet normal 0 0 -1
    outer loop
      vertex -32.6213 -1.83544 3
      vertex -29 0 3
      vertex -32.4513 -2.05692 3
    endloop
  endfacet
  facet normal 0 0 -1
    outer loop
      vertex -29 0 3
      vertex -32.4513 2.05692 3
      vertex -32.2627 2.26274 3
    endloop
  endfacet
  facet normal 0 0 -1
    outer loop
      vertex -32.7713 -1.6 3
      vertex -29 0 3
      vertex -32.6213 -1.83544 3
    endloop
  endfacet
  facet normal 0 0 -1
    outer loop
      vertex -29 0 3
      vertex -32.6213 1.83544 3
      vertex -32.4513 2.05692 3
    endloop
  endfacet
  facet normal 0 0 -1
    outer loop
      vertex -32.9002 -1.35238 3
      vertex -29 0 3
      vertex -32.7713 -1.6 3
    endloop
  endfacet
  facet normal 0 0 -1
    outer loop
      vertex -29 0 3
      vertex -32.7713 1.6 3
      vertex -32.6213 1.83544 3
    endloop
  endfacet
  facet normal 0 0 -1
    outer loop
      vertex -33.007 -1.09446 3
      vertex -29 0 3
      vertex -32.9002 -1.35238 3
    endloop
  endfacet
  facet normal 0 0 -1
    outer loop
      vertex -29 0 3
      vertex -32.9002 1.35238 3
      vertex -32.7713 1.6 3
    endloop
  endfacet
  facet normal 0 0 -1
    outer loop
      vertex -33.091 -0.82822 3
      vertex -29 0 3
      vertex -33.007 -1.09446 3
    endloop
  endfacet
  facet normal 0 0 -1
    outer loop
      vertex -29 0 3
      vertex -33.007 1.09446 3
      vertex -32.9002 1.35238 3
    endloop
  endfacet
  facet normal 0 0 -1
    outer loop
      vertex -33.1514 -0.555674 3
      vertex -29 0 3
      vertex -33.091 -0.82822 3
    endloop
  endfacet
  facet normal 0 0 -1
    outer loop
      vertex -29 0 3
      vertex -33.091 0.82822 3
      vertex -33.007 1.09446 3
    endloop
  endfacet
  facet normal 0 0 -1
    outer loop
      vertex -33.1878 -0.278898 3
      vertex -29 0 3
      vertex -33.1514 -0.555674 3
    endloop
  endfacet
  facet normal 0 0 -1
    outer loop
      vertex -29 0 3
      vertex -33.1514 0.555674 3
      vertex -33.091 0.82822 3
    endloop
  endfacet
  facet normal 0 0 -1
    outer loop
      vertex -33.2 0 3
      vertex -29 0 3
      vertex -33.1878 -0.278898 3
    endloop
  endfacet
  facet normal 0 0 -1
    outer loop
      vertex -29 0 3
      vertex -33.1878 0.278898 3
      vertex -33.1514 0.555674 3
    endloop
  endfacet
  facet normal 0 0 -1
    outer loop
      vertex -29 0 3
      vertex -33.2 0 3
      vertex -33.1878 0.278898 3
    endloop
  endfacet
  facet normal 0.537385 0.843337 -0
    outer loop
      vertex -16.6 -28.752 0
      vertex -16.8354 -28.602 3
      vertex -16.6 -28.752 3
    endloop
  endfacet
  facet normal 0.537385 0.843337 0
    outer loop
      vertex -16.8354 -28.602 3
      vertex -16.6 -28.752 0
      vertex -16.8354 -28.602 0
    endloop
  endfacet
  facet normal 0.300497 0.953783 -0
    outer loop
      vertex -15.8282 -29.0717 0
      vertex -16.0945 -28.9878 3
      vertex -15.8282 -29.0717 3
    endloop
  endfacet
  facet normal 0.300497 0.953783 0
    outer loop
      vertex -16.0945 -28.9878 3
      vertex -15.8282 -29.0717 0
      vertex -16.0945 -28.9878 0
    endloop
  endfacet
  facet normal 0.46177 0.887 -0
    outer loop
      vertex -16.3524 -28.8809 0
      vertex -16.6 -28.752 3
      vertex -16.3524 -28.8809 3
    endloop
  endfacet
  facet normal 0.46177 0.887 0
    outer loop
      vertex -16.6 -28.752 3
      vertex -16.3524 -28.8809 0
      vertex -16.6 -28.752 0
    endloop
  endfacet
  facet normal 0.923912 0.382605 0
    outer loop
      vertex -17.9002 -27.3331 3
      vertex -18.007 -27.0752 0
      vertex -18.007 -27.0752 3
    endloop
  endfacet
  facet normal 0.923912 0.382605 0
    outer loop
      vertex -18.007 -27.0752 0
      vertex -17.9002 -27.3331 3
      vertex -17.9002 -27.3331 0
    endloop
  endfacet
  facet normal 0.737243 -0.675627 0
    outer loop
      vertex -17.4513 -23.9238 3
      vertex -17.2627 -23.718 0
      vertex -17.2627 -23.718 3
    endloop
  endfacet
  facet normal 0.737243 -0.675627 0
    outer loop
      vertex -17.2627 -23.718 0
      vertex -17.4513 -23.9238 3
      vertex -17.4513 -23.9238 0
    endloop
  endfacet
  facet normal 0.923912 -0.382605 0
    outer loop
      vertex -18.007 -24.8863 3
      vertex -17.9002 -24.6284 0
      vertex -17.9002 -24.6284 3
    endloop
  endfacet
  facet normal 0.923912 -0.382605 0
    outer loop
      vertex -17.9002 -24.6284 0
      vertex -18.007 -24.8863 3
      vertex -18.007 -24.8863 0
    endloop
  endfacet
  facet normal -0.300497 0.953783 0
    outer loop
      vertex -13.9055 -28.9878 0
      vertex -14.1718 -29.0717 3
      vertex -13.9055 -28.9878 3
    endloop
  endfacet
  facet normal -0.300497 0.953783 0
    outer loop
      vertex -14.1718 -29.0717 3
      vertex -13.9055 -28.9878 0
      vertex -14.1718 -29.0717 0
    endloop
  endfacet
  facet normal -0.991421 0.13071 0
    outer loop
      vertex -11.8486 -26.5364 0
      vertex -11.838 -26.456 3
      vertex -11.838 -26.456 0
    endloop
  endfacet
  facet normal -0.991421 0.13071 0
    outer loop
      vertex -11.838 -26.456 3
      vertex -11.8486 -26.5364 0
      vertex -11.8486 -26.5364 3
    endloop
  endfacet
  facet normal 0.999045 -0.0437015 0
    outer loop
      vertex -18.2 -25.9808 3
      vertex -18.1878 -25.7019 0
      vertex -18.1878 -25.7019 3
    endloop
  endfacet
  facet normal 0.999045 -0.0437015 0
    outer loop
      vertex -18.1878 -25.7019 0
      vertex -18.2 -25.9808 3
      vertex -18.2 -25.9808 0
    endloop
  endfacet
  facet normal -0.976322 0.216324 0
    outer loop
      vertex -11.909 -26.809 0
      vertex -11.8486 -26.5364 3
      vertex -11.8486 -26.5364 0
    endloop
  endfacet
  facet normal -0.976322 0.216324 0
    outer loop
      vertex -11.8486 -26.5364 3
      vertex -11.909 -26.809 0
      vertex -11.909 -26.809 3
    endloop
  endfacet
  facet normal 0.991458 0.130427 0
    outer loop
      vertex -18.1514 -26.5364 3
      vertex -18.1878 -26.2597 0
      vertex -18.1878 -26.2597 3
    endloop
  endfacet
  facet normal 0.991458 0.130427 0
    outer loop
      vertex -18.1878 -26.2597 0
      vertex -18.1514 -26.5364 3
      vertex -18.1514 -26.5364 0
    endloop
  endfacet
  facet normal 0.609234 -0.792991 0
    outer loop
      vertex -17.0569 -23.5294 0
      vertex -16.9926 -23.48 3
      vertex -17.0569 -23.5294 3
    endloop
  endfacet
  facet normal 0.609234 -0.792991 0
    outer loop
      vertex -16.9926 -23.48 3
      vertex -17.0569 -23.5294 0
      vertex -16.9926 -23.48 0
    endloop
  endfacet
  facet normal -0.537385 0.843337 0
    outer loop
      vertex -13.1646 -28.602 0
      vertex -13.4 -28.752 3
      vertex -13.1646 -28.602 3
    endloop
  endfacet
  facet normal -0.537385 0.843337 0
    outer loop
      vertex -13.4 -28.752 3
      vertex -13.1646 -28.602 0
      vertex -13.4 -28.752 0
    endloop
  endfacet
  facet normal -0.130732 0.991418 0
    outer loop
      vertex -14.4443 -29.1321 0
      vertex -14.7211 -29.1686 3
      vertex -14.4443 -29.1321 3
    endloop
  endfacet
  facet normal -0.130732 0.991418 0
    outer loop
      vertex -14.7211 -29.1686 3
      vertex -14.4443 -29.1321 0
      vertex -14.7211 -29.1686 0
    endloop
  endfacet
  facet normal -0.843337 0.537385 0
    outer loop
      vertex -12.3787 -27.8162 0
      vertex -12.2287 -27.5808 3
      vertex -12.2287 -27.5808 0
    endloop
  endfacet
  facet normal -0.843337 0.537385 0
    outer loop
      vertex -12.2287 -27.5808 3
      vertex -12.3787 -27.8162 0
      vertex -12.3787 -27.8162 3
    endloop
  endfacet
  facet normal -0.60862 0.793462 0
    outer loop
      vertex -12.9431 -28.4321 0
      vertex -13.1646 -28.602 3
      vertex -12.9431 -28.4321 3
    endloop
  endfacet
  facet normal -0.60862 0.793462 0
    outer loop
      vertex -13.1646 -28.602 3
      vertex -12.9431 -28.4321 0
      vertex -13.1646 -28.602 0
    endloop
  endfacet
  facet normal 0.130732 0.991418 -0
    outer loop
      vertex -15.2789 -29.1686 0
      vertex -15.5557 -29.1321 3
      vertex -15.2789 -29.1686 3
    endloop
  endfacet
  facet normal 0.130732 0.991418 0
    outer loop
      vertex -15.5557 -29.1321 3
      vertex -15.2789 -29.1686 0
      vertex -15.5557 -29.1321 0
    endloop
  endfacet
  facet normal -0.793289 0.608845 0
    outer loop
      vertex -12.5487 -28.0377 0
      vertex -12.3787 -27.8162 3
      vertex -12.3787 -27.8162 0
    endloop
  endfacet
  facet normal -0.793289 0.608845 0
    outer loop
      vertex -12.3787 -27.8162 3
      vertex -12.5487 -28.0377 0
      vertex -12.5487 -28.0377 3
    endloop
  endfacet
  facet normal -0.46177 0.887 0
    outer loop
      vertex -13.4 -28.752 0
      vertex -13.6476 -28.8809 3
      vertex -13.4 -28.752 3
    endloop
  endfacet
  facet normal -0.46177 0.887 0
    outer loop
      vertex -13.6476 -28.8809 3
      vertex -13.4 -28.752 0
      vertex -13.6476 -28.8809 0
    endloop
  endfacet
  facet normal 0.991464 -0.13038 0
    outer loop
      vertex -18.1878 -25.7019 3
      vertex -18.1514 -25.4251 0
      vertex -18.1514 -25.4251 3
    endloop
  endfacet
  facet normal 0.991464 -0.13038 0
    outer loop
      vertex -18.1514 -25.4251 0
      vertex -18.1878 -25.7019 3
      vertex -18.1878 -25.7019 0
    endloop
  endfacet
  facet normal 0.843337 0.537385 0
    outer loop
      vertex -17.6213 -27.8162 3
      vertex -17.7713 -27.5808 0
      vertex -17.7713 -27.5808 3
    endloop
  endfacet
  facet normal 0.843337 0.537385 0
    outer loop
      vertex -17.7713 -27.5808 0
      vertex -17.6213 -27.8162 3
      vertex -17.6213 -27.8162 0
    endloop
  endfacet
  facet normal 0.976322 -0.216324 0
    outer loop
      vertex -18.1514 -25.4251 3
      vertex -18.091 -25.1525 0
      vertex -18.091 -25.1525 3
    endloop
  endfacet
  facet normal 0.976322 -0.216324 0
    outer loop
      vertex -18.091 -25.1525 0
      vertex -18.1514 -25.4251 3
      vertex -18.1514 -25.4251 0
    endloop
  endfacet
  facet normal 0.382911 0.923785 -0
    outer loop
      vertex -16.0945 -28.9878 0
      vertex -16.3524 -28.8809 3
      vertex -16.0945 -28.9878 3
    endloop
  endfacet
  facet normal 0.382911 0.923785 0
    outer loop
      vertex -16.3524 -28.8809 3
      vertex -16.0945 -28.9878 0
      vertex -16.3524 -28.8809 0
    endloop
  endfacet
  facet normal -0.0437015 0.999045 0
    outer loop
      vertex -14.7211 -29.1686 0
      vertex -15 -29.1808 3
      vertex -14.7211 -29.1686 3
    endloop
  endfacet
  facet normal -0.0437015 0.999045 0
    outer loop
      vertex -15 -29.1808 3
      vertex -14.7211 -29.1686 0
      vertex -15 -29.1808 0
    endloop
  endfacet
  facet normal -0.675627 0.737243 0
    outer loop
      vertex -12.7373 -28.2435 0
      vertex -12.9431 -28.4321 3
      vertex -12.7373 -28.2435 3
    endloop
  endfacet
  facet normal -0.675627 0.737243 0
    outer loop
      vertex -12.9431 -28.4321 3
      vertex -12.7373 -28.2435 0
      vertex -12.9431 -28.4321 0
    endloop
  endfacet
  facet normal 0.737243 0.675627 0
    outer loop
      vertex -17.2627 -28.2435 3
      vertex -17.4513 -28.0377 0
      vertex -17.4513 -28.0377 3
    endloop
  endfacet
  facet normal 0.737243 0.675627 0
    outer loop
      vertex -17.4513 -28.0377 0
      vertex -17.2627 -28.2435 3
      vertex -17.2627 -28.2435 0
    endloop
  endfacet
  facet normal 0.675627 0.737243 -0
    outer loop
      vertex -17.0569 -28.4321 0
      vertex -17.2627 -28.2435 3
      vertex -17.0569 -28.4321 3
    endloop
  endfacet
  facet normal 0.675627 0.737243 0
    outer loop
      vertex -17.2627 -28.2435 3
      vertex -17.0569 -28.4321 0
      vertex -17.2627 -28.2435 0
    endloop
  endfacet
  facet normal 0.60862 0.793462 -0
    outer loop
      vertex -16.8354 -28.602 0
      vertex -17.0569 -28.4321 3
      vertex -16.8354 -28.602 3
    endloop
  endfacet
  facet normal 0.60862 0.793462 0
    outer loop
      vertex -17.0569 -28.4321 3
      vertex -16.8354 -28.602 0
      vertex -17.0569 -28.4321 0
    endloop
  endfacet
  facet normal -0.953648 0.300926 0
    outer loop
      vertex -11.993 -27.0752 0
      vertex -11.909 -26.809 3
      vertex -11.909 -26.809 0
    endloop
  endfacet
  facet normal -0.953648 0.300926 0
    outer loop
      vertex -11.909 -26.809 3
      vertex -11.993 -27.0752 0
      vertex -11.993 -27.0752 3
    endloop
  endfacet
  facet normal 0.887 -0.46177 0
    outer loop
      vertex -17.9002 -24.6284 3
      vertex -17.7713 -24.3808 0
      vertex -17.7713 -24.3808 3
    endloop
  endfacet
  facet normal 0.887 -0.46177 0
    outer loop
      vertex -17.7713 -24.3808 0
      vertex -17.9002 -24.6284 3
      vertex -17.9002 -24.6284 0
    endloop
  endfacet
  facet normal 0.887076 0.461623 0
    outer loop
      vertex -17.7713 -27.5808 3
      vertex -17.9002 -27.3331 0
      vertex -17.9002 -27.3331 3
    endloop
  endfacet
  facet normal 0.887076 0.461623 0
    outer loop
      vertex -17.9002 -27.3331 0
      vertex -17.7713 -27.5808 3
      vertex -17.7713 -27.5808 0
    endloop
  endfacet
  facet normal 0.953648 0.300926 0
    outer loop
      vertex -18.007 -27.0752 3
      vertex -18.091 -26.809 0
      vertex -18.091 -26.809 3
    endloop
  endfacet
  facet normal 0.953648 0.300926 0
    outer loop
      vertex -18.091 -26.809 0
      vertex -18.007 -27.0752 3
      vertex -18.007 -27.0752 0
    endloop
  endfacet
  facet normal 0.793289 0.608845 0
    outer loop
      vertex -17.4513 -28.0377 3
      vertex -17.6213 -27.8162 0
      vertex -17.6213 -27.8162 3
    endloop
  endfacet
  facet normal 0.793289 0.608845 0
    outer loop
      vertex -17.6213 -27.8162 0
      vertex -17.4513 -28.0377 3
      vertex -17.4513 -28.0377 0
    endloop
  endfacet
  facet normal -0.382911 0.923785 0
    outer loop
      vertex -13.6476 -28.8809 0
      vertex -13.9055 -28.9878 3
      vertex -13.6476 -28.8809 3
    endloop
  endfacet
  facet normal -0.382911 0.923785 0
    outer loop
      vertex -13.9055 -28.9878 3
      vertex -13.6476 -28.8809 0
      vertex -13.9055 -28.9878 0
    endloop
  endfacet
  facet normal 0.216399 0.976305 -0
    outer loop
      vertex -15.5557 -29.1321 0
      vertex -15.8282 -29.0717 3
      vertex -15.5557 -29.1321 3
    endloop
  endfacet
  facet normal 0.216399 0.976305 0
    outer loop
      vertex -15.8282 -29.0717 3
      vertex -15.5557 -29.1321 0
      vertex -15.8282 -29.0717 0
    endloop
  endfacet
  facet normal 0.84344 -0.537223 0
    outer loop
      vertex -17.7713 -24.3808 3
      vertex -17.6213 -24.1453 0
      vertex -17.6213 -24.1453 3
    endloop
  endfacet
  facet normal 0.84344 -0.537223 0
    outer loop
      vertex -17.6213 -24.1453 0
      vertex -17.7713 -24.3808 3
      vertex -17.7713 -24.3808 0
    endloop
  endfacet
  facet normal -0.923912 0.382605 0
    outer loop
      vertex -12.0998 -27.3331 0
      vertex -11.993 -27.0752 3
      vertex -11.993 -27.0752 0
    endloop
  endfacet
  facet normal -0.923912 0.382605 0
    outer loop
      vertex -11.993 -27.0752 3
      vertex -12.0998 -27.3331 0
      vertex -12.0998 -27.3331 3
    endloop
  endfacet
  facet normal -0.887076 0.461623 0
    outer loop
      vertex -12.2287 -27.5808 0
      vertex -12.0998 -27.3331 3
      vertex -12.0998 -27.3331 0
    endloop
  endfacet
  facet normal -0.887076 0.461623 0
    outer loop
      vertex -12.0998 -27.3331 3
      vertex -12.2287 -27.5808 0
      vertex -12.2287 -27.5808 3
    endloop
  endfacet
  facet normal -0.216399 0.976305 0
    outer loop
      vertex -14.1718 -29.0717 0
      vertex -14.4443 -29.1321 3
      vertex -14.1718 -29.0717 3
    endloop
  endfacet
  facet normal -0.216399 0.976305 0
    outer loop
      vertex -14.4443 -29.1321 3
      vertex -14.1718 -29.0717 0
      vertex -14.4443 -29.1321 0
    endloop
  endfacet
  facet normal 0.953648 -0.300926 0
    outer loop
      vertex -18.091 -25.1525 3
      vertex -18.007 -24.8863 0
      vertex -18.007 -24.8863 3
    endloop
  endfacet
  facet normal 0.953648 -0.300926 0
    outer loop
      vertex -18.007 -24.8863 0
      vertex -18.091 -25.1525 3
      vertex -18.091 -25.1525 0
    endloop
  endfacet
  facet normal 0.999045 0.0437015 0
    outer loop
      vertex -18.1878 -26.2597 3
      vertex -18.2 -25.9808 0
      vertex -18.2 -25.9808 3
    endloop
  endfacet
  facet normal 0.999045 0.0437015 0
    outer loop
      vertex -18.2 -25.9808 0
      vertex -18.1878 -26.2597 3
      vertex -18.1878 -26.2597 0
    endloop
  endfacet
  facet normal -0.737243 0.675627 0
    outer loop
      vertex -12.7373 -28.2435 0
      vertex -12.5487 -28.0377 3
      vertex -12.5487 -28.0377 0
    endloop
  endfacet
  facet normal -0.737243 0.675627 0
    outer loop
      vertex -12.5487 -28.0377 3
      vertex -12.7373 -28.2435 0
      vertex -12.7373 -28.2435 3
    endloop
  endfacet
  facet normal 0.0437015 0.999045 -0
    outer loop
      vertex -15 -29.1808 0
      vertex -15.2789 -29.1686 3
      vertex -15 -29.1808 3
    endloop
  endfacet
  facet normal 0.0437015 0.999045 0
    outer loop
      vertex -15.2789 -29.1686 3
      vertex -15 -29.1808 0
      vertex -15.2789 -29.1686 0
    endloop
  endfacet
  facet normal 0.793289 -0.608845 0
    outer loop
      vertex -17.6213 -24.1453 3
      vertex -17.4513 -23.9238 0
      vertex -17.4513 -23.9238 3
    endloop
  endfacet
  facet normal 0.793289 -0.608845 0
    outer loop
      vertex -17.4513 -23.9238 0
      vertex -17.6213 -24.1453 3
      vertex -17.6213 -24.1453 0
    endloop
  endfacet
  facet normal 0.675627 -0.737243 0
    outer loop
      vertex -17.2627 -23.718 0
      vertex -17.0569 -23.5294 3
      vertex -17.2627 -23.718 3
    endloop
  endfacet
  facet normal 0.675627 -0.737243 0
    outer loop
      vertex -17.0569 -23.5294 3
      vertex -17.2627 -23.718 0
      vertex -17.0569 -23.5294 0
    endloop
  endfacet
  facet normal 0.976322 0.216324 0
    outer loop
      vertex -18.091 -26.809 3
      vertex -18.1514 -26.5364 0
      vertex -18.1514 -26.5364 3
    endloop
  endfacet
  facet normal 0.976322 0.216324 0
    outer loop
      vertex -18.1514 -26.5364 0
      vertex -18.091 -26.809 3
      vertex -18.091 -26.809 0
    endloop
  endfacet
  facet normal 0 0 -1
    outer loop
      vertex -12.2559 -26.2829 3
      vertex -11.8486 -26.5364 3
      vertex -11.909 -26.809 3
    endloop
  endfacet
  facet normal 0 0 -1
    outer loop
      vertex -12.2559 -26.2829 3
      vertex -11.909 -26.809 3
      vertex -11.993 -27.0752 3
    endloop
  endfacet
  facet normal 0 0 -1
    outer loop
      vertex -12.2559 -26.2829 3
      vertex -11.993 -27.0752 3
      vertex -12.0998 -27.3331 3
    endloop
  endfacet
  facet normal 0 0 -1
    outer loop
      vertex -12.2559 -26.2829 3
      vertex -12.0998 -27.3331 3
      vertex -12.2287 -27.5808 3
    endloop
  endfacet
  facet normal 0 0 -1
    outer loop
      vertex -11.8486 -26.5364 3
      vertex -12.2559 -26.2829 3
      vertex -11.838 -26.456 3
    endloop
  endfacet
  facet normal 0 0 -1
    outer loop
      vertex -12.3787 -27.8162 3
      vertex -12.2559 -26.2829 3
      vertex -12.2287 -27.5808 3
    endloop
  endfacet
  facet normal 0 0 -1
    outer loop
      vertex -12.5487 -28.0377 3
      vertex -12.2559 -26.2829 3
      vertex -12.3787 -27.8162 3
    endloop
  endfacet
  facet normal 0 0 -1
    outer loop
      vertex -12.7373 -28.2435 3
      vertex -12.2559 -26.2829 3
      vertex -12.5487 -28.0377 3
    endloop
  endfacet
  facet normal 0 0 -1
    outer loop
      vertex -14.5 -25.1147 3
      vertex -12.7373 -28.2435 3
      vertex -12.9431 -28.4321 3
    endloop
  endfacet
  facet normal 0 0 -1
    outer loop
      vertex -14.5 -25.1147 3
      vertex -12.9431 -28.4321 3
      vertex -13.1646 -28.602 3
    endloop
  endfacet
  facet normal 0 0 -1
    outer loop
      vertex -14.5 -25.1147 3
      vertex -13.1646 -28.602 3
      vertex -13.4 -28.752 3
    endloop
  endfacet
  facet normal 0 0 -1
    outer loop
      vertex -14.5 -25.1147 3
      vertex -13.4 -28.752 3
      vertex -13.6476 -28.8809 3
    endloop
  endfacet
  facet normal 0 0 -1
    outer loop
      vertex -14.5 -25.1147 3
      vertex -13.6476 -28.8809 3
      vertex -13.9055 -28.9878 3
    endloop
  endfacet
  facet normal 0 0 -1
    outer loop
      vertex -14.5 -25.1147 3
      vertex -13.9055 -28.9878 3
      vertex -14.1718 -29.0717 3
    endloop
  endfacet
  facet normal 0 0 -1
    outer loop
      vertex -14.5 -25.1147 3
      vertex -14.1718 -29.0717 3
      vertex -14.4443 -29.1321 3
    endloop
  endfacet
  facet normal 0 0 -1
    outer loop
      vertex -12.7373 -28.2435 3
      vertex -14.5 -25.1147 3
      vertex -12.2559 -26.2829 3
    endloop
  endfacet
  facet normal 0 0 -1
    outer loop
      vertex -14.7211 -29.1686 3
      vertex -14.5 -25.1147 3
      vertex -14.4443 -29.1321 3
    endloop
  endfacet
  facet normal 0 0 -1
    outer loop
      vertex -15 -29.1808 3
      vertex -14.5 -25.1147 3
      vertex -14.7211 -29.1686 3
    endloop
  endfacet
  facet normal 0 0 -1
    outer loop
      vertex -15.2789 -29.1686 3
      vertex -14.5 -25.1147 3
      vertex -15 -29.1808 3
    endloop
  endfacet
  facet normal 0 0 -1
    outer loop
      vertex -15.5557 -29.1321 3
      vertex -14.5 -25.1147 3
      vertex -15.2789 -29.1686 3
    endloop
  endfacet
  facet normal 0 0 -1
    outer loop
      vertex -15.8282 -29.0717 3
      vertex -14.5 -25.1147 3
      vertex -15.5557 -29.1321 3
    endloop
  endfacet
  facet normal 0 0 -1
    outer loop
      vertex -16.0945 -28.9878 3
      vertex -14.5 -25.1147 3
      vertex -15.8282 -29.0717 3
    endloop
  endfacet
  facet normal 0 0 -1
    outer loop
      vertex -16.3524 -28.8809 3
      vertex -14.5 -25.1147 3
      vertex -16.0945 -28.9878 3
    endloop
  endfacet
  facet normal 0 0 -1
    outer loop
      vertex -16.6 -28.752 3
      vertex -14.5 -25.1147 3
      vertex -16.3524 -28.8809 3
    endloop
  endfacet
  facet normal 0 0 -1
    outer loop
      vertex -16.8354 -28.602 3
      vertex -14.5 -25.1147 3
      vertex -16.6 -28.752 3
    endloop
  endfacet
  facet normal 0 0 -1
    outer loop
      vertex -17.0569 -28.4321 3
      vertex -14.5 -25.1147 3
      vertex -16.8354 -28.602 3
    endloop
  endfacet
  facet normal 0 0 -1
    outer loop
      vertex -17.2627 -28.2435 3
      vertex -14.5 -25.1147 3
      vertex -17.0569 -28.4321 3
    endloop
  endfacet
  facet normal 0 0 -1
    outer loop
      vertex -17.4513 -28.0377 3
      vertex -14.5 -25.1147 3
      vertex -17.2627 -28.2435 3
    endloop
  endfacet
  facet normal 0 0 -1
    outer loop
      vertex -17.6213 -27.8162 3
      vertex -14.5 -25.1147 3
      vertex -17.4513 -28.0377 3
    endloop
  endfacet
  facet normal 0 -0 -1
    outer loop
      vertex -17.0569 -23.5294 3
      vertex -16.6337 -23.7554 3
      vertex -17.2627 -23.718 3
    endloop
  endfacet
  facet normal 0 0 -1
    outer loop
      vertex -16.6337 -23.7554 3
      vertex -17.0569 -23.5294 3
      vertex -16.9926 -23.48 3
    endloop
  endfacet
  facet normal 0 0 -1
    outer loop
      vertex -17.7713 -27.5808 3
      vertex -14.5 -25.1147 3
      vertex -17.6213 -27.8162 3
    endloop
  endfacet
  facet normal -0 0 -1
    outer loop
      vertex -16.6337 -23.7554 3
      vertex -17.4513 -23.9238 3
      vertex -17.2627 -23.718 3
    endloop
  endfacet
  facet normal 0 0 -1
    outer loop
      vertex -17.9002 -27.3331 3
      vertex -14.5 -25.1147 3
      vertex -17.7713 -27.5808 3
    endloop
  endfacet
  facet normal 0 0 -1
    outer loop
      vertex -16.6337 -23.7554 3
      vertex -17.6213 -24.1453 3
      vertex -17.4513 -23.9238 3
    endloop
  endfacet
  facet normal 0 0 -1
    outer loop
      vertex -18.007 -27.0752 3
      vertex -14.5 -25.1147 3
      vertex -17.9002 -27.3331 3
    endloop
  endfacet
  facet normal 0 0 -1
    outer loop
      vertex -16.6337 -23.7554 3
      vertex -17.7713 -24.3808 3
      vertex -17.6213 -24.1453 3
    endloop
  endfacet
  facet normal 0 0 -1
    outer loop
      vertex -18.091 -26.809 3
      vertex -14.5 -25.1147 3
      vertex -18.007 -27.0752 3
    endloop
  endfacet
  facet normal 0 0 -1
    outer loop
      vertex -16.6337 -23.7554 3
      vertex -17.9002 -24.6284 3
      vertex -17.7713 -24.3808 3
    endloop
  endfacet
  facet normal 0 0 -1
    outer loop
      vertex -18.1514 -26.5364 3
      vertex -14.5 -25.1147 3
      vertex -18.091 -26.809 3
    endloop
  endfacet
  facet normal 0 0 -1
    outer loop
      vertex -16.6337 -23.7554 3
      vertex -18.007 -24.8863 3
      vertex -17.9002 -24.6284 3
    endloop
  endfacet
  facet normal 0 0 -1
    outer loop
      vertex -18.1878 -26.2597 3
      vertex -14.5 -25.1147 3
      vertex -18.1514 -26.5364 3
    endloop
  endfacet
  facet normal 0 0 -1
    outer loop
      vertex -16.6337 -23.7554 3
      vertex -18.091 -25.1525 3
      vertex -18.007 -24.8863 3
    endloop
  endfacet
  facet normal 0 0 -1
    outer loop
      vertex -18.2 -25.9808 3
      vertex -14.5 -25.1147 3
      vertex -18.1878 -26.2597 3
    endloop
  endfacet
  facet normal -0 0 -1
    outer loop
      vertex -14.5 -25.1147 3
      vertex -18.091 -25.1525 3
      vertex -16.6337 -23.7554 3
    endloop
  endfacet
  facet normal 0 -0 -1
    outer loop
      vertex -18.1878 -25.7019 3
      vertex -14.5 -25.1147 3
      vertex -18.2 -25.9808 3
    endloop
  endfacet
  facet normal 0 -0 -1
    outer loop
      vertex -18.091 -25.1525 3
      vertex -14.5 -25.1147 3
      vertex -18.1514 -25.4251 3
    endloop
  endfacet
  facet normal 0 -0 -1
    outer loop
      vertex -18.1514 -25.4251 3
      vertex -14.5 -25.1147 3
      vertex -18.1878 -25.7019 3
    endloop
  endfacet
  facet normal -0.675627 0.737243 0
    outer loop
      vertex 17.2627 -28.2435 0
      vertex 17.0569 -28.4321 3
      vertex 17.2627 -28.2435 3
    endloop
  endfacet
  facet normal -0.675627 0.737243 0
    outer loop
      vertex 17.0569 -28.4321 3
      vertex 17.2627 -28.2435 0
      vertex 17.0569 -28.4321 0
    endloop
  endfacet
  facet normal -0.382911 0.923785 0
    outer loop
      vertex 16.3524 -28.8809 0
      vertex 16.0945 -28.9878 3
      vertex 16.3524 -28.8809 3
    endloop
  endfacet
  facet normal -0.382911 0.923785 0
    outer loop
      vertex 16.0945 -28.9878 3
      vertex 16.3524 -28.8809 0
      vertex 16.0945 -28.9878 0
    endloop
  endfacet
  facet normal -0.843337 0.537385 0
    outer loop
      vertex 17.6213 -27.8162 0
      vertex 17.7713 -27.5808 3
      vertex 17.7713 -27.5808 0
    endloop
  endfacet
  facet normal -0.843337 0.537385 0
    outer loop
      vertex 17.7713 -27.5808 3
      vertex 17.6213 -27.8162 0
      vertex 17.6213 -27.8162 3
    endloop
  endfacet
  facet normal -0.537385 0.843337 0
    outer loop
      vertex 16.8354 -28.602 0
      vertex 16.6 -28.752 3
      vertex 16.8354 -28.602 3
    endloop
  endfacet
  facet normal -0.537385 0.843337 0
    outer loop
      vertex 16.6 -28.752 3
      vertex 16.8354 -28.602 0
      vertex 16.6 -28.752 0
    endloop
  endfacet
  facet normal -0.675627 -0.737243 0
    outer loop
      vertex 17.0569 -23.5294 0
      vertex 17.2627 -23.718 3
      vertex 17.0569 -23.5294 3
    endloop
  endfacet
  facet normal -0.675627 -0.737243 -0
    outer loop
      vertex 17.2627 -23.718 3
      vertex 17.0569 -23.5294 0
      vertex 17.2627 -23.718 0
    endloop
  endfacet
  facet normal -0.793289 0.608845 0
    outer loop
      vertex 17.4513 -28.0377 0
      vertex 17.6213 -27.8162 3
      vertex 17.6213 -27.8162 0
    endloop
  endfacet
  facet normal -0.793289 0.608845 0
    outer loop
      vertex 17.6213 -27.8162 3
      vertex 17.4513 -28.0377 0
      vertex 17.4513 -28.0377 3
    endloop
  endfacet
  facet normal 0.793289 0.608845 0
    outer loop
      vertex 12.5487 -28.0377 3
      vertex 12.3787 -27.8162 0
      vertex 12.3787 -27.8162 3
    endloop
  endfacet
  facet normal 0.793289 0.608845 0
    outer loop
      vertex 12.3787 -27.8162 0
      vertex 12.5487 -28.0377 3
      vertex 12.5487 -28.0377 0
    endloop
  endfacet
  facet normal -0.991458 0.130427 0
    outer loop
      vertex 18.1514 -26.5364 0
      vertex 18.1878 -26.2597 3
      vertex 18.1878 -26.2597 0
    endloop
  endfacet
  facet normal -0.991458 0.130427 0
    outer loop
      vertex 18.1878 -26.2597 3
      vertex 18.1514 -26.5364 0
      vertex 18.1514 -26.5364 3
    endloop
  endfacet
  facet normal 0.923912 0.382605 0
    outer loop
      vertex 12.0998 -27.3331 3
      vertex 11.993 -27.0752 0
      vertex 11.993 -27.0752 3
    endloop
  endfacet
  facet normal 0.923912 0.382605 0
    outer loop
      vertex 11.993 -27.0752 0
      vertex 12.0998 -27.3331 3
      vertex 12.0998 -27.3331 0
    endloop
  endfacet
  facet normal 0.130732 0.991418 -0
    outer loop
      vertex 14.7211 -29.1686 0
      vertex 14.4443 -29.1321 3
      vertex 14.7211 -29.1686 3
    endloop
  endfacet
  facet normal 0.130732 0.991418 0
    outer loop
      vertex 14.4443 -29.1321 3
      vertex 14.7211 -29.1686 0
      vertex 14.4443 -29.1321 0
    endloop
  endfacet
  facet normal -0.300497 0.953783 0
    outer loop
      vertex 16.0945 -28.9878 0
      vertex 15.8282 -29.0717 3
      vertex 16.0945 -28.9878 3
    endloop
  endfacet
  facet normal -0.300497 0.953783 0
    outer loop
      vertex 15.8282 -29.0717 3
      vertex 16.0945 -28.9878 0
      vertex 15.8282 -29.0717 0
    endloop
  endfacet
  facet normal -0.991464 -0.13038 0
    outer loop
      vertex 18.1878 -25.7019 0
      vertex 18.1514 -25.4251 3
      vertex 18.1514 -25.4251 0
    endloop
  endfacet
  facet normal -0.991464 -0.13038 0
    outer loop
      vertex 18.1514 -25.4251 3
      vertex 18.1878 -25.7019 0
      vertex 18.1878 -25.7019 3
    endloop
  endfacet
  facet normal -0.737243 0.675627 0
    outer loop
      vertex 17.2627 -28.2435 0
      vertex 17.4513 -28.0377 3
      vertex 17.4513 -28.0377 0
    endloop
  endfacet
  facet normal -0.737243 0.675627 0
    outer loop
      vertex 17.4513 -28.0377 3
      vertex 17.2627 -28.2435 0
      vertex 17.2627 -28.2435 3
    endloop
  endfacet
  facet normal -0.130732 0.991418 0
    outer loop
      vertex 15.5557 -29.1321 0
      vertex 15.2789 -29.1686 3
      vertex 15.5557 -29.1321 3
    endloop
  endfacet
  facet normal -0.130732 0.991418 0
    outer loop
      vertex 15.2789 -29.1686 3
      vertex 15.5557 -29.1321 0
      vertex 15.2789 -29.1686 0
    endloop
  endfacet
  facet normal -0.923912 0.382605 0
    outer loop
      vertex 17.9002 -27.3331 0
      vertex 18.007 -27.0752 3
      vertex 18.007 -27.0752 0
    endloop
  endfacet
  facet normal -0.923912 0.382605 0
    outer loop
      vertex 18.007 -27.0752 3
      vertex 17.9002 -27.3331 0
      vertex 17.9002 -27.3331 3
    endloop
  endfacet
  facet normal -0.976322 -0.216324 0
    outer loop
      vertex 18.1514 -25.4251 0
      vertex 18.091 -25.1525 3
      vertex 18.091 -25.1525 0
    endloop
  endfacet
  facet normal -0.976322 -0.216324 0
    outer loop
      vertex 18.091 -25.1525 3
      vertex 18.1514 -25.4251 0
      vertex 18.1514 -25.4251 3
    endloop
  endfacet
  facet normal -0.999045 0.0437015 0
    outer loop
      vertex 18.1878 -26.2597 0
      vertex 18.2 -25.9808 3
      vertex 18.2 -25.9808 0
    endloop
  endfacet
  facet normal -0.999045 0.0437015 0
    outer loop
      vertex 18.2 -25.9808 3
      vertex 18.1878 -26.2597 0
      vertex 18.1878 -26.2597 3
    endloop
  endfacet
  facet normal 0 0 -1
    outer loop
      vertex 14.5 -25.1147 3
      vertex 18.2 -25.9808 3
      vertex 18.1878 -26.2597 3
    endloop
  endfacet
  facet normal 0 0 -1
    outer loop
      vertex 14.5 -25.1147 3
      vertex 18.1878 -26.2597 3
      vertex 18.1514 -26.5364 3
    endloop
  endfacet
  facet normal 0 0 -1
    outer loop
      vertex 18.2 -25.9808 3
      vertex 14.5 -25.1147 3
      vertex 18.1878 -25.7019 3
    endloop
  endfacet
  facet normal 0 0 -1
    outer loop
      vertex 14.5 -25.1147 3
      vertex 18.1514 -26.5364 3
      vertex 18.091 -26.809 3
    endloop
  endfacet
  facet normal 0 0 -1
    outer loop
      vertex 18.1878 -25.7019 3
      vertex 14.5 -25.1147 3
      vertex 18.1514 -25.4251 3
    endloop
  endfacet
  facet normal 0 0 -1
    outer loop
      vertex 14.5 -25.1147 3
      vertex 18.091 -26.809 3
      vertex 18.007 -27.0752 3
    endloop
  endfacet
  facet normal 0 0 -1
    outer loop
      vertex 18.1514 -25.4251 3
      vertex 14.5 -25.1147 3
      vertex 18.091 -25.1525 3
    endloop
  endfacet
  facet normal 0 0 -1
    outer loop
      vertex 14.5 -25.1147 3
      vertex 18.007 -27.0752 3
      vertex 17.9002 -27.3331 3
    endloop
  endfacet
  facet normal 0 0 -1
    outer loop
      vertex 18.091 -25.1525 3
      vertex 14.5 -25.1147 3
      vertex 18.007 -24.8863 3
    endloop
  endfacet
  facet normal 0 0 -1
    outer loop
      vertex 14.5 -25.1147 3
      vertex 17.9002 -27.3331 3
      vertex 17.7713 -27.5808 3
    endloop
  endfacet
  facet normal 0 -0 -1
    outer loop
      vertex 16.6337 -23.7554 3
      vertex 18.007 -24.8863 3
      vertex 14.5 -25.1147 3
    endloop
  endfacet
  facet normal 0 0 -1
    outer loop
      vertex 14.5 -25.1147 3
      vertex 17.7713 -27.5808 3
      vertex 17.6213 -27.8162 3
    endloop
  endfacet
  facet normal 0 0 -1
    outer loop
      vertex 18.007 -24.8863 3
      vertex 16.6337 -23.7554 3
      vertex 17.9002 -24.6284 3
    endloop
  endfacet
  facet normal 0 0 -1
    outer loop
      vertex 14.5 -25.1147 3
      vertex 17.6213 -27.8162 3
      vertex 17.4513 -28.0377 3
    endloop
  endfacet
  facet normal 0 0 -1
    outer loop
      vertex 17.9002 -24.6284 3
      vertex 16.6337 -23.7554 3
      vertex 17.7713 -24.3808 3
    endloop
  endfacet
  facet normal 0 0 -1
    outer loop
      vertex 14.5 -25.1147 3
      vertex 17.4513 -28.0377 3
      vertex 17.2627 -28.2435 3
    endloop
  endfacet
  facet normal 0 0 -1
    outer loop
      vertex 17.6213 -24.1453 3
      vertex 16.6337 -23.7554 3
      vertex 17.4513 -23.9238 3
    endloop
  endfacet
  facet normal 0 0 -1
    outer loop
      vertex 14.5 -25.1147 3
      vertex 17.2627 -28.2435 3
      vertex 17.0569 -28.4321 3
    endloop
  endfacet
  facet normal 0 0 -1
    outer loop
      vertex 17.4513 -23.9238 3
      vertex 16.6337 -23.7554 3
      vertex 17.2627 -23.718 3
    endloop
  endfacet
  facet normal -0 0 -1
    outer loop
      vertex 17.2627 -23.718 3
      vertex 16.6337 -23.7554 3
      vertex 17.0569 -23.5294 3
    endloop
  endfacet
  facet normal 0 0 -1
    outer loop
      vertex 14.5 -25.1147 3
      vertex 17.0569 -28.4321 3
      vertex 16.8354 -28.602 3
    endloop
  endfacet
  facet normal -0 0 -1
    outer loop
      vertex 17.0569 -23.5294 3
      vertex 16.6337 -23.7554 3
      vertex 16.9926 -23.48 3
    endloop
  endfacet
  facet normal 0 0 -1
    outer loop
      vertex 14.5 -25.1147 3
      vertex 16.8354 -28.602 3
      vertex 16.6 -28.752 3
    endloop
  endfacet
  facet normal 0 0 -1
    outer loop
      vertex 14.5 -25.1147 3
      vertex 16.6 -28.752 3
      vertex 16.3524 -28.8809 3
    endloop
  endfacet
  facet normal 0 0 -1
    outer loop
      vertex 14.5 -25.1147 3
      vertex 16.3524 -28.8809 3
      vertex 16.0945 -28.9878 3
    endloop
  endfacet
  facet normal 0 0 -1
    outer loop
      vertex 14.5 -25.1147 3
      vertex 16.0945 -28.9878 3
      vertex 15.8282 -29.0717 3
    endloop
  endfacet
  facet normal 0 0 -1
    outer loop
      vertex 14.5 -25.1147 3
      vertex 15.8282 -29.0717 3
      vertex 15.5557 -29.1321 3
    endloop
  endfacet
  facet normal 0 0 -1
    outer loop
      vertex 14.5 -25.1147 3
      vertex 15.5557 -29.1321 3
      vertex 15.2789 -29.1686 3
    endloop
  endfacet
  facet normal 0 0 -1
    outer loop
      vertex 14.5 -25.1147 3
      vertex 15.2789 -29.1686 3
      vertex 15 -29.1808 3
    endloop
  endfacet
  facet normal 0 0 -1
    outer loop
      vertex 14.5 -25.1147 3
      vertex 15 -29.1808 3
      vertex 14.7211 -29.1686 3
    endloop
  endfacet
  facet normal 0 0 -1
    outer loop
      vertex 17.7713 -24.3808 3
      vertex 16.6337 -23.7554 3
      vertex 17.6213 -24.1453 3
    endloop
  endfacet
  facet normal 0 0 -1
    outer loop
      vertex 14.4443 -29.1321 3
      vertex 14.5 -25.1147 3
      vertex 14.7211 -29.1686 3
    endloop
  endfacet
  facet normal 0 0 -1
    outer loop
      vertex 14.1718 -29.0717 3
      vertex 14.5 -25.1147 3
      vertex 14.4443 -29.1321 3
    endloop
  endfacet
  facet normal 0 0 -1
    outer loop
      vertex 13.9055 -28.9878 3
      vertex 14.5 -25.1147 3
      vertex 14.1718 -29.0717 3
    endloop
  endfacet
  facet normal 0 0 -1
    outer loop
      vertex 13.6476 -28.8809 3
      vertex 14.5 -25.1147 3
      vertex 13.9055 -28.9878 3
    endloop
  endfacet
  facet normal 0 0 -1
    outer loop
      vertex 13.4 -28.752 3
      vertex 14.5 -25.1147 3
      vertex 13.6476 -28.8809 3
    endloop
  endfacet
  facet normal 0 0 -1
    outer loop
      vertex 13.1646 -28.602 3
      vertex 14.5 -25.1147 3
      vertex 13.4 -28.752 3
    endloop
  endfacet
  facet normal 0 0 -1
    outer loop
      vertex 12.9431 -28.4321 3
      vertex 14.5 -25.1147 3
      vertex 13.1646 -28.602 3
    endloop
  endfacet
  facet normal 0 0 -1
    outer loop
      vertex 12.7373 -28.2435 3
      vertex 14.5 -25.1147 3
      vertex 12.9431 -28.4321 3
    endloop
  endfacet
  facet normal 0 0 -1
    outer loop
      vertex 12.5487 -28.0377 3
      vertex 14.5 -25.1147 3
      vertex 12.7373 -28.2435 3
    endloop
  endfacet
  facet normal 0 0 -1
    outer loop
      vertex 12.2559 -26.2829 3
      vertex 12.5487 -28.0377 3
      vertex 12.3787 -27.8162 3
    endloop
  endfacet
  facet normal 0 0 -1
    outer loop
      vertex 12.5487 -28.0377 3
      vertex 12.2559 -26.2829 3
      vertex 14.5 -25.1147 3
    endloop
  endfacet
  facet normal 0 0 -1
    outer loop
      vertex 12.2287 -27.5808 3
      vertex 12.2559 -26.2829 3
      vertex 12.3787 -27.8162 3
    endloop
  endfacet
  facet normal 0 0 -1
    outer loop
      vertex 12.0998 -27.3331 3
      vertex 12.2559 -26.2829 3
      vertex 12.2287 -27.5808 3
    endloop
  endfacet
  facet normal 0 0 -1
    outer loop
      vertex 11.993 -27.0752 3
      vertex 12.2559 -26.2829 3
      vertex 12.0998 -27.3331 3
    endloop
  endfacet
  facet normal 0 0 -1
    outer loop
      vertex 11.909 -26.809 3
      vertex 12.2559 -26.2829 3
      vertex 11.993 -27.0752 3
    endloop
  endfacet
  facet normal 0 0 -1
    outer loop
      vertex 11.8486 -26.5364 3
      vertex 12.2559 -26.2829 3
      vertex 11.909 -26.809 3
    endloop
  endfacet
  facet normal 0 0 -1
    outer loop
      vertex 12.2559 -26.2829 3
      vertex 11.8486 -26.5364 3
      vertex 11.838 -26.456 3
    endloop
  endfacet
  facet normal -0.60862 0.793462 0
    outer loop
      vertex 17.0569 -28.4321 0
      vertex 16.8354 -28.602 3
      vertex 17.0569 -28.4321 3
    endloop
  endfacet
  facet normal -0.60862 0.793462 0
    outer loop
      vertex 16.8354 -28.602 3
      vertex 17.0569 -28.4321 0
      vertex 16.8354 -28.602 0
    endloop
  endfacet
  facet normal -0.84344 -0.537223 0
    outer loop
      vertex 17.7713 -24.3808 0
      vertex 17.6213 -24.1453 3
      vertex 17.6213 -24.1453 0
    endloop
  endfacet
  facet normal -0.84344 -0.537223 0
    outer loop
      vertex 17.6213 -24.1453 3
      vertex 17.7713 -24.3808 0
      vertex 17.7713 -24.3808 3
    endloop
  endfacet
  facet normal 0.843337 0.537385 0
    outer loop
      vertex 12.3787 -27.8162 3
      vertex 12.2287 -27.5808 0
      vertex 12.2287 -27.5808 3
    endloop
  endfacet
  facet normal 0.843337 0.537385 0
    outer loop
      vertex 12.2287 -27.5808 0
      vertex 12.3787 -27.8162 3
      vertex 12.3787 -27.8162 0
    endloop
  endfacet
  facet normal -0.216399 0.976305 0
    outer loop
      vertex 15.8282 -29.0717 0
      vertex 15.5557 -29.1321 3
      vertex 15.8282 -29.0717 3
    endloop
  endfacet
  facet normal -0.216399 0.976305 0
    outer loop
      vertex 15.5557 -29.1321 3
      vertex 15.8282 -29.0717 0
      vertex 15.5557 -29.1321 0
    endloop
  endfacet
  facet normal 0.0437015 0.999045 -0
    outer loop
      vertex 15 -29.1808 0
      vertex 14.7211 -29.1686 3
      vertex 15 -29.1808 3
    endloop
  endfacet
  facet normal 0.0437015 0.999045 0
    outer loop
      vertex 14.7211 -29.1686 3
      vertex 15 -29.1808 0
      vertex 14.7211 -29.1686 0
    endloop
  endfacet
  facet normal -0.999045 -0.0437015 0
    outer loop
      vertex 18.2 -25.9808 0
      vertex 18.1878 -25.7019 3
      vertex 18.1878 -25.7019 0
    endloop
  endfacet
  facet normal -0.999045 -0.0437015 0
    outer loop
      vertex 18.1878 -25.7019 3
      vertex 18.2 -25.9808 0
      vertex 18.2 -25.9808 3
    endloop
  endfacet
  facet normal 0.737243 0.675627 0
    outer loop
      vertex 12.7373 -28.2435 3
      vertex 12.5487 -28.0377 0
      vertex 12.5487 -28.0377 3
    endloop
  endfacet
  facet normal 0.737243 0.675627 0
    outer loop
      vertex 12.5487 -28.0377 0
      vertex 12.7373 -28.2435 3
      vertex 12.7373 -28.2435 0
    endloop
  endfacet
  facet normal -0.737243 -0.675627 0
    outer loop
      vertex 17.4513 -23.9238 0
      vertex 17.2627 -23.718 3
      vertex 17.2627 -23.718 0
    endloop
  endfacet
  facet normal -0.737243 -0.675627 0
    outer loop
      vertex 17.2627 -23.718 3
      vertex 17.4513 -23.9238 0
      vertex 17.4513 -23.9238 3
    endloop
  endfacet
  facet normal -0.46177 0.887 0
    outer loop
      vertex 16.6 -28.752 0
      vertex 16.3524 -28.8809 3
      vertex 16.6 -28.752 3
    endloop
  endfacet
  facet normal -0.46177 0.887 0
    outer loop
      vertex 16.3524 -28.8809 3
      vertex 16.6 -28.752 0
      vertex 16.3524 -28.8809 0
    endloop
  endfacet
  facet normal -0.953648 0.300926 0
    outer loop
      vertex 18.007 -27.0752 0
      vertex 18.091 -26.809 3
      vertex 18.091 -26.809 0
    endloop
  endfacet
  facet normal -0.953648 0.300926 0
    outer loop
      vertex 18.091 -26.809 3
      vertex 18.007 -27.0752 0
      vertex 18.007 -27.0752 3
    endloop
  endfacet
  facet normal -0.887076 0.461623 0
    outer loop
      vertex 17.7713 -27.5808 0
      vertex 17.9002 -27.3331 3
      vertex 17.9002 -27.3331 0
    endloop
  endfacet
  facet normal -0.887076 0.461623 0
    outer loop
      vertex 17.9002 -27.3331 3
      vertex 17.7713 -27.5808 0
      vertex 17.7713 -27.5808 3
    endloop
  endfacet
  facet normal 0.537385 0.843337 -0
    outer loop
      vertex 13.4 -28.752 0
      vertex 13.1646 -28.602 3
      vertex 13.4 -28.752 3
    endloop
  endfacet
  facet normal 0.537385 0.843337 0
    outer loop
      vertex 13.1646 -28.602 3
      vertex 13.4 -28.752 0
      vertex 13.1646 -28.602 0
    endloop
  endfacet
  facet normal -0.609234 -0.792991 0
    outer loop
      vertex 16.9926 -23.48 0
      vertex 17.0569 -23.5294 3
      vertex 16.9926 -23.48 3
    endloop
  endfacet
  facet normal -0.609234 -0.792991 -0
    outer loop
      vertex 17.0569 -23.5294 3
      vertex 16.9926 -23.48 0
      vertex 17.0569 -23.5294 0
    endloop
  endfacet
  facet normal -0.793289 -0.608845 0
    outer loop
      vertex 17.6213 -24.1453 0
      vertex 17.4513 -23.9238 3
      vertex 17.4513 -23.9238 0
    endloop
  endfacet
  facet normal -0.793289 -0.608845 0
    outer loop
      vertex 17.4513 -23.9238 3
      vertex 17.6213 -24.1453 0
      vertex 17.6213 -24.1453 3
    endloop
  endfacet
  facet normal 0.60862 0.793462 -0
    outer loop
      vertex 13.1646 -28.602 0
      vertex 12.9431 -28.4321 3
      vertex 13.1646 -28.602 3
    endloop
  endfacet
  facet normal 0.60862 0.793462 0
    outer loop
      vertex 12.9431 -28.4321 3
      vertex 13.1646 -28.602 0
      vertex 12.9431 -28.4321 0
    endloop
  endfacet
  facet normal 0.675627 0.737243 -0
    outer loop
      vertex 12.9431 -28.4321 0
      vertex 12.7373 -28.2435 3
      vertex 12.9431 -28.4321 3
    endloop
  endfacet
  facet normal 0.675627 0.737243 0
    outer loop
      vertex 12.7373 -28.2435 3
      vertex 12.9431 -28.4321 0
      vertex 12.7373 -28.2435 0
    endloop
  endfacet
  facet normal -0.887 -0.46177 0
    outer loop
      vertex 17.9002 -24.6284 0
      vertex 17.7713 -24.3808 3
      vertex 17.7713 -24.3808 0
    endloop
  endfacet
  facet normal -0.887 -0.46177 0
    outer loop
      vertex 17.7713 -24.3808 3
      vertex 17.9002 -24.6284 0
      vertex 17.9002 -24.6284 3
    endloop
  endfacet
  facet normal -0.0437015 0.999045 0
    outer loop
      vertex 15.2789 -29.1686 0
      vertex 15 -29.1808 3
      vertex 15.2789 -29.1686 3
    endloop
  endfacet
  facet normal -0.0437015 0.999045 0
    outer loop
      vertex 15 -29.1808 3
      vertex 15.2789 -29.1686 0
      vertex 15 -29.1808 0
    endloop
  endfacet
  facet normal -0.976322 0.216324 0
    outer loop
      vertex 18.091 -26.809 0
      vertex 18.1514 -26.5364 3
      vertex 18.1514 -26.5364 0
    endloop
  endfacet
  facet normal -0.976322 0.216324 0
    outer loop
      vertex 18.1514 -26.5364 3
      vertex 18.091 -26.809 0
      vertex 18.091 -26.809 3
    endloop
  endfacet
  facet normal -0.953648 -0.300926 0
    outer loop
      vertex 18.091 -25.1525 0
      vertex 18.007 -24.8863 3
      vertex 18.007 -24.8863 0
    endloop
  endfacet
  facet normal -0.953648 -0.300926 0
    outer loop
      vertex 18.007 -24.8863 3
      vertex 18.091 -25.1525 0
      vertex 18.091 -25.1525 3
    endloop
  endfacet
  facet normal 0.887076 0.461623 0
    outer loop
      vertex 12.2287 -27.5808 3
      vertex 12.0998 -27.3331 0
      vertex 12.0998 -27.3331 3
    endloop
  endfacet
  facet normal 0.887076 0.461623 0
    outer loop
      vertex 12.0998 -27.3331 0
      vertex 12.2287 -27.5808 3
      vertex 12.2287 -27.5808 0
    endloop
  endfacet
  facet normal -0.923912 -0.382605 0
    outer loop
      vertex 18.007 -24.8863 0
      vertex 17.9002 -24.6284 3
      vertex 17.9002 -24.6284 0
    endloop
  endfacet
  facet normal -0.923912 -0.382605 0
    outer loop
      vertex 17.9002 -24.6284 3
      vertex 18.007 -24.8863 0
      vertex 18.007 -24.8863 3
    endloop
  endfacet
  facet normal 0.46177 0.887 -0
    outer loop
      vertex 13.6476 -28.8809 0
      vertex 13.4 -28.752 3
      vertex 13.6476 -28.8809 3
    endloop
  endfacet
  facet normal 0.46177 0.887 0
    outer loop
      vertex 13.4 -28.752 3
      vertex 13.6476 -28.8809 0
      vertex 13.4 -28.752 0
    endloop
  endfacet
  facet normal 0.382911 0.923785 -0
    outer loop
      vertex 13.9055 -28.9878 0
      vertex 13.6476 -28.8809 3
      vertex 13.9055 -28.9878 3
    endloop
  endfacet
  facet normal 0.382911 0.923785 0
    outer loop
      vertex 13.6476 -28.8809 3
      vertex 13.9055 -28.9878 0
      vertex 13.6476 -28.8809 0
    endloop
  endfacet
  facet normal 0.976322 0.216324 0
    outer loop
      vertex 11.909 -26.809 3
      vertex 11.8486 -26.5364 0
      vertex 11.8486 -26.5364 3
    endloop
  endfacet
  facet normal 0.976322 0.216324 0
    outer loop
      vertex 11.8486 -26.5364 0
      vertex 11.909 -26.809 3
      vertex 11.909 -26.809 0
    endloop
  endfacet
  facet normal 0.953648 0.300926 0
    outer loop
      vertex 11.993 -27.0752 3
      vertex 11.909 -26.809 0
      vertex 11.909 -26.809 3
    endloop
  endfacet
  facet normal 0.953648 0.300926 0
    outer loop
      vertex 11.909 -26.809 0
      vertex 11.993 -27.0752 3
      vertex 11.993 -27.0752 0
    endloop
  endfacet
  facet normal 0.216399 0.976305 -0
    outer loop
      vertex 14.4443 -29.1321 0
      vertex 14.1718 -29.0717 3
      vertex 14.4443 -29.1321 3
    endloop
  endfacet
  facet normal 0.216399 0.976305 0
    outer loop
      vertex 14.1718 -29.0717 3
      vertex 14.4443 -29.1321 0
      vertex 14.1718 -29.0717 0
    endloop
  endfacet
  facet normal 0.300497 0.953783 -0
    outer loop
      vertex 14.1718 -29.0717 0
      vertex 13.9055 -28.9878 3
      vertex 14.1718 -29.0717 3
    endloop
  endfacet
  facet normal 0.300497 0.953783 0
    outer loop
      vertex 13.9055 -28.9878 3
      vertex 14.1718 -29.0717 0
      vertex 13.9055 -28.9878 0
    endloop
  endfacet
  facet normal 0.991421 0.13071 0
    outer loop
      vertex 11.8486 -26.5364 3
      vertex 11.838 -26.456 0
      vertex 11.838 -26.456 3
    endloop
  endfacet
  facet normal 0.991421 0.13071 0
    outer loop
      vertex 11.838 -26.456 0
      vertex 11.8486 -26.5364 3
      vertex 11.8486 -26.5364 0
    endloop
  endfacet
  facet normal -0.991445 -0.130528 0
    outer loop
      vertex 33.9702 2.97201 4
      vertex 33.5819 5.9214 26
      vertex 33.5819 5.9214 4
    endloop
  endfacet
  facet normal -0.991445 -0.130528 0
    outer loop
      vertex 33.5819 5.9214 26
      vertex 33.9702 2.97201 4
      vertex 33.9702 2.97201 26
    endloop
  endfacet
  facet normal -0.999048 -0.0436326 0
    outer loop
      vertex 34.1 0 4
      vertex 33.9702 2.97201 26
      vertex 33.9702 2.97201 4
    endloop
  endfacet
  facet normal -0.999048 -0.0436326 0
    outer loop
      vertex 33.9702 2.97201 26
      vertex 34.1 0 4
      vertex 34.1 0 26
    endloop
  endfacet
  facet normal -0.976301 -0.216416 0
    outer loop
      vertex 33.5819 5.9214 4
      vertex 32.9381 8.82573 26
      vertex 32.9381 8.82573 4
    endloop
  endfacet
  facet normal -0.976301 -0.216416 0
    outer loop
      vertex 32.9381 8.82573 26
      vertex 33.5819 5.9214 4
      vertex 33.5819 5.9214 26
    endloop
  endfacet
  facet normal -0.976301 0.216416 0
    outer loop
      vertex 32.9381 -8.82573 4
      vertex 33.5819 -5.9214 26
      vertex 33.5819 -5.9214 4
    endloop
  endfacet
  facet normal -0.976301 0.216416 0
    outer loop
      vertex 33.5819 -5.9214 26
      vertex 32.9381 -8.82573 4
      vertex 32.9381 -8.82573 26
    endloop
  endfacet
  facet normal -0.300719 0.953713 0
    outer loop
      vertex 11.6629 -32.0435 4
      vertex 8.82573 -32.9381 26
      vertex 11.6629 -32.0435 26
    endloop
  endfacet
  facet normal -0.300719 0.953713 0
    outer loop
      vertex 8.82573 -32.9381 26
      vertex 11.6629 -32.0435 4
      vertex 8.82573 -32.9381 4
    endloop
  endfacet
  facet normal 0.382676 0.923882 -0
    outer loop
      vertex -11.6629 -32.0435 4
      vertex -14.4113 -30.9051 26
      vertex -11.6629 -32.0435 26
    endloop
  endfacet
  facet normal 0.382676 0.923882 0
    outer loop
      vertex -14.4113 -30.9051 26
      vertex -11.6629 -32.0435 4
      vertex -14.4113 -30.9051 4
    endloop
  endfacet
  facet normal -0.675609 0.73726 0
    outer loop
      vertex 24.1123 -24.1123 4
      vertex 21.9191 -26.1221 26
      vertex 24.1123 -24.1123 26
    endloop
  endfacet
  facet normal -0.675609 0.73726 0
    outer loop
      vertex 21.9191 -26.1221 26
      vertex 24.1123 -24.1123 4
      vertex 21.9191 -26.1221 4
    endloop
  endfacet
  facet normal -0.130528 0.991445 0
    outer loop
      vertex 5.9214 -33.5819 4
      vertex 2.97201 -33.9702 26
      vertex 5.9214 -33.5819 26
    endloop
  endfacet
  facet normal -0.130528 0.991445 0
    outer loop
      vertex 2.97201 -33.9702 26
      vertex 5.9214 -33.5819 4
      vertex 2.97201 -33.9702 4
    endloop
  endfacet
  facet normal 0.793348 0.608768 0
    outer loop
      vertex -26.1221 -21.9191 26
      vertex -27.9331 -19.559 4
      vertex -27.9331 -19.559 26
    endloop
  endfacet
  facet normal 0.793348 0.608768 0
    outer loop
      vertex -27.9331 -19.559 4
      vertex -26.1221 -21.9191 26
      vertex -26.1221 -21.9191 4
    endloop
  endfacet
  facet normal -0.537297 0.843393 0
    outer loop
      vertex 19.559 -27.9331 4
      vertex 17.05 -29.5315 26
      vertex 19.559 -27.9331 26
    endloop
  endfacet
  facet normal -0.537297 0.843393 0
    outer loop
      vertex 17.05 -29.5315 26
      vertex 19.559 -27.9331 4
      vertex 17.05 -29.5315 4
    endloop
  endfacet
  facet normal -0.675609 -0.73726 0
    outer loop
      vertex 21.9191 26.1221 4
      vertex 24.1123 24.1123 26
      vertex 21.9191 26.1221 26
    endloop
  endfacet
  facet normal -0.675609 -0.73726 -0
    outer loop
      vertex 24.1123 24.1123 26
      vertex 21.9191 26.1221 4
      vertex 24.1123 24.1123 4
    endloop
  endfacet
  facet normal -0.300719 -0.953713 0
    outer loop
      vertex 8.82573 32.9381 4
      vertex 11.6629 32.0435 26
      vertex 8.82573 32.9381 26
    endloop
  endfacet
  facet normal -0.300719 -0.953713 -0
    outer loop
      vertex 11.6629 32.0435 26
      vertex 8.82573 32.9381 4
      vertex 11.6629 32.0435 4
    endloop
  endfacet
  facet normal 0.216416 -0.976301 0
    outer loop
      vertex -8.82573 32.9381 4
      vertex -5.9214 33.5819 26
      vertex -8.82573 32.9381 26
    endloop
  endfacet
  facet normal 0.216416 -0.976301 0
    outer loop
      vertex -5.9214 33.5819 26
      vertex -8.82573 32.9381 4
      vertex -5.9214 33.5819 4
    endloop
  endfacet
  facet normal 0.0436326 0.999048 -0
    outer loop
      vertex 0 -34.1 4
      vertex -2.97201 -33.9702 26
      vertex 0 -34.1 26
    endloop
  endfacet
  facet normal 0.0436326 0.999048 0
    outer loop
      vertex -2.97201 -33.9702 26
      vertex 0 -34.1 4
      vertex -2.97201 -33.9702 4
    endloop
  endfacet
  facet normal 0.461743 -0.887014 0
    outer loop
      vertex -17.05 29.5315 4
      vertex -14.4113 30.9051 26
      vertex -17.05 29.5315 26
    endloop
  endfacet
  facet normal 0.461743 -0.887014 0
    outer loop
      vertex -14.4113 30.9051 26
      vertex -17.05 29.5315 4
      vertex -14.4113 30.9051 4
    endloop
  endfacet
  facet normal -0.537297 -0.843393 0
    outer loop
      vertex 17.05 29.5315 4
      vertex 19.559 27.9331 26
      vertex 17.05 29.5315 26
    endloop
  endfacet
  facet normal -0.537297 -0.843393 -0
    outer loop
      vertex 19.559 27.9331 26
      vertex 17.05 29.5315 4
      vertex 19.559 27.9331 4
    endloop
  endfacet
  facet normal -0.887014 0.461743 0
    outer loop
      vertex 29.5315 -17.05 4
      vertex 30.9051 -14.4113 26
      vertex 30.9051 -14.4113 4
    endloop
  endfacet
  facet normal -0.887014 0.461743 0
    outer loop
      vertex 30.9051 -14.4113 26
      vertex 29.5315 -17.05 4
      vertex 29.5315 -17.05 26
    endloop
  endfacet
  facet normal 0.537297 0.843393 -0
    outer loop
      vertex -17.05 -29.5315 4
      vertex -19.559 -27.9331 26
      vertex -17.05 -29.5315 26
    endloop
  endfacet
  facet normal 0.537297 0.843393 0
    outer loop
      vertex -19.559 -27.9331 26
      vertex -17.05 -29.5315 4
      vertex -19.559 -27.9331 4
    endloop
  endfacet
  facet normal 0.887014 -0.461743 0
    outer loop
      vertex -30.9051 14.4113 26
      vertex -29.5315 17.05 4
      vertex -29.5315 17.05 26
    endloop
  endfacet
  facet normal 0.887014 -0.461743 0
    outer loop
      vertex -29.5315 17.05 4
      vertex -30.9051 14.4113 26
      vertex -30.9051 14.4113 4
    endloop
  endfacet
  facet normal -0.608768 0.793348 0
    outer loop
      vertex 21.9191 -26.1221 4
      vertex 19.559 -27.9331 26
      vertex 21.9191 -26.1221 26
    endloop
  endfacet
  facet normal -0.608768 0.793348 0
    outer loop
      vertex 19.559 -27.9331 26
      vertex 21.9191 -26.1221 4
      vertex 19.559 -27.9331 4
    endloop
  endfacet
  facet normal -0.130528 -0.991445 0
    outer loop
      vertex 2.97201 33.9702 4
      vertex 5.9214 33.5819 26
      vertex 2.97201 33.9702 26
    endloop
  endfacet
  facet normal -0.130528 -0.991445 -0
    outer loop
      vertex 5.9214 33.5819 26
      vertex 2.97201 33.9702 4
      vertex 5.9214 33.5819 4
    endloop
  endfacet
  facet normal 0.300719 -0.953713 0
    outer loop
      vertex -11.6629 32.0435 4
      vertex -8.82573 32.9381 26
      vertex -11.6629 32.0435 26
    endloop
  endfacet
  facet normal 0.300719 -0.953713 0
    outer loop
      vertex -8.82573 32.9381 26
      vertex -11.6629 32.0435 4
      vertex -8.82573 32.9381 4
    endloop
  endfacet
  facet normal -0.843393 -0.537297 0
    outer loop
      vertex 29.5315 17.05 4
      vertex 27.9331 19.559 26
      vertex 27.9331 19.559 4
    endloop
  endfacet
  facet normal -0.843393 -0.537297 0
    outer loop
      vertex 27.9331 19.559 26
      vertex 29.5315 17.05 4
      vertex 29.5315 17.05 26
    endloop
  endfacet
  facet normal -0.608768 -0.793348 0
    outer loop
      vertex 19.559 27.9331 4
      vertex 21.9191 26.1221 26
      vertex 19.559 27.9331 26
    endloop
  endfacet
  facet normal -0.608768 -0.793348 -0
    outer loop
      vertex 21.9191 26.1221 26
      vertex 19.559 27.9331 4
      vertex 21.9191 26.1221 4
    endloop
  endfacet
  facet normal -0.382676 -0.923882 0
    outer loop
      vertex 11.6629 32.0435 4
      vertex 14.4113 30.9051 26
      vertex 11.6629 32.0435 26
    endloop
  endfacet
  facet normal -0.382676 -0.923882 -0
    outer loop
      vertex 14.4113 30.9051 26
      vertex 11.6629 32.0435 4
      vertex 14.4113 30.9051 4
    endloop
  endfacet
  facet normal -0.461743 0.887014 0
    outer loop
      vertex 17.05 -29.5315 4
      vertex 14.4113 -30.9051 26
      vertex 17.05 -29.5315 26
    endloop
  endfacet
  facet normal -0.461743 0.887014 0
    outer loop
      vertex 14.4113 -30.9051 26
      vertex 17.05 -29.5315 4
      vertex 14.4113 -30.9051 4
    endloop
  endfacet
  facet normal 0.537297 -0.843393 0
    outer loop
      vertex -19.559 27.9331 4
      vertex -17.05 29.5315 26
      vertex -19.559 27.9331 26
    endloop
  endfacet
  facet normal 0.537297 -0.843393 0
    outer loop
      vertex -17.05 29.5315 26
      vertex -19.559 27.9331 4
      vertex -17.05 29.5315 4
    endloop
  endfacet
  facet normal 0.608768 0.793348 -0
    outer loop
      vertex -19.559 -27.9331 4
      vertex -21.9191 -26.1221 26
      vertex -19.559 -27.9331 26
    endloop
  endfacet
  facet normal 0.608768 0.793348 0
    outer loop
      vertex -21.9191 -26.1221 26
      vertex -19.559 -27.9331 4
      vertex -21.9191 -26.1221 4
    endloop
  endfacet
  facet normal 0.999048 0.0436326 0
    outer loop
      vertex -33.9702 -2.97201 26
      vertex -34.1 0 4
      vertex -34.1 0 26
    endloop
  endfacet
  facet normal 0.999048 0.0436326 0
    outer loop
      vertex -34.1 0 4
      vertex -33.9702 -2.97201 26
      vertex -33.9702 -2.97201 4
    endloop
  endfacet
  facet normal 0.608768 -0.793348 0
    outer loop
      vertex -21.9191 26.1221 4
      vertex -19.559 27.9331 26
      vertex -21.9191 26.1221 26
    endloop
  endfacet
  facet normal 0.608768 -0.793348 0
    outer loop
      vertex -19.559 27.9331 26
      vertex -21.9191 26.1221 4
      vertex -19.559 27.9331 4
    endloop
  endfacet
  facet normal 0.73726 -0.675609 0
    outer loop
      vertex -26.1221 21.9191 26
      vertex -24.1123 24.1123 4
      vertex -24.1123 24.1123 26
    endloop
  endfacet
  facet normal 0.73726 -0.675609 0
    outer loop
      vertex -24.1123 24.1123 4
      vertex -26.1221 21.9191 26
      vertex -26.1221 21.9191 4
    endloop
  endfacet
  facet normal -0.461743 -0.887014 0
    outer loop
      vertex 14.4113 30.9051 4
      vertex 17.05 29.5315 26
      vertex 14.4113 30.9051 26
    endloop
  endfacet
  facet normal -0.461743 -0.887014 -0
    outer loop
      vertex 17.05 29.5315 26
      vertex 14.4113 30.9051 4
      vertex 17.05 29.5315 4
    endloop
  endfacet
  facet normal 0.0436326 -0.999048 0
    outer loop
      vertex -2.97201 33.9702 4
      vertex 0 34.1 26
      vertex -2.97201 33.9702 26
    endloop
  endfacet
  facet normal 0.0436326 -0.999048 0
    outer loop
      vertex 0 34.1 26
      vertex -2.97201 33.9702 4
      vertex 0 34.1 4
    endloop
  endfacet
  facet normal -0.953713 -0.300719 0
    outer loop
      vertex 32.9381 8.82573 4
      vertex 32.0435 11.6629 26
      vertex 32.0435 11.6629 4
    endloop
  endfacet
  facet normal -0.953713 -0.300719 0
    outer loop
      vertex 32.0435 11.6629 26
      vertex 32.9381 8.82573 4
      vertex 32.9381 8.82573 26
    endloop
  endfacet
  facet normal -0.73726 -0.675609 0
    outer loop
      vertex 26.1221 21.9191 4
      vertex 24.1123 24.1123 26
      vertex 24.1123 24.1123 4
    endloop
  endfacet
  facet normal -0.73726 -0.675609 0
    outer loop
      vertex 24.1123 24.1123 26
      vertex 26.1221 21.9191 4
      vertex 26.1221 21.9191 26
    endloop
  endfacet
  facet normal -0.999048 0.0436326 0
    outer loop
      vertex 33.9702 -2.97201 4
      vertex 34.1 0 26
      vertex 34.1 0 4
    endloop
  endfacet
  facet normal -0.999048 0.0436326 0
    outer loop
      vertex 34.1 0 26
      vertex 33.9702 -2.97201 4
      vertex 33.9702 -2.97201 26
    endloop
  endfacet
  facet normal -0.216416 0.976301 0
    outer loop
      vertex 8.82573 -32.9381 4
      vertex 5.9214 -33.5819 26
      vertex 8.82573 -32.9381 26
    endloop
  endfacet
  facet normal -0.216416 0.976301 0
    outer loop
      vertex 5.9214 -33.5819 26
      vertex 8.82573 -32.9381 4
      vertex 5.9214 -33.5819 4
    endloop
  endfacet
  facet normal -0.793348 0.608768 0
    outer loop
      vertex 26.1221 -21.9191 4
      vertex 27.9331 -19.559 26
      vertex 27.9331 -19.559 4
    endloop
  endfacet
  facet normal -0.793348 0.608768 0
    outer loop
      vertex 27.9331 -19.559 26
      vertex 26.1221 -21.9191 4
      vertex 26.1221 -21.9191 26
    endloop
  endfacet
  facet normal -0.923882 -0.382676 0
    outer loop
      vertex 32.0435 11.6629 4
      vertex 30.9051 14.4113 26
      vertex 30.9051 14.4113 4
    endloop
  endfacet
  facet normal -0.923882 -0.382676 0
    outer loop
      vertex 30.9051 14.4113 26
      vertex 32.0435 11.6629 4
      vertex 32.0435 11.6629 26
    endloop
  endfacet
  facet normal 0.976301 -0.216416 0
    outer loop
      vertex -33.5819 5.9214 26
      vertex -32.9381 8.82573 4
      vertex -32.9381 8.82573 26
    endloop
  endfacet
  facet normal 0.976301 -0.216416 0
    outer loop
      vertex -32.9381 8.82573 4
      vertex -33.5819 5.9214 26
      vertex -33.5819 5.9214 4
    endloop
  endfacet
  facet normal -0.382676 0.923882 0
    outer loop
      vertex 14.4113 -30.9051 4
      vertex 11.6629 -32.0435 26
      vertex 14.4113 -30.9051 26
    endloop
  endfacet
  facet normal -0.382676 0.923882 0
    outer loop
      vertex 11.6629 -32.0435 26
      vertex 14.4113 -30.9051 4
      vertex 11.6629 -32.0435 4
    endloop
  endfacet
  facet normal -0.843393 0.537297 0
    outer loop
      vertex 27.9331 -19.559 4
      vertex 29.5315 -17.05 26
      vertex 29.5315 -17.05 4
    endloop
  endfacet
  facet normal -0.843393 0.537297 0
    outer loop
      vertex 29.5315 -17.05 26
      vertex 27.9331 -19.559 4
      vertex 27.9331 -19.559 26
    endloop
  endfacet
  facet normal 0.843393 0.537297 0
    outer loop
      vertex -27.9331 -19.559 26
      vertex -29.5315 -17.05 4
      vertex -29.5315 -17.05 26
    endloop
  endfacet
  facet normal 0.843393 0.537297 0
    outer loop
      vertex -29.5315 -17.05 4
      vertex -27.9331 -19.559 26
      vertex -27.9331 -19.559 4
    endloop
  endfacet
  facet normal 0.953713 -0.300719 0
    outer loop
      vertex -32.9381 8.82573 26
      vertex -32.0435 11.6629 4
      vertex -32.0435 11.6629 26
    endloop
  endfacet
  facet normal 0.953713 -0.300719 0
    outer loop
      vertex -32.0435 11.6629 4
      vertex -32.9381 8.82573 26
      vertex -32.9381 8.82573 4
    endloop
  endfacet
  facet normal 0.300719 0.953713 -0
    outer loop
      vertex -8.82573 -32.9381 4
      vertex -11.6629 -32.0435 26
      vertex -8.82573 -32.9381 26
    endloop
  endfacet
  facet normal 0.300719 0.953713 0
    outer loop
      vertex -11.6629 -32.0435 26
      vertex -8.82573 -32.9381 4
      vertex -11.6629 -32.0435 4
    endloop
  endfacet
  facet normal 0.130528 -0.991445 0
    outer loop
      vertex -5.9214 33.5819 4
      vertex -2.97201 33.9702 26
      vertex -5.9214 33.5819 26
    endloop
  endfacet
  facet normal 0.130528 -0.991445 0
    outer loop
      vertex -2.97201 33.9702 26
      vertex -5.9214 33.5819 4
      vertex -2.97201 33.9702 4
    endloop
  endfacet
  facet normal 0.382676 -0.923882 0
    outer loop
      vertex -14.4113 30.9051 4
      vertex -11.6629 32.0435 26
      vertex -14.4113 30.9051 26
    endloop
  endfacet
  facet normal 0.382676 -0.923882 0
    outer loop
      vertex -11.6629 32.0435 26
      vertex -14.4113 30.9051 4
      vertex -11.6629 32.0435 4
    endloop
  endfacet
  facet normal -0.953713 0.300719 0
    outer loop
      vertex 32.0435 -11.6629 4
      vertex 32.9381 -8.82573 26
      vertex 32.9381 -8.82573 4
    endloop
  endfacet
  facet normal -0.953713 0.300719 0
    outer loop
      vertex 32.9381 -8.82573 26
      vertex 32.0435 -11.6629 4
      vertex 32.0435 -11.6629 26
    endloop
  endfacet
  facet normal -0.923882 0.382676 0
    outer loop
      vertex 30.9051 -14.4113 4
      vertex 32.0435 -11.6629 26
      vertex 32.0435 -11.6629 4
    endloop
  endfacet
  facet normal -0.923882 0.382676 0
    outer loop
      vertex 32.0435 -11.6629 26
      vertex 30.9051 -14.4113 4
      vertex 30.9051 -14.4113 26
    endloop
  endfacet
  facet normal 0.793348 -0.608768 0
    outer loop
      vertex -27.9331 19.559 26
      vertex -26.1221 21.9191 4
      vertex -26.1221 21.9191 26
    endloop
  endfacet
  facet normal 0.793348 -0.608768 0
    outer loop
      vertex -26.1221 21.9191 4
      vertex -27.9331 19.559 26
      vertex -27.9331 19.559 4
    endloop
  endfacet
  facet normal 0.991445 -0.130528 0
    outer loop
      vertex -33.9702 2.97201 26
      vertex -33.5819 5.9214 4
      vertex -33.5819 5.9214 26
    endloop
  endfacet
  facet normal 0.991445 -0.130528 0
    outer loop
      vertex -33.5819 5.9214 4
      vertex -33.9702 2.97201 26
      vertex -33.9702 2.97201 4
    endloop
  endfacet
  facet normal -0.887014 -0.461743 0
    outer loop
      vertex 30.9051 14.4113 4
      vertex 29.5315 17.05 26
      vertex 29.5315 17.05 4
    endloop
  endfacet
  facet normal -0.887014 -0.461743 0
    outer loop
      vertex 29.5315 17.05 26
      vertex 30.9051 14.4113 4
      vertex 30.9051 14.4113 26
    endloop
  endfacet
  facet normal -0.0436326 0.999048 0
    outer loop
      vertex 2.97201 -33.9702 4
      vertex 0 -34.1 26
      vertex 2.97201 -33.9702 26
    endloop
  endfacet
  facet normal -0.0436326 0.999048 0
    outer loop
      vertex 0 -34.1 26
      vertex 2.97201 -33.9702 4
      vertex 0 -34.1 4
    endloop
  endfacet
  facet normal 0.216416 0.976301 -0
    outer loop
      vertex -5.9214 -33.5819 4
      vertex -8.82573 -32.9381 26
      vertex -5.9214 -33.5819 26
    endloop
  endfacet
  facet normal 0.216416 0.976301 0
    outer loop
      vertex -8.82573 -32.9381 26
      vertex -5.9214 -33.5819 4
      vertex -8.82573 -32.9381 4
    endloop
  endfacet
  facet normal 0.675609 -0.73726 0
    outer loop
      vertex -24.1123 24.1123 4
      vertex -21.9191 26.1221 26
      vertex -24.1123 24.1123 26
    endloop
  endfacet
  facet normal 0.675609 -0.73726 0
    outer loop
      vertex -21.9191 26.1221 26
      vertex -24.1123 24.1123 4
      vertex -21.9191 26.1221 4
    endloop
  endfacet
  facet normal 0.953713 0.300719 0
    outer loop
      vertex -32.0435 -11.6629 26
      vertex -32.9381 -8.82573 4
      vertex -32.9381 -8.82573 26
    endloop
  endfacet
  facet normal 0.953713 0.300719 0
    outer loop
      vertex -32.9381 -8.82573 4
      vertex -32.0435 -11.6629 26
      vertex -32.0435 -11.6629 4
    endloop
  endfacet
  facet normal -0.216416 -0.976301 0
    outer loop
      vertex 5.9214 33.5819 4
      vertex 8.82573 32.9381 26
      vertex 5.9214 33.5819 26
    endloop
  endfacet
  facet normal -0.216416 -0.976301 -0
    outer loop
      vertex 8.82573 32.9381 26
      vertex 5.9214 33.5819 4
      vertex 8.82573 32.9381 4
    endloop
  endfacet
  facet normal -0.73726 0.675609 0
    outer loop
      vertex 24.1123 -24.1123 4
      vertex 26.1221 -21.9191 26
      vertex 26.1221 -21.9191 4
    endloop
  endfacet
  facet normal -0.73726 0.675609 0
    outer loop
      vertex 26.1221 -21.9191 26
      vertex 24.1123 -24.1123 4
      vertex 24.1123 -24.1123 26
    endloop
  endfacet
  facet normal 0.923882 -0.382676 0
    outer loop
      vertex -32.0435 11.6629 26
      vertex -30.9051 14.4113 4
      vertex -30.9051 14.4113 26
    endloop
  endfacet
  facet normal 0.923882 -0.382676 0
    outer loop
      vertex -30.9051 14.4113 4
      vertex -32.0435 11.6629 26
      vertex -32.0435 11.6629 4
    endloop
  endfacet
  facet normal 0.461743 0.887014 -0
    outer loop
      vertex -14.4113 -30.9051 4
      vertex -17.05 -29.5315 26
      vertex -14.4113 -30.9051 26
    endloop
  endfacet
  facet normal 0.461743 0.887014 0
    outer loop
      vertex -17.05 -29.5315 26
      vertex -14.4113 -30.9051 4
      vertex -17.05 -29.5315 4
    endloop
  endfacet
  facet normal -0.0436326 -0.999048 0
    outer loop
      vertex 0 34.1 4
      vertex 2.97201 33.9702 26
      vertex 0 34.1 26
    endloop
  endfacet
  facet normal -0.0436326 -0.999048 -0
    outer loop
      vertex 2.97201 33.9702 26
      vertex 0 34.1 4
      vertex 2.97201 33.9702 4
    endloop
  endfacet
  facet normal 0.976301 0.216416 0
    outer loop
      vertex -32.9381 -8.82573 26
      vertex -33.5819 -5.9214 4
      vertex -33.5819 -5.9214 26
    endloop
  endfacet
  facet normal 0.976301 0.216416 0
    outer loop
      vertex -33.5819 -5.9214 4
      vertex -32.9381 -8.82573 26
      vertex -32.9381 -8.82573 4
    endloop
  endfacet
  facet normal 0.73726 0.675609 0
    outer loop
      vertex -24.1123 -24.1123 26
      vertex -26.1221 -21.9191 4
      vertex -26.1221 -21.9191 26
    endloop
  endfacet
  facet normal 0.73726 0.675609 0
    outer loop
      vertex -26.1221 -21.9191 4
      vertex -24.1123 -24.1123 26
      vertex -24.1123 -24.1123 4
    endloop
  endfacet
  facet normal 0.991445 0.130528 0
    outer loop
      vertex -33.5819 -5.9214 26
      vertex -33.9702 -2.97201 4
      vertex -33.9702 -2.97201 26
    endloop
  endfacet
  facet normal 0.991445 0.130528 0
    outer loop
      vertex -33.9702 -2.97201 4
      vertex -33.5819 -5.9214 26
      vertex -33.5819 -5.9214 4
    endloop
  endfacet
  facet normal 0.923882 0.382676 0
    outer loop
      vertex -30.9051 -14.4113 26
      vertex -32.0435 -11.6629 4
      vertex -32.0435 -11.6629 26
    endloop
  endfacet
  facet normal 0.923882 0.382676 0
    outer loop
      vertex -32.0435 -11.6629 4
      vertex -30.9051 -14.4113 26
      vertex -30.9051 -14.4113 4
    endloop
  endfacet
  facet normal 0.130528 0.991445 -0
    outer loop
      vertex -2.97201 -33.9702 4
      vertex -5.9214 -33.5819 26
      vertex -2.97201 -33.9702 26
    endloop
  endfacet
  facet normal 0.130528 0.991445 0
    outer loop
      vertex -5.9214 -33.5819 26
      vertex -2.97201 -33.9702 4
      vertex -5.9214 -33.5819 4
    endloop
  endfacet
  facet normal -0.991445 0.130528 0
    outer loop
      vertex 33.5819 -5.9214 4
      vertex 33.9702 -2.97201 26
      vertex 33.9702 -2.97201 4
    endloop
  endfacet
  facet normal -0.991445 0.130528 0
    outer loop
      vertex 33.9702 -2.97201 26
      vertex 33.5819 -5.9214 4
      vertex 33.5819 -5.9214 26
    endloop
  endfacet
  facet normal 0.843393 -0.537297 0
    outer loop
      vertex -29.5315 17.05 26
      vertex -27.9331 19.559 4
      vertex -27.9331 19.559 26
    endloop
  endfacet
  facet normal 0.843393 -0.537297 0
    outer loop
      vertex -27.9331 19.559 4
      vertex -29.5315 17.05 26
      vertex -29.5315 17.05 4
    endloop
  endfacet
  facet normal 0.999048 -0.0436326 0
    outer loop
      vertex -34.1 0 26
      vertex -33.9702 2.97201 4
      vertex -33.9702 2.97201 26
    endloop
  endfacet
  facet normal 0.999048 -0.0436326 0
    outer loop
      vertex -33.9702 2.97201 4
      vertex -34.1 0 26
      vertex -34.1 0 4
    endloop
  endfacet
  facet normal 0.675609 0.73726 -0
    outer loop
      vertex -21.9191 -26.1221 4
      vertex -24.1123 -24.1123 26
      vertex -21.9191 -26.1221 26
    endloop
  endfacet
  facet normal 0.675609 0.73726 0
    outer loop
      vertex -24.1123 -24.1123 26
      vertex -21.9191 -26.1221 4
      vertex -24.1123 -24.1123 4
    endloop
  endfacet
  facet normal 0 0 1
    outer loop
      vertex 29 0 4
      vertex 34.1 0 4
      vertex 33.9702 2.97201 4
    endloop
  endfacet
  facet normal 0 0 1
    outer loop
      vertex 28.8896 2.52752 4
      vertex 33.9702 2.97201 4
      vertex 33.5819 5.9214 4
    endloop
  endfacet
  facet normal 0 0 1
    outer loop
      vertex 34.1 0 4
      vertex 29 0 4
      vertex 33.9702 -2.97201 4
    endloop
  endfacet
  facet normal 0 0 1
    outer loop
      vertex 28.5594 5.0358 4
      vertex 33.5819 5.9214 4
      vertex 32.9381 8.82573 4
    endloop
  endfacet
  facet normal -0 0 1
    outer loop
      vertex 28.8896 -2.52752 4
      vertex 33.9702 -2.97201 4
      vertex 29 0 4
    endloop
  endfacet
  facet normal 0 0 1
    outer loop
      vertex 28.0118 7.50575 4
      vertex 32.9381 8.82573 4
      vertex 32.0435 11.6629 4
    endloop
  endfacet
  facet normal 0 0 1
    outer loop
      vertex 33.9702 -2.97201 4
      vertex 28.8896 -2.52752 4
      vertex 33.5819 -5.9214 4
    endloop
  endfacet
  facet normal 0 0 1
    outer loop
      vertex 27.2511 9.91858 4
      vertex 32.0435 11.6629 4
      vertex 30.9051 14.4113 4
    endloop
  endfacet
  facet normal -0 0 1
    outer loop
      vertex 28.5594 -5.0358 4
      vertex 33.5819 -5.9214 4
      vertex 28.8896 -2.52752 4
    endloop
  endfacet
  facet normal 0 0 1
    outer loop
      vertex 26.2829 12.2559 4
      vertex 30.9051 14.4113 4
      vertex 29.5315 17.05 4
    endloop
  endfacet
  facet normal 0 0 1
    outer loop
      vertex 33.5819 -5.9214 4
      vertex 28.5594 -5.0358 4
      vertex 32.9381 -8.82573 4
    endloop
  endfacet
  facet normal -0 0 1
    outer loop
      vertex 28.0118 -7.50575 4
      vertex 32.9381 -8.82573 4
      vertex 28.5594 -5.0358 4
    endloop
  endfacet
  facet normal 0 0 1
    outer loop
      vertex 33.9702 2.97201 4
      vertex 28.8896 2.52752 4
      vertex 29 0 4
    endloop
  endfacet
  facet normal 0 0 1
    outer loop
      vertex 33.5819 5.9214 4
      vertex 28.5594 5.0358 4
      vertex 28.8896 2.52752 4
    endloop
  endfacet
  facet normal 0 0 1
    outer loop
      vertex 32.9381 8.82573 4
      vertex 28.0118 7.50575 4
      vertex 28.5594 5.0358 4
    endloop
  endfacet
  facet normal 0 0 1
    outer loop
      vertex 25.1147 14.5 4
      vertex 29.5315 17.05 4
      vertex 27.9331 19.559 4
    endloop
  endfacet
  facet normal 0 0 1
    outer loop
      vertex 32.0435 11.6629 4
      vertex 27.2511 9.91858 4
      vertex 28.0118 7.50575 4
    endloop
  endfacet
  facet normal 0 0 1
    outer loop
      vertex 30.9051 14.4113 4
      vertex 26.2829 12.2559 4
      vertex 27.2511 9.91858 4
    endloop
  endfacet
  facet normal 0 0 1
    outer loop
      vertex 23.7554 16.6337 4
      vertex 27.9331 19.559 4
      vertex 26.1221 21.9191 4
    endloop
  endfacet
  facet normal 0 0 1
    outer loop
      vertex 29.5315 17.05 4
      vertex 25.1147 14.5 4
      vertex 26.2829 12.2559 4
    endloop
  endfacet
  facet normal 0 0 1
    outer loop
      vertex 22.2153 18.6408 4
      vertex 26.1221 21.9191 4
      vertex 24.1123 24.1123 4
    endloop
  endfacet
  facet normal 0 0 1
    outer loop
      vertex 27.9331 19.559 4
      vertex 23.7554 16.6337 4
      vertex 25.1147 14.5 4
    endloop
  endfacet
  facet normal 0 0 1
    outer loop
      vertex 26.1221 21.9191 4
      vertex 22.2153 18.6408 4
      vertex 23.7554 16.6337 4
    endloop
  endfacet
  facet normal 0 0 1
    outer loop
      vertex 20.5061 20.5061 4
      vertex 24.1123 24.1123 4
      vertex 21.9191 26.1221 4
    endloop
  endfacet
  facet normal 0 0 1
    outer loop
      vertex 24.1123 24.1123 4
      vertex 20.5061 20.5061 4
      vertex 22.2153 18.6408 4
    endloop
  endfacet
  facet normal 0 0 1
    outer loop
      vertex 18.6408 22.2153 4
      vertex 21.9191 26.1221 4
      vertex 19.559 27.9331 4
    endloop
  endfacet
  facet normal 0 0 1
    outer loop
      vertex 21.9191 26.1221 4
      vertex 18.6408 22.2153 4
      vertex 20.5061 20.5061 4
    endloop
  endfacet
  facet normal 0 0 1
    outer loop
      vertex 16.6337 23.7554 4
      vertex 19.559 27.9331 4
      vertex 17.05 29.5315 4
    endloop
  endfacet
  facet normal 0 0 1
    outer loop
      vertex 19.559 27.9331 4
      vertex 16.6337 23.7554 4
      vertex 18.6408 22.2153 4
    endloop
  endfacet
  facet normal 0 0 1
    outer loop
      vertex 17.05 29.5315 4
      vertex 14.5 25.1147 4
      vertex 16.6337 23.7554 4
    endloop
  endfacet
  facet normal 0 0 1
    outer loop
      vertex 14.4113 30.9051 4
      vertex 14.5 25.1147 4
      vertex 17.05 29.5315 4
    endloop
  endfacet
  facet normal 0 0 1
    outer loop
      vertex 14.4113 30.9051 4
      vertex 12.2559 26.2829 4
      vertex 14.5 25.1147 4
    endloop
  endfacet
  facet normal 0 0 1
    outer loop
      vertex 11.6629 32.0435 4
      vertex 12.2559 26.2829 4
      vertex 14.4113 30.9051 4
    endloop
  endfacet
  facet normal 0 0 1
    outer loop
      vertex 11.6629 32.0435 4
      vertex 9.91858 27.2511 4
      vertex 12.2559 26.2829 4
    endloop
  endfacet
  facet normal 0 0 1
    outer loop
      vertex 8.82573 32.9381 4
      vertex 9.91858 27.2511 4
      vertex 11.6629 32.0435 4
    endloop
  endfacet
  facet normal 0 0 1
    outer loop
      vertex 8.82573 32.9381 4
      vertex 7.50575 28.0118 4
      vertex 9.91858 27.2511 4
    endloop
  endfacet
  facet normal 0 0 1
    outer loop
      vertex 5.9214 33.5819 4
      vertex 7.50575 28.0118 4
      vertex 8.82573 32.9381 4
    endloop
  endfacet
  facet normal 0 0 1
    outer loop
      vertex 5.9214 33.5819 4
      vertex 5.0358 28.5594 4
      vertex 7.50575 28.0118 4
    endloop
  endfacet
  facet normal 0 0 1
    outer loop
      vertex 2.97201 33.9702 4
      vertex 5.0358 28.5594 4
      vertex 5.9214 33.5819 4
    endloop
  endfacet
  facet normal 0 0 1
    outer loop
      vertex 2.97201 33.9702 4
      vertex 2.52752 28.8896 4
      vertex 5.0358 28.5594 4
    endloop
  endfacet
  facet normal 0 0 1
    outer loop
      vertex 0 34.1 4
      vertex 2.52752 28.8896 4
      vertex 2.97201 33.9702 4
    endloop
  endfacet
  facet normal 0 0 1
    outer loop
      vertex 0 34.1 4
      vertex 0 29 4
      vertex 2.52752 28.8896 4
    endloop
  endfacet
  facet normal 0 0 1
    outer loop
      vertex 0 34.1 4
      vertex -2.52752 28.8896 4
      vertex 0 29 4
    endloop
  endfacet
  facet normal -0 0 1
    outer loop
      vertex -2.97201 33.9702 4
      vertex -2.52752 28.8896 4
      vertex 0 34.1 4
    endloop
  endfacet
  facet normal 0 0 1
    outer loop
      vertex -2.97201 33.9702 4
      vertex -5.0358 28.5594 4
      vertex -2.52752 28.8896 4
    endloop
  endfacet
  facet normal -0 0 1
    outer loop
      vertex -5.9214 33.5819 4
      vertex -5.0358 28.5594 4
      vertex -2.97201 33.9702 4
    endloop
  endfacet
  facet normal 0 0 1
    outer loop
      vertex -5.9214 33.5819 4
      vertex -7.50575 28.0118 4
      vertex -5.0358 28.5594 4
    endloop
  endfacet
  facet normal -0 0 1
    outer loop
      vertex -8.82573 32.9381 4
      vertex -7.50575 28.0118 4
      vertex -5.9214 33.5819 4
    endloop
  endfacet
  facet normal 0 0 1
    outer loop
      vertex -8.82573 32.9381 4
      vertex -9.91858 27.2511 4
      vertex -7.50575 28.0118 4
    endloop
  endfacet
  facet normal -0 0 1
    outer loop
      vertex -11.6629 32.0435 4
      vertex -9.91858 27.2511 4
      vertex -8.82573 32.9381 4
    endloop
  endfacet
  facet normal 0 0 1
    outer loop
      vertex -11.6629 32.0435 4
      vertex -12.2559 26.2829 4
      vertex -9.91858 27.2511 4
    endloop
  endfacet
  facet normal -0 0 1
    outer loop
      vertex -14.4113 30.9051 4
      vertex -12.2559 26.2829 4
      vertex -11.6629 32.0435 4
    endloop
  endfacet
  facet normal 0 0 1
    outer loop
      vertex -14.4113 30.9051 4
      vertex -14.5 25.1147 4
      vertex -12.2559 26.2829 4
    endloop
  endfacet
  facet normal -0 0 1
    outer loop
      vertex -17.05 29.5315 4
      vertex -14.5 25.1147 4
      vertex -14.4113 30.9051 4
    endloop
  endfacet
  facet normal 0 0 1
    outer loop
      vertex -14.5 25.1147 4
      vertex -17.05 29.5315 4
      vertex -16.6337 23.7554 4
    endloop
  endfacet
  facet normal -0 0 1
    outer loop
      vertex -19.559 27.9331 4
      vertex -16.6337 23.7554 4
      vertex -17.05 29.5315 4
    endloop
  endfacet
  facet normal 0 0 1
    outer loop
      vertex -16.6337 23.7554 4
      vertex -19.559 27.9331 4
      vertex -18.6408 22.2153 4
    endloop
  endfacet
  facet normal -0 0 1
    outer loop
      vertex -21.9191 26.1221 4
      vertex -18.6408 22.2153 4
      vertex -19.559 27.9331 4
    endloop
  endfacet
  facet normal 0 0 1
    outer loop
      vertex -18.6408 22.2153 4
      vertex -21.9191 26.1221 4
      vertex -20.5061 20.5061 4
    endloop
  endfacet
  facet normal -0 0 1
    outer loop
      vertex -24.1123 24.1123 4
      vertex -20.5061 20.5061 4
      vertex -21.9191 26.1221 4
    endloop
  endfacet
  facet normal 0 0 1
    outer loop
      vertex -20.5061 20.5061 4
      vertex -24.1123 24.1123 4
      vertex -22.2153 18.6408 4
    endloop
  endfacet
  facet normal -0 0 1
    outer loop
      vertex -26.1221 21.9191 4
      vertex -22.2153 18.6408 4
      vertex -24.1123 24.1123 4
    endloop
  endfacet
  facet normal 0 0 1
    outer loop
      vertex -22.2153 18.6408 4
      vertex -26.1221 21.9191 4
      vertex -23.7554 16.6337 4
    endloop
  endfacet
  facet normal -0 0 1
    outer loop
      vertex -27.9331 19.559 4
      vertex -23.7554 16.6337 4
      vertex -26.1221 21.9191 4
    endloop
  endfacet
  facet normal 0 0 1
    outer loop
      vertex -23.7554 16.6337 4
      vertex -27.9331 19.559 4
      vertex -25.1147 14.5 4
    endloop
  endfacet
  facet normal -0 0 1
    outer loop
      vertex -29.5315 17.05 4
      vertex -25.1147 14.5 4
      vertex -27.9331 19.559 4
    endloop
  endfacet
  facet normal 0 0 1
    outer loop
      vertex -25.1147 14.5 4
      vertex -29.5315 17.05 4
      vertex -26.2829 12.2559 4
    endloop
  endfacet
  facet normal -0 0 1
    outer loop
      vertex -30.9051 14.4113 4
      vertex -26.2829 12.2559 4
      vertex -29.5315 17.05 4
    endloop
  endfacet
  facet normal 0 0 1
    outer loop
      vertex -26.2829 12.2559 4
      vertex -30.9051 14.4113 4
      vertex -27.2511 9.91858 4
    endloop
  endfacet
  facet normal -0 0 1
    outer loop
      vertex -32.0435 11.6629 4
      vertex -27.2511 9.91858 4
      vertex -30.9051 14.4113 4
    endloop
  endfacet
  facet normal -0 0 1
    outer loop
      vertex -32.9381 8.82573 4
      vertex -28.0118 7.50575 4
      vertex -32.0435 11.6629 4
    endloop
  endfacet
  facet normal 0 0 1
    outer loop
      vertex -27.2511 9.91858 4
      vertex -32.0435 11.6629 4
      vertex -28.0118 7.50575 4
    endloop
  endfacet
  facet normal 0 0 1
    outer loop
      vertex 32.9381 -8.82573 4
      vertex 28.0118 -7.50575 4
      vertex 32.0435 -11.6629 4
    endloop
  endfacet
  facet normal -0 0 1
    outer loop
      vertex 27.2511 -9.91858 4
      vertex 32.0435 -11.6629 4
      vertex 28.0118 -7.50575 4
    endloop
  endfacet
  facet normal 0 0 1
    outer loop
      vertex 32.0435 -11.6629 4
      vertex 27.2511 -9.91858 4
      vertex 30.9051 -14.4113 4
    endloop
  endfacet
  facet normal -0 0 1
    outer loop
      vertex 26.2829 -12.2559 4
      vertex 30.9051 -14.4113 4
      vertex 27.2511 -9.91858 4
    endloop
  endfacet
  facet normal 0 0 1
    outer loop
      vertex 30.9051 -14.4113 4
      vertex 26.2829 -12.2559 4
      vertex 29.5315 -17.05 4
    endloop
  endfacet
  facet normal -0 0 1
    outer loop
      vertex 25.1147 -14.5 4
      vertex 29.5315 -17.05 4
      vertex 26.2829 -12.2559 4
    endloop
  endfacet
  facet normal 0 0 1
    outer loop
      vertex 29.5315 -17.05 4
      vertex 25.1147 -14.5 4
      vertex 27.9331 -19.559 4
    endloop
  endfacet
  facet normal -0 0 1
    outer loop
      vertex 23.7554 -16.6337 4
      vertex 27.9331 -19.559 4
      vertex 25.1147 -14.5 4
    endloop
  endfacet
  facet normal 0 0 1
    outer loop
      vertex 27.9331 -19.559 4
      vertex 23.7554 -16.6337 4
      vertex 26.1221 -21.9191 4
    endloop
  endfacet
  facet normal -0 0 1
    outer loop
      vertex 22.2153 -18.6408 4
      vertex 26.1221 -21.9191 4
      vertex 23.7554 -16.6337 4
    endloop
  endfacet
  facet normal 0 0 1
    outer loop
      vertex 26.1221 -21.9191 4
      vertex 22.2153 -18.6408 4
      vertex 24.1123 -24.1123 4
    endloop
  endfacet
  facet normal -0 0 1
    outer loop
      vertex 20.5061 -20.5061 4
      vertex 24.1123 -24.1123 4
      vertex 22.2153 -18.6408 4
    endloop
  endfacet
  facet normal 0 0 1
    outer loop
      vertex 24.1123 -24.1123 4
      vertex 20.5061 -20.5061 4
      vertex 21.9191 -26.1221 4
    endloop
  endfacet
  facet normal -0 0 1
    outer loop
      vertex 18.6408 -22.2153 4
      vertex 21.9191 -26.1221 4
      vertex 20.5061 -20.5061 4
    endloop
  endfacet
  facet normal 0 0 1
    outer loop
      vertex 21.9191 -26.1221 4
      vertex 18.6408 -22.2153 4
      vertex 19.559 -27.9331 4
    endloop
  endfacet
  facet normal -0 0 1
    outer loop
      vertex 16.6337 -23.7554 4
      vertex 19.559 -27.9331 4
      vertex 18.6408 -22.2153 4
    endloop
  endfacet
  facet normal 0 0 1
    outer loop
      vertex 19.559 -27.9331 4
      vertex 16.6337 -23.7554 4
      vertex 17.05 -29.5315 4
    endloop
  endfacet
  facet normal -0 0 1
    outer loop
      vertex 14.5 -25.1147 4
      vertex 17.05 -29.5315 4
      vertex 16.6337 -23.7554 4
    endloop
  endfacet
  facet normal 0 0 1
    outer loop
      vertex 14.5 -25.1147 4
      vertex 14.4113 -30.9051 4
      vertex 17.05 -29.5315 4
    endloop
  endfacet
  facet normal -0 0 1
    outer loop
      vertex 12.2559 -26.2829 4
      vertex 14.4113 -30.9051 4
      vertex 14.5 -25.1147 4
    endloop
  endfacet
  facet normal 0 0 1
    outer loop
      vertex 12.2559 -26.2829 4
      vertex 11.6629 -32.0435 4
      vertex 14.4113 -30.9051 4
    endloop
  endfacet
  facet normal -0 0 1
    outer loop
      vertex 9.91858 -27.2511 4
      vertex 11.6629 -32.0435 4
      vertex 12.2559 -26.2829 4
    endloop
  endfacet
  facet normal 0 0 1
    outer loop
      vertex 9.91858 -27.2511 4
      vertex 8.82573 -32.9381 4
      vertex 11.6629 -32.0435 4
    endloop
  endfacet
  facet normal -0 0 1
    outer loop
      vertex 7.50575 -28.0118 4
      vertex 8.82573 -32.9381 4
      vertex 9.91858 -27.2511 4
    endloop
  endfacet
  facet normal 0 0 1
    outer loop
      vertex 7.50575 -28.0118 4
      vertex 5.9214 -33.5819 4
      vertex 8.82573 -32.9381 4
    endloop
  endfacet
  facet normal -0 0 1
    outer loop
      vertex 5.0358 -28.5594 4
      vertex 5.9214 -33.5819 4
      vertex 7.50575 -28.0118 4
    endloop
  endfacet
  facet normal 0 0 1
    outer loop
      vertex 5.0358 -28.5594 4
      vertex 2.97201 -33.9702 4
      vertex 5.9214 -33.5819 4
    endloop
  endfacet
  facet normal -0 0 1
    outer loop
      vertex 2.52752 -28.8896 4
      vertex 2.97201 -33.9702 4
      vertex 5.0358 -28.5594 4
    endloop
  endfacet
  facet normal -0 0 1
    outer loop
      vertex 0 -29 4
      vertex 2.97201 -33.9702 4
      vertex 2.52752 -28.8896 4
    endloop
  endfacet
  facet normal 0 0 1
    outer loop
      vertex 0 -29 4
      vertex 0 -34.1 4
      vertex 2.97201 -33.9702 4
    endloop
  endfacet
  facet normal 0 0 1
    outer loop
      vertex -2.52752 -28.8896 4
      vertex 0 -34.1 4
      vertex 0 -29 4
    endloop
  endfacet
  facet normal 0 0 1
    outer loop
      vertex -2.52752 -28.8896 4
      vertex -2.97201 -33.9702 4
      vertex 0 -34.1 4
    endloop
  endfacet
  facet normal 0 0 1
    outer loop
      vertex -5.0358 -28.5594 4
      vertex -2.97201 -33.9702 4
      vertex -2.52752 -28.8896 4
    endloop
  endfacet
  facet normal 0 0 1
    outer loop
      vertex -5.0358 -28.5594 4
      vertex -5.9214 -33.5819 4
      vertex -2.97201 -33.9702 4
    endloop
  endfacet
  facet normal 0 0 1
    outer loop
      vertex -7.50575 -28.0118 4
      vertex -5.9214 -33.5819 4
      vertex -5.0358 -28.5594 4
    endloop
  endfacet
  facet normal 0 0 1
    outer loop
      vertex -7.50575 -28.0118 4
      vertex -8.82573 -32.9381 4
      vertex -5.9214 -33.5819 4
    endloop
  endfacet
  facet normal 0 0 1
    outer loop
      vertex -9.91858 -27.2511 4
      vertex -8.82573 -32.9381 4
      vertex -7.50575 -28.0118 4
    endloop
  endfacet
  facet normal 0 0 1
    outer loop
      vertex -9.91858 -27.2511 4
      vertex -11.6629 -32.0435 4
      vertex -8.82573 -32.9381 4
    endloop
  endfacet
  facet normal 0 0 1
    outer loop
      vertex -12.2559 -26.2829 4
      vertex -11.6629 -32.0435 4
      vertex -9.91858 -27.2511 4
    endloop
  endfacet
  facet normal 0 0 1
    outer loop
      vertex -12.2559 -26.2829 4
      vertex -14.4113 -30.9051 4
      vertex -11.6629 -32.0435 4
    endloop
  endfacet
  facet normal 0 0 1
    outer loop
      vertex -14.5 -25.1147 4
      vertex -14.4113 -30.9051 4
      vertex -12.2559 -26.2829 4
    endloop
  endfacet
  facet normal 0 0 1
    outer loop
      vertex -17.05 -29.5315 4
      vertex -14.5 -25.1147 4
      vertex -16.6337 -23.7554 4
    endloop
  endfacet
  facet normal 0 0 1
    outer loop
      vertex -14.5 -25.1147 4
      vertex -17.05 -29.5315 4
      vertex -14.4113 -30.9051 4
    endloop
  endfacet
  facet normal 0 0 1
    outer loop
      vertex -19.559 -27.9331 4
      vertex -16.6337 -23.7554 4
      vertex -18.6408 -22.2153 4
    endloop
  endfacet
  facet normal 0 0 1
    outer loop
      vertex -16.6337 -23.7554 4
      vertex -19.559 -27.9331 4
      vertex -17.05 -29.5315 4
    endloop
  endfacet
  facet normal 0 0 1
    outer loop
      vertex -21.9191 -26.1221 4
      vertex -18.6408 -22.2153 4
      vertex -20.5061 -20.5061 4
    endloop
  endfacet
  facet normal 0 0 1
    outer loop
      vertex -18.6408 -22.2153 4
      vertex -21.9191 -26.1221 4
      vertex -19.559 -27.9331 4
    endloop
  endfacet
  facet normal 0 0 1
    outer loop
      vertex -24.1123 -24.1123 4
      vertex -20.5061 -20.5061 4
      vertex -22.2153 -18.6408 4
    endloop
  endfacet
  facet normal 0 0 1
    outer loop
      vertex -26.1221 -21.9191 4
      vertex -22.2153 -18.6408 4
      vertex -23.7554 -16.6337 4
    endloop
  endfacet
  facet normal 0 0 1
    outer loop
      vertex -20.5061 -20.5061 4
      vertex -24.1123 -24.1123 4
      vertex -21.9191 -26.1221 4
    endloop
  endfacet
  facet normal 0 0 1
    outer loop
      vertex -27.9331 -19.559 4
      vertex -23.7554 -16.6337 4
      vertex -25.1147 -14.5 4
    endloop
  endfacet
  facet normal 0 0 1
    outer loop
      vertex -22.2153 -18.6408 4
      vertex -26.1221 -21.9191 4
      vertex -24.1123 -24.1123 4
    endloop
  endfacet
  facet normal 0 0 1
    outer loop
      vertex -29.5315 -17.05 4
      vertex -25.1147 -14.5 4
      vertex -26.2829 -12.2559 4
    endloop
  endfacet
  facet normal 0 0 1
    outer loop
      vertex -30.9051 -14.4113 4
      vertex -26.2829 -12.2559 4
      vertex -27.2511 -9.91858 4
    endloop
  endfacet
  facet normal 0 0 1
    outer loop
      vertex -23.7554 -16.6337 4
      vertex -27.9331 -19.559 4
      vertex -26.1221 -21.9191 4
    endloop
  endfacet
  facet normal 0 0 1
    outer loop
      vertex -32.0435 -11.6629 4
      vertex -27.2511 -9.91858 4
      vertex -28.0118 -7.50575 4
    endloop
  endfacet
  facet normal 0 0 1
    outer loop
      vertex -32.9381 -8.82573 4
      vertex -28.0118 -7.50575 4
      vertex -28.5594 -5.0358 4
    endloop
  endfacet
  facet normal 0 0 1
    outer loop
      vertex -33.5819 -5.9214 4
      vertex -28.5594 -5.0358 4
      vertex -28.8896 -2.52752 4
    endloop
  endfacet
  facet normal 0 0 1
    outer loop
      vertex -25.1147 -14.5 4
      vertex -29.5315 -17.05 4
      vertex -27.9331 -19.559 4
    endloop
  endfacet
  facet normal 0 0 1
    outer loop
      vertex -33.9702 -2.97201 4
      vertex -28.8896 -2.52752 4
      vertex -29 0 4
    endloop
  endfacet
  facet normal 0 0 1
    outer loop
      vertex -28.0118 7.50575 4
      vertex -32.9381 8.82573 4
      vertex -28.5594 5.0358 4
    endloop
  endfacet
  facet normal -0 0 1
    outer loop
      vertex -33.5819 5.9214 4
      vertex -28.5594 5.0358 4
      vertex -32.9381 8.82573 4
    endloop
  endfacet
  facet normal 0 0 1
    outer loop
      vertex -26.2829 -12.2559 4
      vertex -30.9051 -14.4113 4
      vertex -29.5315 -17.05 4
    endloop
  endfacet
  facet normal 0 0 1
    outer loop
      vertex -28.5594 5.0358 4
      vertex -33.5819 5.9214 4
      vertex -28.8896 2.52752 4
    endloop
  endfacet
  facet normal 0 0 1
    outer loop
      vertex -27.2511 -9.91858 4
      vertex -32.0435 -11.6629 4
      vertex -30.9051 -14.4113 4
    endloop
  endfacet
  facet normal -0 0 1
    outer loop
      vertex -33.9702 2.97201 4
      vertex -28.8896 2.52752 4
      vertex -33.5819 5.9214 4
    endloop
  endfacet
  facet normal 0 0 1
    outer loop
      vertex -28.0118 -7.50575 4
      vertex -32.9381 -8.82573 4
      vertex -32.0435 -11.6629 4
    endloop
  endfacet
  facet normal 0 0 1
    outer loop
      vertex -28.8896 2.52752 4
      vertex -33.9702 2.97201 4
      vertex -29 0 4
    endloop
  endfacet
  facet normal 0 0 1
    outer loop
      vertex -28.5594 -5.0358 4
      vertex -33.5819 -5.9214 4
      vertex -32.9381 -8.82573 4
    endloop
  endfacet
  facet normal 0 0 1
    outer loop
      vertex -34.1 0 4
      vertex -29 0 4
      vertex -33.9702 2.97201 4
    endloop
  endfacet
  facet normal 0 0 1
    outer loop
      vertex -28.8896 -2.52752 4
      vertex -33.9702 -2.97201 4
      vertex -33.5819 -5.9214 4
    endloop
  endfacet
  facet normal 0 0 1
    outer loop
      vertex -29 0 4
      vertex -34.1 0 4
      vertex -33.9702 -2.97201 4
    endloop
  endfacet
  facet normal 0.887014 0.461743 0
    outer loop
      vertex -29.5315 -17.05 26
      vertex -30.9051 -14.4113 4
      vertex -30.9051 -14.4113 26
    endloop
  endfacet
  facet normal 0.887014 0.461743 0
    outer loop
      vertex -30.9051 -14.4113 4
      vertex -29.5315 -17.05 26
      vertex -29.5315 -17.05 4
    endloop
  endfacet
  facet normal -0.793348 -0.608768 0
    outer loop
      vertex 27.9331 19.559 4
      vertex 26.1221 21.9191 26
      vertex 26.1221 21.9191 4
    endloop
  endfacet
  facet normal -0.793348 -0.608768 0
    outer loop
      vertex 26.1221 21.9191 26
      vertex 27.9331 19.559 4
      vertex 27.9331 19.559 26
    endloop
  endfacet
  facet normal 0.537295 0.843394 -0
    outer loop
      vertex -14.5 -25.1147 3
      vertex -16.6337 -23.7554 4
      vertex -14.5 -25.1147 4
    endloop
  endfacet
  facet normal 0.537295 0.843394 0
    outer loop
      vertex -16.6337 -23.7554 4
      vertex -14.5 -25.1147 3
      vertex -16.6337 -23.7554 3
    endloop
  endfacet
  facet normal -0.991444 -0.130535 -0
    outer loop
      vertex 28.8306 2.97598 3
      vertex 28.5594 5.0358 0
      vertex 28.8306 2.97598 0
    endloop
  endfacet
  facet normal -0.991444 -0.130535 0
    outer loop
      vertex 28.5594 5.0358 0
      vertex 28.8306 2.97598 3
      vertex 28.5594 5.0358 4
    endloop
  endfacet
  facet normal -0.991457 -0.130437 -0
    outer loop
      vertex 28.8896 2.52752 4
      vertex 28.8306 2.97598 3
      vertex 28.8896 2.52752 3
    endloop
  endfacet
  facet normal -0.991446 -0.130518 -3.6749e-05
    outer loop
      vertex 28.8306 2.97598 3
      vertex 28.8896 2.52752 4
      vertex 28.5594 5.0358 4
    endloop
  endfacet
  facet normal -0.999047 -0.0436376 0
    outer loop
      vertex 29 0 3
      vertex 28.8896 2.52752 4
      vertex 28.8896 2.52752 3
    endloop
  endfacet
  facet normal -0.999047 -0.0436376 0
    outer loop
      vertex 28.8896 2.52752 4
      vertex 29 0 3
      vertex 29 0 4
    endloop
  endfacet
  facet normal -0.976294 -0.216449 0
    outer loop
      vertex 28.5594 5.0358 0
      vertex 28.0118 7.50575 4
      vertex 28.0118 7.50575 0
    endloop
  endfacet
  facet normal -0.976294 -0.216449 0
    outer loop
      vertex 28.0118 7.50575 4
      vertex 28.5594 5.0358 0
      vertex 28.5594 5.0358 4
    endloop
  endfacet
  facet normal -0.3827 -0.923872 8.17735e-06
    outer loop
      vertex 9.91858 27.2511 4
      vertex 11.838 26.456 3
      vertex 12.2559 26.2829 4
    endloop
  endfacet
  facet normal -0.382704 -0.923871 0
    outer loop
      vertex 9.91858 27.2511 0
      vertex 11.838 26.456 3
      vertex 9.91858 27.2511 4
    endloop
  endfacet
  facet normal -0.382704 -0.923871 -0
    outer loop
      vertex 11.838 26.456 3
      vertex 9.91858 27.2511 0
      vertex 11.838 26.456 0
    endloop
  endfacet
  facet normal -0.382684 -0.923879 -0
    outer loop
      vertex 12.2559 26.2829 4
      vertex 11.838 26.456 3
      vertex 12.2559 26.2829 3
    endloop
  endfacet
  facet normal 0.999047 -0.0436376 0
    outer loop
      vertex -29 0 4
      vertex -28.8896 2.52752 3
      vertex -28.8896 2.52752 4
    endloop
  endfacet
  facet normal 0.999047 -0.0436376 0
    outer loop
      vertex -28.8896 2.52752 3
      vertex -29 0 4
      vertex -29 0 3
    endloop
  endfacet
  facet normal 0.991444 -0.130535 0
    outer loop
      vertex -28.5594 5.0358 4
      vertex -28.8306 2.97598 3
      vertex -28.5594 5.0358 0
    endloop
  endfacet
  facet normal 0.991446 -0.130518 -3.6749e-05
    outer loop
      vertex -28.8896 2.52752 4
      vertex -28.8306 2.97598 3
      vertex -28.5594 5.0358 4
    endloop
  endfacet
  facet normal 0.991457 -0.130437 0
    outer loop
      vertex -28.8306 2.97598 3
      vertex -28.8896 2.52752 4
      vertex -28.8896 2.52752 3
    endloop
  endfacet
  facet normal 0.991444 -0.130535 0
    outer loop
      vertex -28.5594 5.0358 0
      vertex -28.8306 2.97598 3
      vertex -28.8306 2.97598 0
    endloop
  endfacet
  facet normal -0.216449 -0.976294 0
    outer loop
      vertex 5.0358 28.5594 0
      vertex 7.50575 28.0118 4
      vertex 5.0358 28.5594 4
    endloop
  endfacet
  facet normal -0.216449 -0.976294 -0
    outer loop
      vertex 7.50575 28.0118 4
      vertex 5.0358 28.5594 0
      vertex 7.50575 28.0118 0
    endloop
  endfacet
  facet normal 0.130518 -0.991446 0
    outer loop
      vertex -5.0358 28.5594 0
      vertex -2.52752 28.8896 4
      vertex -5.0358 28.5594 4
    endloop
  endfacet
  facet normal 0.130518 -0.991446 0
    outer loop
      vertex -2.52752 28.8896 4
      vertex -5.0358 28.5594 0
      vertex -2.52752 28.8896 0
    endloop
  endfacet
  facet normal 0.3827 0.923872 8.17735e-06
    outer loop
      vertex -9.91858 -27.2511 4
      vertex -11.838 -26.456 3
      vertex -12.2559 -26.2829 4
    endloop
  endfacet
  facet normal 0.382704 0.923871 -0
    outer loop
      vertex -9.91858 -27.2511 0
      vertex -11.838 -26.456 3
      vertex -9.91858 -27.2511 4
    endloop
  endfacet
  facet normal 0.382704 0.923871 0
    outer loop
      vertex -11.838 -26.456 3
      vertex -9.91858 -27.2511 0
      vertex -11.838 -26.456 0
    endloop
  endfacet
  facet normal 0.382684 0.923879 0
    outer loop
      vertex -12.2559 -26.2829 4
      vertex -11.838 -26.456 3
      vertex -12.2559 -26.2829 3
    endloop
  endfacet
  facet normal -0.130518 0.991446 0
    outer loop
      vertex 5.0358 -28.5594 0
      vertex 2.52752 -28.8896 4
      vertex 5.0358 -28.5594 4
    endloop
  endfacet
  facet normal -0.130518 0.991446 0
    outer loop
      vertex 2.52752 -28.8896 4
      vertex 5.0358 -28.5594 0
      vertex 2.52752 -28.8896 0
    endloop
  endfacet
  facet normal 0.843394 -0.537295 0
    outer loop
      vertex -25.1147 14.5 4
      vertex -23.7554 16.6337 0
      vertex -23.7554 16.6337 4
    endloop
  endfacet
  facet normal 0.843394 -0.537295 0
    outer loop
      vertex -23.7554 16.6337 0
      vertex -25.1147 14.5 4
      vertex -25.1147 14.5 0
    endloop
  endfacet
  facet normal -0.608761 0.793354 5.31643e-06
    outer loop
      vertex 18.6408 -22.2153 4
      vertex 16.9926 -23.48 3
      vertex 16.6337 -23.7554 4
    endloop
  endfacet
  facet normal -0.608759 0.793355 0
    outer loop
      vertex 18.6408 -22.2153 0
      vertex 16.9926 -23.48 3
      vertex 18.6408 -22.2153 4
    endloop
  endfacet
  facet normal -0.608759 0.793355 0
    outer loop
      vertex 16.9926 -23.48 3
      vertex 18.6408 -22.2153 0
      vertex 16.9926 -23.48 0
    endloop
  endfacet
  facet normal -0.60877 0.793347 0
    outer loop
      vertex 16.6337 -23.7554 4
      vertex 16.9926 -23.48 3
      vertex 16.6337 -23.7554 3
    endloop
  endfacet
  facet normal -0.461747 0.887012 0
    outer loop
      vertex 14.5 -25.1147 3
      vertex 12.2559 -26.2829 4
      vertex 14.5 -25.1147 4
    endloop
  endfacet
  facet normal -0.461747 0.887012 0
    outer loop
      vertex 12.2559 -26.2829 4
      vertex 14.5 -25.1147 3
      vertex 12.2559 -26.2829 3
    endloop
  endfacet
  facet normal -0.793354 0.608761 0
    outer loop
      vertex 22.2153 -18.6408 0
      vertex 23.7554 -16.6337 4
      vertex 23.7554 -16.6337 0
    endloop
  endfacet
  facet normal -0.793354 0.608761 0
    outer loop
      vertex 23.7554 -16.6337 4
      vertex 22.2153 -18.6408 0
      vertex 22.2153 -18.6408 4
    endloop
  endfacet
  facet normal 0.953724 0.300683 0
    outer loop
      vertex -27.2511 -9.91858 4
      vertex -28.0118 -7.50575 0
      vertex -28.0118 -7.50575 4
    endloop
  endfacet
  facet normal 0.953724 0.300683 0
    outer loop
      vertex -28.0118 -7.50575 0
      vertex -27.2511 -9.91858 4
      vertex -27.2511 -9.91858 0
    endloop
  endfacet
  facet normal -0.953724 0.300683 0
    outer loop
      vertex 27.2511 -9.91858 0
      vertex 28.0118 -7.50575 4
      vertex 28.0118 -7.50575 0
    endloop
  endfacet
  facet normal -0.953724 0.300683 0
    outer loop
      vertex 28.0118 -7.50575 4
      vertex 27.2511 -9.91858 0
      vertex 27.2511 -9.91858 4
    endloop
  endfacet
  facet normal 0.60877 0.793347 0
    outer loop
      vertex -16.9926 -23.48 3
      vertex -16.6337 -23.7554 4
      vertex -16.6337 -23.7554 3
    endloop
  endfacet
  facet normal 0.608761 0.793354 5.31643e-06
    outer loop
      vertex -16.6337 -23.7554 4
      vertex -16.9926 -23.48 3
      vertex -18.6408 -22.2153 4
    endloop
  endfacet
  facet normal 0.608759 0.793355 0
    outer loop
      vertex -18.6408 -22.2153 0
      vertex -16.9926 -23.48 3
      vertex -16.9926 -23.48 0
    endloop
  endfacet
  facet normal 0.608759 0.793355 0
    outer loop
      vertex -16.9926 -23.48 3
      vertex -18.6408 -22.2153 0
      vertex -18.6408 -22.2153 4
    endloop
  endfacet
  facet normal -0.991444 0.130535 0
    outer loop
      vertex 28.8306 -2.97598 0
      vertex 28.5594 -5.0358 0
      vertex 28.8306 -2.97598 3
    endloop
  endfacet
  facet normal -0.991457 0.130437 0
    outer loop
      vertex 28.8306 -2.97598 3
      vertex 28.8896 -2.52752 4
      vertex 28.8896 -2.52752 3
    endloop
  endfacet
  facet normal -0.991444 0.130535 0
    outer loop
      vertex 28.5594 -5.0358 4
      vertex 28.8306 -2.97598 3
      vertex 28.5594 -5.0358 0
    endloop
  endfacet
  facet normal -0.991446 0.130518 -3.6749e-05
    outer loop
      vertex 28.8306 -2.97598 3
      vertex 28.5594 -5.0358 4
      vertex 28.8896 -2.52752 4
    endloop
  endfacet
  facet normal -0.130518 -0.991446 0
    outer loop
      vertex 2.52752 28.8896 0
      vertex 5.0358 28.5594 4
      vertex 2.52752 28.8896 4
    endloop
  endfacet
  facet normal -0.130518 -0.991446 -0
    outer loop
      vertex 5.0358 28.5594 4
      vertex 2.52752 28.8896 0
      vertex 5.0358 28.5594 0
    endloop
  endfacet
  facet normal -0.461747 -0.887012 0
    outer loop
      vertex 12.2559 26.2829 3
      vertex 14.5 25.1147 4
      vertex 12.2559 26.2829 4
    endloop
  endfacet
  facet normal -0.461747 -0.887012 -0
    outer loop
      vertex 14.5 25.1147 4
      vertex 12.2559 26.2829 3
      vertex 14.5 25.1147 3
    endloop
  endfacet
  facet normal 0.953724 -0.300683 0
    outer loop
      vertex -28.0118 7.50575 4
      vertex -27.2511 9.91858 0
      vertex -27.2511 9.91858 4
    endloop
  endfacet
  facet normal 0.953724 -0.300683 0
    outer loop
      vertex -27.2511 9.91858 0
      vertex -28.0118 7.50575 4
      vertex -28.0118 7.50575 0
    endloop
  endfacet
  facet normal 0.976294 0.216449 0
    outer loop
      vertex -28.0118 -7.50575 4
      vertex -28.5594 -5.0358 0
      vertex -28.5594 -5.0358 4
    endloop
  endfacet
  facet normal 0.976294 0.216449 0
    outer loop
      vertex -28.5594 -5.0358 0
      vertex -28.0118 -7.50575 4
      vertex -28.0118 -7.50575 0
    endloop
  endfacet
  facet normal 0.300683 -0.953724 0
    outer loop
      vertex -9.91858 27.2511 0
      vertex -7.50575 28.0118 4
      vertex -9.91858 27.2511 4
    endloop
  endfacet
  facet normal 0.300683 -0.953724 0
    outer loop
      vertex -7.50575 28.0118 4
      vertex -9.91858 27.2511 0
      vertex -7.50575 28.0118 0
    endloop
  endfacet
  facet normal -0.976294 0.216449 0
    outer loop
      vertex 28.0118 -7.50575 0
      vertex 28.5594 -5.0358 4
      vertex 28.5594 -5.0358 0
    endloop
  endfacet
  facet normal -0.976294 0.216449 0
    outer loop
      vertex 28.5594 -5.0358 4
      vertex 28.0118 -7.50575 0
      vertex 28.0118 -7.50575 4
    endloop
  endfacet
  facet normal 0.608761 -0.793354 5.31643e-06
    outer loop
      vertex -18.6408 22.2153 4
      vertex -16.9926 23.48 3
      vertex -16.6337 23.7554 4
    endloop
  endfacet
  facet normal 0.608759 -0.793355 0
    outer loop
      vertex -18.6408 22.2153 0
      vertex -16.9926 23.48 3
      vertex -18.6408 22.2153 4
    endloop
  endfacet
  facet normal 0.608759 -0.793355 0
    outer loop
      vertex -16.9926 23.48 3
      vertex -18.6408 22.2153 0
      vertex -16.9926 23.48 0
    endloop
  endfacet
  facet normal 0.60877 -0.793347 0
    outer loop
      vertex -16.6337 23.7554 4
      vertex -16.9926 23.48 3
      vertex -16.6337 23.7554 3
    endloop
  endfacet
  facet normal -0.216449 0.976294 0
    outer loop
      vertex 7.50575 -28.0118 0
      vertex 5.0358 -28.5594 4
      vertex 7.50575 -28.0118 4
    endloop
  endfacet
  facet normal -0.216449 0.976294 0
    outer loop
      vertex 5.0358 -28.5594 4
      vertex 7.50575 -28.0118 0
      vertex 5.0358 -28.5594 0
    endloop
  endfacet
  facet normal -0.793354 -0.608761 0
    outer loop
      vertex 23.7554 16.6337 0
      vertex 22.2153 18.6408 4
      vertex 22.2153 18.6408 0
    endloop
  endfacet
  facet normal -0.793354 -0.608761 0
    outer loop
      vertex 22.2153 18.6408 4
      vertex 23.7554 16.6337 0
      vertex 23.7554 16.6337 4
    endloop
  endfacet
  facet normal -0.953724 -0.300683 0
    outer loop
      vertex 28.0118 7.50575 0
      vertex 27.2511 9.91858 4
      vertex 27.2511 9.91858 0
    endloop
  endfacet
  facet normal -0.953724 -0.300683 0
    outer loop
      vertex 27.2511 9.91858 4
      vertex 28.0118 7.50575 0
      vertex 28.0118 7.50575 4
    endloop
  endfacet
  facet normal -0.675583 -0.737284 0
    outer loop
      vertex 18.6408 22.2153 0
      vertex 20.5061 20.5061 4
      vertex 18.6408 22.2153 4
    endloop
  endfacet
  facet normal -0.675583 -0.737284 -0
    outer loop
      vertex 20.5061 20.5061 4
      vertex 18.6408 22.2153 0
      vertex 20.5061 20.5061 0
    endloop
  endfacet
  facet normal -0.923872 -0.3827 0
    outer loop
      vertex 27.2511 9.91858 0
      vertex 26.2829 12.2559 4
      vertex 26.2829 12.2559 0
    endloop
  endfacet
  facet normal -0.923872 -0.3827 0
    outer loop
      vertex 26.2829 12.2559 4
      vertex 27.2511 9.91858 0
      vertex 27.2511 9.91858 4
    endloop
  endfacet
  facet normal -0.999047 0.0436376 0
    outer loop
      vertex 28.8896 -2.52752 3
      vertex 29 0 4
      vertex 29 0 3
    endloop
  endfacet
  facet normal -0.999047 0.0436376 0
    outer loop
      vertex 29 0 4
      vertex 28.8896 -2.52752 3
      vertex 28.8896 -2.52752 4
    endloop
  endfacet
  facet normal -0.887012 0.461747 0
    outer loop
      vertex 25.1147 -14.5 0
      vertex 26.2829 -12.2559 4
      vertex 26.2829 -12.2559 0
    endloop
  endfacet
  facet normal -0.887012 0.461747 0
    outer loop
      vertex 26.2829 -12.2559 4
      vertex 25.1147 -14.5 0
      vertex 25.1147 -14.5 4
    endloop
  endfacet
  facet normal 0.300683 0.953724 -0
    outer loop
      vertex -7.50575 -28.0118 0
      vertex -9.91858 -27.2511 4
      vertex -7.50575 -28.0118 4
    endloop
  endfacet
  facet normal 0.300683 0.953724 0
    outer loop
      vertex -9.91858 -27.2511 4
      vertex -7.50575 -28.0118 0
      vertex -9.91858 -27.2511 0
    endloop
  endfacet
  facet normal 0.461747 0.887012 -0
    outer loop
      vertex -12.2559 -26.2829 3
      vertex -14.5 -25.1147 4
      vertex -12.2559 -26.2829 4
    endloop
  endfacet
  facet normal 0.461747 0.887012 0
    outer loop
      vertex -14.5 -25.1147 4
      vertex -12.2559 -26.2829 3
      vertex -14.5 -25.1147 3
    endloop
  endfacet
  facet normal 0.923872 -0.3827 0
    outer loop
      vertex -27.2511 9.91858 4
      vertex -26.2829 12.2559 0
      vertex -26.2829 12.2559 4
    endloop
  endfacet
  facet normal 0.923872 -0.3827 0
    outer loop
      vertex -26.2829 12.2559 0
      vertex -27.2511 9.91858 4
      vertex -27.2511 9.91858 0
    endloop
  endfacet
  facet normal 0.843394 0.537295 0
    outer loop
      vertex -23.7554 -16.6337 4
      vertex -25.1147 -14.5 0
      vertex -25.1147 -14.5 4
    endloop
  endfacet
  facet normal 0.843394 0.537295 0
    outer loop
      vertex -25.1147 -14.5 0
      vertex -23.7554 -16.6337 4
      vertex -23.7554 -16.6337 0
    endloop
  endfacet
  facet normal -0.60877 -0.793347 0
    outer loop
      vertex 16.9926 23.48 3
      vertex 16.6337 23.7554 4
      vertex 16.6337 23.7554 3
    endloop
  endfacet
  facet normal -0.608761 -0.793354 5.31643e-06
    outer loop
      vertex 16.6337 23.7554 4
      vertex 16.9926 23.48 3
      vertex 18.6408 22.2153 4
    endloop
  endfacet
  facet normal -0.608759 -0.793355 0
    outer loop
      vertex 18.6408 22.2153 0
      vertex 16.9926 23.48 3
      vertex 16.9926 23.48 0
    endloop
  endfacet
  facet normal -0.608759 -0.793355 0
    outer loop
      vertex 16.9926 23.48 3
      vertex 18.6408 22.2153 0
      vertex 18.6408 22.2153 4
    endloop
  endfacet
  facet normal -0.537295 -0.843394 0
    outer loop
      vertex 14.5 25.1147 3
      vertex 16.6337 23.7554 4
      vertex 14.5 25.1147 4
    endloop
  endfacet
  facet normal -0.537295 -0.843394 -0
    outer loop
      vertex 16.6337 23.7554 4
      vertex 14.5 25.1147 3
      vertex 16.6337 23.7554 3
    endloop
  endfacet
  facet normal -0.0436376 0.999047 0
    outer loop
      vertex 2.52752 -28.8896 0
      vertex 0 -29 4
      vertex 2.52752 -28.8896 4
    endloop
  endfacet
  facet normal -0.0436376 0.999047 0
    outer loop
      vertex 0 -29 4
      vertex 2.52752 -28.8896 0
      vertex 0 -29 0
    endloop
  endfacet
  facet normal -0.843394 0.537295 0
    outer loop
      vertex 23.7554 -16.6337 0
      vertex 25.1147 -14.5 4
      vertex 25.1147 -14.5 0
    endloop
  endfacet
  facet normal -0.843394 0.537295 0
    outer loop
      vertex 25.1147 -14.5 4
      vertex 23.7554 -16.6337 0
      vertex 23.7554 -16.6337 4
    endloop
  endfacet
  facet normal 0.130518 0.991446 -0
    outer loop
      vertex -2.52752 -28.8896 0
      vertex -5.0358 -28.5594 4
      vertex -2.52752 -28.8896 4
    endloop
  endfacet
  facet normal 0.130518 0.991446 0
    outer loop
      vertex -5.0358 -28.5594 4
      vertex -2.52752 -28.8896 0
      vertex -5.0358 -28.5594 0
    endloop
  endfacet
  facet normal -0.0436376 -0.999047 0
    outer loop
      vertex 0 29 0
      vertex 2.52752 28.8896 4
      vertex 0 29 4
    endloop
  endfacet
  facet normal -0.0436376 -0.999047 -0
    outer loop
      vertex 2.52752 28.8896 4
      vertex 0 29 0
      vertex 2.52752 28.8896 0
    endloop
  endfacet
  facet normal 0.0436376 -0.999047 0
    outer loop
      vertex -2.52752 28.8896 0
      vertex 0 29 4
      vertex -2.52752 28.8896 4
    endloop
  endfacet
  facet normal 0.0436376 -0.999047 0
    outer loop
      vertex 0 29 4
      vertex -2.52752 28.8896 0
      vertex 0 29 0
    endloop
  endfacet
  facet normal -0.737284 -0.675583 0
    outer loop
      vertex 22.2153 18.6408 0
      vertex 20.5061 20.5061 4
      vertex 20.5061 20.5061 0
    endloop
  endfacet
  facet normal -0.737284 -0.675583 0
    outer loop
      vertex 20.5061 20.5061 4
      vertex 22.2153 18.6408 0
      vertex 22.2153 18.6408 4
    endloop
  endfacet
  facet normal -0.887012 -0.461747 0
    outer loop
      vertex 26.2829 12.2559 0
      vertex 25.1147 14.5 4
      vertex 25.1147 14.5 0
    endloop
  endfacet
  facet normal -0.887012 -0.461747 0
    outer loop
      vertex 25.1147 14.5 4
      vertex 26.2829 12.2559 0
      vertex 26.2829 12.2559 4
    endloop
  endfacet
  facet normal -0.843394 -0.537295 0
    outer loop
      vertex 25.1147 14.5 0
      vertex 23.7554 16.6337 4
      vertex 23.7554 16.6337 0
    endloop
  endfacet
  facet normal -0.843394 -0.537295 0
    outer loop
      vertex 23.7554 16.6337 4
      vertex 25.1147 14.5 0
      vertex 25.1147 14.5 4
    endloop
  endfacet
  facet normal 0.675583 -0.737284 0
    outer loop
      vertex -20.5061 20.5061 0
      vertex -18.6408 22.2153 4
      vertex -20.5061 20.5061 4
    endloop
  endfacet
  facet normal 0.675583 -0.737284 0
    outer loop
      vertex -18.6408 22.2153 4
      vertex -20.5061 20.5061 0
      vertex -18.6408 22.2153 0
    endloop
  endfacet
  facet normal -0.382684 0.923879 0
    outer loop
      vertex 11.838 -26.456 3
      vertex 12.2559 -26.2829 4
      vertex 12.2559 -26.2829 3
    endloop
  endfacet
  facet normal -0.3827 0.923872 8.17735e-06
    outer loop
      vertex 12.2559 -26.2829 4
      vertex 11.838 -26.456 3
      vertex 9.91858 -27.2511 4
    endloop
  endfacet
  facet normal -0.382704 0.923871 0
    outer loop
      vertex 9.91858 -27.2511 0
      vertex 11.838 -26.456 3
      vertex 11.838 -26.456 0
    endloop
  endfacet
  facet normal -0.382704 0.923871 0
    outer loop
      vertex 11.838 -26.456 3
      vertex 9.91858 -27.2511 0
      vertex 9.91858 -27.2511 4
    endloop
  endfacet
  facet normal 0.976294 -0.216449 0
    outer loop
      vertex -28.5594 5.0358 4
      vertex -28.0118 7.50575 0
      vertex -28.0118 7.50575 4
    endloop
  endfacet
  facet normal 0.976294 -0.216449 0
    outer loop
      vertex -28.0118 7.50575 0
      vertex -28.5594 5.0358 4
      vertex -28.5594 5.0358 0
    endloop
  endfacet
  facet normal 0.216449 -0.976294 0
    outer loop
      vertex -7.50575 28.0118 0
      vertex -5.0358 28.5594 4
      vertex -7.50575 28.0118 4
    endloop
  endfacet
  facet normal 0.216449 -0.976294 0
    outer loop
      vertex -5.0358 28.5594 4
      vertex -7.50575 28.0118 0
      vertex -5.0358 28.5594 0
    endloop
  endfacet
  facet normal 0.991457 0.130437 0
    outer loop
      vertex -28.8896 -2.52752 4
      vertex -28.8306 -2.97598 3
      vertex -28.8896 -2.52752 3
    endloop
  endfacet
  facet normal 0.991446 0.130518 -3.6749e-05
    outer loop
      vertex -28.5594 -5.0358 4
      vertex -28.8306 -2.97598 3
      vertex -28.8896 -2.52752 4
    endloop
  endfacet
  facet normal 0.991444 0.130535 -0
    outer loop
      vertex -28.5594 -5.0358 0
      vertex -28.8306 -2.97598 3
      vertex -28.5594 -5.0358 4
    endloop
  endfacet
  facet normal 0.991444 0.130535 0
    outer loop
      vertex -28.8306 -2.97598 3
      vertex -28.5594 -5.0358 0
      vertex -28.8306 -2.97598 0
    endloop
  endfacet
  facet normal 0.737284 0.675583 0
    outer loop
      vertex -20.5061 -20.5061 4
      vertex -22.2153 -18.6408 0
      vertex -22.2153 -18.6408 4
    endloop
  endfacet
  facet normal 0.737284 0.675583 0
    outer loop
      vertex -22.2153 -18.6408 0
      vertex -20.5061 -20.5061 4
      vertex -20.5061 -20.5061 0
    endloop
  endfacet
  facet normal 0.537295 -0.843394 0
    outer loop
      vertex -16.6337 23.7554 3
      vertex -14.5 25.1147 4
      vertex -16.6337 23.7554 4
    endloop
  endfacet
  facet normal 0.537295 -0.843394 0
    outer loop
      vertex -14.5 25.1147 4
      vertex -16.6337 23.7554 3
      vertex -14.5 25.1147 3
    endloop
  endfacet
  facet normal 0.793354 0.608761 0
    outer loop
      vertex -22.2153 -18.6408 4
      vertex -23.7554 -16.6337 0
      vertex -23.7554 -16.6337 4
    endloop
  endfacet
  facet normal 0.793354 0.608761 0
    outer loop
      vertex -23.7554 -16.6337 0
      vertex -22.2153 -18.6408 4
      vertex -22.2153 -18.6408 0
    endloop
  endfacet
  facet normal 0.675583 0.737284 -0
    outer loop
      vertex -18.6408 -22.2153 0
      vertex -20.5061 -20.5061 4
      vertex -18.6408 -22.2153 4
    endloop
  endfacet
  facet normal 0.675583 0.737284 0
    outer loop
      vertex -20.5061 -20.5061 4
      vertex -18.6408 -22.2153 0
      vertex -20.5061 -20.5061 0
    endloop
  endfacet
  facet normal 0.999047 0.0436376 0
    outer loop
      vertex -28.8896 -2.52752 4
      vertex -29 0 3
      vertex -29 0 4
    endloop
  endfacet
  facet normal 0.999047 0.0436376 0
    outer loop
      vertex -29 0 3
      vertex -28.8896 -2.52752 4
      vertex -28.8896 -2.52752 3
    endloop
  endfacet
  facet normal 0.461747 -0.887012 0
    outer loop
      vertex -14.5 25.1147 3
      vertex -12.2559 26.2829 4
      vertex -14.5 25.1147 4
    endloop
  endfacet
  facet normal 0.461747 -0.887012 0
    outer loop
      vertex -12.2559 26.2829 4
      vertex -14.5 25.1147 3
      vertex -12.2559 26.2829 3
    endloop
  endfacet
  facet normal 0.793354 -0.608761 0
    outer loop
      vertex -23.7554 16.6337 4
      vertex -22.2153 18.6408 0
      vertex -22.2153 18.6408 4
    endloop
  endfacet
  facet normal 0.793354 -0.608761 0
    outer loop
      vertex -22.2153 18.6408 0
      vertex -23.7554 16.6337 4
      vertex -23.7554 16.6337 0
    endloop
  endfacet
  facet normal -0.537295 0.843394 0
    outer loop
      vertex 16.6337 -23.7554 3
      vertex 14.5 -25.1147 4
      vertex 16.6337 -23.7554 4
    endloop
  endfacet
  facet normal -0.537295 0.843394 0
    outer loop
      vertex 14.5 -25.1147 4
      vertex 16.6337 -23.7554 3
      vertex 14.5 -25.1147 3
    endloop
  endfacet
  facet normal 0.382684 -0.923879 0
    outer loop
      vertex -11.838 26.456 3
      vertex -12.2559 26.2829 4
      vertex -12.2559 26.2829 3
    endloop
  endfacet
  facet normal 0.3827 -0.923872 8.17735e-06
    outer loop
      vertex -12.2559 26.2829 4
      vertex -11.838 26.456 3
      vertex -9.91858 27.2511 4
    endloop
  endfacet
  facet normal 0.382704 -0.923871 0
    outer loop
      vertex -9.91858 27.2511 0
      vertex -11.838 26.456 3
      vertex -11.838 26.456 0
    endloop
  endfacet
  facet normal 0.382704 -0.923871 0
    outer loop
      vertex -11.838 26.456 3
      vertex -9.91858 27.2511 0
      vertex -9.91858 27.2511 4
    endloop
  endfacet
  facet normal 0.923872 0.3827 0
    outer loop
      vertex -26.2829 -12.2559 4
      vertex -27.2511 -9.91858 0
      vertex -27.2511 -9.91858 4
    endloop
  endfacet
  facet normal 0.923872 0.3827 0
    outer loop
      vertex -27.2511 -9.91858 0
      vertex -26.2829 -12.2559 4
      vertex -26.2829 -12.2559 0
    endloop
  endfacet
  facet normal -0.300683 0.953724 0
    outer loop
      vertex 9.91858 -27.2511 0
      vertex 7.50575 -28.0118 4
      vertex 9.91858 -27.2511 4
    endloop
  endfacet
  facet normal -0.300683 0.953724 0
    outer loop
      vertex 7.50575 -28.0118 4
      vertex 9.91858 -27.2511 0
      vertex 7.50575 -28.0118 0
    endloop
  endfacet
  facet normal 0.0436376 0.999047 -0
    outer loop
      vertex 0 -29 0
      vertex -2.52752 -28.8896 4
      vertex 0 -29 4
    endloop
  endfacet
  facet normal 0.0436376 0.999047 0
    outer loop
      vertex -2.52752 -28.8896 4
      vertex 0 -29 0
      vertex -2.52752 -28.8896 0
    endloop
  endfacet
  facet normal 0.216449 0.976294 -0
    outer loop
      vertex -5.0358 -28.5594 0
      vertex -7.50575 -28.0118 4
      vertex -5.0358 -28.5594 4
    endloop
  endfacet
  facet normal 0.216449 0.976294 0
    outer loop
      vertex -7.50575 -28.0118 4
      vertex -5.0358 -28.5594 0
      vertex -7.50575 -28.0118 0
    endloop
  endfacet
  facet normal 0.887012 0.461747 0
    outer loop
      vertex -25.1147 -14.5 4
      vertex -26.2829 -12.2559 0
      vertex -26.2829 -12.2559 4
    endloop
  endfacet
  facet normal 0.887012 0.461747 0
    outer loop
      vertex -26.2829 -12.2559 0
      vertex -25.1147 -14.5 4
      vertex -25.1147 -14.5 0
    endloop
  endfacet
  facet normal -0.300683 -0.953724 0
    outer loop
      vertex 7.50575 28.0118 0
      vertex 9.91858 27.2511 4
      vertex 7.50575 28.0118 4
    endloop
  endfacet
  facet normal -0.300683 -0.953724 -0
    outer loop
      vertex 9.91858 27.2511 4
      vertex 7.50575 28.0118 0
      vertex 9.91858 27.2511 0
    endloop
  endfacet
  facet normal -0.923872 0.3827 0
    outer loop
      vertex 26.2829 -12.2559 0
      vertex 27.2511 -9.91858 4
      vertex 27.2511 -9.91858 0
    endloop
  endfacet
  facet normal -0.923872 0.3827 0
    outer loop
      vertex 27.2511 -9.91858 4
      vertex 26.2829 -12.2559 0
      vertex 26.2829 -12.2559 4
    endloop
  endfacet
  facet normal 0.887012 -0.461747 0
    outer loop
      vertex -26.2829 12.2559 4
      vertex -25.1147 14.5 0
      vertex -25.1147 14.5 4
    endloop
  endfacet
  facet normal 0.887012 -0.461747 0
    outer loop
      vertex -25.1147 14.5 0
      vertex -26.2829 12.2559 4
      vertex -26.2829 12.2559 0
    endloop
  endfacet
  facet normal 0.737284 -0.675583 0
    outer loop
      vertex -22.2153 18.6408 4
      vertex -20.5061 20.5061 0
      vertex -20.5061 20.5061 4
    endloop
  endfacet
  facet normal 0.737284 -0.675583 0
    outer loop
      vertex -20.5061 20.5061 0
      vertex -22.2153 18.6408 4
      vertex -22.2153 18.6408 0
    endloop
  endfacet
  facet normal -0.737284 0.675583 0
    outer loop
      vertex 20.5061 -20.5061 0
      vertex 22.2153 -18.6408 4
      vertex 22.2153 -18.6408 0
    endloop
  endfacet
  facet normal -0.737284 0.675583 0
    outer loop
      vertex 22.2153 -18.6408 4
      vertex 20.5061 -20.5061 0
      vertex 20.5061 -20.5061 4
    endloop
  endfacet
  facet normal -0.675583 0.737284 0
    outer loop
      vertex 20.5061 -20.5061 0
      vertex 18.6408 -22.2153 4
      vertex 20.5061 -20.5061 4
    endloop
  endfacet
  facet normal -0.675583 0.737284 0
    outer loop
      vertex 18.6408 -22.2153 4
      vertex 20.5061 -20.5061 0
      vertex 18.6408 -22.2153 0
    endloop
  endfacet
endsolid OpenSCAD_Model
