solid OpenSCAD_Model
  facet normal 0.953661 0.300885 0
    outer loop
      vertex 119.319 135.176 0
      vertex 118.794 136.84 -8
      vertex 118.794 136.84 0
    endloop
  endfacet
  facet normal 0.953661 0.300885 0
    outer loop
      vertex 118.794 136.84 -8
      vertex 119.319 135.176 0
      vertex 119.319 135.176 -8
    endloop
  endfacet
  facet normal -0.675777 0.737107 0
    outer loop
      vertex -112.856 145.321 -8
      vertex -114.142 144.142 0
      vertex -112.856 145.321 0
    endloop
  endfacet
  facet normal -0.675777 0.737107 0
    outer loop
      vertex -114.142 144.142 0
      vertex -112.856 145.321 -8
      vertex -114.142 144.142 -8
    endloop
  endfacet
  facet normal 0.887207 -0.461371 0
    outer loop
      vertex 117.321 -140 0
      vertex 118.126 -138.452 -8
      vertex 118.126 -138.452 0
    endloop
  endfacet
  facet normal 0.887207 -0.461371 0
    outer loop
      vertex 118.126 -138.452 -8
      vertex 117.321 -140 0
      vertex 117.321 -140 -8
    endloop
  endfacet
  facet normal -0.991427 0.130662 0
    outer loop
      vertex -119.924 131.743 -8
      vertex -119.696 133.473 0
      vertex -119.696 133.473 -8
    endloop
  endfacet
  facet normal -0.991427 0.130662 0
    outer loop
      vertex -119.696 133.473 0
      vertex -119.924 131.743 -8
      vertex -119.924 131.743 0
    endloop
  endfacet
  facet normal -0.0435616 -0.999051 0
    outer loop
      vertex -101.743 -149.924 -8
      vertex -100 -150 0
      vertex -101.743 -149.924 0
    endloop
  endfacet
  facet normal -0.0435616 -0.999051 -0
    outer loop
      vertex -100 -150 0
      vertex -101.743 -149.924 -8
      vertex -100 -150 -8
    endloop
  endfacet
  facet normal -0.976362 -0.216141 0
    outer loop
      vertex -119.319 -135.176 -8
      vertex -119.696 -133.473 0
      vertex -119.696 -133.473 -8
    endloop
  endfacet
  facet normal -0.976362 -0.216141 0
    outer loop
      vertex -119.696 -133.473 0
      vertex -119.319 -135.176 -8
      vertex -119.319 -135.176 0
    endloop
  endfacet
  facet normal 0.843331 -0.537394 0
    outer loop
      vertex 116.383 -141.472 0
      vertex 117.321 -140 -8
      vertex 117.321 -140 0
    endloop
  endfacet
  facet normal 0.843331 -0.537394 0
    outer loop
      vertex 117.321 -140 -8
      vertex 116.383 -141.472 0
      vertex 116.383 -141.472 -8
    endloop
  endfacet
  facet normal 0 1 -0
    outer loop
      vertex 100 150 -8
      vertex -100 150 0
      vertex 100 150 0
    endloop
  endfacet
  facet normal 0 1 0
    outer loop
      vertex -100 150 0
      vertex 100 150 -8
      vertex -100 150 -8
    endloop
  endfacet
  facet normal 0.887207 0.461371 0
    outer loop
      vertex 118.126 138.452 0
      vertex 117.321 140 -8
      vertex 117.321 140 0
    endloop
  endfacet
  facet normal 0.887207 0.461371 0
    outer loop
      vertex 117.321 140 -8
      vertex 118.126 138.452 0
      vertex 118.126 138.452 -8
    endloop
  endfacet
  facet normal 0.737107 0.675777 0
    outer loop
      vertex 115.321 142.856 0
      vertex 114.142 144.142 -8
      vertex 114.142 144.142 0
    endloop
  endfacet
  facet normal 0.737107 0.675777 0
    outer loop
      vertex 114.142 144.142 -8
      vertex 115.321 142.856 0
      vertex 115.321 142.856 -8
    endloop
  endfacet
  facet normal -0.300885 -0.953661 0
    outer loop
      vertex -106.84 -148.794 -8
      vertex -105.176 -149.319 0
      vertex -106.84 -148.794 0
    endloop
  endfacet
  facet normal -0.300885 -0.953661 -0
    outer loop
      vertex -105.176 -149.319 0
      vertex -106.84 -148.794 -8
      vertex -105.176 -149.319 -8
    endloop
  endfacet
  facet normal 0 -1 0
    outer loop
      vertex -100 -150 -8
      vertex 100 -150 0
      vertex -100 -150 0
    endloop
  endfacet
  facet normal 0 -1 -0
    outer loop
      vertex 100 -150 0
      vertex -100 -150 -8
      vertex 100 -150 -8
    endloop
  endfacet
  facet normal 0.793348 -0.608768 0
    outer loop
      vertex 115.321 -142.856 0
      vertex 116.383 -141.472 -8
      vertex 116.383 -141.472 0
    endloop
  endfacet
  facet normal 0.793348 -0.608768 0
    outer loop
      vertex 116.383 -141.472 -8
      vertex 115.321 -142.856 0
      vertex 115.321 -142.856 -8
    endloop
  endfacet
  facet normal 0.923821 0.382824 0
    outer loop
      vertex 118.794 136.84 0
      vertex 118.126 138.452 -8
      vertex 118.126 138.452 0
    endloop
  endfacet
  facet normal 0.923821 0.382824 0
    outer loop
      vertex 118.126 138.452 -8
      vertex 118.794 136.84 0
      vertex 118.794 136.84 -8
    endloop
  endfacet
  facet normal 1 -0 0
    outer loop
      vertex 120 -130 0
      vertex 120 130 -8
      vertex 120 130 0
    endloop
  endfacet
  facet normal 1 0 0
    outer loop
      vertex 120 130 -8
      vertex 120 -130 0
      vertex 120 -130 -8
    endloop
  endfacet
  facet normal 0.537394 0.843331 -0
    outer loop
      vertex 111.472 146.383 -8
      vertex 110 147.321 0
      vertex 111.472 146.383 0
    endloop
  endfacet
  facet normal 0.537394 0.843331 0
    outer loop
      vertex 110 147.321 0
      vertex 111.472 146.383 -8
      vertex 110 147.321 -8
    endloop
  endfacet
  facet normal 0.537394 -0.843331 0
    outer loop
      vertex 110 -147.321 -8
      vertex 111.472 -146.383 0
      vertex 110 -147.321 0
    endloop
  endfacet
  facet normal 0.537394 -0.843331 0
    outer loop
      vertex 111.472 -146.383 0
      vertex 110 -147.321 -8
      vertex 111.472 -146.383 -8
    endloop
  endfacet
  facet normal -0.999051 -0.0435616 0
    outer loop
      vertex -119.924 -131.743 -8
      vertex -120 -130 0
      vertex -120 -130 -8
    endloop
  endfacet
  facet normal -0.999051 -0.0435616 0
    outer loop
      vertex -120 -130 0
      vertex -119.924 -131.743 -8
      vertex -119.924 -131.743 0
    endloop
  endfacet
  facet normal -0.991427 -0.130662 0
    outer loop
      vertex -119.696 -133.473 -8
      vertex -119.924 -131.743 0
      vertex -119.924 -131.743 -8
    endloop
  endfacet
  facet normal -0.991427 -0.130662 0
    outer loop
      vertex -119.924 -131.743 0
      vertex -119.696 -133.473 -8
      vertex -119.696 -133.473 0
    endloop
  endfacet
  facet normal -0.130662 -0.991427 0
    outer loop
      vertex -103.473 -149.696 -8
      vertex -101.743 -149.924 0
      vertex -103.473 -149.696 0
    endloop
  endfacet
  facet normal -0.130662 -0.991427 -0
    outer loop
      vertex -101.743 -149.924 0
      vertex -103.473 -149.696 -8
      vertex -101.743 -149.924 -8
    endloop
  endfacet
  facet normal -1 0 0
    outer loop
      vertex -120 -130 -8
      vertex -120 130 0
      vertex -120 130 -8
    endloop
  endfacet
  facet normal -1 -0 0
    outer loop
      vertex -120 130 0
      vertex -120 -130 -8
      vertex -120 -130 0
    endloop
  endfacet
  facet normal -0.793348 0.608768 0
    outer loop
      vertex -116.383 141.472 -8
      vertex -115.321 142.856 0
      vertex -115.321 142.856 -8
    endloop
  endfacet
  facet normal -0.793348 0.608768 0
    outer loop
      vertex -115.321 142.856 0
      vertex -116.383 141.472 -8
      vertex -116.383 141.472 0
    endloop
  endfacet
  facet normal 0.991427 0.130662 0
    outer loop
      vertex 119.924 131.743 0
      vertex 119.696 133.473 -8
      vertex 119.696 133.473 0
    endloop
  endfacet
  facet normal 0.991427 0.130662 0
    outer loop
      vertex 119.696 133.473 -8
      vertex 119.924 131.743 0
      vertex 119.924 131.743 -8
    endloop
  endfacet
  facet normal 0.461371 -0.887207 0
    outer loop
      vertex 108.452 -148.126 -8
      vertex 110 -147.321 0
      vertex 108.452 -148.126 0
    endloop
  endfacet
  facet normal 0.461371 -0.887207 0
    outer loop
      vertex 110 -147.321 0
      vertex 108.452 -148.126 -8
      vertex 110 -147.321 -8
    endloop
  endfacet
  facet normal 0.300885 -0.953661 0
    outer loop
      vertex 105.176 -149.319 -8
      vertex 106.84 -148.794 0
      vertex 105.176 -149.319 0
    endloop
  endfacet
  facet normal 0.300885 -0.953661 0
    outer loop
      vertex 106.84 -148.794 0
      vertex 105.176 -149.319 -8
      vertex 106.84 -148.794 -8
    endloop
  endfacet
  facet normal -0.793348 -0.608768 0
    outer loop
      vertex -115.321 -142.856 -8
      vertex -116.383 -141.472 0
      vertex -116.383 -141.472 -8
    endloop
  endfacet
  facet normal -0.793348 -0.608768 0
    outer loop
      vertex -116.383 -141.472 0
      vertex -115.321 -142.856 -8
      vertex -115.321 -142.856 0
    endloop
  endfacet
  facet normal 0.991427 -0.130662 0
    outer loop
      vertex 119.696 -133.473 0
      vertex 119.924 -131.743 -8
      vertex 119.924 -131.743 0
    endloop
  endfacet
  facet normal 0.991427 -0.130662 0
    outer loop
      vertex 119.924 -131.743 -8
      vertex 119.696 -133.473 0
      vertex 119.696 -133.473 -8
    endloop
  endfacet
  facet normal 0.737107 -0.675777 0
    outer loop
      vertex 114.142 -144.142 0
      vertex 115.321 -142.856 -8
      vertex 115.321 -142.856 0
    endloop
  endfacet
  facet normal 0.737107 -0.675777 0
    outer loop
      vertex 115.321 -142.856 -8
      vertex 114.142 -144.142 0
      vertex 114.142 -144.142 -8
    endloop
  endfacet
  facet normal 0.999051 -0.0435616 0
    outer loop
      vertex 119.924 -131.743 0
      vertex 120 -130 -8
      vertex 120 -130 0
    endloop
  endfacet
  facet normal 0.999051 -0.0435616 0
    outer loop
      vertex 120 -130 -8
      vertex 119.924 -131.743 0
      vertex 119.924 -131.743 -8
    endloop
  endfacet
  facet normal -0.737107 0.675777 0
    outer loop
      vertex -115.321 142.856 -8
      vertex -114.142 144.142 0
      vertex -114.142 144.142 -8
    endloop
  endfacet
  facet normal -0.737107 0.675777 0
    outer loop
      vertex -114.142 144.142 0
      vertex -115.321 142.856 -8
      vertex -115.321 142.856 0
    endloop
  endfacet
  facet normal -0.953661 0.300885 0
    outer loop
      vertex -119.319 135.176 -8
      vertex -118.794 136.84 0
      vertex -118.794 136.84 -8
    endloop
  endfacet
  facet normal -0.953661 0.300885 0
    outer loop
      vertex -118.794 136.84 0
      vertex -119.319 135.176 -8
      vertex -119.319 135.176 0
    endloop
  endfacet
  facet normal 0.976362 -0.216141 0
    outer loop
      vertex 119.319 -135.176 0
      vertex 119.696 -133.473 -8
      vertex 119.696 -133.473 0
    endloop
  endfacet
  facet normal 0.976362 -0.216141 0
    outer loop
      vertex 119.696 -133.473 -8
      vertex 119.319 -135.176 0
      vertex 119.319 -135.176 -8
    endloop
  endfacet
  facet normal 0.0435616 -0.999051 0
    outer loop
      vertex 100 -150 -8
      vertex 101.743 -149.924 0
      vertex 100 -150 0
    endloop
  endfacet
  facet normal 0.0435616 -0.999051 0
    outer loop
      vertex 101.743 -149.924 0
      vertex 100 -150 -8
      vertex 101.743 -149.924 -8
    endloop
  endfacet
  facet normal 0.675777 0.737107 -0
    outer loop
      vertex 114.142 144.142 -8
      vertex 112.856 145.321 0
      vertex 114.142 144.142 0
    endloop
  endfacet
  facet normal 0.675777 0.737107 0
    outer loop
      vertex 112.856 145.321 0
      vertex 114.142 144.142 -8
      vertex 112.856 145.321 -8
    endloop
  endfacet
  facet normal 0.923821 -0.382824 0
    outer loop
      vertex 118.126 -138.452 0
      vertex 118.794 -136.84 -8
      vertex 118.794 -136.84 0
    endloop
  endfacet
  facet normal 0.923821 -0.382824 0
    outer loop
      vertex 118.794 -136.84 -8
      vertex 118.126 -138.452 0
      vertex 118.126 -138.452 -8
    endloop
  endfacet
  facet normal 0.216141 -0.976362 0
    outer loop
      vertex 103.473 -149.696 -8
      vertex 105.176 -149.319 0
      vertex 103.473 -149.696 0
    endloop
  endfacet
  facet normal 0.216141 -0.976362 0
    outer loop
      vertex 105.176 -149.319 0
      vertex 103.473 -149.696 -8
      vertex 105.176 -149.319 -8
    endloop
  endfacet
  facet normal 0.0435616 0.999051 -0
    outer loop
      vertex 101.743 149.924 -8
      vertex 100 150 0
      vertex 101.743 149.924 0
    endloop
  endfacet
  facet normal 0.0435616 0.999051 0
    outer loop
      vertex 100 150 0
      vertex 101.743 149.924 -8
      vertex 100 150 -8
    endloop
  endfacet
  facet normal -0.923821 -0.382824 0
    outer loop
      vertex -118.126 -138.452 -8
      vertex -118.794 -136.84 0
      vertex -118.794 -136.84 -8
    endloop
  endfacet
  facet normal -0.923821 -0.382824 0
    outer loop
      vertex -118.794 -136.84 0
      vertex -118.126 -138.452 -8
      vertex -118.126 -138.452 0
    endloop
  endfacet
  facet normal 0.843331 0.537394 0
    outer loop
      vertex 117.321 140 0
      vertex 116.383 141.472 -8
      vertex 116.383 141.472 0
    endloop
  endfacet
  facet normal 0.843331 0.537394 0
    outer loop
      vertex 116.383 141.472 -8
      vertex 117.321 140 0
      vertex 117.321 140 -8
    endloop
  endfacet
  facet normal 0.793348 0.608768 0
    outer loop
      vertex 116.383 141.472 0
      vertex 115.321 142.856 -8
      vertex 115.321 142.856 0
    endloop
  endfacet
  facet normal 0.793348 0.608768 0
    outer loop
      vertex 115.321 142.856 -8
      vertex 116.383 141.472 0
      vertex 116.383 141.472 -8
    endloop
  endfacet
  facet normal -0.0435616 0.999051 0
    outer loop
      vertex -100 150 -8
      vertex -101.743 149.924 0
      vertex -100 150 0
    endloop
  endfacet
  facet normal -0.0435616 0.999051 0
    outer loop
      vertex -101.743 149.924 0
      vertex -100 150 -8
      vertex -101.743 149.924 -8
    endloop
  endfacet
  facet normal -0.382824 0.923821 0
    outer loop
      vertex -106.84 148.794 -8
      vertex -108.452 148.126 0
      vertex -106.84 148.794 0
    endloop
  endfacet
  facet normal -0.382824 0.923821 0
    outer loop
      vertex -108.452 148.126 0
      vertex -106.84 148.794 -8
      vertex -108.452 148.126 -8
    endloop
  endfacet
  facet normal -0.887207 -0.461371 0
    outer loop
      vertex -117.321 -140 -8
      vertex -118.126 -138.452 0
      vertex -118.126 -138.452 -8
    endloop
  endfacet
  facet normal -0.887207 -0.461371 0
    outer loop
      vertex -118.126 -138.452 0
      vertex -117.321 -140 -8
      vertex -117.321 -140 0
    endloop
  endfacet
  facet normal 0.675777 -0.737107 0
    outer loop
      vertex 112.856 -145.321 -8
      vertex 114.142 -144.142 0
      vertex 112.856 -145.321 0
    endloop
  endfacet
  facet normal 0.675777 -0.737107 0
    outer loop
      vertex 114.142 -144.142 0
      vertex 112.856 -145.321 -8
      vertex 114.142 -144.142 -8
    endloop
  endfacet
  facet normal -0.130662 0.991427 0
    outer loop
      vertex -101.743 149.924 -8
      vertex -103.473 149.696 0
      vertex -101.743 149.924 0
    endloop
  endfacet
  facet normal -0.130662 0.991427 0
    outer loop
      vertex -103.473 149.696 0
      vertex -101.743 149.924 -8
      vertex -103.473 149.696 -8
    endloop
  endfacet
  facet normal 0.608768 -0.793348 0
    outer loop
      vertex 111.472 -146.383 -8
      vertex 112.856 -145.321 0
      vertex 111.472 -146.383 0
    endloop
  endfacet
  facet normal 0.608768 -0.793348 0
    outer loop
      vertex 112.856 -145.321 0
      vertex 111.472 -146.383 -8
      vertex 112.856 -145.321 -8
    endloop
  endfacet
  facet normal 0.608768 0.793348 -0
    outer loop
      vertex 112.856 145.321 -8
      vertex 111.472 146.383 0
      vertex 112.856 145.321 0
    endloop
  endfacet
  facet normal 0.608768 0.793348 0
    outer loop
      vertex 111.472 146.383 0
      vertex 112.856 145.321 -8
      vertex 111.472 146.383 -8
    endloop
  endfacet
  facet normal -0.675777 -0.737107 0
    outer loop
      vertex -114.142 -144.142 -8
      vertex -112.856 -145.321 0
      vertex -114.142 -144.142 0
    endloop
  endfacet
  facet normal -0.675777 -0.737107 -0
    outer loop
      vertex -112.856 -145.321 0
      vertex -114.142 -144.142 -8
      vertex -112.856 -145.321 -8
    endloop
  endfacet
  facet normal -0.737107 -0.675777 0
    outer loop
      vertex -114.142 -144.142 -8
      vertex -115.321 -142.856 0
      vertex -115.321 -142.856 -8
    endloop
  endfacet
  facet normal -0.737107 -0.675777 0
    outer loop
      vertex -115.321 -142.856 0
      vertex -114.142 -144.142 -8
      vertex -114.142 -144.142 0
    endloop
  endfacet
  facet normal -0 0 -1
    outer loop
      vertex -29.8354 -2.62129 -8
      vertex -86 -90.8038 -8
      vertex -30.0569 -2.45134 -8
    endloop
  endfacet
  facet normal 0 0 -1
    outer loop
      vertex -31.2 0 -8
      vertex -83.0228 95.4771 -8
      vertex -83 96 -8
    endloop
  endfacet
  facet normal 0 0 -1
    outer loop
      vertex -86.4643 -90.5622 -8
      vertex -30.0569 -2.45134 -8
      vertex -86 -90.8038 -8
    endloop
  endfacet
  facet normal 0 0 -1
    outer loop
      vertex -31.2 0 -8
      vertex -83.0912 94.9581 -8
      vertex -83.0228 95.4771 -8
    endloop
  endfacet
  facet normal -0 0 -1
    outer loop
      vertex -30.0569 -2.45134 -8
      vertex -86.4643 -90.5622 -8
      vertex -30.2627 -2.26274 -8
    endloop
  endfacet
  facet normal 0 0 -1
    outer loop
      vertex -31.2 0 -8
      vertex -83.2044 94.4471 -8
      vertex -83.0912 94.9581 -8
    endloop
  endfacet
  facet normal 0 0 -1
    outer loop
      vertex -86.9479 -90.3618 -8
      vertex -30.2627 -2.26274 -8
      vertex -86.4643 -90.5622 -8
    endloop
  endfacet
  facet normal 0 0 -1
    outer loop
      vertex -31.2 0 -8
      vertex -83.3618 93.9479 -8
      vertex -83.2044 94.4471 -8
    endloop
  endfacet
  facet normal -0 0 -1
    outer loop
      vertex -30.2627 -2.26274 -8
      vertex -86.9479 -90.3618 -8
      vertex -30.4513 -2.05692 -8
    endloop
  endfacet
  facet normal 0 0 -1
    outer loop
      vertex -31.2 0 -8
      vertex -83.5622 93.4643 -8
      vertex -83.3618 93.9479 -8
    endloop
  endfacet
  facet normal 0 0 -1
    outer loop
      vertex -87.4471 -90.2044 -8
      vertex -30.4513 -2.05692 -8
      vertex -86.9479 -90.3618 -8
    endloop
  endfacet
  facet normal 0 0 -1
    outer loop
      vertex -31.2 0 -8
      vertex -83.8038 93 -8
      vertex -83.5622 93.4643 -8
    endloop
  endfacet
  facet normal -0 0 -1
    outer loop
      vertex -30.4513 -2.05692 -8
      vertex -87.4471 -90.2044 -8
      vertex -30.6213 -1.83544 -8
    endloop
  endfacet
  facet normal 0 0 -1
    outer loop
      vertex -31.2 0 -8
      vertex -84.0851 92.5585 -8
      vertex -83.8038 93 -8
    endloop
  endfacet
  facet normal 0 0 -1
    outer loop
      vertex -87.9581 -90.0912 -8
      vertex -30.6213 -1.83544 -8
      vertex -87.4471 -90.2044 -8
    endloop
  endfacet
  facet normal 0 0 -1
    outer loop
      vertex -31.2 0 -8
      vertex -84.4037 92.1433 -8
      vertex -84.0851 92.5585 -8
    endloop
  endfacet
  facet normal -0 0 -1
    outer loop
      vertex -30.6213 -1.83544 -8
      vertex -87.9581 -90.0912 -8
      vertex -30.7713 -1.6 -8
    endloop
  endfacet
  facet normal 0 0 -1
    outer loop
      vertex -31.2 0 -8
      vertex -84.7574 91.7574 -8
      vertex -84.4037 92.1433 -8
    endloop
  endfacet
  facet normal 0 0 -1
    outer loop
      vertex -88.4771 -90.0228 -8
      vertex -30.7713 -1.6 -8
      vertex -87.9581 -90.0912 -8
    endloop
  endfacet
  facet normal 0 0 -1
    outer loop
      vertex -31.2 0 -8
      vertex -85.1433 91.4037 -8
      vertex -84.7574 91.7574 -8
    endloop
  endfacet
  facet normal -0 0 -1
    outer loop
      vertex -30.7713 -1.6 -8
      vertex -88.4771 -90.0228 -8
      vertex -30.9002 -1.35238 -8
    endloop
  endfacet
  facet normal 0 0 -1
    outer loop
      vertex -31.2 0 -8
      vertex -85.5585 91.0851 -8
      vertex -85.1433 91.4037 -8
    endloop
  endfacet
  facet normal 0 0 -1
    outer loop
      vertex -89 -90 -8
      vertex -30.9002 -1.35238 -8
      vertex -88.4771 -90.0228 -8
    endloop
  endfacet
  facet normal 0 0 -1
    outer loop
      vertex -31.2 0 -8
      vertex -86 90.8038 -8
      vertex -85.5585 91.0851 -8
    endloop
  endfacet
  facet normal -0 0 -1
    outer loop
      vertex -30.9002 -1.35238 -8
      vertex -89 -90 -8
      vertex -31.007 -1.09446 -8
    endloop
  endfacet
  facet normal 0 0 -1
    outer loop
      vertex -31.2 0 -8
      vertex -86.4643 90.5622 -8
      vertex -86 90.8038 -8
    endloop
  endfacet
  facet normal 0 0 -1
    outer loop
      vertex -91 -90 -8
      vertex -31.007 -1.09446 -8
      vertex -89 -90 -8
    endloop
  endfacet
  facet normal 0 0 -1
    outer loop
      vertex -31.2 0 -8
      vertex -86.9479 90.3618 -8
      vertex -86.4643 90.5622 -8
    endloop
  endfacet
  facet normal 0 0 -1
    outer loop
      vertex -91.5229 -90.0228 -8
      vertex -31.007 -1.09446 -8
      vertex -91 -90 -8
    endloop
  endfacet
  facet normal 0 0 -1
    outer loop
      vertex -31.2 0 -8
      vertex -87.4471 90.2044 -8
      vertex -86.9479 90.3618 -8
    endloop
  endfacet
  facet normal -0 0 -1
    outer loop
      vertex -31.007 -1.09446 -8
      vertex -91.5229 -90.0228 -8
      vertex -31.091 -0.82822 -8
    endloop
  endfacet
  facet normal 0 0 -1
    outer loop
      vertex -31.2 0 -8
      vertex -87.9581 90.0912 -8
      vertex -87.4471 90.2044 -8
    endloop
  endfacet
  facet normal 0 0 -1
    outer loop
      vertex -92.0419 -90.0912 -8
      vertex -31.091 -0.82822 -8
      vertex -91.5229 -90.0228 -8
    endloop
  endfacet
  facet normal 0 0 -1
    outer loop
      vertex -31.2 0 -8
      vertex -88.4771 90.0228 -8
      vertex -87.9581 90.0912 -8
    endloop
  endfacet
  facet normal -0 0 -1
    outer loop
      vertex -31.091 -0.82822 -8
      vertex -92.0419 -90.0912 -8
      vertex -31.1514 -0.555674 -8
    endloop
  endfacet
  facet normal 0 0 -1
    outer loop
      vertex -31.2 0 -8
      vertex -89 90 -8
      vertex -88.4771 90.0228 -8
    endloop
  endfacet
  facet normal 0 0 -1
    outer loop
      vertex -92.5529 -90.2044 -8
      vertex -31.1514 -0.555674 -8
      vertex -92.0419 -90.0912 -8
    endloop
  endfacet
  facet normal 0 0 -1
    outer loop
      vertex -31.2 0 -8
      vertex -91 90 -8
      vertex -89 90 -8
    endloop
  endfacet
  facet normal -0 0 -1
    outer loop
      vertex -31.1514 -0.555674 -8
      vertex -92.5529 -90.2044 -8
      vertex -31.1878 -0.278898 -8
    endloop
  endfacet
  facet normal 0 0 -1
    outer loop
      vertex -31.2 0 -8
      vertex -91.5229 90.0228 -8
      vertex -91 90 -8
    endloop
  endfacet
  facet normal 0 0 -1
    outer loop
      vertex -93.0521 -90.3618 -8
      vertex -31.1878 -0.278898 -8
      vertex -92.5529 -90.2044 -8
    endloop
  endfacet
  facet normal 0 0 -1
    outer loop
      vertex -31.2 0 -8
      vertex -92.0419 90.0912 -8
      vertex -91.5229 90.0228 -8
    endloop
  endfacet
  facet normal -0 0 -1
    outer loop
      vertex -31.1878 -0.278898 -8
      vertex -93.0521 -90.3618 -8
      vertex -31.2 0 -8
    endloop
  endfacet
  facet normal 0 0 -1
    outer loop
      vertex -31.2 0 -8
      vertex -92.5529 90.2044 -8
      vertex -92.0419 90.0912 -8
    endloop
  endfacet
  facet normal 0 0 -1
    outer loop
      vertex -93.0521 90.3618 -8
      vertex -31.2 0 -8
      vertex -93.0521 -90.3618 -8
    endloop
  endfacet
  facet normal 0 0 -1
    outer loop
      vertex -31.2 0 -8
      vertex -93.0521 90.3618 -8
      vertex -92.5529 90.2044 -8
    endloop
  endfacet
  facet normal 0 0 -1
    outer loop
      vertex -93.5357 -90.5622 -8
      vertex -93.0521 90.3618 -8
      vertex -93.0521 -90.3618 -8
    endloop
  endfacet
  facet normal 0 0 -1
    outer loop
      vertex -93.5357 -90.5622 -8
      vertex -93.5357 90.5622 -8
      vertex -93.0521 90.3618 -8
    endloop
  endfacet
  facet normal 0 0 -1
    outer loop
      vertex -94 -90.8038 -8
      vertex -93.5357 90.5622 -8
      vertex -93.5357 -90.5622 -8
    endloop
  endfacet
  facet normal 0 0 -1
    outer loop
      vertex -94 -90.8038 -8
      vertex -94 90.8038 -8
      vertex -93.5357 90.5622 -8
    endloop
  endfacet
  facet normal 0 0 -1
    outer loop
      vertex -94.4415 -91.0851 -8
      vertex -94 90.8038 -8
      vertex -94 -90.8038 -8
    endloop
  endfacet
  facet normal 0 0 -1
    outer loop
      vertex -94.4415 -91.0851 -8
      vertex -94.4415 91.0851 -8
      vertex -94 90.8038 -8
    endloop
  endfacet
  facet normal 0 0 -1
    outer loop
      vertex -94.8567 -91.4037 -8
      vertex -94.4415 91.0851 -8
      vertex -94.4415 -91.0851 -8
    endloop
  endfacet
  facet normal 0 0 -1
    outer loop
      vertex -94.8567 -91.4037 -8
      vertex -94.8567 91.4037 -8
      vertex -94.4415 91.0851 -8
    endloop
  endfacet
  facet normal 0 0 -1
    outer loop
      vertex -95.2426 -91.7574 -8
      vertex -94.8567 91.4037 -8
      vertex -94.8567 -91.4037 -8
    endloop
  endfacet
  facet normal 0 0 -1
    outer loop
      vertex -95.2426 -91.7574 -8
      vertex -95.2426 91.7574 -8
      vertex -94.8567 91.4037 -8
    endloop
  endfacet
  facet normal 0 0 -1
    outer loop
      vertex -95.5963 -92.1433 -8
      vertex -95.2426 91.7574 -8
      vertex -95.2426 -91.7574 -8
    endloop
  endfacet
  facet normal 0 0 -1
    outer loop
      vertex -95.5963 -92.1433 -8
      vertex -95.5963 92.1433 -8
      vertex -95.2426 91.7574 -8
    endloop
  endfacet
  facet normal 0 0 -1
    outer loop
      vertex -95.9149 -92.5585 -8
      vertex -95.5963 92.1433 -8
      vertex -95.5963 -92.1433 -8
    endloop
  endfacet
  facet normal 0 0 -1
    outer loop
      vertex -95.9149 -92.5585 -8
      vertex -95.9149 92.5585 -8
      vertex -95.5963 92.1433 -8
    endloop
  endfacet
  facet normal 0 0 -1
    outer loop
      vertex -96.1962 -93 -8
      vertex -95.9149 92.5585 -8
      vertex -95.9149 -92.5585 -8
    endloop
  endfacet
  facet normal 0 0 -1
    outer loop
      vertex -96.1962 -93 -8
      vertex -96.1962 93 -8
      vertex -95.9149 92.5585 -8
    endloop
  endfacet
  facet normal 0 0 -1
    outer loop
      vertex -96.4378 -93.4643 -8
      vertex -96.1962 93 -8
      vertex -96.1962 -93 -8
    endloop
  endfacet
  facet normal 0 0 -1
    outer loop
      vertex -96.4378 -93.4643 -8
      vertex -96.4378 93.4643 -8
      vertex -96.1962 93 -8
    endloop
  endfacet
  facet normal 0 0 -1
    outer loop
      vertex -120 -130 -8
      vertex -96.4378 -93.4643 -8
      vertex -96.6382 -93.9479 -8
    endloop
  endfacet
  facet normal -0 0 -1
    outer loop
      vertex -96.4378 -93.4643 -8
      vertex -120 -130 -8
      vertex -96.4378 93.4643 -8
    endloop
  endfacet
  facet normal 0 0 -1
    outer loop
      vertex -120 -130 -8
      vertex -96.6382 -93.9479 -8
      vertex -96.7956 -94.4471 -8
    endloop
  endfacet
  facet normal 0 0 -1
    outer loop
      vertex -120 130 -8
      vertex -96.4378 93.4643 -8
      vertex -120 -130 -8
    endloop
  endfacet
  facet normal 0 0 -1
    outer loop
      vertex -120 -130 -8
      vertex -96.7956 -94.4471 -8
      vertex -96.9088 -94.9581 -8
    endloop
  endfacet
  facet normal 0 0 -1
    outer loop
      vertex -96.4378 93.4643 -8
      vertex -120 130 -8
      vertex -96.6382 93.9479 -8
    endloop
  endfacet
  facet normal 0 0 -1
    outer loop
      vertex -120 -130 -8
      vertex -96.9088 -94.9581 -8
      vertex -96.9772 -95.4771 -8
    endloop
  endfacet
  facet normal 0 0 -1
    outer loop
      vertex -96.6382 93.9479 -8
      vertex -120 130 -8
      vertex -96.7956 94.4471 -8
    endloop
  endfacet
  facet normal 0 0 -1
    outer loop
      vertex -120 -130 -8
      vertex -96.9772 -95.4771 -8
      vertex -97 -96 -8
    endloop
  endfacet
  facet normal 0 0 -1
    outer loop
      vertex -96.7956 94.4471 -8
      vertex -120 130 -8
      vertex -96.9088 94.9581 -8
    endloop
  endfacet
  facet normal 0 0 -1
    outer loop
      vertex 2.05692 -25.5487 -8
      vertex 25.5487 -2.05692 -8
      vertex 2.26274 -25.7373 -8
    endloop
  endfacet
  facet normal 0 0 -1
    outer loop
      vertex 24.8 0 -8
      vertex 3.18782 27.7211 -8
      vertex 3.2 28 -8
    endloop
  endfacet
  facet normal -0 0 -1
    outer loop
      vertex 25.5487 -2.05692 -8
      vertex 2.05692 -25.5487 -8
      vertex 25.3787 -1.83544 -8
    endloop
  endfacet
  facet normal 0 0 -1
    outer loop
      vertex 24.8 0 -8
      vertex 3.15138 27.4443 -8
      vertex 3.18782 27.7211 -8
    endloop
  endfacet
  facet normal 0 0 -1
    outer loop
      vertex 1.83544 -25.3787 -8
      vertex 25.3787 -1.83544 -8
      vertex 2.05692 -25.5487 -8
    endloop
  endfacet
  facet normal 0 0 -1
    outer loop
      vertex 24.8 0 -8
      vertex 3.09096 27.1718 -8
      vertex 3.15138 27.4443 -8
    endloop
  endfacet
  facet normal -0 0 -1
    outer loop
      vertex 25.3787 -1.83544 -8
      vertex 1.83544 -25.3787 -8
      vertex 25.2287 -1.6 -8
    endloop
  endfacet
  facet normal 0 0 -1
    outer loop
      vertex 24.8 0 -8
      vertex 3.00702 26.9055 -8
      vertex 3.09096 27.1718 -8
    endloop
  endfacet
  facet normal 0 0 -1
    outer loop
      vertex 1.6 -25.2287 -8
      vertex 25.2287 -1.6 -8
      vertex 1.83544 -25.3787 -8
    endloop
  endfacet
  facet normal 0 0 -1
    outer loop
      vertex 24.8 0 -8
      vertex 2.90018 26.6476 -8
      vertex 3.00702 26.9055 -8
    endloop
  endfacet
  facet normal -0 0 -1
    outer loop
      vertex 25.2287 -1.6 -8
      vertex 1.6 -25.2287 -8
      vertex 25.0998 -1.35238 -8
    endloop
  endfacet
  facet normal 0 0 -1
    outer loop
      vertex 24.8 0 -8
      vertex 2.77128 26.4 -8
      vertex 2.90018 26.6476 -8
    endloop
  endfacet
  facet normal 0 0 -1
    outer loop
      vertex 1.35238 -25.0998 -8
      vertex 25.0998 -1.35238 -8
      vertex 1.6 -25.2287 -8
    endloop
  endfacet
  facet normal 0 0 -1
    outer loop
      vertex 24.8 0 -8
      vertex 2.62129 26.1646 -8
      vertex 2.77128 26.4 -8
    endloop
  endfacet
  facet normal -0 0 -1
    outer loop
      vertex 25.0998 -1.35238 -8
      vertex 1.35238 -25.0998 -8
      vertex 24.993 -1.09446 -8
    endloop
  endfacet
  facet normal 0 0 -1
    outer loop
      vertex 24.8 0 -8
      vertex 2.45134 25.9431 -8
      vertex 2.62129 26.1646 -8
    endloop
  endfacet
  facet normal 0 0 -1
    outer loop
      vertex 1.09446 -24.993 -8
      vertex 24.993 -1.09446 -8
      vertex 1.35238 -25.0998 -8
    endloop
  endfacet
  facet normal 0 0 -1
    outer loop
      vertex 24.8 0 -8
      vertex 2.26274 25.7373 -8
      vertex 2.45134 25.9431 -8
    endloop
  endfacet
  facet normal -0 0 -1
    outer loop
      vertex 24.993 -1.09446 -8
      vertex 1.09446 -24.993 -8
      vertex 24.909 -0.82822 -8
    endloop
  endfacet
  facet normal 0 0 -1
    outer loop
      vertex 24.8 0 -8
      vertex 2.05692 25.5487 -8
      vertex 2.26274 25.7373 -8
    endloop
  endfacet
  facet normal 0 0 -1
    outer loop
      vertex 0.82822 -24.909 -8
      vertex 24.909 -0.82822 -8
      vertex 1.09446 -24.993 -8
    endloop
  endfacet
  facet normal 0 0 -1
    outer loop
      vertex 24.8 0 -8
      vertex 1.83544 25.3787 -8
      vertex 2.05692 25.5487 -8
    endloop
  endfacet
  facet normal -0 0 -1
    outer loop
      vertex 24.909 -0.82822 -8
      vertex 0.82822 -24.909 -8
      vertex 24.8486 -0.555674 -8
    endloop
  endfacet
  facet normal 0 0 -1
    outer loop
      vertex 24.8 0 -8
      vertex 1.6 25.2287 -8
      vertex 1.83544 25.3787 -8
    endloop
  endfacet
  facet normal 0 0 -1
    outer loop
      vertex 0.555674 -24.8486 -8
      vertex 24.8486 -0.555674 -8
      vertex 0.82822 -24.909 -8
    endloop
  endfacet
  facet normal 0 0 -1
    outer loop
      vertex 24.8 0 -8
      vertex 1.35238 25.0998 -8
      vertex 1.6 25.2287 -8
    endloop
  endfacet
  facet normal -0 0 -1
    outer loop
      vertex 24.8486 -0.555674 -8
      vertex 0.555674 -24.8486 -8
      vertex 24.8122 -0.278898 -8
    endloop
  endfacet
  facet normal 0 0 -1
    outer loop
      vertex 24.8 0 -8
      vertex 1.09446 24.993 -8
      vertex 1.35238 25.0998 -8
    endloop
  endfacet
  facet normal 0 0 -1
    outer loop
      vertex 0.278898 -24.8122 -8
      vertex 24.8122 -0.278898 -8
      vertex 0.555674 -24.8486 -8
    endloop
  endfacet
  facet normal 0 0 -1
    outer loop
      vertex 24.8 0 -8
      vertex 0.82822 24.909 -8
      vertex 1.09446 24.993 -8
    endloop
  endfacet
  facet normal -0 0 -1
    outer loop
      vertex 24.8122 -0.278898 -8
      vertex 0.278898 -24.8122 -8
      vertex 24.8 0 -8
    endloop
  endfacet
  facet normal 0 0 -1
    outer loop
      vertex 24.8 0 -8
      vertex 0.555674 24.8486 -8
      vertex 0.82822 24.909 -8
    endloop
  endfacet
  facet normal 0 0 -1
    outer loop
      vertex 0 -24.8 -8
      vertex 24.8 0 -8
      vertex 0.278898 -24.8122 -8
    endloop
  endfacet
  facet normal 0 0 -1
    outer loop
      vertex 24.8 0 -8
      vertex 0.278898 24.8122 -8
      vertex 0.555674 24.8486 -8
    endloop
  endfacet
  facet normal 0 0 -1
    outer loop
      vertex 0 24.8 -8
      vertex 24.8 0 -8
      vertex 0 -24.8 -8
    endloop
  endfacet
  facet normal 0 0 -1
    outer loop
      vertex 24.8 0 -8
      vertex 0 24.8 -8
      vertex 0.278898 24.8122 -8
    endloop
  endfacet
  facet normal 0 0 -1
    outer loop
      vertex -24.8 0 -8
      vertex 0 -24.8 -8
      vertex -0.278898 -24.8122 -8
    endloop
  endfacet
  facet normal 0 0 -1
    outer loop
      vertex 0 -24.8 -8
      vertex -24.8 0 -8
      vertex 0 24.8 -8
    endloop
  endfacet
  facet normal 0 0 -1
    outer loop
      vertex -24.8122 -0.278898 -8
      vertex -0.278898 -24.8122 -8
      vertex -0.555674 -24.8486 -8
    endloop
  endfacet
  facet normal -0 0 -1
    outer loop
      vertex 0 24.8 -8
      vertex -24.8 0 -8
      vertex -0.278898 24.8122 -8
    endloop
  endfacet
  facet normal 0 0 -1
    outer loop
      vertex -24.8486 -0.555674 -8
      vertex -0.555674 -24.8486 -8
      vertex -0.82822 -24.909 -8
    endloop
  endfacet
  facet normal 0 0 -1
    outer loop
      vertex -24.8122 0.278898 -8
      vertex -0.278898 24.8122 -8
      vertex -24.8 0 -8
    endloop
  endfacet
  facet normal 0 0 -1
    outer loop
      vertex -24.909 -0.82822 -8
      vertex -0.82822 -24.909 -8
      vertex -1.09446 -24.993 -8
    endloop
  endfacet
  facet normal -0 0 -1
    outer loop
      vertex -0.278898 24.8122 -8
      vertex -24.8122 0.278898 -8
      vertex -0.555674 24.8486 -8
    endloop
  endfacet
  facet normal 0 0 -1
    outer loop
      vertex -24.993 -1.09446 -8
      vertex -1.09446 -24.993 -8
      vertex -1.35238 -25.0998 -8
    endloop
  endfacet
  facet normal 0 0 -1
    outer loop
      vertex -24.8486 0.555674 -8
      vertex -0.555674 24.8486 -8
      vertex -24.8122 0.278898 -8
    endloop
  endfacet
  facet normal 0 0 -1
    outer loop
      vertex -25.0998 -1.35238 -8
      vertex -1.35238 -25.0998 -8
      vertex -1.6 -25.2287 -8
    endloop
  endfacet
  facet normal -0 0 -1
    outer loop
      vertex -0.555674 24.8486 -8
      vertex -24.8486 0.555674 -8
      vertex -0.82822 24.909 -8
    endloop
  endfacet
  facet normal 0 0 -1
    outer loop
      vertex -25.2287 -1.6 -8
      vertex -1.6 -25.2287 -8
      vertex -1.83544 -25.3787 -8
    endloop
  endfacet
  facet normal 0 0 -1
    outer loop
      vertex -24.909 0.82822 -8
      vertex -0.82822 24.909 -8
      vertex -24.8486 0.555674 -8
    endloop
  endfacet
  facet normal 0 0 -1
    outer loop
      vertex -25.3787 -1.83544 -8
      vertex -1.83544 -25.3787 -8
      vertex -2.05692 -25.5487 -8
    endloop
  endfacet
  facet normal -0 0 -1
    outer loop
      vertex -0.82822 24.909 -8
      vertex -24.909 0.82822 -8
      vertex -1.09446 24.993 -8
    endloop
  endfacet
  facet normal 0 0 -1
    outer loop
      vertex -25.5487 -2.05692 -8
      vertex -2.05692 -25.5487 -8
      vertex -2.26274 -25.7373 -8
    endloop
  endfacet
  facet normal 0 0 -1
    outer loop
      vertex -24.993 1.09446 -8
      vertex -1.09446 24.993 -8
      vertex -24.909 0.82822 -8
    endloop
  endfacet
  facet normal 0 0 -1
    outer loop
      vertex -25.7373 -2.26274 -8
      vertex -2.26274 -25.7373 -8
      vertex -2.45134 -25.9431 -8
    endloop
  endfacet
  facet normal -0 0 -1
    outer loop
      vertex -1.09446 24.993 -8
      vertex -24.993 1.09446 -8
      vertex -1.35238 25.0998 -8
    endloop
  endfacet
  facet normal 0 0 -1
    outer loop
      vertex -25.9431 -2.45134 -8
      vertex -2.45134 -25.9431 -8
      vertex -2.62129 -26.1646 -8
    endloop
  endfacet
  facet normal 0 0 -1
    outer loop
      vertex -25.0998 1.35238 -8
      vertex -1.35238 25.0998 -8
      vertex -24.993 1.09446 -8
    endloop
  endfacet
  facet normal 0 0 -1
    outer loop
      vertex -26.1646 -2.62129 -8
      vertex -2.62129 -26.1646 -8
      vertex -2.77128 -26.4 -8
    endloop
  endfacet
  facet normal -0 0 -1
    outer loop
      vertex -1.35238 25.0998 -8
      vertex -25.0998 1.35238 -8
      vertex -1.6 25.2287 -8
    endloop
  endfacet
  facet normal 0 0 -1
    outer loop
      vertex -26.4 -2.77128 -8
      vertex -2.77128 -26.4 -8
      vertex -2.90018 -26.6476 -8
    endloop
  endfacet
  facet normal 0 0 -1
    outer loop
      vertex -25.2287 1.6 -8
      vertex -1.6 25.2287 -8
      vertex -25.0998 1.35238 -8
    endloop
  endfacet
  facet normal 0 0 -1
    outer loop
      vertex -26.6476 -2.90018 -8
      vertex -2.90018 -26.6476 -8
      vertex -3.00702 -26.9055 -8
    endloop
  endfacet
  facet normal -0 0 -1
    outer loop
      vertex -1.6 25.2287 -8
      vertex -25.2287 1.6 -8
      vertex -1.83544 25.3787 -8
    endloop
  endfacet
  facet normal 0 0 -1
    outer loop
      vertex -26.9055 -3.00702 -8
      vertex -3.00702 -26.9055 -8
      vertex -3.09096 -27.1718 -8
    endloop
  endfacet
  facet normal 0 0 -1
    outer loop
      vertex -25.3787 1.83544 -8
      vertex -1.83544 25.3787 -8
      vertex -25.2287 1.6 -8
    endloop
  endfacet
  facet normal 0 0 -1
    outer loop
      vertex -27.1718 -3.09096 -8
      vertex -3.09096 -27.1718 -8
      vertex -3.15138 -27.4443 -8
    endloop
  endfacet
  facet normal -0 0 -1
    outer loop
      vertex -1.83544 25.3787 -8
      vertex -25.3787 1.83544 -8
      vertex -2.05692 25.5487 -8
    endloop
  endfacet
  facet normal 0 0 -1
    outer loop
      vertex -27.4443 -3.15138 -8
      vertex -3.15138 -27.4443 -8
      vertex -3.18782 -27.7211 -8
    endloop
  endfacet
  facet normal 0 0 -1
    outer loop
      vertex -25.5487 2.05692 -8
      vertex -2.05692 25.5487 -8
      vertex -25.3787 1.83544 -8
    endloop
  endfacet
  facet normal 0 0 -1
    outer loop
      vertex -27.7211 -3.18782 -8
      vertex -3.18782 -27.7211 -8
      vertex -3.2 -28 -8
    endloop
  endfacet
  facet normal -0 0 -1
    outer loop
      vertex -2.05692 25.5487 -8
      vertex -25.5487 2.05692 -8
      vertex -2.26274 25.7373 -8
    endloop
  endfacet
  facet normal 0 0 -1
    outer loop
      vertex 96.7956 -94.4471 -8
      vertex 120 -130 -8
      vertex 96.9088 -94.9581 -8
    endloop
  endfacet
  facet normal 0 0 -1
    outer loop
      vertex 120 130 -8
      vertex 96.9772 95.4771 -8
      vertex 97 96 -8
    endloop
  endfacet
  facet normal 0 0 -1
    outer loop
      vertex 96.6382 -93.9479 -8
      vertex 120 -130 -8
      vertex 96.7956 -94.4471 -8
    endloop
  endfacet
  facet normal 0 0 -1
    outer loop
      vertex 120 130 -8
      vertex 96.9088 94.9581 -8
      vertex 96.9772 95.4771 -8
    endloop
  endfacet
  facet normal 0 0 -1
    outer loop
      vertex 96.4378 -93.4643 -8
      vertex 120 -130 -8
      vertex 96.6382 -93.9479 -8
    endloop
  endfacet
  facet normal 0 0 -1
    outer loop
      vertex 120 130 -8
      vertex 96.7956 94.4471 -8
      vertex 96.9088 94.9581 -8
    endloop
  endfacet
  facet normal 0 0 -1
    outer loop
      vertex 120 -130 -8
      vertex 96.4378 -93.4643 -8
      vertex 120 130 -8
    endloop
  endfacet
  facet normal 0 0 -1
    outer loop
      vertex 120 130 -8
      vertex 96.6382 93.9479 -8
      vertex 96.7956 94.4471 -8
    endloop
  endfacet
  facet normal 0 0 -1
    outer loop
      vertex 96.4378 93.4643 -8
      vertex 120 130 -8
      vertex 96.4378 -93.4643 -8
    endloop
  endfacet
  facet normal 0 0 -1
    outer loop
      vertex 120 130 -8
      vertex 96.4378 93.4643 -8
      vertex 96.6382 93.9479 -8
    endloop
  endfacet
  facet normal 0 0 -1
    outer loop
      vertex 96.1962 -93 -8
      vertex 96.4378 93.4643 -8
      vertex 96.4378 -93.4643 -8
    endloop
  endfacet
  facet normal 0 0 -1
    outer loop
      vertex 96.1962 -93 -8
      vertex 96.1962 93 -8
      vertex 96.4378 93.4643 -8
    endloop
  endfacet
  facet normal 0 0 -1
    outer loop
      vertex 95.9149 -92.5585 -8
      vertex 96.1962 93 -8
      vertex 96.1962 -93 -8
    endloop
  endfacet
  facet normal 0 0 -1
    outer loop
      vertex 95.9149 -92.5585 -8
      vertex 95.9149 92.5585 -8
      vertex 96.1962 93 -8
    endloop
  endfacet
  facet normal 0 0 -1
    outer loop
      vertex 95.5963 -92.1433 -8
      vertex 95.9149 92.5585 -8
      vertex 95.9149 -92.5585 -8
    endloop
  endfacet
  facet normal 0 0 -1
    outer loop
      vertex 95.5963 -92.1433 -8
      vertex 95.5963 92.1433 -8
      vertex 95.9149 92.5585 -8
    endloop
  endfacet
  facet normal 0 0 -1
    outer loop
      vertex 95.2426 -91.7574 -8
      vertex 95.5963 92.1433 -8
      vertex 95.5963 -92.1433 -8
    endloop
  endfacet
  facet normal 0 0 -1
    outer loop
      vertex 95.2426 -91.7574 -8
      vertex 95.2426 91.7574 -8
      vertex 95.5963 92.1433 -8
    endloop
  endfacet
  facet normal 0 0 -1
    outer loop
      vertex 94.8567 -91.4037 -8
      vertex 95.2426 91.7574 -8
      vertex 95.2426 -91.7574 -8
    endloop
  endfacet
  facet normal 0 0 -1
    outer loop
      vertex 94.8567 -91.4037 -8
      vertex 94.8567 91.4037 -8
      vertex 95.2426 91.7574 -8
    endloop
  endfacet
  facet normal 0 0 -1
    outer loop
      vertex 94.4415 -91.0851 -8
      vertex 94.8567 91.4037 -8
      vertex 94.8567 -91.4037 -8
    endloop
  endfacet
  facet normal 0 0 -1
    outer loop
      vertex 94.4415 -91.0851 -8
      vertex 94.4415 91.0851 -8
      vertex 94.8567 91.4037 -8
    endloop
  endfacet
  facet normal 0 0 -1
    outer loop
      vertex 94 -90.8038 -8
      vertex 94.4415 91.0851 -8
      vertex 94.4415 -91.0851 -8
    endloop
  endfacet
  facet normal 0 0 -1
    outer loop
      vertex 94 -90.8038 -8
      vertex 94 90.8038 -8
      vertex 94.4415 91.0851 -8
    endloop
  endfacet
  facet normal 0 0 -1
    outer loop
      vertex 93.5357 -90.5622 -8
      vertex 94 90.8038 -8
      vertex 94 -90.8038 -8
    endloop
  endfacet
  facet normal 0 0 -1
    outer loop
      vertex 93.5357 -90.5622 -8
      vertex 93.5357 90.5622 -8
      vertex 94 90.8038 -8
    endloop
  endfacet
  facet normal 0 0 -1
    outer loop
      vertex 93.0521 -90.3618 -8
      vertex 93.5357 90.5622 -8
      vertex 93.5357 -90.5622 -8
    endloop
  endfacet
  facet normal 0 0 -1
    outer loop
      vertex 93.0521 -90.3618 -8
      vertex 93.0521 90.3618 -8
      vertex 93.5357 90.5622 -8
    endloop
  endfacet
  facet normal 0 0 -1
    outer loop
      vertex 31.1878 -0.278898 -8
      vertex 93.0521 -90.3618 -8
      vertex 92.5529 -90.2044 -8
    endloop
  endfacet
  facet normal 0 0 -1
    outer loop
      vertex 93.0521 -90.3618 -8
      vertex 31.2 0 -8
      vertex 93.0521 90.3618 -8
    endloop
  endfacet
  facet normal 0 0 -1
    outer loop
      vertex 31.1514 -0.555674 -8
      vertex 92.5529 -90.2044 -8
      vertex 92.0419 -90.0912 -8
    endloop
  endfacet
  facet normal 0 0 -1
    outer loop
      vertex 31.1878 0.278898 -8
      vertex 93.0521 90.3618 -8
      vertex 31.2 0 -8
    endloop
  endfacet
  facet normal 0 0 -1
    outer loop
      vertex 31.091 -0.82822 -8
      vertex 92.0419 -90.0912 -8
      vertex 91.5229 -90.0228 -8
    endloop
  endfacet
  facet normal 0 0 -1
    outer loop
      vertex 93.0521 90.3618 -8
      vertex 31.1878 0.278898 -8
      vertex 92.5529 90.2044 -8
    endloop
  endfacet
  facet normal 0 0 -1
    outer loop
      vertex 31.007 -1.09446 -8
      vertex 91.5229 -90.0228 -8
      vertex 91 -90 -8
    endloop
  endfacet
  facet normal 0 0 -1
    outer loop
      vertex 31.1514 0.555674 -8
      vertex 92.5529 90.2044 -8
      vertex 31.1878 0.278898 -8
    endloop
  endfacet
  facet normal 0 0 -1
    outer loop
      vertex 31.007 -1.09446 -8
      vertex 91 -90 -8
      vertex 89 -90 -8
    endloop
  endfacet
  facet normal 0 0 -1
    outer loop
      vertex 92.5529 90.2044 -8
      vertex 31.1514 0.555674 -8
      vertex 92.0419 90.0912 -8
    endloop
  endfacet
  facet normal 0 0 -1
    outer loop
      vertex 30.9002 -1.35238 -8
      vertex 89 -90 -8
      vertex 88.4771 -90.0228 -8
    endloop
  endfacet
  facet normal 0 0 -1
    outer loop
      vertex 31.091 0.82822 -8
      vertex 92.0419 90.0912 -8
      vertex 31.1514 0.555674 -8
    endloop
  endfacet
  facet normal 0 0 -1
    outer loop
      vertex 30.7713 -1.6 -8
      vertex 88.4771 -90.0228 -8
      vertex 87.9581 -90.0912 -8
    endloop
  endfacet
  facet normal 0 0 -1
    outer loop
      vertex 92.0419 90.0912 -8
      vertex 31.091 0.82822 -8
      vertex 91.5229 90.0228 -8
    endloop
  endfacet
  facet normal 0 0 -1
    outer loop
      vertex 30.6213 -1.83544 -8
      vertex 87.9581 -90.0912 -8
      vertex 87.4471 -90.2044 -8
    endloop
  endfacet
  facet normal 0 0 -1
    outer loop
      vertex 31.007 1.09446 -8
      vertex 91.5229 90.0228 -8
      vertex 31.091 0.82822 -8
    endloop
  endfacet
  facet normal 0 0 -1
    outer loop
      vertex 30.4513 -2.05692 -8
      vertex 87.4471 -90.2044 -8
      vertex 86.9479 -90.3618 -8
    endloop
  endfacet
  facet normal 0 0 -1
    outer loop
      vertex 91.5229 90.0228 -8
      vertex 31.007 1.09446 -8
      vertex 91 90 -8
    endloop
  endfacet
  facet normal 0 0 -1
    outer loop
      vertex 30.2627 -2.26274 -8
      vertex 86.9479 -90.3618 -8
      vertex 86.4643 -90.5622 -8
    endloop
  endfacet
  facet normal -0 0 -1
    outer loop
      vertex 91 90 -8
      vertex 31.007 1.09446 -8
      vertex 89 90 -8
    endloop
  endfacet
  facet normal 0 0 -1
    outer loop
      vertex 30.0569 -2.45134 -8
      vertex 86.4643 -90.5622 -8
      vertex 86 -90.8038 -8
    endloop
  endfacet
  facet normal 0 0 -1
    outer loop
      vertex 30.9002 1.35238 -8
      vertex 89 90 -8
      vertex 31.007 1.09446 -8
    endloop
  endfacet
  facet normal 0 0 -1
    outer loop
      vertex 29.8354 -2.62129 -8
      vertex 86 -90.8038 -8
      vertex 85.5585 -91.0851 -8
    endloop
  endfacet
  facet normal -0 0 -1
    outer loop
      vertex 89 90 -8
      vertex 30.9002 1.35238 -8
      vertex 88.4771 90.0228 -8
    endloop
  endfacet
  facet normal 0 0 -1
    outer loop
      vertex 29.6 -2.77128 -8
      vertex 85.5585 -91.0851 -8
      vertex 85.1433 -91.4037 -8
    endloop
  endfacet
  facet normal 0 0 -1
    outer loop
      vertex 30.7713 1.6 -8
      vertex 88.4771 90.0228 -8
      vertex 30.9002 1.35238 -8
    endloop
  endfacet
  facet normal 0 0 -1
    outer loop
      vertex 2.90018 -29.3524 -8
      vertex 85.1433 -91.4037 -8
      vertex 84.7574 -91.7574 -8
    endloop
  endfacet
  facet normal -0 0 -1
    outer loop
      vertex 88.4771 90.0228 -8
      vertex 30.7713 1.6 -8
      vertex 87.9581 90.0912 -8
    endloop
  endfacet
  facet normal 0 0 -1
    outer loop
      vertex 2.77128 -29.6 -8
      vertex 84.7574 -91.7574 -8
      vertex 84.4037 -92.1433 -8
    endloop
  endfacet
  facet normal 0 0 -1
    outer loop
      vertex 30.6213 1.83544 -8
      vertex 87.9581 90.0912 -8
      vertex 30.7713 1.6 -8
    endloop
  endfacet
  facet normal 0 0 -1
    outer loop
      vertex 2.62129 -29.8354 -8
      vertex 84.4037 -92.1433 -8
      vertex 84.0851 -92.5585 -8
    endloop
  endfacet
  facet normal -0 0 -1
    outer loop
      vertex 87.9581 90.0912 -8
      vertex 30.6213 1.83544 -8
      vertex 87.4471 90.2044 -8
    endloop
  endfacet
  facet normal 0 0 -1
    outer loop
      vertex 2.45134 -30.0569 -8
      vertex 84.0851 -92.5585 -8
      vertex 83.8038 -93 -8
    endloop
  endfacet
  facet normal 0 0 -1
    outer loop
      vertex 30.4513 2.05692 -8
      vertex 87.4471 90.2044 -8
      vertex 30.6213 1.83544 -8
    endloop
  endfacet
  facet normal 0 0 -1
    outer loop
      vertex 2.26274 -30.2627 -8
      vertex 83.8038 -93 -8
      vertex 83.5622 -93.4643 -8
    endloop
  endfacet
  facet normal -0 0 -1
    outer loop
      vertex 87.4471 90.2044 -8
      vertex 30.4513 2.05692 -8
      vertex 86.9479 90.3618 -8
    endloop
  endfacet
  facet normal 0 0 -1
    outer loop
      vertex 2.05692 -30.4513 -8
      vertex 83.5622 -93.4643 -8
      vertex 83.3618 -93.9479 -8
    endloop
  endfacet
  facet normal 0 0 -1
    outer loop
      vertex 30.2627 2.26274 -8
      vertex 86.9479 90.3618 -8
      vertex 30.4513 2.05692 -8
    endloop
  endfacet
  facet normal 0 0 -1
    outer loop
      vertex 1.6 -30.7713 -8
      vertex 83.3618 -93.9479 -8
      vertex 83.2044 -94.4471 -8
    endloop
  endfacet
  facet normal -0 0 -1
    outer loop
      vertex 86.9479 90.3618 -8
      vertex 30.2627 2.26274 -8
      vertex 86.4643 90.5622 -8
    endloop
  endfacet
  facet normal 0 0 -1
    outer loop
      vertex 1.35238 -30.9002 -8
      vertex 83.2044 -94.4471 -8
      vertex 83.0912 -94.9581 -8
    endloop
  endfacet
  facet normal 0 0 -1
    outer loop
      vertex 30.0569 2.45134 -8
      vertex 86.4643 90.5622 -8
      vertex 30.2627 2.26274 -8
    endloop
  endfacet
  facet normal 0 0 -1
    outer loop
      vertex 1.09446 -31.007 -8
      vertex 83.0912 -94.9581 -8
      vertex 83.0228 -95.4771 -8
    endloop
  endfacet
  facet normal -0 0 -1
    outer loop
      vertex 86.4643 90.5622 -8
      vertex 30.0569 2.45134 -8
      vertex 86 90.8038 -8
    endloop
  endfacet
  facet normal 0 0 -1
    outer loop
      vertex 0.82822 -31.091 -8
      vertex 83.0228 -95.4771 -8
      vertex 83 -96 -8
    endloop
  endfacet
  facet normal 0 0 -1
    outer loop
      vertex 29.8354 2.62129 -8
      vertex 86 90.8038 -8
      vertex 30.0569 2.45134 -8
    endloop
  endfacet
  facet normal 0 0 -1
    outer loop
      vertex 96.6382 -126.052 -8
      vertex 120 -130 -8
      vertex 119.924 -131.743 -8
    endloop
  endfacet
  facet normal 0 0 -1
    outer loop
      vertex 96.9772 -95.4771 -8
      vertex 120 -130 -8
      vertex 97 -96 -8
    endloop
  endfacet
  facet normal 0 0 -1
    outer loop
      vertex 96.6382 -126.052 -8
      vertex 119.924 -131.743 -8
      vertex 119.696 -133.473 -8
    endloop
  endfacet
  facet normal 0 0 -1
    outer loop
      vertex 96.9088 -94.9581 -8
      vertex 120 -130 -8
      vertex 96.9772 -95.4771 -8
    endloop
  endfacet
  facet normal 0 0 -1
    outer loop
      vertex 96.4378 -126.536 -8
      vertex 119.696 -133.473 -8
      vertex 119.319 -135.176 -8
    endloop
  endfacet
  facet normal 0 0 -1
    outer loop
      vertex 97 124 -8
      vertex 120 130 -8
      vertex 97 96 -8
    endloop
  endfacet
  facet normal 0 0 -1
    outer loop
      vertex 96.4378 -126.536 -8
      vertex 119.319 -135.176 -8
      vertex 118.794 -136.84 -8
    endloop
  endfacet
  facet normal 0 0 -1
    outer loop
      vertex 96.9772 124.523 -8
      vertex 120 130 -8
      vertex 97 124 -8
    endloop
  endfacet
  facet normal 0 0 -1
    outer loop
      vertex 96.1962 -127 -8
      vertex 118.794 -136.84 -8
      vertex 118.126 -138.452 -8
    endloop
  endfacet
  facet normal 0 0 -1
    outer loop
      vertex 96.9088 125.042 -8
      vertex 120 130 -8
      vertex 96.9772 124.523 -8
    endloop
  endfacet
  facet normal 0 0 -1
    outer loop
      vertex 96.1962 -127 -8
      vertex 118.126 -138.452 -8
      vertex 117.321 -140 -8
    endloop
  endfacet
  facet normal 0 0 -1
    outer loop
      vertex 96.7956 125.553 -8
      vertex 120 130 -8
      vertex 96.9088 125.042 -8
    endloop
  endfacet
  facet normal 0 0 -1
    outer loop
      vertex 95.9149 -127.441 -8
      vertex 117.321 -140 -8
      vertex 116.383 -141.472 -8
    endloop
  endfacet
  facet normal 0 0 -1
    outer loop
      vertex 96.6382 126.052 -8
      vertex 120 130 -8
      vertex 96.7956 125.553 -8
    endloop
  endfacet
  facet normal 0 0 -1
    outer loop
      vertex 95.9149 -127.441 -8
      vertex 116.383 -141.472 -8
      vertex 115.321 -142.856 -8
    endloop
  endfacet
  facet normal -0 0 -1
    outer loop
      vertex 120 130 -8
      vertex 96.6382 126.052 -8
      vertex 119.924 131.743 -8
    endloop
  endfacet
  facet normal 0 0 -1
    outer loop
      vertex 95.9149 -127.441 -8
      vertex 115.321 -142.856 -8
      vertex 114.142 -144.142 -8
    endloop
  endfacet
  facet normal -0 0 -1
    outer loop
      vertex 119.924 131.743 -8
      vertex 96.6382 126.052 -8
      vertex 119.696 133.473 -8
    endloop
  endfacet
  facet normal 0 0 -1
    outer loop
      vertex 95.5963 -127.857 -8
      vertex 114.142 -144.142 -8
      vertex 112.856 -145.321 -8
    endloop
  endfacet
  facet normal 0 0 -1
    outer loop
      vertex 96.4378 126.536 -8
      vertex 119.696 133.473 -8
      vertex 96.6382 126.052 -8
    endloop
  endfacet
  facet normal 0 0 -1
    outer loop
      vertex 95.5963 -127.857 -8
      vertex 112.856 -145.321 -8
      vertex 111.472 -146.383 -8
    endloop
  endfacet
  facet normal -0 0 -1
    outer loop
      vertex 119.696 133.473 -8
      vertex 96.4378 126.536 -8
      vertex 119.319 135.176 -8
    endloop
  endfacet
  facet normal 0 0 -1
    outer loop
      vertex 95.2426 -128.243 -8
      vertex 111.472 -146.383 -8
      vertex 110 -147.321 -8
    endloop
  endfacet
  facet normal -0 0 -1
    outer loop
      vertex 119.319 135.176 -8
      vertex 96.4378 126.536 -8
      vertex 118.794 136.84 -8
    endloop
  endfacet
  facet normal 0 0 -1
    outer loop
      vertex 95.2426 -128.243 -8
      vertex 110 -147.321 -8
      vertex 108.452 -148.126 -8
    endloop
  endfacet
  facet normal 0 0 -1
    outer loop
      vertex 96.1962 127 -8
      vertex 118.794 136.84 -8
      vertex 96.4378 126.536 -8
    endloop
  endfacet
  facet normal 0 0 -1
    outer loop
      vertex 94.8567 -128.596 -8
      vertex 108.452 -148.126 -8
      vertex 106.84 -148.794 -8
    endloop
  endfacet
  facet normal -0 0 -1
    outer loop
      vertex 118.794 136.84 -8
      vertex 96.1962 127 -8
      vertex 118.126 138.452 -8
    endloop
  endfacet
  facet normal 0 0 -1
    outer loop
      vertex 94.8567 -128.596 -8
      vertex 106.84 -148.794 -8
      vertex 105.176 -149.319 -8
    endloop
  endfacet
  facet normal -0 0 -1
    outer loop
      vertex 118.126 138.452 -8
      vertex 96.1962 127 -8
      vertex 117.321 140 -8
    endloop
  endfacet
  facet normal 0 0 -1
    outer loop
      vertex 94.8567 -128.596 -8
      vertex 105.176 -149.319 -8
      vertex 103.473 -149.696 -8
    endloop
  endfacet
  facet normal 0 0 -1
    outer loop
      vertex 95.9149 127.441 -8
      vertex 117.321 140 -8
      vertex 96.1962 127 -8
    endloop
  endfacet
  facet normal 0 0 -1
    outer loop
      vertex 94.4415 -128.915 -8
      vertex 103.473 -149.696 -8
      vertex 101.743 -149.924 -8
    endloop
  endfacet
  facet normal -0 0 -1
    outer loop
      vertex 117.321 140 -8
      vertex 95.9149 127.441 -8
      vertex 116.383 141.472 -8
    endloop
  endfacet
  facet normal 0 0 -1
    outer loop
      vertex 94.4415 -128.915 -8
      vertex 101.743 -149.924 -8
      vertex 100 -150 -8
    endloop
  endfacet
  facet normal -0 0 -1
    outer loop
      vertex 116.383 141.472 -8
      vertex 95.9149 127.441 -8
      vertex 115.321 142.856 -8
    endloop
  endfacet
  facet normal 0 0 -1
    outer loop
      vertex 120 -130 -8
      vertex 97 -124 -8
      vertex 97 -96 -8
    endloop
  endfacet
  facet normal 0 0 -1
    outer loop
      vertex 120 -130 -8
      vertex 96.9772 -124.523 -8
      vertex 97 -124 -8
    endloop
  endfacet
  facet normal 0 0 -1
    outer loop
      vertex 120 -130 -8
      vertex 96.9088 -125.042 -8
      vertex 96.9772 -124.523 -8
    endloop
  endfacet
  facet normal 0 0 -1
    outer loop
      vertex 120 -130 -8
      vertex 96.7956 -125.553 -8
      vertex 96.9088 -125.042 -8
    endloop
  endfacet
  facet normal 0 0 -1
    outer loop
      vertex 120 -130 -8
      vertex 96.6382 -126.052 -8
      vertex 96.7956 -125.553 -8
    endloop
  endfacet
  facet normal 0 0 -1
    outer loop
      vertex 119.696 -133.473 -8
      vertex 96.4378 -126.536 -8
      vertex 96.6382 -126.052 -8
    endloop
  endfacet
  facet normal 0 0 -1
    outer loop
      vertex 118.794 -136.84 -8
      vertex 96.1962 -127 -8
      vertex 96.4378 -126.536 -8
    endloop
  endfacet
  facet normal 0 0 -1
    outer loop
      vertex 117.321 -140 -8
      vertex 95.9149 -127.441 -8
      vertex 96.1962 -127 -8
    endloop
  endfacet
  facet normal 0 0 -1
    outer loop
      vertex 114.142 -144.142 -8
      vertex 95.5963 -127.857 -8
      vertex 95.9149 -127.441 -8
    endloop
  endfacet
  facet normal 0 0 -1
    outer loop
      vertex 111.472 -146.383 -8
      vertex 95.2426 -128.243 -8
      vertex 95.5963 -127.857 -8
    endloop
  endfacet
  facet normal 0 0 -1
    outer loop
      vertex 108.452 -148.126 -8
      vertex 94.8567 -128.596 -8
      vertex 95.2426 -128.243 -8
    endloop
  endfacet
  facet normal 0 0 -1
    outer loop
      vertex 103.473 -149.696 -8
      vertex 94.4415 -128.915 -8
      vertex 94.8567 -128.596 -8
    endloop
  endfacet
  facet normal 0 0 -1
    outer loop
      vertex 100 -150 -8
      vertex 94 -129.196 -8
      vertex 94.4415 -128.915 -8
    endloop
  endfacet
  facet normal 0 0 -1
    outer loop
      vertex 100 -150 -8
      vertex 93.5357 -129.438 -8
      vertex 94 -129.196 -8
    endloop
  endfacet
  facet normal 0 0 -1
    outer loop
      vertex 100 -150 -8
      vertex 93.0521 -129.638 -8
      vertex 93.5357 -129.438 -8
    endloop
  endfacet
  facet normal 0 0 -1
    outer loop
      vertex 100 -150 -8
      vertex 92.5529 -129.796 -8
      vertex 93.0521 -129.638 -8
    endloop
  endfacet
  facet normal 0 0 -1
    outer loop
      vertex 100 -150 -8
      vertex 92.0419 -129.909 -8
      vertex 92.5529 -129.796 -8
    endloop
  endfacet
  facet normal 0 0 -1
    outer loop
      vertex 100 -150 -8
      vertex 91.5229 -129.977 -8
      vertex 92.0419 -129.909 -8
    endloop
  endfacet
  facet normal 0 0 -1
    outer loop
      vertex 100 -150 -8
      vertex 91 -130 -8
      vertex 91.5229 -129.977 -8
    endloop
  endfacet
  facet normal 0 0 -1
    outer loop
      vertex 100 -150 -8
      vertex 89 -130 -8
      vertex 91 -130 -8
    endloop
  endfacet
  facet normal 0 0 -1
    outer loop
      vertex 100 -150 -8
      vertex 88.4771 -129.977 -8
      vertex 89 -130 -8
    endloop
  endfacet
  facet normal 0 0 -1
    outer loop
      vertex 100 -150 -8
      vertex 87.9581 -129.909 -8
      vertex 88.4771 -129.977 -8
    endloop
  endfacet
  facet normal 0 0 -1
    outer loop
      vertex 100 -150 -8
      vertex 87.4471 -129.796 -8
      vertex 87.9581 -129.909 -8
    endloop
  endfacet
  facet normal 0 0 -1
    outer loop
      vertex 100 -150 -8
      vertex 86.9479 -129.638 -8
      vertex 87.4471 -129.796 -8
    endloop
  endfacet
  facet normal 0 0 -1
    outer loop
      vertex 100 -150 -8
      vertex 86.4643 -129.438 -8
      vertex 86.9479 -129.638 -8
    endloop
  endfacet
  facet normal 0 0 -1
    outer loop
      vertex 100 -150 -8
      vertex 86 -129.196 -8
      vertex 86.4643 -129.438 -8
    endloop
  endfacet
  facet normal 0 0 -1
    outer loop
      vertex 100 -150 -8
      vertex 85.5585 -128.915 -8
      vertex 86 -129.196 -8
    endloop
  endfacet
  facet normal 0 0 -1
    outer loop
      vertex 100 -150 -8
      vertex 85.1433 -128.596 -8
      vertex 85.5585 -128.915 -8
    endloop
  endfacet
  facet normal 0 0 -1
    outer loop
      vertex 100 -150 -8
      vertex 84.7574 -128.243 -8
      vertex 85.1433 -128.596 -8
    endloop
  endfacet
  facet normal 0 0 -1
    outer loop
      vertex 100 -150 -8
      vertex 84.4037 -127.857 -8
      vertex 84.7574 -128.243 -8
    endloop
  endfacet
  facet normal 0 0 -1
    outer loop
      vertex -84.4037 -127.857 -8
      vertex 84.4037 -127.857 -8
      vertex 100 -150 -8
    endloop
  endfacet
  facet normal 0 0 -1
    outer loop
      vertex 0.278898 -31.1878 -8
      vertex 83 -96 -8
      vertex 83 -124 -8
    endloop
  endfacet
  facet normal 0 0 -1
    outer loop
      vertex 93.0521 -90.3618 -8
      vertex 31.1878 -0.278898 -8
      vertex 31.2 0 -8
    endloop
  endfacet
  facet normal 0 0 -1
    outer loop
      vertex 29.6 2.77128 -8
      vertex 85.5585 91.0851 -8
      vertex 29.8354 2.62129 -8
    endloop
  endfacet
  facet normal 0 0 -1
    outer loop
      vertex -83 -124 -8
      vertex 83 -124 -8
      vertex 83.0228 -124.523 -8
    endloop
  endfacet
  facet normal 0 0 -1
    outer loop
      vertex -83.0228 -124.523 -8
      vertex 83.0228 -124.523 -8
      vertex 83.0912 -125.042 -8
    endloop
  endfacet
  facet normal 0 0 -1
    outer loop
      vertex -83.0912 -125.042 -8
      vertex 83.0912 -125.042 -8
      vertex 83.2044 -125.553 -8
    endloop
  endfacet
  facet normal 0 0 -1
    outer loop
      vertex -83.2044 -125.553 -8
      vertex 83.2044 -125.553 -8
      vertex 83.3618 -126.052 -8
    endloop
  endfacet
  facet normal -0 0 -1
    outer loop
      vertex 86 90.8038 -8
      vertex 29.8354 2.62129 -8
      vertex 85.5585 91.0851 -8
    endloop
  endfacet
  facet normal 0 0 -1
    outer loop
      vertex -83.3618 -126.052 -8
      vertex 83.3618 -126.052 -8
      vertex 83.5622 -126.536 -8
    endloop
  endfacet
  facet normal 0 0 -1
    outer loop
      vertex 92.5529 -90.2044 -8
      vertex 31.1514 -0.555674 -8
      vertex 31.1878 -0.278898 -8
    endloop
  endfacet
  facet normal 0 0 -1
    outer loop
      vertex 92.0419 -90.0912 -8
      vertex 31.091 -0.82822 -8
      vertex 31.1514 -0.555674 -8
    endloop
  endfacet
  facet normal 0 0 -1
    outer loop
      vertex 91.5229 -90.0228 -8
      vertex 31.007 -1.09446 -8
      vertex 31.091 -0.82822 -8
    endloop
  endfacet
  facet normal 0 0 -1
    outer loop
      vertex 89 -90 -8
      vertex 30.9002 -1.35238 -8
      vertex 31.007 -1.09446 -8
    endloop
  endfacet
  facet normal 0 0 -1
    outer loop
      vertex 88.4771 -90.0228 -8
      vertex 30.7713 -1.6 -8
      vertex 30.9002 -1.35238 -8
    endloop
  endfacet
  facet normal 0 0 -1
    outer loop
      vertex 87.9581 -90.0912 -8
      vertex 30.6213 -1.83544 -8
      vertex 30.7713 -1.6 -8
    endloop
  endfacet
  facet normal 0 0 -1
    outer loop
      vertex 87.4471 -90.2044 -8
      vertex 30.4513 -2.05692 -8
      vertex 30.6213 -1.83544 -8
    endloop
  endfacet
  facet normal 0 0 -1
    outer loop
      vertex 86.9479 -90.3618 -8
      vertex 30.2627 -2.26274 -8
      vertex 30.4513 -2.05692 -8
    endloop
  endfacet
  facet normal 0 0 -1
    outer loop
      vertex 86.4643 -90.5622 -8
      vertex 30.0569 -2.45134 -8
      vertex 30.2627 -2.26274 -8
    endloop
  endfacet
  facet normal 0 0 -1
    outer loop
      vertex 86 -90.8038 -8
      vertex 29.8354 -2.62129 -8
      vertex 30.0569 -2.45134 -8
    endloop
  endfacet
  facet normal 0 0 -1
    outer loop
      vertex 85.5585 -91.0851 -8
      vertex 29.6 -2.77128 -8
      vertex 29.8354 -2.62129 -8
    endloop
  endfacet
  facet normal 0 0 -1
    outer loop
      vertex 84.7574 -91.7574 -8
      vertex 2.77128 -29.6 -8
      vertex 2.90018 -29.3524 -8
    endloop
  endfacet
  facet normal 0 0 -1
    outer loop
      vertex 85.1433 -91.4037 -8
      vertex 29.3524 -2.90018 -8
      vertex 29.6 -2.77128 -8
    endloop
  endfacet
  facet normal 0 0 -1
    outer loop
      vertex 85.1433 -91.4037 -8
      vertex 2.90018 -29.3524 -8
      vertex 29.3524 -2.90018 -8
    endloop
  endfacet
  facet normal 0 0 -1
    outer loop
      vertex 29.3524 -2.90018 -8
      vertex 2.90018 -29.3524 -8
      vertex 29.0945 -3.00702 -8
    endloop
  endfacet
  facet normal 0 -0 -1
    outer loop
      vertex 3.00702 -29.0945 -8
      vertex 29.0945 -3.00702 -8
      vertex 2.90018 -29.3524 -8
    endloop
  endfacet
  facet normal 0 0 -1
    outer loop
      vertex 29.0945 -3.00702 -8
      vertex 3.00702 -29.0945 -8
      vertex 28.8282 -3.09096 -8
    endloop
  endfacet
  facet normal 0 -0 -1
    outer loop
      vertex 3.09096 -28.8282 -8
      vertex 28.8282 -3.09096 -8
      vertex 3.00702 -29.0945 -8
    endloop
  endfacet
  facet normal 0 -0 -1
    outer loop
      vertex 3.15138 -28.5557 -8
      vertex 28.5557 -3.15138 -8
      vertex 3.09096 -28.8282 -8
    endloop
  endfacet
  facet normal 0 0 -1
    outer loop
      vertex 28.5557 -3.15138 -8
      vertex 3.15138 -28.5557 -8
      vertex 28.2789 -3.18782 -8
    endloop
  endfacet
  facet normal 0 -0 -1
    outer loop
      vertex 3.18782 -28.2789 -8
      vertex 28.2789 -3.18782 -8
      vertex 3.15138 -28.5557 -8
    endloop
  endfacet
  facet normal 0 0 -1
    outer loop
      vertex 28.2789 -3.18782 -8
      vertex 3.18782 -28.2789 -8
      vertex 28 -3.2 -8
    endloop
  endfacet
  facet normal 0 -0 -1
    outer loop
      vertex 3.2 -28 -8
      vertex 28 -3.2 -8
      vertex 3.18782 -28.2789 -8
    endloop
  endfacet
  facet normal -0 0 -1
    outer loop
      vertex 28 -3.2 -8
      vertex 3.2 -28 -8
      vertex 27.7211 -3.18782 -8
    endloop
  endfacet
  facet normal 0 0 -1
    outer loop
      vertex 3.18782 -27.7211 -8
      vertex 27.7211 -3.18782 -8
      vertex 3.2 -28 -8
    endloop
  endfacet
  facet normal -0 0 -1
    outer loop
      vertex 27.7211 -3.18782 -8
      vertex 3.18782 -27.7211 -8
      vertex 27.4443 -3.15138 -8
    endloop
  endfacet
  facet normal 0 0 -1
    outer loop
      vertex 3.15138 -27.4443 -8
      vertex 27.4443 -3.15138 -8
      vertex 3.18782 -27.7211 -8
    endloop
  endfacet
  facet normal -0 0 -1
    outer loop
      vertex 27.4443 -3.15138 -8
      vertex 3.15138 -27.4443 -8
      vertex 27.1718 -3.09096 -8
    endloop
  endfacet
  facet normal 0 0 -1
    outer loop
      vertex 3.09096 -27.1718 -8
      vertex 27.1718 -3.09096 -8
      vertex 3.15138 -27.4443 -8
    endloop
  endfacet
  facet normal -0 0 -1
    outer loop
      vertex 27.1718 -3.09096 -8
      vertex 3.09096 -27.1718 -8
      vertex 26.9055 -3.00702 -8
    endloop
  endfacet
  facet normal 0 0 -1
    outer loop
      vertex 2.26274 -25.7373 -8
      vertex 25.7373 -2.26274 -8
      vertex 2.45134 -25.9431 -8
    endloop
  endfacet
  facet normal -0 0 -1
    outer loop
      vertex 25.9431 -2.45134 -8
      vertex 2.45134 -25.9431 -8
      vertex 25.7373 -2.26274 -8
    endloop
  endfacet
  facet normal 0 0 -1
    outer loop
      vertex 2.45134 -25.9431 -8
      vertex 25.9431 -2.45134 -8
      vertex 2.62129 -26.1646 -8
    endloop
  endfacet
  facet normal -0 0 -1
    outer loop
      vertex 26.1646 -2.62129 -8
      vertex 2.62129 -26.1646 -8
      vertex 25.9431 -2.45134 -8
    endloop
  endfacet
  facet normal 0 0 -1
    outer loop
      vertex 2.62129 -26.1646 -8
      vertex 26.1646 -2.62129 -8
      vertex 2.77128 -26.4 -8
    endloop
  endfacet
  facet normal 0 0 -1
    outer loop
      vertex 3.00702 -26.9055 -8
      vertex 26.9055 -3.00702 -8
      vertex 3.09096 -27.1718 -8
    endloop
  endfacet
  facet normal 0 0 -1
    outer loop
      vertex -83.5622 -126.536 -8
      vertex 83.5622 -126.536 -8
      vertex 83.8038 -127 -8
    endloop
  endfacet
  facet normal 0 0 -1
    outer loop
      vertex -83.8038 -127 -8
      vertex 83.8038 -127 -8
      vertex 84.0851 -127.441 -8
    endloop
  endfacet
  facet normal 0 0 -1
    outer loop
      vertex 84.4037 -127.857 -8
      vertex -84.4037 -127.857 -8
      vertex 84.0851 -127.441 -8
    endloop
  endfacet
  facet normal -0 0 -1
    outer loop
      vertex 26.4 -2.77128 -8
      vertex 2.77128 -26.4 -8
      vertex 26.1646 -2.62129 -8
    endloop
  endfacet
  facet normal 0 0 -1
    outer loop
      vertex 2.77128 -26.4 -8
      vertex 26.4 -2.77128 -8
      vertex 2.90018 -26.6476 -8
    endloop
  endfacet
  facet normal -0 0 -1
    outer loop
      vertex 26.6476 -2.90018 -8
      vertex 2.90018 -26.6476 -8
      vertex 26.4 -2.77128 -8
    endloop
  endfacet
  facet normal 0 0 -1
    outer loop
      vertex 2.90018 -26.6476 -8
      vertex 26.6476 -2.90018 -8
      vertex 3.00702 -26.9055 -8
    endloop
  endfacet
  facet normal -0 0 -1
    outer loop
      vertex 26.9055 -3.00702 -8
      vertex 3.00702 -26.9055 -8
      vertex 26.6476 -2.90018 -8
    endloop
  endfacet
  facet normal 0 0 -1
    outer loop
      vertex 28.8282 -3.09096 -8
      vertex 3.09096 -28.8282 -8
      vertex 28.5557 -3.15138 -8
    endloop
  endfacet
  facet normal 0 0 -1
    outer loop
      vertex 84.4037 -92.1433 -8
      vertex 2.62129 -29.8354 -8
      vertex 2.77128 -29.6 -8
    endloop
  endfacet
  facet normal 0 0 -1
    outer loop
      vertex 84.0851 -92.5585 -8
      vertex 2.45134 -30.0569 -8
      vertex 2.62129 -29.8354 -8
    endloop
  endfacet
  facet normal 0 0 -1
    outer loop
      vertex 83.8038 -93 -8
      vertex 2.26274 -30.2627 -8
      vertex 2.45134 -30.0569 -8
    endloop
  endfacet
  facet normal 0 0 -1
    outer loop
      vertex 83.5622 -93.4643 -8
      vertex 2.05692 -30.4513 -8
      vertex 2.26274 -30.2627 -8
    endloop
  endfacet
  facet normal 0 0 -1
    outer loop
      vertex 83.3618 -93.9479 -8
      vertex 1.83544 -30.6213 -8
      vertex 2.05692 -30.4513 -8
    endloop
  endfacet
  facet normal 0 0 -1
    outer loop
      vertex 83.3618 -93.9479 -8
      vertex 1.6 -30.7713 -8
      vertex 1.83544 -30.6213 -8
    endloop
  endfacet
  facet normal 0 0 -1
    outer loop
      vertex 83.2044 -94.4471 -8
      vertex 1.35238 -30.9002 -8
      vertex 1.6 -30.7713 -8
    endloop
  endfacet
  facet normal 0 0 -1
    outer loop
      vertex 83.0912 -94.9581 -8
      vertex 1.09446 -31.007 -8
      vertex 1.35238 -30.9002 -8
    endloop
  endfacet
  facet normal 0 0 -1
    outer loop
      vertex 83.0228 -95.4771 -8
      vertex 0.82822 -31.091 -8
      vertex 1.09446 -31.007 -8
    endloop
  endfacet
  facet normal 0 0 -1
    outer loop
      vertex 83 -96 -8
      vertex 0.555674 -31.1514 -8
      vertex 0.82822 -31.091 -8
    endloop
  endfacet
  facet normal 0 0 -1
    outer loop
      vertex 83 -96 -8
      vertex 0.278898 -31.1878 -8
      vertex 0.555674 -31.1514 -8
    endloop
  endfacet
  facet normal 0 0 -1
    outer loop
      vertex 83 -124 -8
      vertex -83 -124 -8
      vertex 0 -31.2 -8
    endloop
  endfacet
  facet normal 0 0 -1
    outer loop
      vertex 83 -124 -8
      vertex 0 -31.2 -8
      vertex 0.278898 -31.1878 -8
    endloop
  endfacet
  facet normal -0 0 -1
    outer loop
      vertex 0 -31.2 -8
      vertex -83 -124 -8
      vertex -0.278898 -31.1878 -8
    endloop
  endfacet
  facet normal 0 0 -1
    outer loop
      vertex -83 -96 -8
      vertex -0.278898 -31.1878 -8
      vertex -83 -124 -8
    endloop
  endfacet
  facet normal -0 0 -1
    outer loop
      vertex -0.278898 -31.1878 -8
      vertex -83 -96 -8
      vertex -0.555674 -31.1514 -8
    endloop
  endfacet
  facet normal -0 0 -1
    outer loop
      vertex -0.555674 -31.1514 -8
      vertex -83 -96 -8
      vertex -0.82822 -31.091 -8
    endloop
  endfacet
  facet normal 0 0 -1
    outer loop
      vertex -83.0228 -95.4771 -8
      vertex -0.82822 -31.091 -8
      vertex -83 -96 -8
    endloop
  endfacet
  facet normal -0 0 -1
    outer loop
      vertex -0.82822 -31.091 -8
      vertex -83.0228 -95.4771 -8
      vertex -1.09446 -31.007 -8
    endloop
  endfacet
  facet normal 0 0 -1
    outer loop
      vertex -83.0912 -94.9581 -8
      vertex -1.09446 -31.007 -8
      vertex -83.0228 -95.4771 -8
    endloop
  endfacet
  facet normal -0 0 -1
    outer loop
      vertex -1.09446 -31.007 -8
      vertex -83.0912 -94.9581 -8
      vertex -1.35238 -30.9002 -8
    endloop
  endfacet
  facet normal 0 0 -1
    outer loop
      vertex -83.2044 -94.4471 -8
      vertex -1.35238 -30.9002 -8
      vertex -83.0912 -94.9581 -8
    endloop
  endfacet
  facet normal 0 0 -1
    outer loop
      vertex -25.7373 2.26274 -8
      vertex -2.26274 25.7373 -8
      vertex -25.5487 2.05692 -8
    endloop
  endfacet
  facet normal 0 0 -1
    outer loop
      vertex -28 -3.2 -8
      vertex -3.2 -28 -8
      vertex -3.18782 -28.2789 -8
    endloop
  endfacet
  facet normal 0 0 -1
    outer loop
      vertex -28.2789 -3.18782 -8
      vertex -3.18782 -28.2789 -8
      vertex -3.15138 -28.5557 -8
    endloop
  endfacet
  facet normal 0 0 -1
    outer loop
      vertex -28.5557 -3.15138 -8
      vertex -3.15138 -28.5557 -8
      vertex -3.09096 -28.8282 -8
    endloop
  endfacet
  facet normal 0 0 -1
    outer loop
      vertex -28.8282 -3.09096 -8
      vertex -3.09096 -28.8282 -8
      vertex -3.00702 -29.0945 -8
    endloop
  endfacet
  facet normal 0 0 -1
    outer loop
      vertex -29.0945 -3.00702 -8
      vertex -3.00702 -29.0945 -8
      vertex -2.90018 -29.3524 -8
    endloop
  endfacet
  facet normal 0 0 -1
    outer loop
      vertex -83.5622 -93.4643 -8
      vertex -2.05692 -30.4513 -8
      vertex -83.3618 -93.9479 -8
    endloop
  endfacet
  facet normal -0 0 -1
    outer loop
      vertex -1.83544 -30.6213 -8
      vertex -83.3618 -93.9479 -8
      vertex -2.05692 -30.4513 -8
    endloop
  endfacet
  facet normal 0 0 -1
    outer loop
      vertex -0.278898 -24.8122 -8
      vertex -24.8122 -0.278898 -8
      vertex -24.8 0 -8
    endloop
  endfacet
  facet normal 0 0 -1
    outer loop
      vertex -0.555674 -24.8486 -8
      vertex -24.8486 -0.555674 -8
      vertex -24.8122 -0.278898 -8
    endloop
  endfacet
  facet normal 0 0 -1
    outer loop
      vertex -0.82822 -24.909 -8
      vertex -24.909 -0.82822 -8
      vertex -24.8486 -0.555674 -8
    endloop
  endfacet
  facet normal -0 0 -1
    outer loop
      vertex -1.6 -30.7713 -8
      vertex -83.3618 -93.9479 -8
      vertex -1.83544 -30.6213 -8
    endloop
  endfacet
  facet normal 0 0 -1
    outer loop
      vertex -1.09446 -24.993 -8
      vertex -24.993 -1.09446 -8
      vertex -24.909 -0.82822 -8
    endloop
  endfacet
  facet normal 0 0 -1
    outer loop
      vertex -1.35238 -25.0998 -8
      vertex -25.0998 -1.35238 -8
      vertex -24.993 -1.09446 -8
    endloop
  endfacet
  facet normal 0 0 -1
    outer loop
      vertex -1.6 -25.2287 -8
      vertex -25.2287 -1.6 -8
      vertex -25.0998 -1.35238 -8
    endloop
  endfacet
  facet normal 0 0 -1
    outer loop
      vertex -1.83544 -25.3787 -8
      vertex -25.3787 -1.83544 -8
      vertex -25.2287 -1.6 -8
    endloop
  endfacet
  facet normal 0 0 -1
    outer loop
      vertex -2.05692 -25.5487 -8
      vertex -25.5487 -2.05692 -8
      vertex -25.3787 -1.83544 -8
    endloop
  endfacet
  facet normal 0 0 -1
    outer loop
      vertex -2.26274 -25.7373 -8
      vertex -25.7373 -2.26274 -8
      vertex -25.5487 -2.05692 -8
    endloop
  endfacet
  facet normal 0 0 -1
    outer loop
      vertex -2.45134 -25.9431 -8
      vertex -25.9431 -2.45134 -8
      vertex -25.7373 -2.26274 -8
    endloop
  endfacet
  facet normal 0 0 -1
    outer loop
      vertex -2.62129 -26.1646 -8
      vertex -26.1646 -2.62129 -8
      vertex -25.9431 -2.45134 -8
    endloop
  endfacet
  facet normal -0 0 -1
    outer loop
      vertex -1.35238 -30.9002 -8
      vertex -83.2044 -94.4471 -8
      vertex -1.6 -30.7713 -8
    endloop
  endfacet
  facet normal 0 0 -1
    outer loop
      vertex -2.77128 -26.4 -8
      vertex -26.4 -2.77128 -8
      vertex -26.1646 -2.62129 -8
    endloop
  endfacet
  facet normal 0 0 -1
    outer loop
      vertex -2.90018 -26.6476 -8
      vertex -26.6476 -2.90018 -8
      vertex -26.4 -2.77128 -8
    endloop
  endfacet
  facet normal -0 0 -1
    outer loop
      vertex -2.05692 -30.4513 -8
      vertex -83.5622 -93.4643 -8
      vertex -2.26274 -30.2627 -8
    endloop
  endfacet
  facet normal 0 0 -1
    outer loop
      vertex -3.00702 -26.9055 -8
      vertex -26.9055 -3.00702 -8
      vertex -26.6476 -2.90018 -8
    endloop
  endfacet
  facet normal 0 0 -1
    outer loop
      vertex -3.09096 -27.1718 -8
      vertex -27.1718 -3.09096 -8
      vertex -26.9055 -3.00702 -8
    endloop
  endfacet
  facet normal 0 0 -1
    outer loop
      vertex -3.15138 -27.4443 -8
      vertex -27.4443 -3.15138 -8
      vertex -27.1718 -3.09096 -8
    endloop
  endfacet
  facet normal 0 0 -1
    outer loop
      vertex -3.18782 -27.7211 -8
      vertex -27.7211 -3.18782 -8
      vertex -27.4443 -3.15138 -8
    endloop
  endfacet
  facet normal 0 0 -1
    outer loop
      vertex -3.2 -28 -8
      vertex -28 -3.2 -8
      vertex -27.7211 -3.18782 -8
    endloop
  endfacet
  facet normal 0 0 -1
    outer loop
      vertex -3.18782 -28.2789 -8
      vertex -28.2789 -3.18782 -8
      vertex -28 -3.2 -8
    endloop
  endfacet
  facet normal 0 0 -1
    outer loop
      vertex -3.15138 -28.5557 -8
      vertex -28.5557 -3.15138 -8
      vertex -28.2789 -3.18782 -8
    endloop
  endfacet
  facet normal 0 0 -1
    outer loop
      vertex -3.09096 -28.8282 -8
      vertex -28.8282 -3.09096 -8
      vertex -28.5557 -3.15138 -8
    endloop
  endfacet
  facet normal 0 0 -1
    outer loop
      vertex -3.00702 -29.0945 -8
      vertex -29.0945 -3.00702 -8
      vertex -28.8282 -3.09096 -8
    endloop
  endfacet
  facet normal 0 0 -1
    outer loop
      vertex -2.90018 -29.3524 -8
      vertex -29.3524 -2.90018 -8
      vertex -29.0945 -3.00702 -8
    endloop
  endfacet
  facet normal 0 0 -1
    outer loop
      vertex -83.8038 -93 -8
      vertex -2.26274 -30.2627 -8
      vertex -83.5622 -93.4643 -8
    endloop
  endfacet
  facet normal -0 0 -1
    outer loop
      vertex -2.26274 -30.2627 -8
      vertex -83.8038 -93 -8
      vertex -2.45134 -30.0569 -8
    endloop
  endfacet
  facet normal 0 0 -1
    outer loop
      vertex -84.0851 -92.5585 -8
      vertex -2.45134 -30.0569 -8
      vertex -83.8038 -93 -8
    endloop
  endfacet
  facet normal -0 0 -1
    outer loop
      vertex -2.45134 -30.0569 -8
      vertex -84.0851 -92.5585 -8
      vertex -2.62129 -29.8354 -8
    endloop
  endfacet
  facet normal 0 0 -1
    outer loop
      vertex -85.5585 -91.0851 -8
      vertex -29.6 -2.77128 -8
      vertex -85.1433 -91.4037 -8
    endloop
  endfacet
  facet normal -0 0 -1
    outer loop
      vertex -29.3524 -2.90018 -8
      vertex -85.1433 -91.4037 -8
      vertex -29.6 -2.77128 -8
    endloop
  endfacet
  facet normal -0 0 -1
    outer loop
      vertex -2.90018 -29.3524 -8
      vertex -85.1433 -91.4037 -8
      vertex -29.3524 -2.90018 -8
    endloop
  endfacet
  facet normal 0 0 -1
    outer loop
      vertex -85.1433 -91.4037 -8
      vertex -2.90018 -29.3524 -8
      vertex -84.7574 -91.7574 -8
    endloop
  endfacet
  facet normal -0 0 -1
    outer loop
      vertex -2.77128 -29.6 -8
      vertex -84.7574 -91.7574 -8
      vertex -2.90018 -29.3524 -8
    endloop
  endfacet
  facet normal 0 0 -1
    outer loop
      vertex -84.7574 -91.7574 -8
      vertex -2.77128 -29.6 -8
      vertex -84.4037 -92.1433 -8
    endloop
  endfacet
  facet normal -0 0 -1
    outer loop
      vertex -2.62129 -29.8354 -8
      vertex -84.4037 -92.1433 -8
      vertex -2.77128 -29.6 -8
    endloop
  endfacet
  facet normal 0 0 -1
    outer loop
      vertex -84.4037 -92.1433 -8
      vertex -2.62129 -29.8354 -8
      vertex -84.0851 -92.5585 -8
    endloop
  endfacet
  facet normal 0 0 -1
    outer loop
      vertex -83.3618 -93.9479 -8
      vertex -1.6 -30.7713 -8
      vertex -83.2044 -94.4471 -8
    endloop
  endfacet
  facet normal 0 0 -1
    outer loop
      vertex 83.0228 -124.523 -8
      vertex -83.0228 -124.523 -8
      vertex -83 -124 -8
    endloop
  endfacet
  facet normal 0 0 -1
    outer loop
      vertex 83.0912 -125.042 -8
      vertex -83.0912 -125.042 -8
      vertex -83.0228 -124.523 -8
    endloop
  endfacet
  facet normal 0 0 -1
    outer loop
      vertex 83.2044 -125.553 -8
      vertex -83.2044 -125.553 -8
      vertex -83.0912 -125.042 -8
    endloop
  endfacet
  facet normal 0 0 -1
    outer loop
      vertex 83.3618 -126.052 -8
      vertex -83.3618 -126.052 -8
      vertex -83.2044 -125.553 -8
    endloop
  endfacet
  facet normal 0 0 -1
    outer loop
      vertex 83.5622 -126.536 -8
      vertex -83.5622 -126.536 -8
      vertex -83.3618 -126.052 -8
    endloop
  endfacet
  facet normal 0 0 -1
    outer loop
      vertex 83.8038 -127 -8
      vertex -83.8038 -127 -8
      vertex -83.5622 -126.536 -8
    endloop
  endfacet
  facet normal 0 0 -1
    outer loop
      vertex 84.0851 -127.441 -8
      vertex -84.0851 -127.441 -8
      vertex -83.8038 -127 -8
    endloop
  endfacet
  facet normal -0 0 -1
    outer loop
      vertex 84.0851 -127.441 -8
      vertex -84.4037 -127.857 -8
      vertex -84.0851 -127.441 -8
    endloop
  endfacet
  facet normal 0 0 -1
    outer loop
      vertex -100 -150 -8
      vertex -84.4037 -127.857 -8
      vertex 100 -150 -8
    endloop
  endfacet
  facet normal 0 0 -1
    outer loop
      vertex -84.4037 -127.857 -8
      vertex -100 -150 -8
      vertex -84.7574 -128.243 -8
    endloop
  endfacet
  facet normal 0 0 -1
    outer loop
      vertex -84.7574 -128.243 -8
      vertex -100 -150 -8
      vertex -85.1433 -128.596 -8
    endloop
  endfacet
  facet normal 0 0 -1
    outer loop
      vertex -85.1433 -128.596 -8
      vertex -100 -150 -8
      vertex -85.5585 -128.915 -8
    endloop
  endfacet
  facet normal 0 0 -1
    outer loop
      vertex -85.5585 -128.915 -8
      vertex -100 -150 -8
      vertex -86 -129.196 -8
    endloop
  endfacet
  facet normal 0 0 -1
    outer loop
      vertex -86 -129.196 -8
      vertex -100 -150 -8
      vertex -86.4643 -129.438 -8
    endloop
  endfacet
  facet normal 0 0 -1
    outer loop
      vertex -86.4643 -129.438 -8
      vertex -100 -150 -8
      vertex -86.9479 -129.638 -8
    endloop
  endfacet
  facet normal 0 0 -1
    outer loop
      vertex -86.9479 -129.638 -8
      vertex -100 -150 -8
      vertex -87.4471 -129.796 -8
    endloop
  endfacet
  facet normal 0 0 -1
    outer loop
      vertex -87.4471 -129.796 -8
      vertex -100 -150 -8
      vertex -87.9581 -129.909 -8
    endloop
  endfacet
  facet normal 0 0 -1
    outer loop
      vertex -87.9581 -129.909 -8
      vertex -100 -150 -8
      vertex -88.4771 -129.977 -8
    endloop
  endfacet
  facet normal 0 0 -1
    outer loop
      vertex -88.4771 -129.977 -8
      vertex -100 -150 -8
      vertex -89 -130 -8
    endloop
  endfacet
  facet normal -0 0 -1
    outer loop
      vertex -89 -130 -8
      vertex -100 -150 -8
      vertex -91 -130 -8
    endloop
  endfacet
  facet normal 0 0 -1
    outer loop
      vertex -120 -130 -8
      vertex -97 -96 -8
      vertex -97 -124 -8
    endloop
  endfacet
  facet normal 0 0 -1
    outer loop
      vertex -96.9088 94.9581 -8
      vertex -120 130 -8
      vertex -96.9772 95.4771 -8
    endloop
  endfacet
  facet normal 0 0 -1
    outer loop
      vertex -114.142 -144.142 -8
      vertex -95.5963 -127.857 -8
      vertex -112.856 -145.321 -8
    endloop
  endfacet
  facet normal 0 0 -1
    outer loop
      vertex -112.856 -145.321 -8
      vertex -95.5963 -127.857 -8
      vertex -111.472 -146.383 -8
    endloop
  endfacet
  facet normal -0 0 -1
    outer loop
      vertex -95.2426 -128.243 -8
      vertex -111.472 -146.383 -8
      vertex -95.5963 -127.857 -8
    endloop
  endfacet
  facet normal 0 0 -1
    outer loop
      vertex -111.472 -146.383 -8
      vertex -95.2426 -128.243 -8
      vertex -110 -147.321 -8
    endloop
  endfacet
  facet normal 0 0 -1
    outer loop
      vertex -110 -147.321 -8
      vertex -95.2426 -128.243 -8
      vertex -108.452 -148.126 -8
    endloop
  endfacet
  facet normal -0 0 -1
    outer loop
      vertex -94.8567 -128.596 -8
      vertex -108.452 -148.126 -8
      vertex -95.2426 -128.243 -8
    endloop
  endfacet
  facet normal 0 0 -1
    outer loop
      vertex -108.452 -148.126 -8
      vertex -94.8567 -128.596 -8
      vertex -106.84 -148.794 -8
    endloop
  endfacet
  facet normal 0 0 -1
    outer loop
      vertex -106.84 -148.794 -8
      vertex -94.8567 -128.596 -8
      vertex -105.176 -149.319 -8
    endloop
  endfacet
  facet normal 0 0 -1
    outer loop
      vertex -105.176 -149.319 -8
      vertex -94.8567 -128.596 -8
      vertex -103.473 -149.696 -8
    endloop
  endfacet
  facet normal -0 0 -1
    outer loop
      vertex -94.4415 -128.915 -8
      vertex -103.473 -149.696 -8
      vertex -94.8567 -128.596 -8
    endloop
  endfacet
  facet normal 0 0 -1
    outer loop
      vertex -103.473 -149.696 -8
      vertex -94.4415 -128.915 -8
      vertex -101.743 -149.924 -8
    endloop
  endfacet
  facet normal 0 0 -1
    outer loop
      vertex -101.743 -149.924 -8
      vertex -94.4415 -128.915 -8
      vertex -100 -150 -8
    endloop
  endfacet
  facet normal -0 0 -1
    outer loop
      vertex -94 -129.196 -8
      vertex -100 -150 -8
      vertex -94.4415 -128.915 -8
    endloop
  endfacet
  facet normal -0 0 -1
    outer loop
      vertex -93.5357 -129.438 -8
      vertex -100 -150 -8
      vertex -94 -129.196 -8
    endloop
  endfacet
  facet normal -0 0 -1
    outer loop
      vertex -93.0521 -129.638 -8
      vertex -100 -150 -8
      vertex -93.5357 -129.438 -8
    endloop
  endfacet
  facet normal -0 0 -1
    outer loop
      vertex -92.5529 -129.796 -8
      vertex -100 -150 -8
      vertex -93.0521 -129.638 -8
    endloop
  endfacet
  facet normal -0 0 -1
    outer loop
      vertex -92.0419 -129.909 -8
      vertex -100 -150 -8
      vertex -92.5529 -129.796 -8
    endloop
  endfacet
  facet normal -0 0 -1
    outer loop
      vertex -91.5229 -129.977 -8
      vertex -100 -150 -8
      vertex -92.0419 -129.909 -8
    endloop
  endfacet
  facet normal -0 0 -1
    outer loop
      vertex -91 -130 -8
      vertex -100 -150 -8
      vertex -91.5229 -129.977 -8
    endloop
  endfacet
  facet normal -0 0 -1
    outer loop
      vertex 115.321 142.856 -8
      vertex 95.9149 127.441 -8
      vertex 114.142 144.142 -8
    endloop
  endfacet
  facet normal 0 0 -1
    outer loop
      vertex 95.5963 127.857 -8
      vertex 114.142 144.142 -8
      vertex 95.9149 127.441 -8
    endloop
  endfacet
  facet normal -0 0 -1
    outer loop
      vertex 114.142 144.142 -8
      vertex 95.5963 127.857 -8
      vertex 112.856 145.321 -8
    endloop
  endfacet
  facet normal -0 0 -1
    outer loop
      vertex 112.856 145.321 -8
      vertex 95.5963 127.857 -8
      vertex 111.472 146.383 -8
    endloop
  endfacet
  facet normal 0 0 -1
    outer loop
      vertex 95.2426 128.243 -8
      vertex 111.472 146.383 -8
      vertex 95.5963 127.857 -8
    endloop
  endfacet
  facet normal -0 0 -1
    outer loop
      vertex 111.472 146.383 -8
      vertex 95.2426 128.243 -8
      vertex 110 147.321 -8
    endloop
  endfacet
  facet normal -0 0 -1
    outer loop
      vertex 110 147.321 -8
      vertex 95.2426 128.243 -8
      vertex 108.452 148.126 -8
    endloop
  endfacet
  facet normal 0 0 -1
    outer loop
      vertex 94.8567 128.596 -8
      vertex 108.452 148.126 -8
      vertex 95.2426 128.243 -8
    endloop
  endfacet
  facet normal -0 0 -1
    outer loop
      vertex 108.452 148.126 -8
      vertex 94.8567 128.596 -8
      vertex 106.84 148.794 -8
    endloop
  endfacet
  facet normal -0 0 -1
    outer loop
      vertex 106.84 148.794 -8
      vertex 94.8567 128.596 -8
      vertex 105.176 149.319 -8
    endloop
  endfacet
  facet normal -0 0 -1
    outer loop
      vertex 105.176 149.319 -8
      vertex 94.8567 128.596 -8
      vertex 103.473 149.696 -8
    endloop
  endfacet
  facet normal 0 0 -1
    outer loop
      vertex 94.4415 128.915 -8
      vertex 103.473 149.696 -8
      vertex 94.8567 128.596 -8
    endloop
  endfacet
  facet normal -0 0 -1
    outer loop
      vertex 103.473 149.696 -8
      vertex 94.4415 128.915 -8
      vertex 101.743 149.924 -8
    endloop
  endfacet
  facet normal -0 0 -1
    outer loop
      vertex 101.743 149.924 -8
      vertex 94.4415 128.915 -8
      vertex 100 150 -8
    endloop
  endfacet
  facet normal 0 0 -1
    outer loop
      vertex 94 129.196 -8
      vertex 100 150 -8
      vertex 94.4415 128.915 -8
    endloop
  endfacet
  facet normal 0 0 -1
    outer loop
      vertex 93.5357 129.438 -8
      vertex 100 150 -8
      vertex 94 129.196 -8
    endloop
  endfacet
  facet normal 0 0 -1
    outer loop
      vertex 93.0521 129.638 -8
      vertex 100 150 -8
      vertex 93.5357 129.438 -8
    endloop
  endfacet
  facet normal 0 0 -1
    outer loop
      vertex 92.5529 129.796 -8
      vertex 100 150 -8
      vertex 93.0521 129.638 -8
    endloop
  endfacet
  facet normal 0 0 -1
    outer loop
      vertex 92.0419 129.909 -8
      vertex 100 150 -8
      vertex 92.5529 129.796 -8
    endloop
  endfacet
  facet normal 0 0 -1
    outer loop
      vertex 91.5229 129.977 -8
      vertex 100 150 -8
      vertex 92.0419 129.909 -8
    endloop
  endfacet
  facet normal 0 0 -1
    outer loop
      vertex 91 130 -8
      vertex 100 150 -8
      vertex 91.5229 129.977 -8
    endloop
  endfacet
  facet normal 0 0 -1
    outer loop
      vertex 89 130 -8
      vertex 100 150 -8
      vertex 91 130 -8
    endloop
  endfacet
  facet normal 0 0 -1
    outer loop
      vertex 88.4771 129.977 -8
      vertex 100 150 -8
      vertex 89 130 -8
    endloop
  endfacet
  facet normal 0 0 -1
    outer loop
      vertex 87.9581 129.909 -8
      vertex 100 150 -8
      vertex 88.4771 129.977 -8
    endloop
  endfacet
  facet normal 0 0 -1
    outer loop
      vertex 87.4471 129.796 -8
      vertex 100 150 -8
      vertex 87.9581 129.909 -8
    endloop
  endfacet
  facet normal 0 0 -1
    outer loop
      vertex 86.9479 129.638 -8
      vertex 100 150 -8
      vertex 87.4471 129.796 -8
    endloop
  endfacet
  facet normal 0 0 -1
    outer loop
      vertex 86.4643 129.438 -8
      vertex 100 150 -8
      vertex 86.9479 129.638 -8
    endloop
  endfacet
  facet normal 0 0 -1
    outer loop
      vertex 86 129.196 -8
      vertex 100 150 -8
      vertex 86.4643 129.438 -8
    endloop
  endfacet
  facet normal 0 0 -1
    outer loop
      vertex 85.5585 128.915 -8
      vertex 100 150 -8
      vertex 86 129.196 -8
    endloop
  endfacet
  facet normal 0 0 -1
    outer loop
      vertex 85.1433 128.596 -8
      vertex 100 150 -8
      vertex 85.5585 128.915 -8
    endloop
  endfacet
  facet normal 0 0 -1
    outer loop
      vertex 84.7574 128.243 -8
      vertex 100 150 -8
      vertex 85.1433 128.596 -8
    endloop
  endfacet
  facet normal 0 0 -1
    outer loop
      vertex 84.4037 127.857 -8
      vertex 100 150 -8
      vertex 84.7574 128.243 -8
    endloop
  endfacet
  facet normal 0 0 -1
    outer loop
      vertex -84.4037 127.857 -8
      vertex 84.4037 127.857 -8
      vertex 84.0851 127.441 -8
    endloop
  endfacet
  facet normal -0 0 -1
    outer loop
      vertex 85.5585 91.0851 -8
      vertex 29.6 2.77128 -8
      vertex 85.1433 91.4037 -8
    endloop
  endfacet
  facet normal 0 0 -1
    outer loop
      vertex 29.3524 2.90018 -8
      vertex 85.1433 91.4037 -8
      vertex 29.6 2.77128 -8
    endloop
  endfacet
  facet normal 0 0 -1
    outer loop
      vertex 2.90018 29.3524 -8
      vertex 85.1433 91.4037 -8
      vertex 29.3524 2.90018 -8
    endloop
  endfacet
  facet normal -0 0 -1
    outer loop
      vertex 85.1433 91.4037 -8
      vertex 2.90018 29.3524 -8
      vertex 84.7574 91.7574 -8
    endloop
  endfacet
  facet normal 0 0 -1
    outer loop
      vertex 2.77128 29.6 -8
      vertex 84.7574 91.7574 -8
      vertex 2.90018 29.3524 -8
    endloop
  endfacet
  facet normal -0 0 -1
    outer loop
      vertex 84.7574 91.7574 -8
      vertex 2.77128 29.6 -8
      vertex 84.4037 92.1433 -8
    endloop
  endfacet
  facet normal 0 0 -1
    outer loop
      vertex 2.62129 29.8354 -8
      vertex 84.4037 92.1433 -8
      vertex 2.77128 29.6 -8
    endloop
  endfacet
  facet normal -0 0 -1
    outer loop
      vertex 84.4037 92.1433 -8
      vertex 2.62129 29.8354 -8
      vertex 84.0851 92.5585 -8
    endloop
  endfacet
  facet normal 0 0 -1
    outer loop
      vertex 2.45134 30.0569 -8
      vertex 84.0851 92.5585 -8
      vertex 2.62129 29.8354 -8
    endloop
  endfacet
  facet normal -0 0 -1
    outer loop
      vertex 84.0851 92.5585 -8
      vertex 2.45134 30.0569 -8
      vertex 83.8038 93 -8
    endloop
  endfacet
  facet normal 0 0 -1
    outer loop
      vertex 2.26274 30.2627 -8
      vertex 83.8038 93 -8
      vertex 2.45134 30.0569 -8
    endloop
  endfacet
  facet normal -0 0 -1
    outer loop
      vertex 83.8038 93 -8
      vertex 2.26274 30.2627 -8
      vertex 83.5622 93.4643 -8
    endloop
  endfacet
  facet normal 0 0 -1
    outer loop
      vertex 1.83544 30.6213 -8
      vertex 83.3618 93.9479 -8
      vertex 2.05692 30.4513 -8
    endloop
  endfacet
  facet normal 0 0 -1
    outer loop
      vertex 1.6 30.7713 -8
      vertex 83.3618 93.9479 -8
      vertex 1.83544 30.6213 -8
    endloop
  endfacet
  facet normal -0 0 -1
    outer loop
      vertex 83.3618 93.9479 -8
      vertex 1.6 30.7713 -8
      vertex 83.2044 94.4471 -8
    endloop
  endfacet
  facet normal 0 0 -1
    outer loop
      vertex 1.35238 30.9002 -8
      vertex 83.2044 94.4471 -8
      vertex 1.6 30.7713 -8
    endloop
  endfacet
  facet normal -0 0 -1
    outer loop
      vertex 83.2044 94.4471 -8
      vertex 1.35238 30.9002 -8
      vertex 83.0912 94.9581 -8
    endloop
  endfacet
  facet normal 0 0 -1
    outer loop
      vertex 2.05692 30.4513 -8
      vertex 83.5622 93.4643 -8
      vertex 2.26274 30.2627 -8
    endloop
  endfacet
  facet normal 0 0 -1
    outer loop
      vertex 2.90018 29.3524 -8
      vertex 29.3524 2.90018 -8
      vertex 29.0945 3.00702 -8
    endloop
  endfacet
  facet normal 0 0 -1
    outer loop
      vertex 3.00702 29.0945 -8
      vertex 29.0945 3.00702 -8
      vertex 28.8282 3.09096 -8
    endloop
  endfacet
  facet normal 0 0 -1
    outer loop
      vertex 3.09096 28.8282 -8
      vertex 28.8282 3.09096 -8
      vertex 28.5557 3.15138 -8
    endloop
  endfacet
  facet normal 0 0 -1
    outer loop
      vertex 3.15138 28.5557 -8
      vertex 28.5557 3.15138 -8
      vertex 28.2789 3.18782 -8
    endloop
  endfacet
  facet normal 0 0 -1
    outer loop
      vertex 3.18782 28.2789 -8
      vertex 28.2789 3.18782 -8
      vertex 28 3.2 -8
    endloop
  endfacet
  facet normal 0 0 -1
    outer loop
      vertex 3.2 28 -8
      vertex 28 3.2 -8
      vertex 27.7211 3.18782 -8
    endloop
  endfacet
  facet normal 0 0 -1
    outer loop
      vertex 3.2 28 -8
      vertex 27.7211 3.18782 -8
      vertex 27.4443 3.15138 -8
    endloop
  endfacet
  facet normal 0 0 -1
    outer loop
      vertex 3.2 28 -8
      vertex 27.4443 3.15138 -8
      vertex 27.1718 3.09096 -8
    endloop
  endfacet
  facet normal 0 0 -1
    outer loop
      vertex 3.2 28 -8
      vertex 27.1718 3.09096 -8
      vertex 26.9055 3.00702 -8
    endloop
  endfacet
  facet normal 0 0 -1
    outer loop
      vertex 3.2 28 -8
      vertex 26.9055 3.00702 -8
      vertex 26.6476 2.90018 -8
    endloop
  endfacet
  facet normal 0 0 -1
    outer loop
      vertex 3.2 28 -8
      vertex 26.6476 2.90018 -8
      vertex 26.4 2.77128 -8
    endloop
  endfacet
  facet normal 0 0 -1
    outer loop
      vertex 3.2 28 -8
      vertex 26.4 2.77128 -8
      vertex 26.1646 2.62129 -8
    endloop
  endfacet
  facet normal 0 0 -1
    outer loop
      vertex 3.2 28 -8
      vertex 26.1646 2.62129 -8
      vertex 25.9431 2.45134 -8
    endloop
  endfacet
  facet normal 0 0 -1
    outer loop
      vertex 3.2 28 -8
      vertex 25.9431 2.45134 -8
      vertex 25.7373 2.26274 -8
    endloop
  endfacet
  facet normal 0 0 -1
    outer loop
      vertex 3.2 28 -8
      vertex 25.7373 2.26274 -8
      vertex 25.5487 2.05692 -8
    endloop
  endfacet
  facet normal 0 0 -1
    outer loop
      vertex 3.2 28 -8
      vertex 25.5487 2.05692 -8
      vertex 25.3787 1.83544 -8
    endloop
  endfacet
  facet normal 0 0 -1
    outer loop
      vertex 3.2 28 -8
      vertex 25.3787 1.83544 -8
      vertex 25.2287 1.6 -8
    endloop
  endfacet
  facet normal 0 0 -1
    outer loop
      vertex 3.2 28 -8
      vertex 25.2287 1.6 -8
      vertex 25.0998 1.35238 -8
    endloop
  endfacet
  facet normal -0 0 -1
    outer loop
      vertex 25.7373 -2.26274 -8
      vertex 2.26274 -25.7373 -8
      vertex 25.5487 -2.05692 -8
    endloop
  endfacet
  facet normal 0 0 -1
    outer loop
      vertex 24.8 0 -8
      vertex 3.2 28 -8
      vertex 24.8122 0.278898 -8
    endloop
  endfacet
  facet normal 0 0 -1
    outer loop
      vertex 24.8122 0.278898 -8
      vertex 3.2 28 -8
      vertex 24.8486 0.555674 -8
    endloop
  endfacet
  facet normal 0 0 -1
    outer loop
      vertex 24.8486 0.555674 -8
      vertex 3.2 28 -8
      vertex 24.909 0.82822 -8
    endloop
  endfacet
  facet normal 0 0 -1
    outer loop
      vertex 24.909 0.82822 -8
      vertex 3.2 28 -8
      vertex 24.993 1.09446 -8
    endloop
  endfacet
  facet normal 0 0 -1
    outer loop
      vertex 24.993 1.09446 -8
      vertex 3.2 28 -8
      vertex 25.0998 1.35238 -8
    endloop
  endfacet
  facet normal 0 0 -1
    outer loop
      vertex 28 3.2 -8
      vertex 3.2 28 -8
      vertex 3.18782 28.2789 -8
    endloop
  endfacet
  facet normal 0 0 -1
    outer loop
      vertex 28.2789 3.18782 -8
      vertex 3.18782 28.2789 -8
      vertex 3.15138 28.5557 -8
    endloop
  endfacet
  facet normal 0 0 -1
    outer loop
      vertex 28.5557 3.15138 -8
      vertex 3.15138 28.5557 -8
      vertex 3.09096 28.8282 -8
    endloop
  endfacet
  facet normal 0 0 -1
    outer loop
      vertex 28.8282 3.09096 -8
      vertex 3.09096 28.8282 -8
      vertex 3.00702 29.0945 -8
    endloop
  endfacet
  facet normal 0 0 -1
    outer loop
      vertex 29.0945 3.00702 -8
      vertex 3.00702 29.0945 -8
      vertex 2.90018 29.3524 -8
    endloop
  endfacet
  facet normal -0 0 -1
    outer loop
      vertex 83.5622 93.4643 -8
      vertex 2.05692 30.4513 -8
      vertex 83.3618 93.9479 -8
    endloop
  endfacet
  facet normal 0 0 -1
    outer loop
      vertex 1.09446 31.007 -8
      vertex 83.0912 94.9581 -8
      vertex 1.35238 30.9002 -8
    endloop
  endfacet
  facet normal -0 0 -1
    outer loop
      vertex 83.0912 94.9581 -8
      vertex 1.09446 31.007 -8
      vertex 83.0228 95.4771 -8
    endloop
  endfacet
  facet normal 0 0 -1
    outer loop
      vertex 0.82822 31.091 -8
      vertex 83.0228 95.4771 -8
      vertex 1.09446 31.007 -8
    endloop
  endfacet
  facet normal -0 0 -1
    outer loop
      vertex 83.0228 95.4771 -8
      vertex 0.82822 31.091 -8
      vertex 83 96 -8
    endloop
  endfacet
  facet normal 0 0 -1
    outer loop
      vertex 0.555674 31.1514 -8
      vertex 83 96 -8
      vertex 0.82822 31.091 -8
    endloop
  endfacet
  facet normal 0 0 -1
    outer loop
      vertex 0.278898 31.1878 -8
      vertex 83 96 -8
      vertex 0.555674 31.1514 -8
    endloop
  endfacet
  facet normal -0 0 -1
    outer loop
      vertex 83 96 -8
      vertex 0.278898 31.1878 -8
      vertex 83 124 -8
    endloop
  endfacet
  facet normal 0 0 -1
    outer loop
      vertex 0 31.2 -8
      vertex 83 124 -8
      vertex 0.278898 31.1878 -8
    endloop
  endfacet
  facet normal 0 0 -1
    outer loop
      vertex -83 124 -8
      vertex 83 124 -8
      vertex 0 31.2 -8
    endloop
  endfacet
  facet normal 0 0 -1
    outer loop
      vertex 83 124 -8
      vertex -83 124 -8
      vertex 83.0228 124.523 -8
    endloop
  endfacet
  facet normal 0 0 -1
    outer loop
      vertex -83.0228 124.523 -8
      vertex 83.0228 124.523 -8
      vertex -83 124 -8
    endloop
  endfacet
  facet normal 0 0 -1
    outer loop
      vertex 83.0228 124.523 -8
      vertex -83.0228 124.523 -8
      vertex 83.0912 125.042 -8
    endloop
  endfacet
  facet normal 0 0 -1
    outer loop
      vertex -83.0912 125.042 -8
      vertex 83.0912 125.042 -8
      vertex -83.0228 124.523 -8
    endloop
  endfacet
  facet normal 0 0 -1
    outer loop
      vertex 83.0912 125.042 -8
      vertex -83.0912 125.042 -8
      vertex 83.2044 125.553 -8
    endloop
  endfacet
  facet normal 0 0 -1
    outer loop
      vertex -83.2044 125.553 -8
      vertex 83.2044 125.553 -8
      vertex -83.0912 125.042 -8
    endloop
  endfacet
  facet normal 0 0 -1
    outer loop
      vertex 83.2044 125.553 -8
      vertex -83.2044 125.553 -8
      vertex 83.3618 126.052 -8
    endloop
  endfacet
  facet normal 0 0 -1
    outer loop
      vertex -83 124 -8
      vertex 0 31.2 -8
      vertex -0.278898 31.1878 -8
    endloop
  endfacet
  facet normal 0 0 -1
    outer loop
      vertex -83 96 -8
      vertex -0.278898 31.1878 -8
      vertex -0.555674 31.1514 -8
    endloop
  endfacet
  facet normal 0 0 -1
    outer loop
      vertex -83 96 -8
      vertex -0.555674 31.1514 -8
      vertex -0.82822 31.091 -8
    endloop
  endfacet
  facet normal 0 0 -1
    outer loop
      vertex -83 96 -8
      vertex -0.82822 31.091 -8
      vertex -1.09446 31.007 -8
    endloop
  endfacet
  facet normal 0 0 -1
    outer loop
      vertex -83 96 -8
      vertex -1.09446 31.007 -8
      vertex -1.35238 30.9002 -8
    endloop
  endfacet
  facet normal 0 0 -1
    outer loop
      vertex -83 96 -8
      vertex -1.35238 30.9002 -8
      vertex -1.6 30.7713 -8
    endloop
  endfacet
  facet normal 0 0 -1
    outer loop
      vertex -83 96 -8
      vertex -1.6 30.7713 -8
      vertex -1.83544 30.6213 -8
    endloop
  endfacet
  facet normal 0 0 -1
    outer loop
      vertex -83 96 -8
      vertex -1.83544 30.6213 -8
      vertex -2.05692 30.4513 -8
    endloop
  endfacet
  facet normal 0 0 -1
    outer loop
      vertex -83 96 -8
      vertex -2.05692 30.4513 -8
      vertex -2.26274 30.2627 -8
    endloop
  endfacet
  facet normal 0 0 -1
    outer loop
      vertex -83 96 -8
      vertex -2.26274 30.2627 -8
      vertex -2.45134 30.0569 -8
    endloop
  endfacet
  facet normal -0 0 -1
    outer loop
      vertex -2.26274 25.7373 -8
      vertex -25.7373 2.26274 -8
      vertex -2.45134 25.9431 -8
    endloop
  endfacet
  facet normal 0 0 -1
    outer loop
      vertex -25.9431 2.45134 -8
      vertex -2.45134 25.9431 -8
      vertex -25.7373 2.26274 -8
    endloop
  endfacet
  facet normal -0 0 -1
    outer loop
      vertex -2.45134 25.9431 -8
      vertex -25.9431 2.45134 -8
      vertex -2.62129 26.1646 -8
    endloop
  endfacet
  facet normal 0 0 -1
    outer loop
      vertex -26.1646 2.62129 -8
      vertex -2.62129 26.1646 -8
      vertex -25.9431 2.45134 -8
    endloop
  endfacet
  facet normal -0 0 -1
    outer loop
      vertex -2.62129 26.1646 -8
      vertex -26.1646 2.62129 -8
      vertex -2.77128 26.4 -8
    endloop
  endfacet
  facet normal 0 0 -1
    outer loop
      vertex -26.4 2.77128 -8
      vertex -2.77128 26.4 -8
      vertex -26.1646 2.62129 -8
    endloop
  endfacet
  facet normal -0 0 -1
    outer loop
      vertex -2.77128 26.4 -8
      vertex -26.4 2.77128 -8
      vertex -2.90018 26.6476 -8
    endloop
  endfacet
  facet normal 0 0 -1
    outer loop
      vertex -26.6476 2.90018 -8
      vertex -2.90018 26.6476 -8
      vertex -26.4 2.77128 -8
    endloop
  endfacet
  facet normal -0 0 -1
    outer loop
      vertex -2.90018 26.6476 -8
      vertex -26.6476 2.90018 -8
      vertex -3.00702 26.9055 -8
    endloop
  endfacet
  facet normal 0 0 -1
    outer loop
      vertex -26.9055 3.00702 -8
      vertex -3.00702 26.9055 -8
      vertex -26.6476 2.90018 -8
    endloop
  endfacet
  facet normal -0 0 -1
    outer loop
      vertex -3.00702 26.9055 -8
      vertex -26.9055 3.00702 -8
      vertex -3.09096 27.1718 -8
    endloop
  endfacet
  facet normal 0 0 -1
    outer loop
      vertex -27.1718 3.09096 -8
      vertex -3.09096 27.1718 -8
      vertex -26.9055 3.00702 -8
    endloop
  endfacet
  facet normal -0 0 -1
    outer loop
      vertex -3.09096 27.1718 -8
      vertex -27.1718 3.09096 -8
      vertex -3.15138 27.4443 -8
    endloop
  endfacet
  facet normal 0 0 -1
    outer loop
      vertex -27.4443 3.15138 -8
      vertex -3.15138 27.4443 -8
      vertex -27.1718 3.09096 -8
    endloop
  endfacet
  facet normal -0 0 -1
    outer loop
      vertex -3.15138 27.4443 -8
      vertex -27.4443 3.15138 -8
      vertex -3.18782 27.7211 -8
    endloop
  endfacet
  facet normal 0 0 -1
    outer loop
      vertex -27.7211 3.18782 -8
      vertex -3.18782 27.7211 -8
      vertex -27.4443 3.15138 -8
    endloop
  endfacet
  facet normal -0 0 -1
    outer loop
      vertex -3.18782 27.7211 -8
      vertex -27.7211 3.18782 -8
      vertex -3.2 28 -8
    endloop
  endfacet
  facet normal 0 0 -1
    outer loop
      vertex -28 3.2 -8
      vertex -3.2 28 -8
      vertex -27.7211 3.18782 -8
    endloop
  endfacet
  facet normal -0 0 -1
    outer loop
      vertex -3.2 28 -8
      vertex -28 3.2 -8
      vertex -3.18782 28.2789 -8
    endloop
  endfacet
  facet normal 0 0 -1
    outer loop
      vertex -28.2789 3.18782 -8
      vertex -3.18782 28.2789 -8
      vertex -28 3.2 -8
    endloop
  endfacet
  facet normal -0 0 -1
    outer loop
      vertex -3.18782 28.2789 -8
      vertex -28.2789 3.18782 -8
      vertex -3.15138 28.5557 -8
    endloop
  endfacet
  facet normal 0 0 -1
    outer loop
      vertex -28.5557 3.15138 -8
      vertex -3.15138 28.5557 -8
      vertex -28.2789 3.18782 -8
    endloop
  endfacet
  facet normal -0 0 -1
    outer loop
      vertex -3.15138 28.5557 -8
      vertex -28.5557 3.15138 -8
      vertex -3.09096 28.8282 -8
    endloop
  endfacet
  facet normal 0 0 -1
    outer loop
      vertex -28.8282 3.09096 -8
      vertex -3.09096 28.8282 -8
      vertex -28.5557 3.15138 -8
    endloop
  endfacet
  facet normal -0 0 -1
    outer loop
      vertex -3.09096 28.8282 -8
      vertex -28.8282 3.09096 -8
      vertex -3.00702 29.0945 -8
    endloop
  endfacet
  facet normal 0 0 -1
    outer loop
      vertex -29.0945 3.00702 -8
      vertex -3.00702 29.0945 -8
      vertex -28.8282 3.09096 -8
    endloop
  endfacet
  facet normal -0 0 -1
    outer loop
      vertex -3.00702 29.0945 -8
      vertex -29.0945 3.00702 -8
      vertex -2.90018 29.3524 -8
    endloop
  endfacet
  facet normal 0 0 -1
    outer loop
      vertex -29.3524 2.90018 -8
      vertex -2.90018 29.3524 -8
      vertex -29.0945 3.00702 -8
    endloop
  endfacet
  facet normal 0 0 -1
    outer loop
      vertex -83 96 -8
      vertex -2.90018 29.3524 -8
      vertex -29.3524 2.90018 -8
    endloop
  endfacet
  facet normal 0 0 -1
    outer loop
      vertex -2.90018 29.3524 -8
      vertex -83 96 -8
      vertex -2.77128 29.6 -8
    endloop
  endfacet
  facet normal 0 0 -1
    outer loop
      vertex -2.77128 29.6 -8
      vertex -83 96 -8
      vertex -2.62129 29.8354 -8
    endloop
  endfacet
  facet normal 0 0 -1
    outer loop
      vertex -2.62129 29.8354 -8
      vertex -83 96 -8
      vertex -2.45134 30.0569 -8
    endloop
  endfacet
  facet normal 0 0 -1
    outer loop
      vertex -83 96 -8
      vertex -29.3524 2.90018 -8
      vertex -29.6 2.77128 -8
    endloop
  endfacet
  facet normal 0 0 -1
    outer loop
      vertex -83 96 -8
      vertex -29.6 2.77128 -8
      vertex -29.8354 2.62129 -8
    endloop
  endfacet
  facet normal 0 0 -1
    outer loop
      vertex -83 96 -8
      vertex -29.8354 2.62129 -8
      vertex -30.0569 2.45134 -8
    endloop
  endfacet
  facet normal 0 0 -1
    outer loop
      vertex -83 96 -8
      vertex -30.0569 2.45134 -8
      vertex -30.2627 2.26274 -8
    endloop
  endfacet
  facet normal 0 0 -1
    outer loop
      vertex -83 96 -8
      vertex -30.2627 2.26274 -8
      vertex -30.4513 2.05692 -8
    endloop
  endfacet
  facet normal -0 0 -1
    outer loop
      vertex -29.6 -2.77128 -8
      vertex -85.5585 -91.0851 -8
      vertex -29.8354 -2.62129 -8
    endloop
  endfacet
  facet normal 0 0 -1
    outer loop
      vertex -86 -90.8038 -8
      vertex -29.8354 -2.62129 -8
      vertex -85.5585 -91.0851 -8
    endloop
  endfacet
  facet normal 0 0 -1
    outer loop
      vertex -31.2 0 -8
      vertex -83 96 -8
      vertex -31.1878 0.278898 -8
    endloop
  endfacet
  facet normal 0 0 -1
    outer loop
      vertex -31.1878 0.278898 -8
      vertex -83 96 -8
      vertex -31.1514 0.555674 -8
    endloop
  endfacet
  facet normal 0 0 -1
    outer loop
      vertex -31.1514 0.555674 -8
      vertex -83 96 -8
      vertex -31.091 0.82822 -8
    endloop
  endfacet
  facet normal 0 0 -1
    outer loop
      vertex -31.091 0.82822 -8
      vertex -83 96 -8
      vertex -31.007 1.09446 -8
    endloop
  endfacet
  facet normal 0 0 -1
    outer loop
      vertex -31.007 1.09446 -8
      vertex -83 96 -8
      vertex -30.9002 1.35238 -8
    endloop
  endfacet
  facet normal 0 0 -1
    outer loop
      vertex -30.9002 1.35238 -8
      vertex -83 96 -8
      vertex -30.7713 1.6 -8
    endloop
  endfacet
  facet normal 0 0 -1
    outer loop
      vertex -83 96 -8
      vertex -30.6213 1.83544 -8
      vertex -30.7713 1.6 -8
    endloop
  endfacet
  facet normal 0 0 -1
    outer loop
      vertex -83 96 -8
      vertex -30.4513 2.05692 -8
      vertex -30.6213 1.83544 -8
    endloop
  endfacet
  facet normal 0 0 -1
    outer loop
      vertex -0.278898 31.1878 -8
      vertex -83 96 -8
      vertex -83 124 -8
    endloop
  endfacet
  facet normal 0 0 -1
    outer loop
      vertex -83.3618 126.052 -8
      vertex 83.3618 126.052 -8
      vertex -83.2044 125.553 -8
    endloop
  endfacet
  facet normal 0 0 -1
    outer loop
      vertex 83.3618 126.052 -8
      vertex -83.3618 126.052 -8
      vertex 83.5622 126.536 -8
    endloop
  endfacet
  facet normal 0 0 -1
    outer loop
      vertex -83.5622 126.536 -8
      vertex 83.5622 126.536 -8
      vertex -83.3618 126.052 -8
    endloop
  endfacet
  facet normal 0 0 -1
    outer loop
      vertex 83.5622 126.536 -8
      vertex -83.5622 126.536 -8
      vertex 83.8038 127 -8
    endloop
  endfacet
  facet normal 0 0 -1
    outer loop
      vertex -83.8038 127 -8
      vertex 83.8038 127 -8
      vertex -83.5622 126.536 -8
    endloop
  endfacet
  facet normal 0 0 -1
    outer loop
      vertex 83.8038 127 -8
      vertex -83.8038 127 -8
      vertex 84.0851 127.441 -8
    endloop
  endfacet
  facet normal 0 0 -1
    outer loop
      vertex -84.0851 127.441 -8
      vertex 84.0851 127.441 -8
      vertex -83.8038 127 -8
    endloop
  endfacet
  facet normal 0 0 -1
    outer loop
      vertex -84.4037 127.857 -8
      vertex 84.0851 127.441 -8
      vertex -84.0851 127.441 -8
    endloop
  endfacet
  facet normal 0 0 -1
    outer loop
      vertex 84.4037 127.857 -8
      vertex -84.4037 127.857 -8
      vertex 100 150 -8
    endloop
  endfacet
  facet normal 0 0 -1
    outer loop
      vertex -100 150 -8
      vertex -84.4037 127.857 -8
      vertex -84.7574 128.243 -8
    endloop
  endfacet
  facet normal 0 0 -1
    outer loop
      vertex -100 150 -8
      vertex -84.7574 128.243 -8
      vertex -85.1433 128.596 -8
    endloop
  endfacet
  facet normal 0 0 -1
    outer loop
      vertex -100 150 -8
      vertex -85.1433 128.596 -8
      vertex -85.5585 128.915 -8
    endloop
  endfacet
  facet normal 0 0 -1
    outer loop
      vertex -100 150 -8
      vertex -85.5585 128.915 -8
      vertex -86 129.196 -8
    endloop
  endfacet
  facet normal 0 0 -1
    outer loop
      vertex -100 150 -8
      vertex -86 129.196 -8
      vertex -86.4643 129.438 -8
    endloop
  endfacet
  facet normal 0 0 -1
    outer loop
      vertex -100 150 -8
      vertex -86.4643 129.438 -8
      vertex -86.9479 129.638 -8
    endloop
  endfacet
  facet normal 0 0 -1
    outer loop
      vertex -100 150 -8
      vertex -86.9479 129.638 -8
      vertex -87.4471 129.796 -8
    endloop
  endfacet
  facet normal 0 0 -1
    outer loop
      vertex -100 150 -8
      vertex -87.4471 129.796 -8
      vertex -87.9581 129.909 -8
    endloop
  endfacet
  facet normal 0 0 -1
    outer loop
      vertex -100 150 -8
      vertex -87.9581 129.909 -8
      vertex -88.4771 129.977 -8
    endloop
  endfacet
  facet normal 0 0 -1
    outer loop
      vertex -100 150 -8
      vertex -88.4771 129.977 -8
      vertex -89 130 -8
    endloop
  endfacet
  facet normal 0 0 -1
    outer loop
      vertex -100 150 -8
      vertex -89 130 -8
      vertex -91 130 -8
    endloop
  endfacet
  facet normal 0 0 -1
    outer loop
      vertex -100 150 -8
      vertex -91 130 -8
      vertex -91.5229 129.977 -8
    endloop
  endfacet
  facet normal 0 0 -1
    outer loop
      vertex -84.4037 127.857 -8
      vertex -100 150 -8
      vertex 100 150 -8
    endloop
  endfacet
  facet normal 0 0 -1
    outer loop
      vertex -92.0419 129.909 -8
      vertex -100 150 -8
      vertex -91.5229 129.977 -8
    endloop
  endfacet
  facet normal 0 0 -1
    outer loop
      vertex -92.5529 129.796 -8
      vertex -100 150 -8
      vertex -92.0419 129.909 -8
    endloop
  endfacet
  facet normal 0 0 -1
    outer loop
      vertex -93.0521 129.638 -8
      vertex -100 150 -8
      vertex -92.5529 129.796 -8
    endloop
  endfacet
  facet normal 0 0 -1
    outer loop
      vertex -93.5357 129.438 -8
      vertex -100 150 -8
      vertex -93.0521 129.638 -8
    endloop
  endfacet
  facet normal 0 0 -1
    outer loop
      vertex -94 129.196 -8
      vertex -100 150 -8
      vertex -93.5357 129.438 -8
    endloop
  endfacet
  facet normal 0 0 -1
    outer loop
      vertex -94.4415 128.915 -8
      vertex -100 150 -8
      vertex -94 129.196 -8
    endloop
  endfacet
  facet normal 0 0 -1
    outer loop
      vertex -103.473 149.696 -8
      vertex -94.4415 128.915 -8
      vertex -94.8567 128.596 -8
    endloop
  endfacet
  facet normal 0 0 -1
    outer loop
      vertex -108.452 148.126 -8
      vertex -94.8567 128.596 -8
      vertex -95.2426 128.243 -8
    endloop
  endfacet
  facet normal 0 0 -1
    outer loop
      vertex -111.472 146.383 -8
      vertex -95.2426 128.243 -8
      vertex -95.5963 127.857 -8
    endloop
  endfacet
  facet normal 0 0 -1
    outer loop
      vertex -114.142 144.142 -8
      vertex -95.5963 127.857 -8
      vertex -95.9149 127.441 -8
    endloop
  endfacet
  facet normal 0 0 -1
    outer loop
      vertex -117.321 140 -8
      vertex -95.9149 127.441 -8
      vertex -96.1962 127 -8
    endloop
  endfacet
  facet normal 0 0 -1
    outer loop
      vertex -118.794 136.84 -8
      vertex -96.1962 127 -8
      vertex -96.4378 126.536 -8
    endloop
  endfacet
  facet normal 0 0 -1
    outer loop
      vertex -119.696 133.473 -8
      vertex -96.4378 126.536 -8
      vertex -96.6382 126.052 -8
    endloop
  endfacet
  facet normal 0 0 -1
    outer loop
      vertex -120 130 -8
      vertex -96.6382 126.052 -8
      vertex -96.7956 125.553 -8
    endloop
  endfacet
  facet normal 0 0 -1
    outer loop
      vertex -120 130 -8
      vertex -96.7956 125.553 -8
      vertex -96.9088 125.042 -8
    endloop
  endfacet
  facet normal 0 0 -1
    outer loop
      vertex -120 130 -8
      vertex -96.9088 125.042 -8
      vertex -96.9772 124.523 -8
    endloop
  endfacet
  facet normal 0 0 -1
    outer loop
      vertex -120 130 -8
      vertex -96.9772 124.523 -8
      vertex -97 124 -8
    endloop
  endfacet
  facet normal 0 0 -1
    outer loop
      vertex -96.9772 95.4771 -8
      vertex -120 130 -8
      vertex -97 96 -8
    endloop
  endfacet
  facet normal -0 0 -1
    outer loop
      vertex -95.5963 -127.857 -8
      vertex -114.142 -144.142 -8
      vertex -95.9149 -127.441 -8
    endloop
  endfacet
  facet normal 0 0 -1
    outer loop
      vertex -97 96 -8
      vertex -120 130 -8
      vertex -97 124 -8
    endloop
  endfacet
  facet normal 0 0 -1
    outer loop
      vertex -115.321 -142.856 -8
      vertex -95.9149 -127.441 -8
      vertex -114.142 -144.142 -8
    endloop
  endfacet
  facet normal 0 0 -1
    outer loop
      vertex -96.6382 126.052 -8
      vertex -120 130 -8
      vertex -119.924 131.743 -8
    endloop
  endfacet
  facet normal 0 0 -1
    outer loop
      vertex -116.383 -141.472 -8
      vertex -95.9149 -127.441 -8
      vertex -115.321 -142.856 -8
    endloop
  endfacet
  facet normal 0 0 -1
    outer loop
      vertex -94.4415 128.915 -8
      vertex -101.743 149.924 -8
      vertex -100 150 -8
    endloop
  endfacet
  facet normal 0 0 -1
    outer loop
      vertex -117.321 -140 -8
      vertex -95.9149 -127.441 -8
      vertex -116.383 -141.472 -8
    endloop
  endfacet
  facet normal 0 0 -1
    outer loop
      vertex -94.4415 128.915 -8
      vertex -103.473 149.696 -8
      vertex -101.743 149.924 -8
    endloop
  endfacet
  facet normal -0 0 -1
    outer loop
      vertex -95.9149 -127.441 -8
      vertex -117.321 -140 -8
      vertex -96.1962 -127 -8
    endloop
  endfacet
  facet normal 0 0 -1
    outer loop
      vertex -94.8567 128.596 -8
      vertex -105.176 149.319 -8
      vertex -103.473 149.696 -8
    endloop
  endfacet
  facet normal 0 0 -1
    outer loop
      vertex -118.126 -138.452 -8
      vertex -96.1962 -127 -8
      vertex -117.321 -140 -8
    endloop
  endfacet
  facet normal 0 0 -1
    outer loop
      vertex -94.8567 128.596 -8
      vertex -106.84 148.794 -8
      vertex -105.176 149.319 -8
    endloop
  endfacet
  facet normal 0 0 -1
    outer loop
      vertex -118.794 -136.84 -8
      vertex -96.1962 -127 -8
      vertex -118.126 -138.452 -8
    endloop
  endfacet
  facet normal 0 0 -1
    outer loop
      vertex -94.8567 128.596 -8
      vertex -108.452 148.126 -8
      vertex -106.84 148.794 -8
    endloop
  endfacet
  facet normal -0 0 -1
    outer loop
      vertex -96.1962 -127 -8
      vertex -118.794 -136.84 -8
      vertex -96.4378 -126.536 -8
    endloop
  endfacet
  facet normal 0 0 -1
    outer loop
      vertex -95.2426 128.243 -8
      vertex -110 147.321 -8
      vertex -108.452 148.126 -8
    endloop
  endfacet
  facet normal 0 0 -1
    outer loop
      vertex -119.319 -135.176 -8
      vertex -96.4378 -126.536 -8
      vertex -118.794 -136.84 -8
    endloop
  endfacet
  facet normal 0 0 -1
    outer loop
      vertex -95.2426 128.243 -8
      vertex -111.472 146.383 -8
      vertex -110 147.321 -8
    endloop
  endfacet
  facet normal 0 0 -1
    outer loop
      vertex -119.696 -133.473 -8
      vertex -96.4378 -126.536 -8
      vertex -119.319 -135.176 -8
    endloop
  endfacet
  facet normal 0 0 -1
    outer loop
      vertex -95.5963 127.857 -8
      vertex -112.856 145.321 -8
      vertex -111.472 146.383 -8
    endloop
  endfacet
  facet normal -0 0 -1
    outer loop
      vertex -96.4378 -126.536 -8
      vertex -119.696 -133.473 -8
      vertex -96.6382 -126.052 -8
    endloop
  endfacet
  facet normal 0 0 -1
    outer loop
      vertex -95.5963 127.857 -8
      vertex -114.142 144.142 -8
      vertex -112.856 145.321 -8
    endloop
  endfacet
  facet normal 0 0 -1
    outer loop
      vertex -119.924 -131.743 -8
      vertex -96.6382 -126.052 -8
      vertex -119.696 -133.473 -8
    endloop
  endfacet
  facet normal 0 0 -1
    outer loop
      vertex -95.9149 127.441 -8
      vertex -115.321 142.856 -8
      vertex -114.142 144.142 -8
    endloop
  endfacet
  facet normal 0 0 -1
    outer loop
      vertex -120 -130 -8
      vertex -96.6382 -126.052 -8
      vertex -119.924 -131.743 -8
    endloop
  endfacet
  facet normal 0 0 -1
    outer loop
      vertex -95.9149 127.441 -8
      vertex -116.383 141.472 -8
      vertex -115.321 142.856 -8
    endloop
  endfacet
  facet normal -0 0 -1
    outer loop
      vertex -96.6382 -126.052 -8
      vertex -120 -130 -8
      vertex -96.7956 -125.553 -8
    endloop
  endfacet
  facet normal 0 0 -1
    outer loop
      vertex -95.9149 127.441 -8
      vertex -117.321 140 -8
      vertex -116.383 141.472 -8
    endloop
  endfacet
  facet normal -0 0 -1
    outer loop
      vertex -96.7956 -125.553 -8
      vertex -120 -130 -8
      vertex -96.9088 -125.042 -8
    endloop
  endfacet
  facet normal 0 0 -1
    outer loop
      vertex -96.1962 127 -8
      vertex -118.126 138.452 -8
      vertex -117.321 140 -8
    endloop
  endfacet
  facet normal -0 0 -1
    outer loop
      vertex -96.9088 -125.042 -8
      vertex -120 -130 -8
      vertex -96.9772 -124.523 -8
    endloop
  endfacet
  facet normal 0 0 -1
    outer loop
      vertex -96.1962 127 -8
      vertex -118.794 136.84 -8
      vertex -118.126 138.452 -8
    endloop
  endfacet
  facet normal -0 0 -1
    outer loop
      vertex -96.9772 -124.523 -8
      vertex -120 -130 -8
      vertex -97 -124 -8
    endloop
  endfacet
  facet normal 0 0 -1
    outer loop
      vertex -96.4378 126.536 -8
      vertex -119.319 135.176 -8
      vertex -118.794 136.84 -8
    endloop
  endfacet
  facet normal 0 0 -1
    outer loop
      vertex -96.4378 126.536 -8
      vertex -119.696 133.473 -8
      vertex -119.319 135.176 -8
    endloop
  endfacet
  facet normal 0 0 -1
    outer loop
      vertex -96.6382 126.052 -8
      vertex -119.924 131.743 -8
      vertex -119.696 133.473 -8
    endloop
  endfacet
  facet normal 0.300885 0.953661 -0
    outer loop
      vertex 106.84 148.794 -8
      vertex 105.176 149.319 0
      vertex 106.84 148.794 0
    endloop
  endfacet
  facet normal 0.300885 0.953661 0
    outer loop
      vertex 105.176 149.319 0
      vertex 106.84 148.794 -8
      vertex 105.176 149.319 -8
    endloop
  endfacet
  facet normal -0.461371 0.887207 0
    outer loop
      vertex -108.452 148.126 -8
      vertex -110 147.321 0
      vertex -108.452 148.126 0
    endloop
  endfacet
  facet normal -0.461371 0.887207 0
    outer loop
      vertex -110 147.321 0
      vertex -108.452 148.126 -8
      vertex -110 147.321 -8
    endloop
  endfacet
  facet normal -0.216141 0.976362 0
    outer loop
      vertex -103.473 149.696 -8
      vertex -105.176 149.319 0
      vertex -103.473 149.696 0
    endloop
  endfacet
  facet normal -0.216141 0.976362 0
    outer loop
      vertex -105.176 149.319 0
      vertex -103.473 149.696 -8
      vertex -105.176 149.319 -8
    endloop
  endfacet
  facet normal -0.923821 0.382824 0
    outer loop
      vertex -118.794 136.84 -8
      vertex -118.126 138.452 0
      vertex -118.126 138.452 -8
    endloop
  endfacet
  facet normal -0.923821 0.382824 0
    outer loop
      vertex -118.126 138.452 0
      vertex -118.794 136.84 -8
      vertex -118.794 136.84 0
    endloop
  endfacet
  facet normal -0.461371 -0.887207 0
    outer loop
      vertex -110 -147.321 -8
      vertex -108.452 -148.126 0
      vertex -110 -147.321 0
    endloop
  endfacet
  facet normal -0.461371 -0.887207 -0
    outer loop
      vertex -108.452 -148.126 0
      vertex -110 -147.321 -8
      vertex -108.452 -148.126 -8
    endloop
  endfacet
  facet normal 0.461371 0.887207 -0
    outer loop
      vertex 110 147.321 -8
      vertex 108.452 148.126 0
      vertex 110 147.321 0
    endloop
  endfacet
  facet normal 0.461371 0.887207 0
    outer loop
      vertex 108.452 148.126 0
      vertex 110 147.321 -8
      vertex 108.452 148.126 -8
    endloop
  endfacet
  facet normal 0.130662 0.991427 -0
    outer loop
      vertex 103.473 149.696 -8
      vertex 101.743 149.924 0
      vertex 103.473 149.696 0
    endloop
  endfacet
  facet normal 0.130662 0.991427 0
    outer loop
      vertex 101.743 149.924 0
      vertex 103.473 149.696 -8
      vertex 101.743 149.924 -8
    endloop
  endfacet
  facet normal 0.953661 -0.300885 0
    outer loop
      vertex 118.794 -136.84 0
      vertex 119.319 -135.176 -8
      vertex 119.319 -135.176 0
    endloop
  endfacet
  facet normal 0.953661 -0.300885 0
    outer loop
      vertex 119.319 -135.176 -8
      vertex 118.794 -136.84 0
      vertex 118.794 -136.84 -8
    endloop
  endfacet
  facet normal 0.382824 0.923821 -0
    outer loop
      vertex 108.452 148.126 -8
      vertex 106.84 148.794 0
      vertex 108.452 148.126 0
    endloop
  endfacet
  facet normal 0.382824 0.923821 0
    outer loop
      vertex 106.84 148.794 0
      vertex 108.452 148.126 -8
      vertex 106.84 148.794 -8
    endloop
  endfacet
  facet normal -0.953661 -0.300885 0
    outer loop
      vertex -118.794 -136.84 -8
      vertex -119.319 -135.176 0
      vertex -119.319 -135.176 -8
    endloop
  endfacet
  facet normal -0.953661 -0.300885 0
    outer loop
      vertex -119.319 -135.176 0
      vertex -118.794 -136.84 -8
      vertex -118.794 -136.84 0
    endloop
  endfacet
  facet normal 0.130662 -0.991427 0
    outer loop
      vertex 101.743 -149.924 -8
      vertex 103.473 -149.696 0
      vertex 101.743 -149.924 0
    endloop
  endfacet
  facet normal 0.130662 -0.991427 0
    outer loop
      vertex 103.473 -149.696 0
      vertex 101.743 -149.924 -8
      vertex 103.473 -149.696 -8
    endloop
  endfacet
  facet normal -0.843331 -0.537394 0
    outer loop
      vertex -116.383 -141.472 -8
      vertex -117.321 -140 0
      vertex -117.321 -140 -8
    endloop
  endfacet
  facet normal -0.843331 -0.537394 0
    outer loop
      vertex -117.321 -140 0
      vertex -116.383 -141.472 -8
      vertex -116.383 -141.472 0
    endloop
  endfacet
  facet normal -0.608768 0.793348 0
    outer loop
      vertex -111.472 146.383 -8
      vertex -112.856 145.321 0
      vertex -111.472 146.383 0
    endloop
  endfacet
  facet normal -0.608768 0.793348 0
    outer loop
      vertex -112.856 145.321 0
      vertex -111.472 146.383 -8
      vertex -112.856 145.321 -8
    endloop
  endfacet
  facet normal 0.216141 0.976362 -0
    outer loop
      vertex 105.176 149.319 -8
      vertex 103.473 149.696 0
      vertex 105.176 149.319 0
    endloop
  endfacet
  facet normal 0.216141 0.976362 0
    outer loop
      vertex 103.473 149.696 0
      vertex 105.176 149.319 -8
      vertex 103.473 149.696 -8
    endloop
  endfacet
  facet normal -0.382824 -0.923821 0
    outer loop
      vertex -108.452 -148.126 -8
      vertex -106.84 -148.794 0
      vertex -108.452 -148.126 0
    endloop
  endfacet
  facet normal -0.382824 -0.923821 -0
    outer loop
      vertex -106.84 -148.794 0
      vertex -108.452 -148.126 -8
      vertex -106.84 -148.794 -8
    endloop
  endfacet
  facet normal -0.300885 0.953661 0
    outer loop
      vertex -105.176 149.319 -8
      vertex -106.84 148.794 0
      vertex -105.176 149.319 0
    endloop
  endfacet
  facet normal -0.300885 0.953661 0
    outer loop
      vertex -106.84 148.794 0
      vertex -105.176 149.319 -8
      vertex -106.84 148.794 -8
    endloop
  endfacet
  facet normal -0.537394 0.843331 0
    outer loop
      vertex -110 147.321 -8
      vertex -111.472 146.383 0
      vertex -110 147.321 0
    endloop
  endfacet
  facet normal -0.537394 0.843331 0
    outer loop
      vertex -111.472 146.383 0
      vertex -110 147.321 -8
      vertex -111.472 146.383 -8
    endloop
  endfacet
  facet normal 0.382824 -0.923821 0
    outer loop
      vertex 106.84 -148.794 -8
      vertex 108.452 -148.126 0
      vertex 106.84 -148.794 0
    endloop
  endfacet
  facet normal 0.382824 -0.923821 0
    outer loop
      vertex 108.452 -148.126 0
      vertex 106.84 -148.794 -8
      vertex 108.452 -148.126 -8
    endloop
  endfacet
  facet normal 0.976362 0.216141 0
    outer loop
      vertex 119.696 133.473 0
      vertex 119.319 135.176 -8
      vertex 119.319 135.176 0
    endloop
  endfacet
  facet normal 0.976362 0.216141 0
    outer loop
      vertex 119.319 135.176 -8
      vertex 119.696 133.473 0
      vertex 119.696 133.473 -8
    endloop
  endfacet
  facet normal -0.608768 -0.793348 0
    outer loop
      vertex -112.856 -145.321 -8
      vertex -111.472 -146.383 0
      vertex -112.856 -145.321 0
    endloop
  endfacet
  facet normal -0.608768 -0.793348 -0
    outer loop
      vertex -111.472 -146.383 0
      vertex -112.856 -145.321 -8
      vertex -111.472 -146.383 -8
    endloop
  endfacet
  facet normal 0.999051 0.0435616 0
    outer loop
      vertex 120 130 0
      vertex 119.924 131.743 -8
      vertex 119.924 131.743 0
    endloop
  endfacet
  facet normal 0.999051 0.0435616 0
    outer loop
      vertex 119.924 131.743 -8
      vertex 120 130 0
      vertex 120 130 -8
    endloop
  endfacet
  facet normal -0.976362 0.216141 0
    outer loop
      vertex -119.696 133.473 -8
      vertex -119.319 135.176 0
      vertex -119.319 135.176 -8
    endloop
  endfacet
  facet normal -0.976362 0.216141 0
    outer loop
      vertex -119.319 135.176 0
      vertex -119.696 133.473 -8
      vertex -119.696 133.473 0
    endloop
  endfacet
  facet normal -0 0 1
    outer loop
      vertex -85.5585 91.0851 0
      vertex -19.0919 19.0919 0
      vertex -85.1433 91.4037 0
    endloop
  endfacet
  facet normal 0 0 1
    outer loop
      vertex -26.8161 -2.96995 0
      vertex -83.0228 -95.4771 0
      vertex -83 -96 0
    endloop
  endfacet
  facet normal 0 0 1
    outer loop
      vertex -19.0919 19.0919 0
      vertex -85.5585 91.0851 0
      vertex -20.6832 17.3553 0
    endloop
  endfacet
  facet normal 0 0 1
    outer loop
      vertex -26.8161 -2.96995 0
      vertex -83.0912 -94.9581 0
      vertex -83.0228 -95.4771 0
    endloop
  endfacet
  facet normal -0 0 1
    outer loop
      vertex -86 90.8038 0
      vertex -20.6832 17.3553 0
      vertex -85.5585 91.0851 0
    endloop
  endfacet
  facet normal 0 0 1
    outer loop
      vertex -26.8161 -2.96995 0
      vertex -83.2044 -94.4471 0
      vertex -83.0912 -94.9581 0
    endloop
  endfacet
  facet normal 0 0 1
    outer loop
      vertex -20.6832 17.3553 0
      vertex -86 90.8038 0
      vertex -22.1171 15.4866 0
    endloop
  endfacet
  facet normal 0 0 1
    outer loop
      vertex -26.8161 -2.96995 0
      vertex -83.3618 -93.9479 0
      vertex -83.2044 -94.4471 0
    endloop
  endfacet
  facet normal -0 0 1
    outer loop
      vertex -86.4643 90.5622 0
      vertex -22.1171 15.4866 0
      vertex -86 90.8038 0
    endloop
  endfacet
  facet normal 0 0 1
    outer loop
      vertex -26.8161 -2.96995 0
      vertex -83.5622 -93.4643 0
      vertex -83.3618 -93.9479 0
    endloop
  endfacet
  facet normal 0 0 1
    outer loop
      vertex -22.1171 15.4866 0
      vertex -86.4643 90.5622 0
      vertex -23.3827 13.5 0
    endloop
  endfacet
  facet normal 0 0 1
    outer loop
      vertex -26.8161 -2.96995 0
      vertex -83.8038 -93 0
      vertex -83.5622 -93.4643 0
    endloop
  endfacet
  facet normal -0 0 1
    outer loop
      vertex -86.9479 90.3618 0
      vertex -23.3827 13.5 0
      vertex -86.4643 90.5622 0
    endloop
  endfacet
  facet normal 0 0 1
    outer loop
      vertex -26.8161 -2.96995 0
      vertex -84.0851 -92.5585 0
      vertex -83.8038 -93 0
    endloop
  endfacet
  facet normal -0 0 1
    outer loop
      vertex -87.4471 90.2044 0
      vertex -23.3827 13.5 0
      vertex -86.9479 90.3618 0
    endloop
  endfacet
  facet normal 0 0 1
    outer loop
      vertex -26.8161 -2.96995 0
      vertex -84.4037 -92.1433 0
      vertex -84.0851 -92.5585 0
    endloop
  endfacet
  facet normal 0 0 1
    outer loop
      vertex -23.3827 13.5 0
      vertex -87.4471 90.2044 0
      vertex -24.4703 11.4107 0
    endloop
  endfacet
  facet normal 0 0 1
    outer loop
      vertex -26.8161 -2.96995 0
      vertex -84.7574 -91.7574 0
      vertex -84.4037 -92.1433 0
    endloop
  endfacet
  facet normal -0 0 1
    outer loop
      vertex -87.9581 90.0912 0
      vertex -24.4703 11.4107 0
      vertex -87.4471 90.2044 0
    endloop
  endfacet
  facet normal 0 0 1
    outer loop
      vertex -26.8161 -2.96995 0
      vertex -85.1433 -91.4037 0
      vertex -84.7574 -91.7574 0
    endloop
  endfacet
  facet normal 0 0 1
    outer loop
      vertex -24.4703 11.4107 0
      vertex -87.9581 90.0912 0
      vertex -25.3717 9.23454 0
    endloop
  endfacet
  facet normal 0 0 1
    outer loop
      vertex -26.8161 -2.96995 0
      vertex -85.5585 -91.0851 0
      vertex -85.1433 -91.4037 0
    endloop
  endfacet
  facet normal -0 0 1
    outer loop
      vertex -88.4771 90.0228 0
      vertex -25.3717 9.23454 0
      vertex -87.9581 90.0912 0
    endloop
  endfacet
  facet normal 0 0 1
    outer loop
      vertex -26.8161 -2.96995 0
      vertex -86 -90.8038 0
      vertex -85.5585 -91.0851 0
    endloop
  endfacet
  facet normal 0 0 1
    outer loop
      vertex -25.3717 9.23454 0
      vertex -88.4771 90.0228 0
      vertex -26.08 6.98811 0
    endloop
  endfacet
  facet normal 0 0 1
    outer loop
      vertex -26.8161 -2.96995 0
      vertex -86.4643 -90.5622 0
      vertex -86 -90.8038 0
    endloop
  endfacet
  facet normal -0 0 1
    outer loop
      vertex -89 90 0
      vertex -26.08 6.98811 0
      vertex -88.4771 90.0228 0
    endloop
  endfacet
  facet normal 0 0 1
    outer loop
      vertex -26.8161 -2.96995 0
      vertex -86.9479 -90.3618 0
      vertex -86.4643 -90.5622 0
    endloop
  endfacet
  facet normal -0 0 1
    outer loop
      vertex -91 90 0
      vertex -26.08 6.98811 0
      vertex -89 90 0
    endloop
  endfacet
  facet normal 0 0 1
    outer loop
      vertex -26.8161 -2.96995 0
      vertex -87.4471 -90.2044 0
      vertex -86.9479 -90.3618 0
    endloop
  endfacet
  facet normal 0 0 1
    outer loop
      vertex -26.08 6.98811 0
      vertex -91 90 0
      vertex -26.5898 4.6885 0
    endloop
  endfacet
  facet normal 0 0 1
    outer loop
      vertex -26.8161 -2.96995 0
      vertex -87.9581 -90.0912 0
      vertex -87.4471 -90.2044 0
    endloop
  endfacet
  facet normal 0 0 1
    outer loop
      vertex -91.5229 90.0228 0
      vertex -26.5898 4.6885 0
      vertex -91 90 0
    endloop
  endfacet
  facet normal 0 0 1
    outer loop
      vertex -26.8161 -2.96995 0
      vertex -88.4771 -90.0228 0
      vertex -87.9581 -90.0912 0
    endloop
  endfacet
  facet normal 0 0 1
    outer loop
      vertex -92.0419 90.0912 0
      vertex -26.5898 4.6885 0
      vertex -91.5229 90.0228 0
    endloop
  endfacet
  facet normal 0 0 1
    outer loop
      vertex -26.8161 -2.96995 0
      vertex -89 -90 0
      vertex -88.4771 -90.0228 0
    endloop
  endfacet
  facet normal 0 0 1
    outer loop
      vertex -26.5898 4.6885 0
      vertex -92.0419 90.0912 0
      vertex -26.8161 2.96995 0
    endloop
  endfacet
  facet normal 0 0 1
    outer loop
      vertex -26.8161 -2.96995 0
      vertex -91 -90 0
      vertex -89 -90 0
    endloop
  endfacet
  facet normal 0 0 1
    outer loop
      vertex -92.5529 90.2044 0
      vertex -26.8161 2.96995 0
      vertex -92.0419 90.0912 0
    endloop
  endfacet
  facet normal 0 0 1
    outer loop
      vertex -26.8161 -2.96995 0
      vertex -91.5229 -90.0228 0
      vertex -91 -90 0
    endloop
  endfacet
  facet normal 0 0 1
    outer loop
      vertex -26.8161 2.96995 0
      vertex -92.5529 90.2044 0
      vertex -26.8161 -2.96995 0
    endloop
  endfacet
  facet normal 0 0 1
    outer loop
      vertex -26.8161 -2.96995 0
      vertex -92.0419 -90.0912 0
      vertex -91.5229 -90.0228 0
    endloop
  endfacet
  facet normal 0 0 1
    outer loop
      vertex -92.5529 -90.2044 0
      vertex -26.8161 -2.96995 0
      vertex -92.5529 90.2044 0
    endloop
  endfacet
  facet normal 0 0 1
    outer loop
      vertex -26.8161 -2.96995 0
      vertex -92.5529 -90.2044 0
      vertex -92.0419 -90.0912 0
    endloop
  endfacet
  facet normal 0 0 1
    outer loop
      vertex -93.0521 90.3618 0
      vertex -92.5529 -90.2044 0
      vertex -92.5529 90.2044 0
    endloop
  endfacet
  facet normal 0 0 1
    outer loop
      vertex -93.0521 90.3618 0
      vertex -93.0521 -90.3618 0
      vertex -92.5529 -90.2044 0
    endloop
  endfacet
  facet normal 0 0 1
    outer loop
      vertex -93.5357 90.5622 0
      vertex -93.0521 -90.3618 0
      vertex -93.0521 90.3618 0
    endloop
  endfacet
  facet normal 0 0 1
    outer loop
      vertex -93.5357 90.5622 0
      vertex -93.5357 -90.5622 0
      vertex -93.0521 -90.3618 0
    endloop
  endfacet
  facet normal 0 0 1
    outer loop
      vertex -94 90.8038 0
      vertex -93.5357 -90.5622 0
      vertex -93.5357 90.5622 0
    endloop
  endfacet
  facet normal 0 0 1
    outer loop
      vertex -94 90.8038 0
      vertex -94 -90.8038 0
      vertex -93.5357 -90.5622 0
    endloop
  endfacet
  facet normal 0 0 1
    outer loop
      vertex -94.4415 91.0851 0
      vertex -94 -90.8038 0
      vertex -94 90.8038 0
    endloop
  endfacet
  facet normal 0 0 1
    outer loop
      vertex -94.4415 91.0851 0
      vertex -94.4415 -91.0851 0
      vertex -94 -90.8038 0
    endloop
  endfacet
  facet normal 0 0 1
    outer loop
      vertex -94.8567 91.4037 0
      vertex -94.4415 -91.0851 0
      vertex -94.4415 91.0851 0
    endloop
  endfacet
  facet normal 0 0 1
    outer loop
      vertex -94.8567 91.4037 0
      vertex -94.8567 -91.4037 0
      vertex -94.4415 -91.0851 0
    endloop
  endfacet
  facet normal 0 0 1
    outer loop
      vertex -95.2426 91.7574 0
      vertex -94.8567 -91.4037 0
      vertex -94.8567 91.4037 0
    endloop
  endfacet
  facet normal 0 0 1
    outer loop
      vertex -95.2426 91.7574 0
      vertex -95.2426 -91.7574 0
      vertex -94.8567 -91.4037 0
    endloop
  endfacet
  facet normal 0 0 1
    outer loop
      vertex -95.5963 92.1433 0
      vertex -95.2426 -91.7574 0
      vertex -95.2426 91.7574 0
    endloop
  endfacet
  facet normal 0 0 1
    outer loop
      vertex -95.5963 92.1433 0
      vertex -95.5963 -92.1433 0
      vertex -95.2426 -91.7574 0
    endloop
  endfacet
  facet normal 0 0 1
    outer loop
      vertex -95.9149 92.5585 0
      vertex -95.5963 -92.1433 0
      vertex -95.5963 92.1433 0
    endloop
  endfacet
  facet normal 0 0 1
    outer loop
      vertex -95.9149 92.5585 0
      vertex -95.9149 -92.5585 0
      vertex -95.5963 -92.1433 0
    endloop
  endfacet
  facet normal 0 0 1
    outer loop
      vertex -96.1962 93 0
      vertex -95.9149 -92.5585 0
      vertex -95.9149 92.5585 0
    endloop
  endfacet
  facet normal 0 0 1
    outer loop
      vertex -96.1962 93 0
      vertex -96.1962 -93 0
      vertex -95.9149 -92.5585 0
    endloop
  endfacet
  facet normal 0 0 1
    outer loop
      vertex -96.4378 93.4643 0
      vertex -96.1962 -93 0
      vertex -96.1962 93 0
    endloop
  endfacet
  facet normal 0 0 1
    outer loop
      vertex -96.4378 93.4643 0
      vertex -96.4378 -93.4643 0
      vertex -96.1962 -93 0
    endloop
  endfacet
  facet normal 0 0 1
    outer loop
      vertex -120 130 0
      vertex -96.4378 93.4643 0
      vertex -96.6382 93.9479 0
    endloop
  endfacet
  facet normal 0 0 1
    outer loop
      vertex -96.4378 93.4643 0
      vertex -120 130 0
      vertex -96.4378 -93.4643 0
    endloop
  endfacet
  facet normal 0 0 1
    outer loop
      vertex -120 130 0
      vertex -96.6382 93.9479 0
      vertex -96.7956 94.4471 0
    endloop
  endfacet
  facet normal 0 0 1
    outer loop
      vertex -120 -130 0
      vertex -96.4378 -93.4643 0
      vertex -120 130 0
    endloop
  endfacet
  facet normal 0 0 1
    outer loop
      vertex -120 130 0
      vertex -96.7956 94.4471 0
      vertex -96.9088 94.9581 0
    endloop
  endfacet
  facet normal 0 0 1
    outer loop
      vertex -96.4378 -93.4643 0
      vertex -120 -130 0
      vertex -96.6382 -93.9479 0
    endloop
  endfacet
  facet normal 0 0 1
    outer loop
      vertex -120 130 0
      vertex -96.9088 94.9581 0
      vertex -96.9772 95.4771 0
    endloop
  endfacet
  facet normal 0 0 1
    outer loop
      vertex -96.6382 -93.9479 0
      vertex -120 -130 0
      vertex -96.7956 -94.4471 0
    endloop
  endfacet
  facet normal 0 0 1
    outer loop
      vertex -120 130 0
      vertex -96.9772 95.4771 0
      vertex -97 96 0
    endloop
  endfacet
  facet normal 0 0 1
    outer loop
      vertex -96.7956 -94.4471 0
      vertex -120 -130 0
      vertex -96.9088 -94.9581 0
    endloop
  endfacet
  facet normal 0 0 1
    outer loop
      vertex 26.4 2.77128 0
      vertex 26.8161 2.96995 0
      vertex 26.6476 2.90018 0
    endloop
  endfacet
  facet normal 0 0 1
    outer loop
      vertex 26.8161 2.96995 0
      vertex 26.4 2.77128 0
      vertex 26.8161 -2.96995 0
    endloop
  endfacet
  facet normal -0 0 1
    outer loop
      vertex 26.4 -2.77128 0
      vertex 26.8161 -2.96995 0
      vertex 26.4 2.77128 0
    endloop
  endfacet
  facet normal 0 0 1
    outer loop
      vertex 26.8161 -2.96995 0
      vertex 26.4 -2.77128 0
      vertex 26.6476 -2.90018 0
    endloop
  endfacet
  facet normal -0 0 1
    outer loop
      vertex 26.1646 2.62129 0
      vertex 26.4 -2.77128 0
      vertex 26.4 2.77128 0
    endloop
  endfacet
  facet normal 0 0 1
    outer loop
      vertex 26.1646 2.62129 0
      vertex 26.1646 -2.62129 0
      vertex 26.4 -2.77128 0
    endloop
  endfacet
  facet normal -0 0 1
    outer loop
      vertex 25.9431 2.45134 0
      vertex 26.1646 -2.62129 0
      vertex 26.1646 2.62129 0
    endloop
  endfacet
  facet normal 0 0 1
    outer loop
      vertex 25.9431 2.45134 0
      vertex 25.9431 -2.45134 0
      vertex 26.1646 -2.62129 0
    endloop
  endfacet
  facet normal -0 0 1
    outer loop
      vertex 25.7373 2.26274 0
      vertex 25.9431 -2.45134 0
      vertex 25.9431 2.45134 0
    endloop
  endfacet
  facet normal 0 0 1
    outer loop
      vertex 25.7373 2.26274 0
      vertex 25.7373 -2.26274 0
      vertex 25.9431 -2.45134 0
    endloop
  endfacet
  facet normal -0 0 1
    outer loop
      vertex 25.5487 2.05692 0
      vertex 25.7373 -2.26274 0
      vertex 25.7373 2.26274 0
    endloop
  endfacet
  facet normal 0 0 1
    outer loop
      vertex 25.5487 2.05692 0
      vertex 25.5487 -2.05692 0
      vertex 25.7373 -2.26274 0
    endloop
  endfacet
  facet normal -0 0 1
    outer loop
      vertex 25.3787 1.83544 0
      vertex 25.5487 -2.05692 0
      vertex 25.5487 2.05692 0
    endloop
  endfacet
  facet normal 0 0 1
    outer loop
      vertex 25.3787 1.83544 0
      vertex 25.3787 -1.83544 0
      vertex 25.5487 -2.05692 0
    endloop
  endfacet
  facet normal -0 0 1
    outer loop
      vertex 25.2287 1.6 0
      vertex 25.3787 -1.83544 0
      vertex 25.3787 1.83544 0
    endloop
  endfacet
  facet normal 0 0 1
    outer loop
      vertex 25.2287 1.6 0
      vertex 25.2287 -1.6 0
      vertex 25.3787 -1.83544 0
    endloop
  endfacet
  facet normal -0 0 1
    outer loop
      vertex 25.0998 1.35238 0
      vertex 25.2287 -1.6 0
      vertex 25.2287 1.6 0
    endloop
  endfacet
  facet normal 0 0 1
    outer loop
      vertex 25.0998 1.35238 0
      vertex 25.0998 -1.35238 0
      vertex 25.2287 -1.6 0
    endloop
  endfacet
  facet normal -0 0 1
    outer loop
      vertex 24.993 1.09446 0
      vertex 25.0998 -1.35238 0
      vertex 25.0998 1.35238 0
    endloop
  endfacet
  facet normal 0 0 1
    outer loop
      vertex 24.993 1.09446 0
      vertex 24.993 -1.09446 0
      vertex 25.0998 -1.35238 0
    endloop
  endfacet
  facet normal -0 0 1
    outer loop
      vertex 24.909 0.82822 0
      vertex 24.993 -1.09446 0
      vertex 24.993 1.09446 0
    endloop
  endfacet
  facet normal 0 0 1
    outer loop
      vertex 24.909 0.82822 0
      vertex 24.909 -0.82822 0
      vertex 24.993 -1.09446 0
    endloop
  endfacet
  facet normal -0 0 1
    outer loop
      vertex 24.8486 0.555674 0
      vertex 24.909 -0.82822 0
      vertex 24.909 0.82822 0
    endloop
  endfacet
  facet normal 0 0 1
    outer loop
      vertex 24.8486 0.555674 0
      vertex 24.8486 -0.555674 0
      vertex 24.909 -0.82822 0
    endloop
  endfacet
  facet normal -0 0 1
    outer loop
      vertex 24.8122 0.278898 0
      vertex 24.8486 -0.555674 0
      vertex 24.8486 0.555674 0
    endloop
  endfacet
  facet normal 0 0 1
    outer loop
      vertex 24.8122 0.278898 0
      vertex 24.8122 -0.278898 0
      vertex 24.8486 -0.555674 0
    endloop
  endfacet
  facet normal 0 -0 1
    outer loop
      vertex 24.8122 -0.278898 0
      vertex 24.8122 0.278898 0
      vertex 24.8 0 0
    endloop
  endfacet
  facet normal 0 0 1
    outer loop
      vertex 96.7956 94.4471 0
      vertex 120 130 0
      vertex 96.9088 94.9581 0
    endloop
  endfacet
  facet normal 0 0 1
    outer loop
      vertex 120 -130 0
      vertex 96.9772 -95.4771 0
      vertex 97 -96 0
    endloop
  endfacet
  facet normal 0 0 1
    outer loop
      vertex 96.6382 93.9479 0
      vertex 120 130 0
      vertex 96.7956 94.4471 0
    endloop
  endfacet
  facet normal 0 0 1
    outer loop
      vertex 120 -130 0
      vertex 96.9088 -94.9581 0
      vertex 96.9772 -95.4771 0
    endloop
  endfacet
  facet normal 0 0 1
    outer loop
      vertex 96.4378 93.4643 0
      vertex 120 130 0
      vertex 96.6382 93.9479 0
    endloop
  endfacet
  facet normal 0 0 1
    outer loop
      vertex 120 -130 0
      vertex 96.7956 -94.4471 0
      vertex 96.9088 -94.9581 0
    endloop
  endfacet
  facet normal 0 0 1
    outer loop
      vertex 120 130 0
      vertex 96.4378 93.4643 0
      vertex 120 -130 0
    endloop
  endfacet
  facet normal 0 0 1
    outer loop
      vertex 120 -130 0
      vertex 96.6382 -93.9479 0
      vertex 96.7956 -94.4471 0
    endloop
  endfacet
  facet normal -0 0 1
    outer loop
      vertex 96.4378 -93.4643 0
      vertex 120 -130 0
      vertex 96.4378 93.4643 0
    endloop
  endfacet
  facet normal 0 0 1
    outer loop
      vertex 120 -130 0
      vertex 96.4378 -93.4643 0
      vertex 96.6382 -93.9479 0
    endloop
  endfacet
  facet normal -0 0 1
    outer loop
      vertex 96.1962 93 0
      vertex 96.4378 -93.4643 0
      vertex 96.4378 93.4643 0
    endloop
  endfacet
  facet normal 0 0 1
    outer loop
      vertex 96.1962 93 0
      vertex 96.1962 -93 0
      vertex 96.4378 -93.4643 0
    endloop
  endfacet
  facet normal -0 0 1
    outer loop
      vertex 95.9149 92.5585 0
      vertex 96.1962 -93 0
      vertex 96.1962 93 0
    endloop
  endfacet
  facet normal 0 0 1
    outer loop
      vertex 95.9149 92.5585 0
      vertex 95.9149 -92.5585 0
      vertex 96.1962 -93 0
    endloop
  endfacet
  facet normal -0 0 1
    outer loop
      vertex 95.5963 92.1433 0
      vertex 95.9149 -92.5585 0
      vertex 95.9149 92.5585 0
    endloop
  endfacet
  facet normal 0 0 1
    outer loop
      vertex 95.5963 92.1433 0
      vertex 95.5963 -92.1433 0
      vertex 95.9149 -92.5585 0
    endloop
  endfacet
  facet normal -0 0 1
    outer loop
      vertex 95.2426 91.7574 0
      vertex 95.5963 -92.1433 0
      vertex 95.5963 92.1433 0
    endloop
  endfacet
  facet normal 0 0 1
    outer loop
      vertex 95.2426 91.7574 0
      vertex 95.2426 -91.7574 0
      vertex 95.5963 -92.1433 0
    endloop
  endfacet
  facet normal -0 0 1
    outer loop
      vertex 94.8567 91.4037 0
      vertex 95.2426 -91.7574 0
      vertex 95.2426 91.7574 0
    endloop
  endfacet
  facet normal 0 0 1
    outer loop
      vertex 94.8567 91.4037 0
      vertex 94.8567 -91.4037 0
      vertex 95.2426 -91.7574 0
    endloop
  endfacet
  facet normal -0 0 1
    outer loop
      vertex 94.4415 91.0851 0
      vertex 94.8567 -91.4037 0
      vertex 94.8567 91.4037 0
    endloop
  endfacet
  facet normal 0 0 1
    outer loop
      vertex 94.4415 91.0851 0
      vertex 94.4415 -91.0851 0
      vertex 94.8567 -91.4037 0
    endloop
  endfacet
  facet normal -0 0 1
    outer loop
      vertex 94 90.8038 0
      vertex 94.4415 -91.0851 0
      vertex 94.4415 91.0851 0
    endloop
  endfacet
  facet normal 0 0 1
    outer loop
      vertex 94 90.8038 0
      vertex 94 -90.8038 0
      vertex 94.4415 -91.0851 0
    endloop
  endfacet
  facet normal -0 0 1
    outer loop
      vertex 93.5357 90.5622 0
      vertex 94 -90.8038 0
      vertex 94 90.8038 0
    endloop
  endfacet
  facet normal 0 0 1
    outer loop
      vertex 93.5357 90.5622 0
      vertex 93.5357 -90.5622 0
      vertex 94 -90.8038 0
    endloop
  endfacet
  facet normal -0 0 1
    outer loop
      vertex 93.0521 90.3618 0
      vertex 93.5357 -90.5622 0
      vertex 93.5357 90.5622 0
    endloop
  endfacet
  facet normal 0 0 1
    outer loop
      vertex 93.0521 90.3618 0
      vertex 93.0521 -90.3618 0
      vertex 93.5357 -90.5622 0
    endloop
  endfacet
  facet normal -0 0 1
    outer loop
      vertex 92.5529 90.2044 0
      vertex 93.0521 -90.3618 0
      vertex 93.0521 90.3618 0
    endloop
  endfacet
  facet normal 0 0 1
    outer loop
      vertex 92.5529 90.2044 0
      vertex 92.5529 -90.2044 0
      vertex 93.0521 -90.3618 0
    endloop
  endfacet
  facet normal 0 0 1
    outer loop
      vertex 26.8161 2.96995 0
      vertex 92.5529 90.2044 0
      vertex 92.0419 90.0912 0
    endloop
  endfacet
  facet normal 0 0 1
    outer loop
      vertex 92.5529 90.2044 0
      vertex 26.8161 2.96995 0
      vertex 92.5529 -90.2044 0
    endloop
  endfacet
  facet normal 0 0 1
    outer loop
      vertex 26.5898 4.6885 0
      vertex 92.0419 90.0912 0
      vertex 91.5229 90.0228 0
    endloop
  endfacet
  facet normal -0 0 1
    outer loop
      vertex 26.8161 -2.96995 0
      vertex 92.5529 -90.2044 0
      vertex 26.8161 2.96995 0
    endloop
  endfacet
  facet normal 0 0 1
    outer loop
      vertex 26.5898 4.6885 0
      vertex 91.5229 90.0228 0
      vertex 91 90 0
    endloop
  endfacet
  facet normal 0 0 1
    outer loop
      vertex 92.5529 -90.2044 0
      vertex 26.8161 -2.96995 0
      vertex 92.0419 -90.0912 0
    endloop
  endfacet
  facet normal 0 0 1
    outer loop
      vertex 26.08 6.98811 0
      vertex 91 90 0
      vertex 89 90 0
    endloop
  endfacet
  facet normal -0 0 1
    outer loop
      vertex 26.5898 -4.6885 0
      vertex 92.0419 -90.0912 0
      vertex 26.8161 -2.96995 0
    endloop
  endfacet
  facet normal 0 0 1
    outer loop
      vertex 26.08 6.98811 0
      vertex 89 90 0
      vertex 88.4771 90.0228 0
    endloop
  endfacet
  facet normal 0 0 1
    outer loop
      vertex 92.0419 -90.0912 0
      vertex 26.5898 -4.6885 0
      vertex 91.5229 -90.0228 0
    endloop
  endfacet
  facet normal 0 0 1
    outer loop
      vertex 25.3717 9.23454 0
      vertex 88.4771 90.0228 0
      vertex 87.9581 90.0912 0
    endloop
  endfacet
  facet normal 0 0 1
    outer loop
      vertex 91.5229 -90.0228 0
      vertex 26.5898 -4.6885 0
      vertex 91 -90 0
    endloop
  endfacet
  facet normal 0 0 1
    outer loop
      vertex 24.4703 11.4107 0
      vertex 87.9581 90.0912 0
      vertex 87.4471 90.2044 0
    endloop
  endfacet
  facet normal -0 0 1
    outer loop
      vertex 26.08 -6.98811 0
      vertex 91 -90 0
      vertex 26.5898 -4.6885 0
    endloop
  endfacet
  facet normal 0 0 1
    outer loop
      vertex 23.3827 13.5 0
      vertex 87.4471 90.2044 0
      vertex 86.9479 90.3618 0
    endloop
  endfacet
  facet normal 0 0 1
    outer loop
      vertex 91 -90 0
      vertex 26.08 -6.98811 0
      vertex 89 -90 0
    endloop
  endfacet
  facet normal 0 0 1
    outer loop
      vertex 23.3827 13.5 0
      vertex 86.9479 90.3618 0
      vertex 86.4643 90.5622 0
    endloop
  endfacet
  facet normal 0 0 1
    outer loop
      vertex 89 -90 0
      vertex 26.08 -6.98811 0
      vertex 88.4771 -90.0228 0
    endloop
  endfacet
  facet normal 0 0 1
    outer loop
      vertex 22.1171 15.4866 0
      vertex 86.4643 90.5622 0
      vertex 86 90.8038 0
    endloop
  endfacet
  facet normal -0 0 1
    outer loop
      vertex 25.3717 -9.23454 0
      vertex 88.4771 -90.0228 0
      vertex 26.08 -6.98811 0
    endloop
  endfacet
  facet normal 0 0 1
    outer loop
      vertex 20.6832 17.3553 0
      vertex 86 90.8038 0
      vertex 85.5585 91.0851 0
    endloop
  endfacet
  facet normal 0 0 1
    outer loop
      vertex 88.4771 -90.0228 0
      vertex 25.3717 -9.23454 0
      vertex 87.9581 -90.0912 0
    endloop
  endfacet
  facet normal 0 0 1
    outer loop
      vertex 19.0919 19.0919 0
      vertex 85.5585 91.0851 0
      vertex 85.1433 91.4037 0
    endloop
  endfacet
  facet normal -0 0 1
    outer loop
      vertex 24.4703 -11.4107 0
      vertex 87.9581 -90.0912 0
      vertex 25.3717 -9.23454 0
    endloop
  endfacet
  facet normal 0 0 1
    outer loop
      vertex 19.0919 19.0919 0
      vertex 85.1433 91.4037 0
      vertex 84.7574 91.7574 0
    endloop
  endfacet
  facet normal 0 0 1
    outer loop
      vertex 87.9581 -90.0912 0
      vertex 24.4703 -11.4107 0
      vertex 87.4471 -90.2044 0
    endloop
  endfacet
  facet normal 0 0 1
    outer loop
      vertex 17.3553 20.6832 0
      vertex 84.7574 91.7574 0
      vertex 84.4037 92.1433 0
    endloop
  endfacet
  facet normal -0 0 1
    outer loop
      vertex 23.3827 -13.5 0
      vertex 87.4471 -90.2044 0
      vertex 24.4703 -11.4107 0
    endloop
  endfacet
  facet normal 0 0 1
    outer loop
      vertex 15.4866 22.1171 0
      vertex 84.4037 92.1433 0
      vertex 84.0851 92.5585 0
    endloop
  endfacet
  facet normal 0 0 1
    outer loop
      vertex 87.4471 -90.2044 0
      vertex 23.3827 -13.5 0
      vertex 86.9479 -90.3618 0
    endloop
  endfacet
  facet normal 0 0 1
    outer loop
      vertex 15.4866 22.1171 0
      vertex 84.0851 92.5585 0
      vertex 83.8038 93 0
    endloop
  endfacet
  facet normal 0 0 1
    outer loop
      vertex 86.9479 -90.3618 0
      vertex 23.3827 -13.5 0
      vertex 86.4643 -90.5622 0
    endloop
  endfacet
  facet normal 0 0 1
    outer loop
      vertex 13.5 23.3827 0
      vertex 83.8038 93 0
      vertex 83.5622 93.4643 0
    endloop
  endfacet
  facet normal -0 0 1
    outer loop
      vertex 22.1171 -15.4866 0
      vertex 86.4643 -90.5622 0
      vertex 23.3827 -13.5 0
    endloop
  endfacet
  facet normal 0 0 1
    outer loop
      vertex 11.4107 24.4703 0
      vertex 83.5622 93.4643 0
      vertex 83.3618 93.9479 0
    endloop
  endfacet
  facet normal 0 0 1
    outer loop
      vertex 86.4643 -90.5622 0
      vertex 22.1171 -15.4866 0
      vertex 86 -90.8038 0
    endloop
  endfacet
  facet normal 0 0 1
    outer loop
      vertex 9.23454 25.3717 0
      vertex 83.3618 93.9479 0
      vertex 83.2044 94.4471 0
    endloop
  endfacet
  facet normal -0 0 1
    outer loop
      vertex 20.6832 -17.3553 0
      vertex 86 -90.8038 0
      vertex 22.1171 -15.4866 0
    endloop
  endfacet
  facet normal 0 0 1
    outer loop
      vertex 9.23454 25.3717 0
      vertex 83.2044 94.4471 0
      vertex 83.0912 94.9581 0
    endloop
  endfacet
  facet normal 0 0 1
    outer loop
      vertex 86 -90.8038 0
      vertex 20.6832 -17.3553 0
      vertex 85.5585 -91.0851 0
    endloop
  endfacet
  facet normal 0 0 1
    outer loop
      vertex 6.98811 26.08 0
      vertex 83.0912 94.9581 0
      vertex 83.0228 95.4771 0
    endloop
  endfacet
  facet normal -0 0 1
    outer loop
      vertex 19.0919 -19.0919 0
      vertex 85.5585 -91.0851 0
      vertex 20.6832 -17.3553 0
    endloop
  endfacet
  facet normal 0 0 1
    outer loop
      vertex 4.6885 26.5898 0
      vertex 83.0228 95.4771 0
      vertex 83 96 0
    endloop
  endfacet
  facet normal 0 0 1
    outer loop
      vertex 85.5585 -91.0851 0
      vertex 19.0919 -19.0919 0
      vertex 85.1433 -91.4037 0
    endloop
  endfacet
  facet normal 0 0 1
    outer loop
      vertex 96.6382 126.052 0
      vertex 120 130 0
      vertex 119.924 131.743 0
    endloop
  endfacet
  facet normal 0 0 1
    outer loop
      vertex 96.9772 95.4771 0
      vertex 120 130 0
      vertex 97 96 0
    endloop
  endfacet
  facet normal 0 0 1
    outer loop
      vertex 96.6382 126.052 0
      vertex 119.924 131.743 0
      vertex 119.696 133.473 0
    endloop
  endfacet
  facet normal 0 0 1
    outer loop
      vertex 96.9088 94.9581 0
      vertex 120 130 0
      vertex 96.9772 95.4771 0
    endloop
  endfacet
  facet normal 0 0 1
    outer loop
      vertex 96.4378 126.536 0
      vertex 119.696 133.473 0
      vertex 119.319 135.176 0
    endloop
  endfacet
  facet normal -0 0 1
    outer loop
      vertex 97 -124 0
      vertex 120 -130 0
      vertex 97 -96 0
    endloop
  endfacet
  facet normal 0 0 1
    outer loop
      vertex 96.4378 126.536 0
      vertex 119.319 135.176 0
      vertex 118.794 136.84 0
    endloop
  endfacet
  facet normal -0 0 1
    outer loop
      vertex 96.9772 -124.523 0
      vertex 120 -130 0
      vertex 97 -124 0
    endloop
  endfacet
  facet normal 0 0 1
    outer loop
      vertex 96.1962 127 0
      vertex 118.794 136.84 0
      vertex 118.126 138.452 0
    endloop
  endfacet
  facet normal -0 0 1
    outer loop
      vertex 96.9088 -125.042 0
      vertex 120 -130 0
      vertex 96.9772 -124.523 0
    endloop
  endfacet
  facet normal 0 0 1
    outer loop
      vertex 96.1962 127 0
      vertex 118.126 138.452 0
      vertex 117.321 140 0
    endloop
  endfacet
  facet normal -0 0 1
    outer loop
      vertex 96.7956 -125.553 0
      vertex 120 -130 0
      vertex 96.9088 -125.042 0
    endloop
  endfacet
  facet normal 0 0 1
    outer loop
      vertex 95.9149 127.441 0
      vertex 117.321 140 0
      vertex 116.383 141.472 0
    endloop
  endfacet
  facet normal -0 0 1
    outer loop
      vertex 96.6382 -126.052 0
      vertex 120 -130 0
      vertex 96.7956 -125.553 0
    endloop
  endfacet
  facet normal 0 0 1
    outer loop
      vertex 95.9149 127.441 0
      vertex 116.383 141.472 0
      vertex 115.321 142.856 0
    endloop
  endfacet
  facet normal 0 0 1
    outer loop
      vertex 120 -130 0
      vertex 96.6382 -126.052 0
      vertex 119.924 -131.743 0
    endloop
  endfacet
  facet normal 0 0 1
    outer loop
      vertex 95.9149 127.441 0
      vertex 115.321 142.856 0
      vertex 114.142 144.142 0
    endloop
  endfacet
  facet normal 0 0 1
    outer loop
      vertex 119.924 -131.743 0
      vertex 96.6382 -126.052 0
      vertex 119.696 -133.473 0
    endloop
  endfacet
  facet normal 0 0 1
    outer loop
      vertex 95.5963 127.857 0
      vertex 114.142 144.142 0
      vertex 112.856 145.321 0
    endloop
  endfacet
  facet normal -0 0 1
    outer loop
      vertex 96.4378 -126.536 0
      vertex 119.696 -133.473 0
      vertex 96.6382 -126.052 0
    endloop
  endfacet
  facet normal 0 0 1
    outer loop
      vertex 95.5963 127.857 0
      vertex 112.856 145.321 0
      vertex 111.472 146.383 0
    endloop
  endfacet
  facet normal 0 0 1
    outer loop
      vertex 119.696 -133.473 0
      vertex 96.4378 -126.536 0
      vertex 119.319 -135.176 0
    endloop
  endfacet
  facet normal 0 0 1
    outer loop
      vertex 95.2426 128.243 0
      vertex 111.472 146.383 0
      vertex 110 147.321 0
    endloop
  endfacet
  facet normal 0 0 1
    outer loop
      vertex 119.319 -135.176 0
      vertex 96.4378 -126.536 0
      vertex 118.794 -136.84 0
    endloop
  endfacet
  facet normal 0 0 1
    outer loop
      vertex 95.2426 128.243 0
      vertex 110 147.321 0
      vertex 108.452 148.126 0
    endloop
  endfacet
  facet normal -0 0 1
    outer loop
      vertex 96.1962 -127 0
      vertex 118.794 -136.84 0
      vertex 96.4378 -126.536 0
    endloop
  endfacet
  facet normal 0 0 1
    outer loop
      vertex 94.8567 128.596 0
      vertex 108.452 148.126 0
      vertex 106.84 148.794 0
    endloop
  endfacet
  facet normal 0 0 1
    outer loop
      vertex 118.794 -136.84 0
      vertex 96.1962 -127 0
      vertex 118.126 -138.452 0
    endloop
  endfacet
  facet normal 0 0 1
    outer loop
      vertex 94.8567 128.596 0
      vertex 106.84 148.794 0
      vertex 105.176 149.319 0
    endloop
  endfacet
  facet normal 0 0 1
    outer loop
      vertex 118.126 -138.452 0
      vertex 96.1962 -127 0
      vertex 117.321 -140 0
    endloop
  endfacet
  facet normal 0 0 1
    outer loop
      vertex 94.8567 128.596 0
      vertex 105.176 149.319 0
      vertex 103.473 149.696 0
    endloop
  endfacet
  facet normal -0 0 1
    outer loop
      vertex 95.9149 -127.441 0
      vertex 117.321 -140 0
      vertex 96.1962 -127 0
    endloop
  endfacet
  facet normal 0 0 1
    outer loop
      vertex 94.4415 128.915 0
      vertex 103.473 149.696 0
      vertex 101.743 149.924 0
    endloop
  endfacet
  facet normal 0 0 1
    outer loop
      vertex 117.321 -140 0
      vertex 95.9149 -127.441 0
      vertex 116.383 -141.472 0
    endloop
  endfacet
  facet normal 0 0 1
    outer loop
      vertex 94.4415 128.915 0
      vertex 101.743 149.924 0
      vertex 100 150 0
    endloop
  endfacet
  facet normal 0 0 1
    outer loop
      vertex 116.383 -141.472 0
      vertex 95.9149 -127.441 0
      vertex 115.321 -142.856 0
    endloop
  endfacet
  facet normal 0 0 1
    outer loop
      vertex 120 130 0
      vertex 97 124 0
      vertex 97 96 0
    endloop
  endfacet
  facet normal 0 0 1
    outer loop
      vertex 120 130 0
      vertex 96.9772 124.523 0
      vertex 97 124 0
    endloop
  endfacet
  facet normal 0 0 1
    outer loop
      vertex 120 130 0
      vertex 96.9088 125.042 0
      vertex 96.9772 124.523 0
    endloop
  endfacet
  facet normal 0 0 1
    outer loop
      vertex 120 130 0
      vertex 96.7956 125.553 0
      vertex 96.9088 125.042 0
    endloop
  endfacet
  facet normal 0 0 1
    outer loop
      vertex 120 130 0
      vertex 96.6382 126.052 0
      vertex 96.7956 125.553 0
    endloop
  endfacet
  facet normal 0 0 1
    outer loop
      vertex 119.696 133.473 0
      vertex 96.4378 126.536 0
      vertex 96.6382 126.052 0
    endloop
  endfacet
  facet normal 0 0 1
    outer loop
      vertex 118.794 136.84 0
      vertex 96.1962 127 0
      vertex 96.4378 126.536 0
    endloop
  endfacet
  facet normal 0 0 1
    outer loop
      vertex 117.321 140 0
      vertex 95.9149 127.441 0
      vertex 96.1962 127 0
    endloop
  endfacet
  facet normal 0 0 1
    outer loop
      vertex 114.142 144.142 0
      vertex 95.5963 127.857 0
      vertex 95.9149 127.441 0
    endloop
  endfacet
  facet normal 0 0 1
    outer loop
      vertex 111.472 146.383 0
      vertex 95.2426 128.243 0
      vertex 95.5963 127.857 0
    endloop
  endfacet
  facet normal 0 0 1
    outer loop
      vertex 108.452 148.126 0
      vertex 94.8567 128.596 0
      vertex 95.2426 128.243 0
    endloop
  endfacet
  facet normal 0 0 1
    outer loop
      vertex 103.473 149.696 0
      vertex 94.4415 128.915 0
      vertex 94.8567 128.596 0
    endloop
  endfacet
  facet normal 0 0 1
    outer loop
      vertex 100 150 0
      vertex 94 129.196 0
      vertex 94.4415 128.915 0
    endloop
  endfacet
  facet normal 0 0 1
    outer loop
      vertex 100 150 0
      vertex 93.5357 129.438 0
      vertex 94 129.196 0
    endloop
  endfacet
  facet normal 0 0 1
    outer loop
      vertex 100 150 0
      vertex 93.0521 129.638 0
      vertex 93.5357 129.438 0
    endloop
  endfacet
  facet normal 0 0 1
    outer loop
      vertex 100 150 0
      vertex 92.5529 129.796 0
      vertex 93.0521 129.638 0
    endloop
  endfacet
  facet normal 0 0 1
    outer loop
      vertex 100 150 0
      vertex 92.0419 129.909 0
      vertex 92.5529 129.796 0
    endloop
  endfacet
  facet normal 0 0 1
    outer loop
      vertex 100 150 0
      vertex 91.5229 129.977 0
      vertex 92.0419 129.909 0
    endloop
  endfacet
  facet normal 0 0 1
    outer loop
      vertex 100 150 0
      vertex 91 130 0
      vertex 91.5229 129.977 0
    endloop
  endfacet
  facet normal 0 0 1
    outer loop
      vertex 100 150 0
      vertex 89 130 0
      vertex 91 130 0
    endloop
  endfacet
  facet normal 0 0 1
    outer loop
      vertex 100 150 0
      vertex 88.4771 129.977 0
      vertex 89 130 0
    endloop
  endfacet
  facet normal 0 0 1
    outer loop
      vertex 100 150 0
      vertex 87.9581 129.909 0
      vertex 88.4771 129.977 0
    endloop
  endfacet
  facet normal 0 0 1
    outer loop
      vertex 100 150 0
      vertex 87.4471 129.796 0
      vertex 87.9581 129.909 0
    endloop
  endfacet
  facet normal 0 0 1
    outer loop
      vertex 100 150 0
      vertex 86.9479 129.638 0
      vertex 87.4471 129.796 0
    endloop
  endfacet
  facet normal 0 0 1
    outer loop
      vertex 100 150 0
      vertex 86.4643 129.438 0
      vertex 86.9479 129.638 0
    endloop
  endfacet
  facet normal 0 0 1
    outer loop
      vertex 100 150 0
      vertex 86 129.196 0
      vertex 86.4643 129.438 0
    endloop
  endfacet
  facet normal 0 0 1
    outer loop
      vertex 100 150 0
      vertex 85.5585 128.915 0
      vertex 86 129.196 0
    endloop
  endfacet
  facet normal 0 0 1
    outer loop
      vertex 100 150 0
      vertex 85.1433 128.596 0
      vertex 85.5585 128.915 0
    endloop
  endfacet
  facet normal 0 0 1
    outer loop
      vertex 100 150 0
      vertex 84.7574 128.243 0
      vertex 85.1433 128.596 0
    endloop
  endfacet
  facet normal 0 0 1
    outer loop
      vertex 100 150 0
      vertex 84.4037 127.857 0
      vertex 84.7574 128.243 0
    endloop
  endfacet
  facet normal 0 0 1
    outer loop
      vertex -84.4037 127.857 0
      vertex 84.4037 127.857 0
      vertex 100 150 0
    endloop
  endfacet
  facet normal 0 0 1
    outer loop
      vertex 2.96995 26.8161 0
      vertex 83 96 0
      vertex 83 124 0
    endloop
  endfacet
  facet normal 0 0 1
    outer loop
      vertex 85.1433 -91.4037 0
      vertex 19.0919 -19.0919 0
      vertex 84.7574 -91.7574 0
    endloop
  endfacet
  facet normal -0 0 1
    outer loop
      vertex 17.3553 -20.6832 0
      vertex 84.7574 -91.7574 0
      vertex 19.0919 -19.0919 0
    endloop
  endfacet
  facet normal 0 0 1
    outer loop
      vertex -83 124 0
      vertex 83 124 0
      vertex 83.0228 124.523 0
    endloop
  endfacet
  facet normal 0 0 1
    outer loop
      vertex -83.0228 124.523 0
      vertex 83.0228 124.523 0
      vertex 83.0912 125.042 0
    endloop
  endfacet
  facet normal 0 0 1
    outer loop
      vertex -83.0912 125.042 0
      vertex 83.0912 125.042 0
      vertex 83.2044 125.553 0
    endloop
  endfacet
  facet normal 0 0 1
    outer loop
      vertex -83.2044 125.553 0
      vertex 83.2044 125.553 0
      vertex 83.3618 126.052 0
    endloop
  endfacet
  facet normal 0 0 1
    outer loop
      vertex -83.3618 126.052 0
      vertex 83.3618 126.052 0
      vertex 83.5622 126.536 0
    endloop
  endfacet
  facet normal 0 0 1
    outer loop
      vertex 92.0419 90.0912 0
      vertex 26.5898 4.6885 0
      vertex 26.8161 2.96995 0
    endloop
  endfacet
  facet normal 0 0 1
    outer loop
      vertex 91 90 0
      vertex 26.08 6.98811 0
      vertex 26.5898 4.6885 0
    endloop
  endfacet
  facet normal 0 0 1
    outer loop
      vertex 88.4771 90.0228 0
      vertex 25.3717 9.23454 0
      vertex 26.08 6.98811 0
    endloop
  endfacet
  facet normal 0 0 1
    outer loop
      vertex 87.9581 90.0912 0
      vertex 24.4703 11.4107 0
      vertex 25.3717 9.23454 0
    endloop
  endfacet
  facet normal 0 0 1
    outer loop
      vertex 87.4471 90.2044 0
      vertex 23.3827 13.5 0
      vertex 24.4703 11.4107 0
    endloop
  endfacet
  facet normal 0 0 1
    outer loop
      vertex -83.5622 126.536 0
      vertex 83.5622 126.536 0
      vertex 83.8038 127 0
    endloop
  endfacet
  facet normal 0 0 1
    outer loop
      vertex 86.4643 90.5622 0
      vertex 22.1171 15.4866 0
      vertex 23.3827 13.5 0
    endloop
  endfacet
  facet normal 0 0 1
    outer loop
      vertex 86 90.8038 0
      vertex 20.6832 17.3553 0
      vertex 22.1171 15.4866 0
    endloop
  endfacet
  facet normal 0 0 1
    outer loop
      vertex 85.5585 91.0851 0
      vertex 19.0919 19.0919 0
      vertex 20.6832 17.3553 0
    endloop
  endfacet
  facet normal 0 0 1
    outer loop
      vertex 84.7574 91.7574 0
      vertex 17.3553 20.6832 0
      vertex 19.0919 19.0919 0
    endloop
  endfacet
  facet normal 0 0 1
    outer loop
      vertex 84.4037 92.1433 0
      vertex 15.4866 22.1171 0
      vertex 17.3553 20.6832 0
    endloop
  endfacet
  facet normal 0 0 1
    outer loop
      vertex -83.8038 127 0
      vertex 83.8038 127 0
      vertex 84.0851 127.441 0
    endloop
  endfacet
  facet normal 0 0 1
    outer loop
      vertex 83.8038 93 0
      vertex 13.5 23.3827 0
      vertex 15.4866 22.1171 0
    endloop
  endfacet
  facet normal 0 0 1
    outer loop
      vertex 83.5622 93.4643 0
      vertex 11.4107 24.4703 0
      vertex 13.5 23.3827 0
    endloop
  endfacet
  facet normal 0 0 1
    outer loop
      vertex 84.4037 127.857 0
      vertex -84.4037 127.857 0
      vertex 84.0851 127.441 0
    endloop
  endfacet
  facet normal 0 0 1
    outer loop
      vertex 83.3618 93.9479 0
      vertex 9.23454 25.3717 0
      vertex 11.4107 24.4703 0
    endloop
  endfacet
  facet normal 0 0 1
    outer loop
      vertex 83.0912 94.9581 0
      vertex 6.98811 26.08 0
      vertex 9.23454 25.3717 0
    endloop
  endfacet
  facet normal 0 0 1
    outer loop
      vertex 83.0228 95.4771 0
      vertex 4.6885 26.5898 0
      vertex 6.98811 26.08 0
    endloop
  endfacet
  facet normal 0 0 1
    outer loop
      vertex 83 96 0
      vertex 2.96995 26.8161 0
      vertex 4.6885 26.5898 0
    endloop
  endfacet
  facet normal 0 0 1
    outer loop
      vertex 2.96995 26.8161 0
      vertex 2.77128 26.4 0
      vertex 2.90018 26.6476 0
    endloop
  endfacet
  facet normal 0 0 1
    outer loop
      vertex 2.96995 26.8161 0
      vertex 2.62129 26.1646 0
      vertex 2.77128 26.4 0
    endloop
  endfacet
  facet normal 0 0 1
    outer loop
      vertex 2.96995 26.8161 0
      vertex 2.45134 25.9431 0
      vertex 2.62129 26.1646 0
    endloop
  endfacet
  facet normal 0 0 1
    outer loop
      vertex 2.96995 26.8161 0
      vertex 2.26274 25.7373 0
      vertex 2.45134 25.9431 0
    endloop
  endfacet
  facet normal 0 0 1
    outer loop
      vertex 2.96995 26.8161 0
      vertex 2.05692 25.5487 0
      vertex 2.26274 25.7373 0
    endloop
  endfacet
  facet normal 0 0 1
    outer loop
      vertex 2.96995 26.8161 0
      vertex 1.83544 25.3787 0
      vertex 2.05692 25.5487 0
    endloop
  endfacet
  facet normal 0 0 1
    outer loop
      vertex 83 124 0
      vertex -83 124 0
      vertex 2.96995 26.8161 0
    endloop
  endfacet
  facet normal 0 0 1
    outer loop
      vertex 2.96995 26.8161 0
      vertex -2.96995 26.8161 0
      vertex 1.83544 25.3787 0
    endloop
  endfacet
  facet normal 0 0 1
    outer loop
      vertex 1.83544 25.3787 0
      vertex -2.96995 26.8161 0
      vertex 1.6 25.2287 0
    endloop
  endfacet
  facet normal 0 0 1
    outer loop
      vertex 1.6 25.2287 0
      vertex -2.96995 26.8161 0
      vertex 1.35238 25.0998 0
    endloop
  endfacet
  facet normal 0 0 1
    outer loop
      vertex 1.35238 25.0998 0
      vertex -2.96995 26.8161 0
      vertex 1.09446 24.993 0
    endloop
  endfacet
  facet normal 0 0 1
    outer loop
      vertex 1.09446 24.993 0
      vertex -2.96995 26.8161 0
      vertex 0.82822 24.909 0
    endloop
  endfacet
  facet normal 0 0 1
    outer loop
      vertex 0.82822 24.909 0
      vertex -2.96995 26.8161 0
      vertex 0.555674 24.8486 0
    endloop
  endfacet
  facet normal 0 0 1
    outer loop
      vertex 0.555674 24.8486 0
      vertex -2.96995 26.8161 0
      vertex 0.278898 24.8122 0
    endloop
  endfacet
  facet normal 0 0 1
    outer loop
      vertex 0.278898 24.8122 0
      vertex -2.96995 26.8161 0
      vertex 0 24.8 0
    endloop
  endfacet
  facet normal 0 0 1
    outer loop
      vertex 0 24.8 0
      vertex -2.96995 26.8161 0
      vertex -0.278898 24.8122 0
    endloop
  endfacet
  facet normal 0 0 1
    outer loop
      vertex -0.278898 24.8122 0
      vertex -2.96995 26.8161 0
      vertex -0.555674 24.8486 0
    endloop
  endfacet
  facet normal 0 0 1
    outer loop
      vertex -0.555674 24.8486 0
      vertex -2.96995 26.8161 0
      vertex -0.82822 24.909 0
    endloop
  endfacet
  facet normal 0 0 1
    outer loop
      vertex -0.82822 24.909 0
      vertex -2.96995 26.8161 0
      vertex -1.09446 24.993 0
    endloop
  endfacet
  facet normal 0 0 1
    outer loop
      vertex -1.09446 24.993 0
      vertex -2.96995 26.8161 0
      vertex -1.35238 25.0998 0
    endloop
  endfacet
  facet normal 0 0 1
    outer loop
      vertex -1.35238 25.0998 0
      vertex -2.96995 26.8161 0
      vertex -1.6 25.2287 0
    endloop
  endfacet
  facet normal 0 0 1
    outer loop
      vertex -1.6 25.2287 0
      vertex -2.96995 26.8161 0
      vertex -1.83544 25.3787 0
    endloop
  endfacet
  facet normal 0 0 1
    outer loop
      vertex -1.83544 25.3787 0
      vertex -2.96995 26.8161 0
      vertex -2.05692 25.5487 0
    endloop
  endfacet
  facet normal 0 0 1
    outer loop
      vertex -2.05692 25.5487 0
      vertex -2.96995 26.8161 0
      vertex -2.26274 25.7373 0
    endloop
  endfacet
  facet normal 0 0 1
    outer loop
      vertex -2.26274 25.7373 0
      vertex -2.96995 26.8161 0
      vertex -2.45134 25.9431 0
    endloop
  endfacet
  facet normal 0 0 1
    outer loop
      vertex -2.45134 25.9431 0
      vertex -2.96995 26.8161 0
      vertex -2.62129 26.1646 0
    endloop
  endfacet
  facet normal 0 0 1
    outer loop
      vertex -2.62129 26.1646 0
      vertex -2.96995 26.8161 0
      vertex -2.77128 26.4 0
    endloop
  endfacet
  facet normal 0 0 1
    outer loop
      vertex -2.77128 26.4 0
      vertex -2.96995 26.8161 0
      vertex -2.90018 26.6476 0
    endloop
  endfacet
  facet normal 0 0 1
    outer loop
      vertex 2.96995 26.8161 0
      vertex -83 124 0
      vertex -2.96995 26.8161 0
    endloop
  endfacet
  facet normal -0 0 1
    outer loop
      vertex -83 96 0
      vertex -2.96995 26.8161 0
      vertex -83 124 0
    endloop
  endfacet
  facet normal 0 0 1
    outer loop
      vertex -2.96995 26.8161 0
      vertex -83 96 0
      vertex -4.6885 26.5898 0
    endloop
  endfacet
  facet normal -0 0 1
    outer loop
      vertex -83.0228 95.4771 0
      vertex -4.6885 26.5898 0
      vertex -83 96 0
    endloop
  endfacet
  facet normal 0 0 1
    outer loop
      vertex -4.6885 26.5898 0
      vertex -83.0228 95.4771 0
      vertex -6.98811 26.08 0
    endloop
  endfacet
  facet normal -0 0 1
    outer loop
      vertex -83.0912 94.9581 0
      vertex -6.98811 26.08 0
      vertex -83.0228 95.4771 0
    endloop
  endfacet
  facet normal 0 0 1
    outer loop
      vertex -6.98811 26.08 0
      vertex -83.0912 94.9581 0
      vertex -9.23454 25.3717 0
    endloop
  endfacet
  facet normal -0 0 1
    outer loop
      vertex -83.2044 94.4471 0
      vertex -9.23454 25.3717 0
      vertex -83.0912 94.9581 0
    endloop
  endfacet
  facet normal 0 0 1
    outer loop
      vertex -9.23454 25.3717 0
      vertex -83.3618 93.9479 0
      vertex -11.4107 24.4703 0
    endloop
  endfacet
  facet normal -0 0 1
    outer loop
      vertex -84.7574 91.7574 0
      vertex -17.3553 20.6832 0
      vertex -84.4037 92.1433 0
    endloop
  endfacet
  facet normal 0 0 1
    outer loop
      vertex -15.4866 22.1171 0
      vertex -84.4037 92.1433 0
      vertex -17.3553 20.6832 0
    endloop
  endfacet
  facet normal -0 0 1
    outer loop
      vertex -84.4037 92.1433 0
      vertex -15.4866 22.1171 0
      vertex -84.0851 92.5585 0
    endloop
  endfacet
  facet normal -0 0 1
    outer loop
      vertex -84.0851 92.5585 0
      vertex -15.4866 22.1171 0
      vertex -83.8038 93 0
    endloop
  endfacet
  facet normal 0 0 1
    outer loop
      vertex -13.5 23.3827 0
      vertex -83.8038 93 0
      vertex -15.4866 22.1171 0
    endloop
  endfacet
  facet normal -0 0 1
    outer loop
      vertex -83.8038 93 0
      vertex -13.5 23.3827 0
      vertex -83.5622 93.4643 0
    endloop
  endfacet
  facet normal 0 0 1
    outer loop
      vertex -11.4107 24.4703 0
      vertex -83.5622 93.4643 0
      vertex -13.5 23.3827 0
    endloop
  endfacet
  facet normal -0 0 1
    outer loop
      vertex -83.5622 93.4643 0
      vertex -11.4107 24.4703 0
      vertex -83.3618 93.9479 0
    endloop
  endfacet
  facet normal -0 0 1
    outer loop
      vertex -83.3618 93.9479 0
      vertex -9.23454 25.3717 0
      vertex -83.2044 94.4471 0
    endloop
  endfacet
  facet normal 0 0 1
    outer loop
      vertex 83.0228 124.523 0
      vertex -83.0228 124.523 0
      vertex -83 124 0
    endloop
  endfacet
  facet normal 0 0 1
    outer loop
      vertex 83.0912 125.042 0
      vertex -83.0912 125.042 0
      vertex -83.0228 124.523 0
    endloop
  endfacet
  facet normal 0 0 1
    outer loop
      vertex 83.2044 125.553 0
      vertex -83.2044 125.553 0
      vertex -83.0912 125.042 0
    endloop
  endfacet
  facet normal 0 0 1
    outer loop
      vertex 83.3618 126.052 0
      vertex -83.3618 126.052 0
      vertex -83.2044 125.553 0
    endloop
  endfacet
  facet normal 0 0 1
    outer loop
      vertex 83.5622 126.536 0
      vertex -83.5622 126.536 0
      vertex -83.3618 126.052 0
    endloop
  endfacet
  facet normal 0 0 1
    outer loop
      vertex 83.8038 127 0
      vertex -83.8038 127 0
      vertex -83.5622 126.536 0
    endloop
  endfacet
  facet normal 0 0 1
    outer loop
      vertex 84.0851 127.441 0
      vertex -84.0851 127.441 0
      vertex -83.8038 127 0
    endloop
  endfacet
  facet normal 0 0 1
    outer loop
      vertex 84.0851 127.441 0
      vertex -84.4037 127.857 0
      vertex -84.0851 127.441 0
    endloop
  endfacet
  facet normal -0 0 1
    outer loop
      vertex -100 150 0
      vertex -84.4037 127.857 0
      vertex 100 150 0
    endloop
  endfacet
  facet normal 0 0 1
    outer loop
      vertex -84.4037 127.857 0
      vertex -100 150 0
      vertex -84.7574 128.243 0
    endloop
  endfacet
  facet normal 0 0 1
    outer loop
      vertex -84.7574 128.243 0
      vertex -100 150 0
      vertex -85.1433 128.596 0
    endloop
  endfacet
  facet normal 0 0 1
    outer loop
      vertex -85.1433 128.596 0
      vertex -100 150 0
      vertex -85.5585 128.915 0
    endloop
  endfacet
  facet normal 0 0 1
    outer loop
      vertex -85.5585 128.915 0
      vertex -100 150 0
      vertex -86 129.196 0
    endloop
  endfacet
  facet normal 0 0 1
    outer loop
      vertex -86 129.196 0
      vertex -100 150 0
      vertex -86.4643 129.438 0
    endloop
  endfacet
  facet normal 0 0 1
    outer loop
      vertex -86.4643 129.438 0
      vertex -100 150 0
      vertex -86.9479 129.638 0
    endloop
  endfacet
  facet normal 0 0 1
    outer loop
      vertex -86.9479 129.638 0
      vertex -100 150 0
      vertex -87.4471 129.796 0
    endloop
  endfacet
  facet normal 0 0 1
    outer loop
      vertex -87.4471 129.796 0
      vertex -100 150 0
      vertex -87.9581 129.909 0
    endloop
  endfacet
  facet normal 0 0 1
    outer loop
      vertex -87.9581 129.909 0
      vertex -100 150 0
      vertex -88.4771 129.977 0
    endloop
  endfacet
  facet normal 0 0 1
    outer loop
      vertex -88.4771 129.977 0
      vertex -100 150 0
      vertex -89 130 0
    endloop
  endfacet
  facet normal 0 0 1
    outer loop
      vertex -89 130 0
      vertex -100 150 0
      vertex -91 130 0
    endloop
  endfacet
  facet normal 0 0 1
    outer loop
      vertex -120 130 0
      vertex -97 96 0
      vertex -97 124 0
    endloop
  endfacet
  facet normal 0 0 1
    outer loop
      vertex -96.9088 -94.9581 0
      vertex -120 -130 0
      vertex -96.9772 -95.4771 0
    endloop
  endfacet
  facet normal -0 0 1
    outer loop
      vertex -114.142 144.142 0
      vertex -95.5963 127.857 0
      vertex -112.856 145.321 0
    endloop
  endfacet
  facet normal -0 0 1
    outer loop
      vertex -112.856 145.321 0
      vertex -95.5963 127.857 0
      vertex -111.472 146.383 0
    endloop
  endfacet
  facet normal 0 0 1
    outer loop
      vertex -95.2426 128.243 0
      vertex -111.472 146.383 0
      vertex -95.5963 127.857 0
    endloop
  endfacet
  facet normal -0 0 1
    outer loop
      vertex -111.472 146.383 0
      vertex -95.2426 128.243 0
      vertex -110 147.321 0
    endloop
  endfacet
  facet normal -0 0 1
    outer loop
      vertex -110 147.321 0
      vertex -95.2426 128.243 0
      vertex -108.452 148.126 0
    endloop
  endfacet
  facet normal 0 0 1
    outer loop
      vertex -94.8567 128.596 0
      vertex -108.452 148.126 0
      vertex -95.2426 128.243 0
    endloop
  endfacet
  facet normal -0 0 1
    outer loop
      vertex -108.452 148.126 0
      vertex -94.8567 128.596 0
      vertex -106.84 148.794 0
    endloop
  endfacet
  facet normal -0 0 1
    outer loop
      vertex -106.84 148.794 0
      vertex -94.8567 128.596 0
      vertex -105.176 149.319 0
    endloop
  endfacet
  facet normal -0 0 1
    outer loop
      vertex -105.176 149.319 0
      vertex -94.8567 128.596 0
      vertex -103.473 149.696 0
    endloop
  endfacet
  facet normal 0 0 1
    outer loop
      vertex -94.4415 128.915 0
      vertex -103.473 149.696 0
      vertex -94.8567 128.596 0
    endloop
  endfacet
  facet normal -0 0 1
    outer loop
      vertex -103.473 149.696 0
      vertex -94.4415 128.915 0
      vertex -101.743 149.924 0
    endloop
  endfacet
  facet normal -0 0 1
    outer loop
      vertex -101.743 149.924 0
      vertex -94.4415 128.915 0
      vertex -100 150 0
    endloop
  endfacet
  facet normal 0 0 1
    outer loop
      vertex -94 129.196 0
      vertex -100 150 0
      vertex -94.4415 128.915 0
    endloop
  endfacet
  facet normal 0 0 1
    outer loop
      vertex -93.5357 129.438 0
      vertex -100 150 0
      vertex -94 129.196 0
    endloop
  endfacet
  facet normal 0 0 1
    outer loop
      vertex -93.0521 129.638 0
      vertex -100 150 0
      vertex -93.5357 129.438 0
    endloop
  endfacet
  facet normal 0 0 1
    outer loop
      vertex -92.5529 129.796 0
      vertex -100 150 0
      vertex -93.0521 129.638 0
    endloop
  endfacet
  facet normal 0 0 1
    outer loop
      vertex -92.0419 129.909 0
      vertex -100 150 0
      vertex -92.5529 129.796 0
    endloop
  endfacet
  facet normal 0 0 1
    outer loop
      vertex -91.5229 129.977 0
      vertex -100 150 0
      vertex -92.0419 129.909 0
    endloop
  endfacet
  facet normal 0 0 1
    outer loop
      vertex -91 130 0
      vertex -100 150 0
      vertex -91.5229 129.977 0
    endloop
  endfacet
  facet normal 0 0 1
    outer loop
      vertex 115.321 -142.856 0
      vertex 95.9149 -127.441 0
      vertex 114.142 -144.142 0
    endloop
  endfacet
  facet normal -0 0 1
    outer loop
      vertex 95.5963 -127.857 0
      vertex 114.142 -144.142 0
      vertex 95.9149 -127.441 0
    endloop
  endfacet
  facet normal 0 0 1
    outer loop
      vertex 114.142 -144.142 0
      vertex 95.5963 -127.857 0
      vertex 112.856 -145.321 0
    endloop
  endfacet
  facet normal 0 0 1
    outer loop
      vertex 112.856 -145.321 0
      vertex 95.5963 -127.857 0
      vertex 111.472 -146.383 0
    endloop
  endfacet
  facet normal -0 0 1
    outer loop
      vertex 95.2426 -128.243 0
      vertex 111.472 -146.383 0
      vertex 95.5963 -127.857 0
    endloop
  endfacet
  facet normal 0 0 1
    outer loop
      vertex 111.472 -146.383 0
      vertex 95.2426 -128.243 0
      vertex 110 -147.321 0
    endloop
  endfacet
  facet normal 0 0 1
    outer loop
      vertex 110 -147.321 0
      vertex 95.2426 -128.243 0
      vertex 108.452 -148.126 0
    endloop
  endfacet
  facet normal -0 0 1
    outer loop
      vertex 94.8567 -128.596 0
      vertex 108.452 -148.126 0
      vertex 95.2426 -128.243 0
    endloop
  endfacet
  facet normal 0 0 1
    outer loop
      vertex 108.452 -148.126 0
      vertex 94.8567 -128.596 0
      vertex 106.84 -148.794 0
    endloop
  endfacet
  facet normal 0 0 1
    outer loop
      vertex 106.84 -148.794 0
      vertex 94.8567 -128.596 0
      vertex 105.176 -149.319 0
    endloop
  endfacet
  facet normal 0 0 1
    outer loop
      vertex 105.176 -149.319 0
      vertex 94.8567 -128.596 0
      vertex 103.473 -149.696 0
    endloop
  endfacet
  facet normal -0 0 1
    outer loop
      vertex 94.4415 -128.915 0
      vertex 103.473 -149.696 0
      vertex 94.8567 -128.596 0
    endloop
  endfacet
  facet normal 0 0 1
    outer loop
      vertex 103.473 -149.696 0
      vertex 94.4415 -128.915 0
      vertex 101.743 -149.924 0
    endloop
  endfacet
  facet normal 0 0 1
    outer loop
      vertex 101.743 -149.924 0
      vertex 94.4415 -128.915 0
      vertex 100 -150 0
    endloop
  endfacet
  facet normal -0 0 1
    outer loop
      vertex 94 -129.196 0
      vertex 100 -150 0
      vertex 94.4415 -128.915 0
    endloop
  endfacet
  facet normal -0 0 1
    outer loop
      vertex 93.5357 -129.438 0
      vertex 100 -150 0
      vertex 94 -129.196 0
    endloop
  endfacet
  facet normal -0 0 1
    outer loop
      vertex 93.0521 -129.638 0
      vertex 100 -150 0
      vertex 93.5357 -129.438 0
    endloop
  endfacet
  facet normal -0 0 1
    outer loop
      vertex 92.5529 -129.796 0
      vertex 100 -150 0
      vertex 93.0521 -129.638 0
    endloop
  endfacet
  facet normal -0 0 1
    outer loop
      vertex 92.0419 -129.909 0
      vertex 100 -150 0
      vertex 92.5529 -129.796 0
    endloop
  endfacet
  facet normal -0 0 1
    outer loop
      vertex 91.5229 -129.977 0
      vertex 100 -150 0
      vertex 92.0419 -129.909 0
    endloop
  endfacet
  facet normal -0 0 1
    outer loop
      vertex 91 -130 0
      vertex 100 -150 0
      vertex 91.5229 -129.977 0
    endloop
  endfacet
  facet normal -0 0 1
    outer loop
      vertex 89 -130 0
      vertex 100 -150 0
      vertex 91 -130 0
    endloop
  endfacet
  facet normal 0 0 1
    outer loop
      vertex 88.4771 -129.977 0
      vertex 100 -150 0
      vertex 89 -130 0
    endloop
  endfacet
  facet normal 0 0 1
    outer loop
      vertex 87.9581 -129.909 0
      vertex 100 -150 0
      vertex 88.4771 -129.977 0
    endloop
  endfacet
  facet normal 0 0 1
    outer loop
      vertex 87.4471 -129.796 0
      vertex 100 -150 0
      vertex 87.9581 -129.909 0
    endloop
  endfacet
  facet normal 0 0 1
    outer loop
      vertex 86.9479 -129.638 0
      vertex 100 -150 0
      vertex 87.4471 -129.796 0
    endloop
  endfacet
  facet normal 0 0 1
    outer loop
      vertex 86.4643 -129.438 0
      vertex 100 -150 0
      vertex 86.9479 -129.638 0
    endloop
  endfacet
  facet normal 0 0 1
    outer loop
      vertex 86 -129.196 0
      vertex 100 -150 0
      vertex 86.4643 -129.438 0
    endloop
  endfacet
  facet normal 0 0 1
    outer loop
      vertex 85.5585 -128.915 0
      vertex 100 -150 0
      vertex 86 -129.196 0
    endloop
  endfacet
  facet normal 0 0 1
    outer loop
      vertex 85.1433 -128.596 0
      vertex 100 -150 0
      vertex 85.5585 -128.915 0
    endloop
  endfacet
  facet normal 0 0 1
    outer loop
      vertex 84.7574 -128.243 0
      vertex 100 -150 0
      vertex 85.1433 -128.596 0
    endloop
  endfacet
  facet normal 0 0 1
    outer loop
      vertex 84.4037 -127.857 0
      vertex 100 -150 0
      vertex 84.7574 -128.243 0
    endloop
  endfacet
  facet normal 0 0 1
    outer loop
      vertex -84.4037 -127.857 0
      vertex 84.4037 -127.857 0
      vertex 84.0851 -127.441 0
    endloop
  endfacet
  facet normal 0 0 1
    outer loop
      vertex 84.7574 -91.7574 0
      vertex 17.3553 -20.6832 0
      vertex 84.4037 -92.1433 0
    endloop
  endfacet
  facet normal -0 0 1
    outer loop
      vertex 15.4866 -22.1171 0
      vertex 84.4037 -92.1433 0
      vertex 17.3553 -20.6832 0
    endloop
  endfacet
  facet normal 0 0 1
    outer loop
      vertex 84.4037 -92.1433 0
      vertex 15.4866 -22.1171 0
      vertex 84.0851 -92.5585 0
    endloop
  endfacet
  facet normal 0 0 1
    outer loop
      vertex 84.0851 -92.5585 0
      vertex 15.4866 -22.1171 0
      vertex 83.8038 -93 0
    endloop
  endfacet
  facet normal -0 0 1
    outer loop
      vertex 13.5 -23.3827 0
      vertex 83.8038 -93 0
      vertex 15.4866 -22.1171 0
    endloop
  endfacet
  facet normal 0 0 1
    outer loop
      vertex 83.8038 -93 0
      vertex 13.5 -23.3827 0
      vertex 83.5622 -93.4643 0
    endloop
  endfacet
  facet normal -0 0 1
    outer loop
      vertex 11.4107 -24.4703 0
      vertex 83.5622 -93.4643 0
      vertex 13.5 -23.3827 0
    endloop
  endfacet
  facet normal 0 0 1
    outer loop
      vertex 83.5622 -93.4643 0
      vertex 11.4107 -24.4703 0
      vertex 83.3618 -93.9479 0
    endloop
  endfacet
  facet normal -0 0 1
    outer loop
      vertex 9.23454 -25.3717 0
      vertex 83.3618 -93.9479 0
      vertex 11.4107 -24.4703 0
    endloop
  endfacet
  facet normal 0 0 1
    outer loop
      vertex 83.3618 -93.9479 0
      vertex 9.23454 -25.3717 0
      vertex 83.2044 -94.4471 0
    endloop
  endfacet
  facet normal 0 0 1
    outer loop
      vertex 83.2044 -94.4471 0
      vertex 9.23454 -25.3717 0
      vertex 83.0912 -94.9581 0
    endloop
  endfacet
  facet normal -0 0 1
    outer loop
      vertex 6.98811 -26.08 0
      vertex 83.0912 -94.9581 0
      vertex 9.23454 -25.3717 0
    endloop
  endfacet
  facet normal 0 0 1
    outer loop
      vertex 83.0912 -94.9581 0
      vertex 6.98811 -26.08 0
      vertex 83.0228 -95.4771 0
    endloop
  endfacet
  facet normal -0 0 1
    outer loop
      vertex 4.6885 -26.5898 0
      vertex 83.0228 -95.4771 0
      vertex 6.98811 -26.08 0
    endloop
  endfacet
  facet normal 0 0 1
    outer loop
      vertex 83.0228 -95.4771 0
      vertex 4.6885 -26.5898 0
      vertex 83 -96 0
    endloop
  endfacet
  facet normal -0 0 1
    outer loop
      vertex 2.96995 -26.8161 0
      vertex 83 -96 0
      vertex 4.6885 -26.5898 0
    endloop
  endfacet
  facet normal 0 0 1
    outer loop
      vertex 83 -96 0
      vertex 2.96995 -26.8161 0
      vertex 83 -124 0
    endloop
  endfacet
  facet normal 0 0 1
    outer loop
      vertex -83 -124 0
      vertex 83 -124 0
      vertex 2.96995 -26.8161 0
    endloop
  endfacet
  facet normal 0 0 1
    outer loop
      vertex 83 -124 0
      vertex -83 -124 0
      vertex 83.0228 -124.523 0
    endloop
  endfacet
  facet normal 0 0 1
    outer loop
      vertex -83.0228 -124.523 0
      vertex 83.0228 -124.523 0
      vertex -83 -124 0
    endloop
  endfacet
  facet normal 0 0 1
    outer loop
      vertex 83.0228 -124.523 0
      vertex -83.0228 -124.523 0
      vertex 83.0912 -125.042 0
    endloop
  endfacet
  facet normal 0 0 1
    outer loop
      vertex -83.0912 -125.042 0
      vertex 83.0912 -125.042 0
      vertex -83.0228 -124.523 0
    endloop
  endfacet
  facet normal 0 0 1
    outer loop
      vertex 83.0912 -125.042 0
      vertex -83.0912 -125.042 0
      vertex 83.2044 -125.553 0
    endloop
  endfacet
  facet normal 0 0 1
    outer loop
      vertex -83.2044 -125.553 0
      vertex 83.2044 -125.553 0
      vertex -83.0912 -125.042 0
    endloop
  endfacet
  facet normal 0 0 1
    outer loop
      vertex 83.2044 -125.553 0
      vertex -83.2044 -125.553 0
      vertex 83.3618 -126.052 0
    endloop
  endfacet
  facet normal 0 0 1
    outer loop
      vertex 2.77128 -26.4 0
      vertex 2.96995 -26.8161 0
      vertex 2.90018 -26.6476 0
    endloop
  endfacet
  facet normal 0 0 1
    outer loop
      vertex 2.62129 -26.1646 0
      vertex 2.96995 -26.8161 0
      vertex 2.77128 -26.4 0
    endloop
  endfacet
  facet normal 0 0 1
    outer loop
      vertex 2.45134 -25.9431 0
      vertex 2.96995 -26.8161 0
      vertex 2.62129 -26.1646 0
    endloop
  endfacet
  facet normal 0 0 1
    outer loop
      vertex 2.26274 -25.7373 0
      vertex 2.96995 -26.8161 0
      vertex 2.45134 -25.9431 0
    endloop
  endfacet
  facet normal 0 0 1
    outer loop
      vertex 2.05692 -25.5487 0
      vertex 2.96995 -26.8161 0
      vertex 2.26274 -25.7373 0
    endloop
  endfacet
  facet normal 0 0 1
    outer loop
      vertex 1.83544 -25.3787 0
      vertex 2.96995 -26.8161 0
      vertex 2.05692 -25.5487 0
    endloop
  endfacet
  facet normal 0 0 1
    outer loop
      vertex -2.96995 -26.8161 0
      vertex 2.96995 -26.8161 0
      vertex 1.83544 -25.3787 0
    endloop
  endfacet
  facet normal 0 0 1
    outer loop
      vertex -2.96995 -26.8161 0
      vertex 1.83544 -25.3787 0
      vertex 1.6 -25.2287 0
    endloop
  endfacet
  facet normal 0 0 1
    outer loop
      vertex -2.96995 -26.8161 0
      vertex 1.6 -25.2287 0
      vertex 1.35238 -25.0998 0
    endloop
  endfacet
  facet normal 0 0 1
    outer loop
      vertex -2.96995 -26.8161 0
      vertex 1.35238 -25.0998 0
      vertex 1.09446 -24.993 0
    endloop
  endfacet
  facet normal 0 0 1
    outer loop
      vertex -2.96995 -26.8161 0
      vertex 1.09446 -24.993 0
      vertex 0.82822 -24.909 0
    endloop
  endfacet
  facet normal 0 0 1
    outer loop
      vertex -2.96995 -26.8161 0
      vertex 0.82822 -24.909 0
      vertex 0.555674 -24.8486 0
    endloop
  endfacet
  facet normal 0 0 1
    outer loop
      vertex -2.96995 -26.8161 0
      vertex 0.555674 -24.8486 0
      vertex 0.278898 -24.8122 0
    endloop
  endfacet
  facet normal 0 0 1
    outer loop
      vertex -2.96995 -26.8161 0
      vertex 0.278898 -24.8122 0
      vertex 0 -24.8 0
    endloop
  endfacet
  facet normal 0 0 1
    outer loop
      vertex -2.96995 -26.8161 0
      vertex 0 -24.8 0
      vertex -0.278898 -24.8122 0
    endloop
  endfacet
  facet normal 0 0 1
    outer loop
      vertex -2.96995 -26.8161 0
      vertex -0.278898 -24.8122 0
      vertex -0.555674 -24.8486 0
    endloop
  endfacet
  facet normal 0 0 1
    outer loop
      vertex -2.96995 -26.8161 0
      vertex -0.555674 -24.8486 0
      vertex -0.82822 -24.909 0
    endloop
  endfacet
  facet normal 0 0 1
    outer loop
      vertex -2.96995 -26.8161 0
      vertex -0.82822 -24.909 0
      vertex -1.09446 -24.993 0
    endloop
  endfacet
  facet normal 0 0 1
    outer loop
      vertex -2.96995 -26.8161 0
      vertex -1.09446 -24.993 0
      vertex -1.35238 -25.0998 0
    endloop
  endfacet
  facet normal 0 0 1
    outer loop
      vertex -2.96995 -26.8161 0
      vertex -1.35238 -25.0998 0
      vertex -1.6 -25.2287 0
    endloop
  endfacet
  facet normal 0 0 1
    outer loop
      vertex -2.96995 -26.8161 0
      vertex -1.6 -25.2287 0
      vertex -1.83544 -25.3787 0
    endloop
  endfacet
  facet normal 0 0 1
    outer loop
      vertex -2.96995 -26.8161 0
      vertex -1.83544 -25.3787 0
      vertex -2.05692 -25.5487 0
    endloop
  endfacet
  facet normal 0 0 1
    outer loop
      vertex -2.96995 -26.8161 0
      vertex -2.05692 -25.5487 0
      vertex -2.26274 -25.7373 0
    endloop
  endfacet
  facet normal 0 0 1
    outer loop
      vertex -2.96995 -26.8161 0
      vertex -2.26274 -25.7373 0
      vertex -2.45134 -25.9431 0
    endloop
  endfacet
  facet normal 0 0 1
    outer loop
      vertex -2.96995 -26.8161 0
      vertex -2.45134 -25.9431 0
      vertex -2.62129 -26.1646 0
    endloop
  endfacet
  facet normal 0 0 1
    outer loop
      vertex -2.96995 -26.8161 0
      vertex -2.62129 -26.1646 0
      vertex -2.77128 -26.4 0
    endloop
  endfacet
  facet normal 0 0 1
    outer loop
      vertex -2.96995 -26.8161 0
      vertex -2.77128 -26.4 0
      vertex -2.90018 -26.6476 0
    endloop
  endfacet
  facet normal 0 0 1
    outer loop
      vertex -83 -124 0
      vertex 2.96995 -26.8161 0
      vertex -2.96995 -26.8161 0
    endloop
  endfacet
  facet normal 0 0 1
    outer loop
      vertex -83 -96 0
      vertex -2.96995 -26.8161 0
      vertex -4.6885 -26.5898 0
    endloop
  endfacet
  facet normal 0 0 1
    outer loop
      vertex -83 -96 0
      vertex -4.6885 -26.5898 0
      vertex -6.98811 -26.08 0
    endloop
  endfacet
  facet normal 0 0 1
    outer loop
      vertex -83 -96 0
      vertex -6.98811 -26.08 0
      vertex -9.23454 -25.3717 0
    endloop
  endfacet
  facet normal 0 0 1
    outer loop
      vertex -83 -96 0
      vertex -9.23454 -25.3717 0
      vertex -11.4107 -24.4703 0
    endloop
  endfacet
  facet normal 0 0 1
    outer loop
      vertex -83 -96 0
      vertex -11.4107 -24.4703 0
      vertex -13.5 -23.3827 0
    endloop
  endfacet
  facet normal 0 0 1
    outer loop
      vertex -83 -96 0
      vertex -13.5 -23.3827 0
      vertex -15.4866 -22.1171 0
    endloop
  endfacet
  facet normal 0 0 1
    outer loop
      vertex -83 -96 0
      vertex -15.4866 -22.1171 0
      vertex -17.3553 -20.6832 0
    endloop
  endfacet
  facet normal 0 0 1
    outer loop
      vertex -83 -96 0
      vertex -17.3553 -20.6832 0
      vertex -19.0919 -19.0919 0
    endloop
  endfacet
  facet normal 0 0 1
    outer loop
      vertex -83 -96 0
      vertex -19.0919 -19.0919 0
      vertex -20.6832 -17.3553 0
    endloop
  endfacet
  facet normal 0 0 1
    outer loop
      vertex -17.3553 20.6832 0
      vertex -84.7574 91.7574 0
      vertex -19.0919 19.0919 0
    endloop
  endfacet
  facet normal -0 0 1
    outer loop
      vertex -85.1433 91.4037 0
      vertex -19.0919 19.0919 0
      vertex -84.7574 91.7574 0
    endloop
  endfacet
  facet normal 0 0 1
    outer loop
      vertex -26.8161 -2.96995 0
      vertex -83 -96 0
      vertex -26.5898 -4.6885 0
    endloop
  endfacet
  facet normal 0 0 1
    outer loop
      vertex -26.5898 -4.6885 0
      vertex -83 -96 0
      vertex -26.08 -6.98811 0
    endloop
  endfacet
  facet normal 0 0 1
    outer loop
      vertex -26.08 -6.98811 0
      vertex -83 -96 0
      vertex -25.3717 -9.23454 0
    endloop
  endfacet
  facet normal 0 0 1
    outer loop
      vertex -25.3717 -9.23454 0
      vertex -83 -96 0
      vertex -24.4703 -11.4107 0
    endloop
  endfacet
  facet normal 0 0 1
    outer loop
      vertex -24.4703 -11.4107 0
      vertex -83 -96 0
      vertex -23.3827 -13.5 0
    endloop
  endfacet
  facet normal 0 0 1
    outer loop
      vertex -83 -96 0
      vertex -22.1171 -15.4866 0
      vertex -23.3827 -13.5 0
    endloop
  endfacet
  facet normal 0 0 1
    outer loop
      vertex -83 -96 0
      vertex -20.6832 -17.3553 0
      vertex -22.1171 -15.4866 0
    endloop
  endfacet
  facet normal 0 0 1
    outer loop
      vertex -2.96995 -26.8161 0
      vertex -83 -96 0
      vertex -83 -124 0
    endloop
  endfacet
  facet normal 0 0 1
    outer loop
      vertex -83.3618 -126.052 0
      vertex 83.3618 -126.052 0
      vertex -83.2044 -125.553 0
    endloop
  endfacet
  facet normal 0 0 1
    outer loop
      vertex 83.3618 -126.052 0
      vertex -83.3618 -126.052 0
      vertex 83.5622 -126.536 0
    endloop
  endfacet
  facet normal 0 0 1
    outer loop
      vertex -83.5622 -126.536 0
      vertex 83.5622 -126.536 0
      vertex -83.3618 -126.052 0
    endloop
  endfacet
  facet normal 0 0 1
    outer loop
      vertex 83.5622 -126.536 0
      vertex -83.5622 -126.536 0
      vertex 83.8038 -127 0
    endloop
  endfacet
  facet normal 0 0 1
    outer loop
      vertex -83.8038 -127 0
      vertex 83.8038 -127 0
      vertex -83.5622 -126.536 0
    endloop
  endfacet
  facet normal 0 0 1
    outer loop
      vertex 83.8038 -127 0
      vertex -83.8038 -127 0
      vertex 84.0851 -127.441 0
    endloop
  endfacet
  facet normal 0 0 1
    outer loop
      vertex -84.0851 -127.441 0
      vertex 84.0851 -127.441 0
      vertex -83.8038 -127 0
    endloop
  endfacet
  facet normal 0 0 1
    outer loop
      vertex -84.4037 -127.857 0
      vertex 84.0851 -127.441 0
      vertex -84.0851 -127.441 0
    endloop
  endfacet
  facet normal 0 0 1
    outer loop
      vertex 84.4037 -127.857 0
      vertex -84.4037 -127.857 0
      vertex 100 -150 0
    endloop
  endfacet
  facet normal 0 0 1
    outer loop
      vertex -100 -150 0
      vertex -84.4037 -127.857 0
      vertex -84.7574 -128.243 0
    endloop
  endfacet
  facet normal 0 0 1
    outer loop
      vertex -100 -150 0
      vertex -84.7574 -128.243 0
      vertex -85.1433 -128.596 0
    endloop
  endfacet
  facet normal 0 0 1
    outer loop
      vertex -100 -150 0
      vertex -85.1433 -128.596 0
      vertex -85.5585 -128.915 0
    endloop
  endfacet
  facet normal 0 0 1
    outer loop
      vertex -100 -150 0
      vertex -85.5585 -128.915 0
      vertex -86 -129.196 0
    endloop
  endfacet
  facet normal 0 0 1
    outer loop
      vertex -100 -150 0
      vertex -86 -129.196 0
      vertex -86.4643 -129.438 0
    endloop
  endfacet
  facet normal 0 0 1
    outer loop
      vertex -100 -150 0
      vertex -86.4643 -129.438 0
      vertex -86.9479 -129.638 0
    endloop
  endfacet
  facet normal 0 0 1
    outer loop
      vertex -100 -150 0
      vertex -86.9479 -129.638 0
      vertex -87.4471 -129.796 0
    endloop
  endfacet
  facet normal 0 0 1
    outer loop
      vertex -100 -150 0
      vertex -87.4471 -129.796 0
      vertex -87.9581 -129.909 0
    endloop
  endfacet
  facet normal 0 0 1
    outer loop
      vertex -100 -150 0
      vertex -87.9581 -129.909 0
      vertex -88.4771 -129.977 0
    endloop
  endfacet
  facet normal 0 0 1
    outer loop
      vertex -100 -150 0
      vertex -88.4771 -129.977 0
      vertex -89 -130 0
    endloop
  endfacet
  facet normal 0 0 1
    outer loop
      vertex -100 -150 0
      vertex -89 -130 0
      vertex -91 -130 0
    endloop
  endfacet
  facet normal 0 0 1
    outer loop
      vertex -100 -150 0
      vertex -91 -130 0
      vertex -91.5229 -129.977 0
    endloop
  endfacet
  facet normal 0 0 1
    outer loop
      vertex -84.4037 -127.857 0
      vertex -100 -150 0
      vertex 100 -150 0
    endloop
  endfacet
  facet normal 0 0 1
    outer loop
      vertex -92.0419 -129.909 0
      vertex -100 -150 0
      vertex -91.5229 -129.977 0
    endloop
  endfacet
  facet normal 0 0 1
    outer loop
      vertex -92.5529 -129.796 0
      vertex -100 -150 0
      vertex -92.0419 -129.909 0
    endloop
  endfacet
  facet normal 0 0 1
    outer loop
      vertex -93.0521 -129.638 0
      vertex -100 -150 0
      vertex -92.5529 -129.796 0
    endloop
  endfacet
  facet normal 0 0 1
    outer loop
      vertex -93.5357 -129.438 0
      vertex -100 -150 0
      vertex -93.0521 -129.638 0
    endloop
  endfacet
  facet normal 0 0 1
    outer loop
      vertex -94 -129.196 0
      vertex -100 -150 0
      vertex -93.5357 -129.438 0
    endloop
  endfacet
  facet normal 0 0 1
    outer loop
      vertex -94.4415 -128.915 0
      vertex -100 -150 0
      vertex -94 -129.196 0
    endloop
  endfacet
  facet normal 0 0 1
    outer loop
      vertex -103.473 -149.696 0
      vertex -94.4415 -128.915 0
      vertex -94.8567 -128.596 0
    endloop
  endfacet
  facet normal 0 0 1
    outer loop
      vertex -108.452 -148.126 0
      vertex -94.8567 -128.596 0
      vertex -95.2426 -128.243 0
    endloop
  endfacet
  facet normal 0 0 1
    outer loop
      vertex -111.472 -146.383 0
      vertex -95.2426 -128.243 0
      vertex -95.5963 -127.857 0
    endloop
  endfacet
  facet normal 0 0 1
    outer loop
      vertex -114.142 -144.142 0
      vertex -95.5963 -127.857 0
      vertex -95.9149 -127.441 0
    endloop
  endfacet
  facet normal 0 0 1
    outer loop
      vertex -117.321 -140 0
      vertex -95.9149 -127.441 0
      vertex -96.1962 -127 0
    endloop
  endfacet
  facet normal 0 0 1
    outer loop
      vertex -118.794 -136.84 0
      vertex -96.1962 -127 0
      vertex -96.4378 -126.536 0
    endloop
  endfacet
  facet normal 0 0 1
    outer loop
      vertex -119.696 -133.473 0
      vertex -96.4378 -126.536 0
      vertex -96.6382 -126.052 0
    endloop
  endfacet
  facet normal 0 0 1
    outer loop
      vertex -120 -130 0
      vertex -96.6382 -126.052 0
      vertex -96.7956 -125.553 0
    endloop
  endfacet
  facet normal 0 0 1
    outer loop
      vertex -120 -130 0
      vertex -96.7956 -125.553 0
      vertex -96.9088 -125.042 0
    endloop
  endfacet
  facet normal 0 0 1
    outer loop
      vertex -120 -130 0
      vertex -96.9088 -125.042 0
      vertex -96.9772 -124.523 0
    endloop
  endfacet
  facet normal 0 0 1
    outer loop
      vertex -120 -130 0
      vertex -96.9772 -124.523 0
      vertex -97 -124 0
    endloop
  endfacet
  facet normal 0 0 1
    outer loop
      vertex -96.9772 -95.4771 0
      vertex -120 -130 0
      vertex -97 -96 0
    endloop
  endfacet
  facet normal 0 0 1
    outer loop
      vertex -95.5963 127.857 0
      vertex -114.142 144.142 0
      vertex -95.9149 127.441 0
    endloop
  endfacet
  facet normal 0 0 1
    outer loop
      vertex -97 -96 0
      vertex -120 -130 0
      vertex -97 -124 0
    endloop
  endfacet
  facet normal -0 0 1
    outer loop
      vertex -115.321 142.856 0
      vertex -95.9149 127.441 0
      vertex -114.142 144.142 0
    endloop
  endfacet
  facet normal 0 0 1
    outer loop
      vertex -96.6382 -126.052 0
      vertex -120 -130 0
      vertex -119.924 -131.743 0
    endloop
  endfacet
  facet normal -0 0 1
    outer loop
      vertex -116.383 141.472 0
      vertex -95.9149 127.441 0
      vertex -115.321 142.856 0
    endloop
  endfacet
  facet normal 0 0 1
    outer loop
      vertex -94.4415 -128.915 0
      vertex -101.743 -149.924 0
      vertex -100 -150 0
    endloop
  endfacet
  facet normal -0 0 1
    outer loop
      vertex -117.321 140 0
      vertex -95.9149 127.441 0
      vertex -116.383 141.472 0
    endloop
  endfacet
  facet normal 0 0 1
    outer loop
      vertex -94.4415 -128.915 0
      vertex -103.473 -149.696 0
      vertex -101.743 -149.924 0
    endloop
  endfacet
  facet normal 0 0 1
    outer loop
      vertex -95.9149 127.441 0
      vertex -117.321 140 0
      vertex -96.1962 127 0
    endloop
  endfacet
  facet normal 0 0 1
    outer loop
      vertex -94.8567 -128.596 0
      vertex -105.176 -149.319 0
      vertex -103.473 -149.696 0
    endloop
  endfacet
  facet normal -0 0 1
    outer loop
      vertex -118.126 138.452 0
      vertex -96.1962 127 0
      vertex -117.321 140 0
    endloop
  endfacet
  facet normal 0 0 1
    outer loop
      vertex -94.8567 -128.596 0
      vertex -106.84 -148.794 0
      vertex -105.176 -149.319 0
    endloop
  endfacet
  facet normal -0 0 1
    outer loop
      vertex -118.794 136.84 0
      vertex -96.1962 127 0
      vertex -118.126 138.452 0
    endloop
  endfacet
  facet normal 0 0 1
    outer loop
      vertex -94.8567 -128.596 0
      vertex -108.452 -148.126 0
      vertex -106.84 -148.794 0
    endloop
  endfacet
  facet normal 0 0 1
    outer loop
      vertex -96.1962 127 0
      vertex -118.794 136.84 0
      vertex -96.4378 126.536 0
    endloop
  endfacet
  facet normal 0 0 1
    outer loop
      vertex -95.2426 -128.243 0
      vertex -110 -147.321 0
      vertex -108.452 -148.126 0
    endloop
  endfacet
  facet normal -0 0 1
    outer loop
      vertex -119.319 135.176 0
      vertex -96.4378 126.536 0
      vertex -118.794 136.84 0
    endloop
  endfacet
  facet normal 0 0 1
    outer loop
      vertex -95.2426 -128.243 0
      vertex -111.472 -146.383 0
      vertex -110 -147.321 0
    endloop
  endfacet
  facet normal -0 0 1
    outer loop
      vertex -119.696 133.473 0
      vertex -96.4378 126.536 0
      vertex -119.319 135.176 0
    endloop
  endfacet
  facet normal 0 0 1
    outer loop
      vertex -95.5963 -127.857 0
      vertex -112.856 -145.321 0
      vertex -111.472 -146.383 0
    endloop
  endfacet
  facet normal 0 0 1
    outer loop
      vertex -96.4378 126.536 0
      vertex -119.696 133.473 0
      vertex -96.6382 126.052 0
    endloop
  endfacet
  facet normal 0 0 1
    outer loop
      vertex -95.5963 -127.857 0
      vertex -114.142 -144.142 0
      vertex -112.856 -145.321 0
    endloop
  endfacet
  facet normal -0 0 1
    outer loop
      vertex -119.924 131.743 0
      vertex -96.6382 126.052 0
      vertex -119.696 133.473 0
    endloop
  endfacet
  facet normal 0 0 1
    outer loop
      vertex -95.9149 -127.441 0
      vertex -115.321 -142.856 0
      vertex -114.142 -144.142 0
    endloop
  endfacet
  facet normal -0 0 1
    outer loop
      vertex -120 130 0
      vertex -96.6382 126.052 0
      vertex -119.924 131.743 0
    endloop
  endfacet
  facet normal 0 0 1
    outer loop
      vertex -95.9149 -127.441 0
      vertex -116.383 -141.472 0
      vertex -115.321 -142.856 0
    endloop
  endfacet
  facet normal 0 0 1
    outer loop
      vertex -96.6382 126.052 0
      vertex -120 130 0
      vertex -96.7956 125.553 0
    endloop
  endfacet
  facet normal 0 0 1
    outer loop
      vertex -95.9149 -127.441 0
      vertex -117.321 -140 0
      vertex -116.383 -141.472 0
    endloop
  endfacet
  facet normal 0 0 1
    outer loop
      vertex -96.7956 125.553 0
      vertex -120 130 0
      vertex -96.9088 125.042 0
    endloop
  endfacet
  facet normal 0 0 1
    outer loop
      vertex -96.1962 -127 0
      vertex -118.126 -138.452 0
      vertex -117.321 -140 0
    endloop
  endfacet
  facet normal 0 0 1
    outer loop
      vertex -96.9088 125.042 0
      vertex -120 130 0
      vertex -96.9772 124.523 0
    endloop
  endfacet
  facet normal 0 0 1
    outer loop
      vertex -96.1962 -127 0
      vertex -118.794 -136.84 0
      vertex -118.126 -138.452 0
    endloop
  endfacet
  facet normal 0 0 1
    outer loop
      vertex -96.9772 124.523 0
      vertex -120 130 0
      vertex -97 124 0
    endloop
  endfacet
  facet normal 0 0 1
    outer loop
      vertex -96.4378 -126.536 0
      vertex -119.319 -135.176 0
      vertex -118.794 -136.84 0
    endloop
  endfacet
  facet normal 0 0 1
    outer loop
      vertex -96.4378 -126.536 0
      vertex -119.696 -133.473 0
      vertex -119.319 -135.176 0
    endloop
  endfacet
  facet normal 0 0 1
    outer loop
      vertex -96.6382 -126.052 0
      vertex -119.924 -131.743 0
      vertex -119.696 -133.473 0
    endloop
  endfacet
  facet normal 0 0 1
    outer loop
      vertex -24.8122 0.278898 0
      vertex -24.8122 -0.278898 0
      vertex -24.8 0 0
    endloop
  endfacet
  facet normal 0 0 1
    outer loop
      vertex -24.8486 0.555674 0
      vertex -24.8122 -0.278898 0
      vertex -24.8122 0.278898 0
    endloop
  endfacet
  facet normal 0 0 1
    outer loop
      vertex -24.8486 0.555674 0
      vertex -24.8486 -0.555674 0
      vertex -24.8122 -0.278898 0
    endloop
  endfacet
  facet normal 0 0 1
    outer loop
      vertex -24.909 0.82822 0
      vertex -24.8486 -0.555674 0
      vertex -24.8486 0.555674 0
    endloop
  endfacet
  facet normal 0 0 1
    outer loop
      vertex -24.909 0.82822 0
      vertex -24.909 -0.82822 0
      vertex -24.8486 -0.555674 0
    endloop
  endfacet
  facet normal 0 0 1
    outer loop
      vertex -24.993 1.09446 0
      vertex -24.909 -0.82822 0
      vertex -24.909 0.82822 0
    endloop
  endfacet
  facet normal 0 0 1
    outer loop
      vertex -24.993 1.09446 0
      vertex -24.993 -1.09446 0
      vertex -24.909 -0.82822 0
    endloop
  endfacet
  facet normal 0 0 1
    outer loop
      vertex -25.0998 1.35238 0
      vertex -24.993 -1.09446 0
      vertex -24.993 1.09446 0
    endloop
  endfacet
  facet normal 0 0 1
    outer loop
      vertex -25.0998 1.35238 0
      vertex -25.0998 -1.35238 0
      vertex -24.993 -1.09446 0
    endloop
  endfacet
  facet normal 0 0 1
    outer loop
      vertex -25.2287 1.6 0
      vertex -25.0998 -1.35238 0
      vertex -25.0998 1.35238 0
    endloop
  endfacet
  facet normal 0 0 1
    outer loop
      vertex -25.2287 1.6 0
      vertex -25.2287 -1.6 0
      vertex -25.0998 -1.35238 0
    endloop
  endfacet
  facet normal 0 0 1
    outer loop
      vertex -25.3787 1.83544 0
      vertex -25.2287 -1.6 0
      vertex -25.2287 1.6 0
    endloop
  endfacet
  facet normal 0 0 1
    outer loop
      vertex -25.3787 1.83544 0
      vertex -25.3787 -1.83544 0
      vertex -25.2287 -1.6 0
    endloop
  endfacet
  facet normal 0 0 1
    outer loop
      vertex -25.5487 2.05692 0
      vertex -25.3787 -1.83544 0
      vertex -25.3787 1.83544 0
    endloop
  endfacet
  facet normal 0 0 1
    outer loop
      vertex -25.5487 2.05692 0
      vertex -25.5487 -2.05692 0
      vertex -25.3787 -1.83544 0
    endloop
  endfacet
  facet normal 0 0 1
    outer loop
      vertex -25.7373 2.26274 0
      vertex -25.5487 -2.05692 0
      vertex -25.5487 2.05692 0
    endloop
  endfacet
  facet normal 0 0 1
    outer loop
      vertex -25.7373 2.26274 0
      vertex -25.7373 -2.26274 0
      vertex -25.5487 -2.05692 0
    endloop
  endfacet
  facet normal 0 0 1
    outer loop
      vertex -25.9431 2.45134 0
      vertex -25.7373 -2.26274 0
      vertex -25.7373 2.26274 0
    endloop
  endfacet
  facet normal 0 0 1
    outer loop
      vertex -25.9431 2.45134 0
      vertex -25.9431 -2.45134 0
      vertex -25.7373 -2.26274 0
    endloop
  endfacet
  facet normal 0 0 1
    outer loop
      vertex -26.1646 2.62129 0
      vertex -25.9431 -2.45134 0
      vertex -25.9431 2.45134 0
    endloop
  endfacet
  facet normal 0 0 1
    outer loop
      vertex -26.1646 2.62129 0
      vertex -26.1646 -2.62129 0
      vertex -25.9431 -2.45134 0
    endloop
  endfacet
  facet normal 0 0 1
    outer loop
      vertex -26.4 2.77128 0
      vertex -26.1646 -2.62129 0
      vertex -26.1646 2.62129 0
    endloop
  endfacet
  facet normal 0 0 1
    outer loop
      vertex -26.4 2.77128 0
      vertex -26.4 -2.77128 0
      vertex -26.1646 -2.62129 0
    endloop
  endfacet
  facet normal 0 0 1
    outer loop
      vertex -26.8161 2.96995 0
      vertex -26.4 2.77128 0
      vertex -26.6476 2.90018 0
    endloop
  endfacet
  facet normal 0 0 1
    outer loop
      vertex -26.4 2.77128 0
      vertex -26.8161 2.96995 0
      vertex -26.4 -2.77128 0
    endloop
  endfacet
  facet normal 0 0 1
    outer loop
      vertex -26.8161 -2.96995 0
      vertex -26.4 -2.77128 0
      vertex -26.8161 2.96995 0
    endloop
  endfacet
  facet normal 0 0 1
    outer loop
      vertex -26.4 -2.77128 0
      vertex -26.8161 -2.96995 0
      vertex -26.6476 -2.90018 0
    endloop
  endfacet
  facet normal 0 0 1
    outer loop
      vertex 12.9505 1.13302 0
      vertex 12.9505 -1.13302 0
      vertex 13 0 0
    endloop
  endfacet
  facet normal 0 0 1
    outer loop
      vertex 12.8025 2.25743 0
      vertex 12.9505 -1.13302 0
      vertex 12.9505 1.13302 0
    endloop
  endfacet
  facet normal 0 0 1
    outer loop
      vertex 12.8025 2.25743 0
      vertex 12.8025 -2.25743 0
      vertex 12.9505 -1.13302 0
    endloop
  endfacet
  facet normal 0 0 1
    outer loop
      vertex 12.557 3.36465 0
      vertex 12.8025 -2.25743 0
      vertex 12.8025 2.25743 0
    endloop
  endfacet
  facet normal 0 0 1
    outer loop
      vertex 12.557 3.36465 0
      vertex 12.557 -3.36465 0
      vertex 12.8025 -2.25743 0
    endloop
  endfacet
  facet normal 0 0 1
    outer loop
      vertex 12.216 4.44626 0
      vertex 12.557 -3.36465 0
      vertex 12.557 3.36465 0
    endloop
  endfacet
  facet normal 0 0 1
    outer loop
      vertex 12.216 4.44626 0
      vertex 12.216 -4.44626 0
      vertex 12.557 -3.36465 0
    endloop
  endfacet
  facet normal 0 0 1
    outer loop
      vertex 11.782 5.49404 0
      vertex 12.216 -4.44626 0
      vertex 12.216 4.44626 0
    endloop
  endfacet
  facet normal 0 0 1
    outer loop
      vertex 11.782 5.49404 0
      vertex 11.782 -5.49404 0
      vertex 12.216 -4.44626 0
    endloop
  endfacet
  facet normal 0 0 1
    outer loop
      vertex 11.2583 6.5 0
      vertex 11.782 -5.49404 0
      vertex 11.782 5.49404 0
    endloop
  endfacet
  facet normal 0 0 1
    outer loop
      vertex 11.2583 6.5 0
      vertex 11.2583 -6.5 0
      vertex 11.782 -5.49404 0
    endloop
  endfacet
  facet normal 0 0 1
    outer loop
      vertex 10.649 7.45649 0
      vertex 11.2583 -6.5 0
      vertex 11.2583 6.5 0
    endloop
  endfacet
  facet normal 0 0 1
    outer loop
      vertex 10.649 7.45649 0
      vertex 10.649 -7.45649 0
      vertex 11.2583 -6.5 0
    endloop
  endfacet
  facet normal 0 0 1
    outer loop
      vertex 9.95858 8.35624 0
      vertex 10.649 -7.45649 0
      vertex 10.649 7.45649 0
    endloop
  endfacet
  facet normal 0 0 1
    outer loop
      vertex 9.95858 8.35624 0
      vertex 9.95858 -8.35624 0
      vertex 10.649 -7.45649 0
    endloop
  endfacet
  facet normal 0 0 1
    outer loop
      vertex 9.19239 9.19239 0
      vertex 9.95858 -8.35624 0
      vertex 9.95858 8.35624 0
    endloop
  endfacet
  facet normal 0 0 1
    outer loop
      vertex 9.19239 9.19239 0
      vertex 9.19239 -9.19239 0
      vertex 9.95858 -8.35624 0
    endloop
  endfacet
  facet normal 0 0 1
    outer loop
      vertex 8.35624 9.95858 0
      vertex 9.19239 -9.19239 0
      vertex 9.19239 9.19239 0
    endloop
  endfacet
  facet normal 0 0 1
    outer loop
      vertex 8.35624 9.95858 0
      vertex 8.35624 -9.95858 0
      vertex 9.19239 -9.19239 0
    endloop
  endfacet
  facet normal 0 0 1
    outer loop
      vertex 7.45649 10.649 0
      vertex 8.35624 -9.95858 0
      vertex 8.35624 9.95858 0
    endloop
  endfacet
  facet normal 0 0 1
    outer loop
      vertex 7.45649 10.649 0
      vertex 7.45649 -10.649 0
      vertex 8.35624 -9.95858 0
    endloop
  endfacet
  facet normal 0 0 1
    outer loop
      vertex 6.5 11.2583 0
      vertex 7.45649 -10.649 0
      vertex 7.45649 10.649 0
    endloop
  endfacet
  facet normal 0 0 1
    outer loop
      vertex 6.5 11.2583 0
      vertex 6.5 -11.2583 0
      vertex 7.45649 -10.649 0
    endloop
  endfacet
  facet normal 0 0 1
    outer loop
      vertex 5.49404 11.782 0
      vertex 6.5 -11.2583 0
      vertex 6.5 11.2583 0
    endloop
  endfacet
  facet normal 0 0 1
    outer loop
      vertex 5.49404 11.782 0
      vertex 5.49404 -11.782 0
      vertex 6.5 -11.2583 0
    endloop
  endfacet
  facet normal 0 0 1
    outer loop
      vertex 4.44626 12.216 0
      vertex 5.49404 -11.782 0
      vertex 5.49404 11.782 0
    endloop
  endfacet
  facet normal 0 0 1
    outer loop
      vertex 4.44626 12.216 0
      vertex 4.44626 -12.216 0
      vertex 5.49404 -11.782 0
    endloop
  endfacet
  facet normal 0 0 1
    outer loop
      vertex 3.36465 12.557 0
      vertex 4.44626 -12.216 0
      vertex 4.44626 12.216 0
    endloop
  endfacet
  facet normal 0 0 1
    outer loop
      vertex 3.36465 12.557 0
      vertex 3.36465 -12.557 0
      vertex 4.44626 -12.216 0
    endloop
  endfacet
  facet normal 0 0 1
    outer loop
      vertex 2.25743 12.8025 0
      vertex 3.36465 -12.557 0
      vertex 3.36465 12.557 0
    endloop
  endfacet
  facet normal 0 0 1
    outer loop
      vertex 2.25743 12.8025 0
      vertex 2.25743 -12.8025 0
      vertex 3.36465 -12.557 0
    endloop
  endfacet
  facet normal 0 0 1
    outer loop
      vertex 1.13302 12.9505 0
      vertex 2.25743 -12.8025 0
      vertex 2.25743 12.8025 0
    endloop
  endfacet
  facet normal 0 0 1
    outer loop
      vertex 1.13302 12.9505 0
      vertex 1.13302 -12.9505 0
      vertex 2.25743 -12.8025 0
    endloop
  endfacet
  facet normal 0 0 1
    outer loop
      vertex 0 13 0
      vertex 1.13302 -12.9505 0
      vertex 1.13302 12.9505 0
    endloop
  endfacet
  facet normal 0 0 1
    outer loop
      vertex 0 13 0
      vertex 0 -13 0
      vertex 1.13302 -12.9505 0
    endloop
  endfacet
  facet normal -0 0 1
    outer loop
      vertex -1.13302 12.9505 0
      vertex 0 -13 0
      vertex 0 13 0
    endloop
  endfacet
  facet normal 0 0 1
    outer loop
      vertex -1.13302 12.9505 0
      vertex -1.13302 -12.9505 0
      vertex 0 -13 0
    endloop
  endfacet
  facet normal -0 0 1
    outer loop
      vertex -2.25743 12.8025 0
      vertex -1.13302 -12.9505 0
      vertex -1.13302 12.9505 0
    endloop
  endfacet
  facet normal 0 0 1
    outer loop
      vertex -2.25743 12.8025 0
      vertex -2.25743 -12.8025 0
      vertex -1.13302 -12.9505 0
    endloop
  endfacet
  facet normal -0 0 1
    outer loop
      vertex -3.36465 12.557 0
      vertex -2.25743 -12.8025 0
      vertex -2.25743 12.8025 0
    endloop
  endfacet
  facet normal 0 0 1
    outer loop
      vertex -3.36465 12.557 0
      vertex -3.36465 -12.557 0
      vertex -2.25743 -12.8025 0
    endloop
  endfacet
  facet normal -0 0 1
    outer loop
      vertex -4.44626 12.216 0
      vertex -3.36465 -12.557 0
      vertex -3.36465 12.557 0
    endloop
  endfacet
  facet normal 0 0 1
    outer loop
      vertex -4.44626 12.216 0
      vertex -4.44626 -12.216 0
      vertex -3.36465 -12.557 0
    endloop
  endfacet
  facet normal -0 0 1
    outer loop
      vertex -5.49404 11.782 0
      vertex -4.44626 -12.216 0
      vertex -4.44626 12.216 0
    endloop
  endfacet
  facet normal 0 0 1
    outer loop
      vertex -5.49404 11.782 0
      vertex -5.49404 -11.782 0
      vertex -4.44626 -12.216 0
    endloop
  endfacet
  facet normal -0 0 1
    outer loop
      vertex -6.5 11.2583 0
      vertex -5.49404 -11.782 0
      vertex -5.49404 11.782 0
    endloop
  endfacet
  facet normal 0 0 1
    outer loop
      vertex -6.5 11.2583 0
      vertex -6.5 -11.2583 0
      vertex -5.49404 -11.782 0
    endloop
  endfacet
  facet normal -0 0 1
    outer loop
      vertex -7.45649 10.649 0
      vertex -6.5 -11.2583 0
      vertex -6.5 11.2583 0
    endloop
  endfacet
  facet normal 0 0 1
    outer loop
      vertex -7.45649 10.649 0
      vertex -7.45649 -10.649 0
      vertex -6.5 -11.2583 0
    endloop
  endfacet
  facet normal -0 0 1
    outer loop
      vertex -8.35624 9.95858 0
      vertex -7.45649 -10.649 0
      vertex -7.45649 10.649 0
    endloop
  endfacet
  facet normal 0 0 1
    outer loop
      vertex -8.35624 9.95858 0
      vertex -8.35624 -9.95858 0
      vertex -7.45649 -10.649 0
    endloop
  endfacet
  facet normal -0 0 1
    outer loop
      vertex -9.19239 9.19239 0
      vertex -8.35624 -9.95858 0
      vertex -8.35624 9.95858 0
    endloop
  endfacet
  facet normal 0 0 1
    outer loop
      vertex -9.19239 9.19239 0
      vertex -9.19239 -9.19239 0
      vertex -8.35624 -9.95858 0
    endloop
  endfacet
  facet normal -0 0 1
    outer loop
      vertex -9.95858 8.35624 0
      vertex -9.19239 -9.19239 0
      vertex -9.19239 9.19239 0
    endloop
  endfacet
  facet normal 0 0 1
    outer loop
      vertex -9.95858 8.35624 0
      vertex -9.95858 -8.35624 0
      vertex -9.19239 -9.19239 0
    endloop
  endfacet
  facet normal -0 0 1
    outer loop
      vertex -10.649 7.45649 0
      vertex -9.95858 -8.35624 0
      vertex -9.95858 8.35624 0
    endloop
  endfacet
  facet normal 0 0 1
    outer loop
      vertex -10.649 7.45649 0
      vertex -10.649 -7.45649 0
      vertex -9.95858 -8.35624 0
    endloop
  endfacet
  facet normal -0 0 1
    outer loop
      vertex -11.2583 6.5 0
      vertex -10.649 -7.45649 0
      vertex -10.649 7.45649 0
    endloop
  endfacet
  facet normal 0 0 1
    outer loop
      vertex -11.2583 6.5 0
      vertex -11.2583 -6.5 0
      vertex -10.649 -7.45649 0
    endloop
  endfacet
  facet normal -0 0 1
    outer loop
      vertex -11.782 5.49404 0
      vertex -11.2583 -6.5 0
      vertex -11.2583 6.5 0
    endloop
  endfacet
  facet normal 0 0 1
    outer loop
      vertex -11.782 5.49404 0
      vertex -11.782 -5.49404 0
      vertex -11.2583 -6.5 0
    endloop
  endfacet
  facet normal -0 0 1
    outer loop
      vertex -12.216 4.44626 0
      vertex -11.782 -5.49404 0
      vertex -11.782 5.49404 0
    endloop
  endfacet
  facet normal 0 0 1
    outer loop
      vertex -12.216 4.44626 0
      vertex -12.216 -4.44626 0
      vertex -11.782 -5.49404 0
    endloop
  endfacet
  facet normal -0 0 1
    outer loop
      vertex -12.557 3.36465 0
      vertex -12.216 -4.44626 0
      vertex -12.216 4.44626 0
    endloop
  endfacet
  facet normal 0 0 1
    outer loop
      vertex -12.557 3.36465 0
      vertex -12.557 -3.36465 0
      vertex -12.216 -4.44626 0
    endloop
  endfacet
  facet normal -0 0 1
    outer loop
      vertex -12.8025 2.25743 0
      vertex -12.557 -3.36465 0
      vertex -12.557 3.36465 0
    endloop
  endfacet
  facet normal 0 0 1
    outer loop
      vertex -12.8025 2.25743 0
      vertex -12.8025 -2.25743 0
      vertex -12.557 -3.36465 0
    endloop
  endfacet
  facet normal -0 0 1
    outer loop
      vertex -12.9505 1.13302 0
      vertex -12.8025 -2.25743 0
      vertex -12.8025 2.25743 0
    endloop
  endfacet
  facet normal 0 0 1
    outer loop
      vertex -12.9505 1.13302 0
      vertex -12.9505 -1.13302 0
      vertex -12.8025 -2.25743 0
    endloop
  endfacet
  facet normal 0 -0 1
    outer loop
      vertex -12.9505 -1.13302 0
      vertex -12.9505 1.13302 0
      vertex -13 0 0
    endloop
  endfacet
  facet normal -0.537394 -0.843331 0
    outer loop
      vertex -111.472 -146.383 -8
      vertex -110 -147.321 0
      vertex -111.472 -146.383 0
    endloop
  endfacet
  facet normal -0.537394 -0.843331 -0
    outer loop
      vertex -110 -147.321 0
      vertex -111.472 -146.383 -8
      vertex -110 -147.321 -8
    endloop
  endfacet
  facet normal -0.843331 0.537394 0
    outer loop
      vertex -117.321 140 -8
      vertex -116.383 141.472 0
      vertex -116.383 141.472 -8
    endloop
  endfacet
  facet normal -0.843331 0.537394 0
    outer loop
      vertex -116.383 141.472 0
      vertex -117.321 140 -8
      vertex -117.321 140 0
    endloop
  endfacet
  facet normal -0.887207 0.461371 0
    outer loop
      vertex -118.126 138.452 -8
      vertex -117.321 140 0
      vertex -117.321 140 -8
    endloop
  endfacet
  facet normal -0.887207 0.461371 0
    outer loop
      vertex -117.321 140 0
      vertex -118.126 138.452 -8
      vertex -118.126 138.452 0
    endloop
  endfacet
  facet normal -0.216141 -0.976362 0
    outer loop
      vertex -105.176 -149.319 -8
      vertex -103.473 -149.696 0
      vertex -105.176 -149.319 0
    endloop
  endfacet
  facet normal -0.216141 -0.976362 -0
    outer loop
      vertex -103.473 -149.696 0
      vertex -105.176 -149.319 -8
      vertex -103.473 -149.696 -8
    endloop
  endfacet
  facet normal -0.999051 0.0435616 0
    outer loop
      vertex -120 130 -8
      vertex -119.924 131.743 0
      vertex -119.924 131.743 -8
    endloop
  endfacet
  facet normal -0.999051 0.0435616 0
    outer loop
      vertex -119.924 131.743 0
      vertex -120 130 -8
      vertex -120 130 0
    endloop
  endfacet
  facet normal 0.976331 0.216283 0
    outer loop
      vertex -96.7956 -125.553 0
      vertex -96.9088 -125.042 -8
      vertex -96.9088 -125.042 0
    endloop
  endfacet
  facet normal 0.976331 0.216283 0
    outer loop
      vertex -96.9088 -125.042 -8
      vertex -96.7956 -125.553 0
      vertex -96.7956 -125.553 -8
    endloop
  endfacet
  facet normal 0.043943 0.999034 -0
    outer loop
      vertex -91 -130 -8
      vertex -91.5229 -129.977 0
      vertex -91 -130 0
    endloop
  endfacet
  facet normal 0.043943 0.999034 0
    outer loop
      vertex -91.5229 -129.977 0
      vertex -91 -130 -8
      vertex -91.5229 -129.977 -8
    endloop
  endfacet
  facet normal 0.382172 0.924091 -0
    outer loop
      vertex -93.0521 -129.638 -8
      vertex -93.5357 -129.438 0
      vertex -93.0521 -129.638 0
    endloop
  endfacet
  facet normal 0.382172 0.924091 0
    outer loop
      vertex -93.5357 -129.438 0
      vertex -93.0521 -129.638 -8
      vertex -93.5357 -129.438 -8
    endloop
  endfacet
  facet normal 0.999051 0.0435533 0
    outer loop
      vertex -96.9772 -124.523 0
      vertex -97 -124 -8
      vertex -97 -124 0
    endloop
  endfacet
  facet normal 0.999051 0.0435533 0
    outer loop
      vertex -97 -124 -8
      vertex -96.9772 -124.523 0
      vertex -96.9772 -124.523 -8
    endloop
  endfacet
  facet normal 0.674954 0.73786 -0
    outer loop
      vertex -94.8567 -128.596 -8
      vertex -95.2426 -128.243 0
      vertex -94.8567 -128.596 0
    endloop
  endfacet
  facet normal 0.674954 0.73786 0
    outer loop
      vertex -95.2426 -128.243 0
      vertex -94.8567 -128.596 -8
      vertex -95.2426 -128.243 -8
    endloop
  endfacet
  facet normal 0.737194 -0.675681 0
    outer loop
      vertex -95.5963 -92.1433 0
      vertex -95.2426 -91.7574 -8
      vertex -95.2426 -91.7574 0
    endloop
  endfacet
  facet normal 0.737194 -0.675681 0
    outer loop
      vertex -95.2426 -91.7574 -8
      vertex -95.5963 -92.1433 0
      vertex -95.5963 -92.1433 -8
    endloop
  endfacet
  facet normal -0.0435616 -0.999051 0
    outer loop
      vertex -89 -90 -8
      vertex -88.4771 -90.0228 0
      vertex -89 -90 0
    endloop
  endfacet
  facet normal -0.0435616 -0.999051 -0
    outer loop
      vertex -88.4771 -90.0228 0
      vertex -89 -90 -8
      vertex -88.4771 -90.0228 -8
    endloop
  endfacet
  facet normal -0.609249 0.792979 0
    outer loop
      vertex -85.1433 -128.596 -8
      vertex -85.5585 -128.915 0
      vertex -85.1433 -128.596 0
    endloop
  endfacet
  facet normal -0.609249 0.792979 0
    outer loop
      vertex -85.5585 -128.915 0
      vertex -85.1433 -128.596 -8
      vertex -85.5585 -128.915 -8
    endloop
  endfacet
  facet normal -0.953681 0.30082 0
    outer loop
      vertex -83.3618 -126.052 -8
      vertex -83.2044 -125.553 0
      vertex -83.2044 -125.553 -8
    endloop
  endfacet
  facet normal -0.953681 0.30082 0
    outer loop
      vertex -83.2044 -125.553 0
      vertex -83.3618 -126.052 -8
      vertex -83.3618 -126.052 0
    endloop
  endfacet
  facet normal 0.609249 0.792979 -0
    outer loop
      vertex -94.4415 -128.915 -8
      vertex -94.8567 -128.596 0
      vertex -94.4415 -128.915 0
    endloop
  endfacet
  facet normal 0.609249 0.792979 0
    outer loop
      vertex -94.8567 -128.596 0
      vertex -94.4415 -128.915 -8
      vertex -94.8567 -128.596 -8
    endloop
  endfacet
  facet normal -0.953715 -0.300711 0
    outer loop
      vertex -83.2044 -94.4471 -8
      vertex -83.3618 -93.9479 0
      vertex -83.3618 -93.9479 -8
    endloop
  endfacet
  facet normal -0.953715 -0.300711 0
    outer loop
      vertex -83.3618 -93.9479 0
      vertex -83.2044 -94.4471 -8
      vertex -83.2044 -94.4471 0
    endloop
  endfacet
  facet normal -0.991427 0.130662 0
    outer loop
      vertex -83.0912 -125.042 -8
      vertex -83.0228 -124.523 0
      vertex -83.0228 -124.523 -8
    endloop
  endfacet
  facet normal -0.991427 0.130662 0
    outer loop
      vertex -83.0228 -124.523 0
      vertex -83.0912 -125.042 -8
      vertex -83.0912 -125.042 0
    endloop
  endfacet
  facet normal 0.461599 -0.887089 0
    outer loop
      vertex -94 -90.8038 -8
      vertex -93.5357 -90.5622 0
      vertex -94 -90.8038 0
    endloop
  endfacet
  facet normal 0.461599 -0.887089 0
    outer loop
      vertex -93.5357 -90.5622 0
      vertex -94 -90.8038 -8
      vertex -93.5357 -90.5622 -8
    endloop
  endfacet
  facet normal -0.923821 -0.382824 0
    outer loop
      vertex -83.3618 -93.9479 -8
      vertex -83.5622 -93.4643 0
      vertex -83.5622 -93.4643 -8
    endloop
  endfacet
  facet normal -0.923821 -0.382824 0
    outer loop
      vertex -83.5622 -93.4643 0
      vertex -83.3618 -93.9479 -8
      vertex -83.3618 -93.9479 0
    endloop
  endfacet
  facet normal -0.923933 0.382554 0
    outer loop
      vertex -83.5622 -126.536 -8
      vertex -83.3618 -126.052 0
      vertex -83.3618 -126.052 -8
    endloop
  endfacet
  facet normal -0.923933 0.382554 0
    outer loop
      vertex -83.3618 -126.052 0
      vertex -83.5622 -126.536 -8
      vertex -83.5622 -126.536 0
    endloop
  endfacet
  facet normal 0.923933 0.382554 0
    outer loop
      vertex -96.4378 -126.536 0
      vertex -96.6382 -126.052 -8
      vertex -96.6382 -126.052 0
    endloop
  endfacet
  facet normal 0.923933 0.382554 0
    outer loop
      vertex -96.6382 -126.052 -8
      vertex -96.4378 -126.536 0
      vertex -96.4378 -126.536 -8
    endloop
  endfacet
  facet normal 0.999051 -0.0435616 0
    outer loop
      vertex -97 -96 0
      vertex -96.9772 -95.4771 -8
      vertex -96.9772 -95.4771 0
    endloop
  endfacet
  facet normal 0.999051 -0.0435616 0
    outer loop
      vertex -96.9772 -95.4771 -8
      vertex -97 -96 0
      vertex -97 -96 -8
    endloop
  endfacet
  facet normal -0.536937 0.843622 0
    outer loop
      vertex -85.5585 -128.915 -8
      vertex -86 -129.196 0
      vertex -85.5585 -128.915 0
    endloop
  endfacet
  facet normal -0.536937 0.843622 0
    outer loop
      vertex -86 -129.196 0
      vertex -85.5585 -128.915 -8
      vertex -86 -129.196 -8
    endloop
  endfacet
  facet normal -0.999051 0.0435533 0
    outer loop
      vertex -83.0228 -124.523 -8
      vertex -83 -124 0
      vertex -83 -124 -8
    endloop
  endfacet
  facet normal -0.999051 0.0435533 0
    outer loop
      vertex -83 -124 0
      vertex -83.0228 -124.523 -8
      vertex -83.0228 -124.523 0
    endloop
  endfacet
  facet normal 0.793348 -0.608768 0
    outer loop
      vertex -95.9149 -92.5585 0
      vertex -95.5963 -92.1433 -8
      vertex -95.5963 -92.1433 0
    endloop
  endfacet
  facet normal 0.793348 -0.608768 0
    outer loop
      vertex -95.5963 -92.1433 -8
      vertex -95.9149 -92.5585 0
      vertex -95.9149 -92.5585 -8
    endloop
  endfacet
  facet normal 0.887089 -0.461599 0
    outer loop
      vertex -96.4378 -93.4643 0
      vertex -96.1962 -93 -8
      vertex -96.1962 -93 0
    endloop
  endfacet
  facet normal 0.887089 -0.461599 0
    outer loop
      vertex -96.1962 -93 -8
      vertex -96.4378 -93.4643 0
      vertex -96.4378 -93.4643 -8
    endloop
  endfacet
  facet normal -0.215919 0.976411 0
    outer loop
      vertex -87.4471 -129.796 -8
      vertex -87.9581 -129.909 0
      vertex -87.4471 -129.796 0
    endloop
  endfacet
  facet normal -0.215919 0.976411 0
    outer loop
      vertex -87.9581 -129.909 0
      vertex -87.4471 -129.796 -8
      vertex -87.9581 -129.909 -8
    endloop
  endfacet
  facet normal 1 -0 0
    outer loop
      vertex -97 -124 0
      vertex -97 -96 -8
      vertex -97 -96 0
    endloop
  endfacet
  facet normal 1 0 0
    outer loop
      vertex -97 -96 -8
      vertex -97 -124 0
      vertex -97 -124 -8
    endloop
  endfacet
  facet normal -0.675681 -0.737194 0
    outer loop
      vertex -85.1433 -91.4037 -8
      vertex -84.7574 -91.7574 0
      vertex -85.1433 -91.4037 0
    endloop
  endfacet
  facet normal -0.675681 -0.737194 -0
    outer loop
      vertex -84.7574 -91.7574 0
      vertex -85.1433 -91.4037 -8
      vertex -84.7574 -91.7574 -8
    endloop
  endfacet
  facet normal -0.843086 0.537778 0
    outer loop
      vertex -84.0851 -127.441 -8
      vertex -83.8038 -127 0
      vertex -83.8038 -127 -8
    endloop
  endfacet
  facet normal -0.843086 0.537778 0
    outer loop
      vertex -83.8038 -127 0
      vertex -84.0851 -127.441 -8
      vertex -84.0851 -127.441 0
    endloop
  endfacet
  facet normal -1 0 0
    outer loop
      vertex -83 -124 -8
      vertex -83 -96 0
      vertex -83 -96 -8
    endloop
  endfacet
  facet normal -1 -0 0
    outer loop
      vertex -83 -96 0
      vertex -83 -124 -8
      vertex -83 -124 0
    endloop
  endfacet
  facet normal -0.999051 -0.0435616 0
    outer loop
      vertex -83 -96 -8
      vertex -83.0228 -95.4771 0
      vertex -83.0228 -95.4771 -8
    endloop
  endfacet
  facet normal -0.999051 -0.0435616 0
    outer loop
      vertex -83.0228 -95.4771 0
      vertex -83 -96 -8
      vertex -83 -96 0
    endloop
  endfacet
  facet normal 0.953681 0.30082 0
    outer loop
      vertex -96.6382 -126.052 0
      vertex -96.7956 -125.553 -8
      vertex -96.7956 -125.553 0
    endloop
  endfacet
  facet normal 0.953681 0.30082 0
    outer loop
      vertex -96.7956 -125.553 -8
      vertex -96.6382 -126.052 0
      vertex -96.6382 -126.052 -8
    endloop
  endfacet
  facet normal -0.674954 0.73786 0
    outer loop
      vertex -84.7574 -128.243 -8
      vertex -85.1433 -128.596 0
      vertex -84.7574 -128.243 0
    endloop
  endfacet
  facet normal -0.674954 0.73786 0
    outer loop
      vertex -85.1433 -128.596 0
      vertex -84.7574 -128.243 -8
      vertex -85.1433 -128.596 -8
    endloop
  endfacet
  facet normal 0.301753 0.953386 -0
    outer loop
      vertex -92.5529 -129.796 -8
      vertex -93.0521 -129.638 0
      vertex -92.5529 -129.796 0
    endloop
  endfacet
  facet normal 0.301753 0.953386 0
    outer loop
      vertex -93.0521 -129.638 0
      vertex -92.5529 -129.796 -8
      vertex -93.0521 -129.638 -8
    endloop
  endfacet
  facet normal -0.737281 0.675586 0
    outer loop
      vertex -84.7574 -128.243 -8
      vertex -84.4037 -127.857 0
      vertex -84.4037 -127.857 -8
    endloop
  endfacet
  facet normal -0.737281 0.675586 0
    outer loop
      vertex -84.4037 -127.857 0
      vertex -84.7574 -128.243 -8
      vertex -84.7574 -128.243 0
    endloop
  endfacet
  facet normal -0.301753 0.953386 0
    outer loop
      vertex -86.9479 -129.638 -8
      vertex -87.4471 -129.796 0
      vertex -86.9479 -129.638 0
    endloop
  endfacet
  facet normal -0.301753 0.953386 0
    outer loop
      vertex -87.4471 -129.796 0
      vertex -86.9479 -129.638 -8
      vertex -87.4471 -129.796 -8
    endloop
  endfacet
  facet normal 0.737281 0.675586 0
    outer loop
      vertex -95.2426 -128.243 0
      vertex -95.5963 -127.857 -8
      vertex -95.5963 -127.857 0
    endloop
  endfacet
  facet normal 0.737281 0.675586 0
    outer loop
      vertex -95.5963 -127.857 -8
      vertex -95.2426 -128.243 0
      vertex -95.2426 -128.243 -8
    endloop
  endfacet
  facet normal 0.976331 -0.216283 0
    outer loop
      vertex -96.9088 -94.9581 0
      vertex -96.7956 -94.4471 -8
      vertex -96.7956 -94.4471 0
    endloop
  endfacet
  facet normal 0.976331 -0.216283 0
    outer loop
      vertex -96.7956 -94.4471 -8
      vertex -96.9088 -94.9581 0
      vertex -96.9088 -94.9581 -8
    endloop
  endfacet
  facet normal 0.923821 -0.382824 0
    outer loop
      vertex -96.6382 -93.9479 0
      vertex -96.4378 -93.4643 -8
      vertex -96.4378 -93.4643 0
    endloop
  endfacet
  facet normal 0.923821 -0.382824 0
    outer loop
      vertex -96.4378 -93.4643 -8
      vertex -96.6382 -93.9479 0
      vertex -96.6382 -93.9479 -8
    endloop
  endfacet
  facet normal 0.793913 0.608031 0
    outer loop
      vertex -95.5963 -127.857 0
      vertex -95.9149 -127.441 -8
      vertex -95.9149 -127.441 0
    endloop
  endfacet
  facet normal 0.793913 0.608031 0
    outer loop
      vertex -95.9149 -127.441 -8
      vertex -95.5963 -127.857 0
      vertex -95.5963 -127.857 -8
    endloop
  endfacet
  facet normal -0.382172 0.924091 0
    outer loop
      vertex -86.4643 -129.438 -8
      vertex -86.9479 -129.638 0
      vertex -86.4643 -129.438 0
    endloop
  endfacet
  facet normal -0.382172 0.924091 0
    outer loop
      vertex -86.9479 -129.638 0
      vertex -86.4643 -129.438 -8
      vertex -86.9479 -129.638 -8
    endloop
  endfacet
  facet normal -0.300711 -0.953715 0
    outer loop
      vertex -87.4471 -90.2044 -8
      vertex -86.9479 -90.3618 0
      vertex -87.4471 -90.2044 0
    endloop
  endfacet
  facet normal -0.300711 -0.953715 -0
    outer loop
      vertex -86.9479 -90.3618 0
      vertex -87.4471 -90.2044 -8
      vertex -86.9479 -90.3618 -8
    endloop
  endfacet
  facet normal -0.216283 -0.976331 0
    outer loop
      vertex -87.9581 -90.0912 -8
      vertex -87.4471 -90.2044 0
      vertex -87.9581 -90.0912 0
    endloop
  endfacet
  facet normal -0.216283 -0.976331 -0
    outer loop
      vertex -87.4471 -90.2044 0
      vertex -87.9581 -90.0912 -8
      vertex -87.4471 -90.2044 -8
    endloop
  endfacet
  facet normal 0.608768 -0.793348 0
    outer loop
      vertex -94.8567 -91.4037 -8
      vertex -94.4415 -91.0851 0
      vertex -94.8567 -91.4037 0
    endloop
  endfacet
  facet normal 0.608768 -0.793348 0
    outer loop
      vertex -94.4415 -91.0851 0
      vertex -94.8567 -91.4037 -8
      vertex -94.4415 -91.0851 -8
    endloop
  endfacet
  facet normal 0.215919 0.976411 -0
    outer loop
      vertex -92.0419 -129.909 -8
      vertex -92.5529 -129.796 0
      vertex -92.0419 -129.909 0
    endloop
  endfacet
  facet normal 0.215919 0.976411 0
    outer loop
      vertex -92.5529 -129.796 0
      vertex -92.0419 -129.909 -8
      vertex -92.5529 -129.796 -8
    endloop
  endfacet
  facet normal 0.675681 -0.737194 0
    outer loop
      vertex -95.2426 -91.7574 -8
      vertex -94.8567 -91.4037 0
      vertex -95.2426 -91.7574 0
    endloop
  endfacet
  facet normal 0.675681 -0.737194 0
    outer loop
      vertex -94.8567 -91.4037 0
      vertex -95.2426 -91.7574 -8
      vertex -94.8567 -91.4037 -8
    endloop
  endfacet
  facet normal -0.793913 0.608031 0
    outer loop
      vertex -84.4037 -127.857 -8
      vertex -84.0851 -127.441 0
      vertex -84.0851 -127.441 -8
    endloop
  endfacet
  facet normal -0.793913 0.608031 0
    outer loop
      vertex -84.0851 -127.441 0
      vertex -84.4037 -127.857 -8
      vertex -84.4037 -127.857 0
    endloop
  endfacet
  facet normal -0.737194 -0.675681 0
    outer loop
      vertex -84.4037 -92.1433 -8
      vertex -84.7574 -91.7574 0
      vertex -84.7574 -91.7574 -8
    endloop
  endfacet
  facet normal -0.737194 -0.675681 0
    outer loop
      vertex -84.7574 -91.7574 0
      vertex -84.4037 -92.1433 -8
      vertex -84.4037 -92.1433 0
    endloop
  endfacet
  facet normal 0.991427 0.130662 0
    outer loop
      vertex -96.9088 -125.042 0
      vertex -96.9772 -124.523 -8
      vertex -96.9772 -124.523 0
    endloop
  endfacet
  facet normal 0.991427 0.130662 0
    outer loop
      vertex -96.9772 -124.523 -8
      vertex -96.9088 -125.042 0
      vertex -96.9088 -125.042 -8
    endloop
  endfacet
  facet normal -0.461599 -0.887089 0
    outer loop
      vertex -86.4643 -90.5622 -8
      vertex -86 -90.8038 0
      vertex -86.4643 -90.5622 0
    endloop
  endfacet
  facet normal -0.461599 -0.887089 -0
    outer loop
      vertex -86 -90.8038 0
      vertex -86.4643 -90.5622 -8
      vertex -86 -90.8038 -8
    endloop
  endfacet
  facet normal -0.793348 -0.608768 0
    outer loop
      vertex -84.0851 -92.5585 -8
      vertex -84.4037 -92.1433 0
      vertex -84.4037 -92.1433 -8
    endloop
  endfacet
  facet normal -0.793348 -0.608768 0
    outer loop
      vertex -84.4037 -92.1433 0
      vertex -84.0851 -92.5585 -8
      vertex -84.0851 -92.5585 0
    endloop
  endfacet
  facet normal -0.537345 -0.843362 0
    outer loop
      vertex -86 -90.8038 -8
      vertex -85.5585 -91.0851 0
      vertex -86 -90.8038 0
    endloop
  endfacet
  facet normal -0.537345 -0.843362 -0
    outer loop
      vertex -85.5585 -91.0851 0
      vertex -86 -90.8038 -8
      vertex -85.5585 -91.0851 -8
    endloop
  endfacet
  facet normal -0.608768 -0.793348 0
    outer loop
      vertex -85.5585 -91.0851 -8
      vertex -85.1433 -91.4037 0
      vertex -85.5585 -91.0851 0
    endloop
  endfacet
  facet normal -0.608768 -0.793348 -0
    outer loop
      vertex -85.1433 -91.4037 0
      vertex -85.5585 -91.0851 -8
      vertex -85.1433 -91.4037 -8
    endloop
  endfacet
  facet normal -0.887089 -0.461599 0
    outer loop
      vertex -83.5622 -93.4643 -8
      vertex -83.8038 -93 0
      vertex -83.8038 -93 -8
    endloop
  endfacet
  facet normal -0.887089 -0.461599 0
    outer loop
      vertex -83.8038 -93 0
      vertex -83.5622 -93.4643 -8
      vertex -83.5622 -93.4643 0
    endloop
  endfacet
  facet normal 0.300711 -0.953715 0
    outer loop
      vertex -93.0521 -90.3618 -8
      vertex -92.5529 -90.2044 0
      vertex -93.0521 -90.3618 0
    endloop
  endfacet
  facet normal 0.300711 -0.953715 0
    outer loop
      vertex -92.5529 -90.2044 0
      vertex -93.0521 -90.3618 -8
      vertex -92.5529 -90.2044 -8
    endloop
  endfacet
  facet normal 0.382824 -0.923821 0
    outer loop
      vertex -93.5357 -90.5622 -8
      vertex -93.0521 -90.3618 0
      vertex -93.5357 -90.5622 0
    endloop
  endfacet
  facet normal 0.382824 -0.923821 0
    outer loop
      vertex -93.0521 -90.3618 0
      vertex -93.5357 -90.5622 -8
      vertex -93.0521 -90.3618 -8
    endloop
  endfacet
  facet normal 0.886966 0.461834 0
    outer loop
      vertex -96.1962 -127 0
      vertex -96.4378 -126.536 -8
      vertex -96.4378 -126.536 0
    endloop
  endfacet
  facet normal 0.886966 0.461834 0
    outer loop
      vertex -96.4378 -126.536 -8
      vertex -96.1962 -127 0
      vertex -96.1962 -127 -8
    endloop
  endfacet
  facet normal 0 1 -0
    outer loop
      vertex -89 -130 -8
      vertex -91 -130 0
      vertex -89 -130 0
    endloop
  endfacet
  facet normal 0 1 0
    outer loop
      vertex -91 -130 0
      vertex -89 -130 -8
      vertex -91 -130 -8
    endloop
  endfacet
  facet normal 0.0435616 -0.999051 0
    outer loop
      vertex -91.5229 -90.0228 -8
      vertex -91 -90 0
      vertex -91.5229 -90.0228 0
    endloop
  endfacet
  facet normal 0.0435616 -0.999051 0
    outer loop
      vertex -91 -90 0
      vertex -91.5229 -90.0228 -8
      vertex -91 -90 -8
    endloop
  endfacet
  facet normal 0.843086 0.537778 0
    outer loop
      vertex -95.9149 -127.441 0
      vertex -96.1962 -127 -8
      vertex -96.1962 -127 0
    endloop
  endfacet
  facet normal 0.843086 0.537778 0
    outer loop
      vertex -96.1962 -127 -8
      vertex -95.9149 -127.441 0
      vertex -95.9149 -127.441 -8
    endloop
  endfacet
  facet normal -0.043943 0.999034 0
    outer loop
      vertex -88.4771 -129.977 -8
      vertex -89 -130 0
      vertex -88.4771 -129.977 0
    endloop
  endfacet
  facet normal -0.043943 0.999034 0
    outer loop
      vertex -89 -130 0
      vertex -88.4771 -129.977 -8
      vertex -89 -130 -8
    endloop
  endfacet
  facet normal -0.886966 0.461834 0
    outer loop
      vertex -83.8038 -127 -8
      vertex -83.5622 -126.536 0
      vertex -83.5622 -126.536 -8
    endloop
  endfacet
  facet normal -0.886966 0.461834 0
    outer loop
      vertex -83.5622 -126.536 0
      vertex -83.8038 -127 -8
      vertex -83.8038 -127 0
    endloop
  endfacet
  facet normal -0.382824 -0.923821 0
    outer loop
      vertex -86.9479 -90.3618 -8
      vertex -86.4643 -90.5622 0
      vertex -86.9479 -90.3618 0
    endloop
  endfacet
  facet normal -0.382824 -0.923821 -0
    outer loop
      vertex -86.4643 -90.5622 0
      vertex -86.9479 -90.3618 -8
      vertex -86.4643 -90.5622 -8
    endloop
  endfacet
  facet normal 0 -1 0
    outer loop
      vertex -91 -90 -8
      vertex -89 -90 0
      vertex -91 -90 0
    endloop
  endfacet
  facet normal 0 -1 -0
    outer loop
      vertex -89 -90 0
      vertex -91 -90 -8
      vertex -89 -90 -8
    endloop
  endfacet
  facet normal -0.4622 0.886775 0
    outer loop
      vertex -86 -129.196 -8
      vertex -86.4643 -129.438 0
      vertex -86 -129.196 0
    endloop
  endfacet
  facet normal -0.4622 0.886775 0
    outer loop
      vertex -86.4643 -129.438 0
      vertex -86 -129.196 -8
      vertex -86.4643 -129.438 -8
    endloop
  endfacet
  facet normal 0.537345 -0.843362 0
    outer loop
      vertex -94.4415 -91.0851 -8
      vertex -94 -90.8038 0
      vertex -94.4415 -91.0851 0
    endloop
  endfacet
  facet normal 0.537345 -0.843362 0
    outer loop
      vertex -94 -90.8038 0
      vertex -94.4415 -91.0851 -8
      vertex -94 -90.8038 -8
    endloop
  endfacet
  facet normal -0.976331 0.216283 0
    outer loop
      vertex -83.2044 -125.553 -8
      vertex -83.0912 -125.042 0
      vertex -83.0912 -125.042 -8
    endloop
  endfacet
  facet normal -0.976331 0.216283 0
    outer loop
      vertex -83.0912 -125.042 0
      vertex -83.2044 -125.553 -8
      vertex -83.2044 -125.553 0
    endloop
  endfacet
  facet normal -0.991427 -0.130662 0
    outer loop
      vertex -83.0228 -95.4771 -8
      vertex -83.0912 -94.9581 0
      vertex -83.0912 -94.9581 -8
    endloop
  endfacet
  facet normal -0.991427 -0.130662 0
    outer loop
      vertex -83.0912 -94.9581 0
      vertex -83.0228 -95.4771 -8
      vertex -83.0228 -95.4771 0
    endloop
  endfacet
  facet normal -0.843362 -0.537345 0
    outer loop
      vertex -83.8038 -93 -8
      vertex -84.0851 -92.5585 0
      vertex -84.0851 -92.5585 -8
    endloop
  endfacet
  facet normal -0.843362 -0.537345 0
    outer loop
      vertex -84.0851 -92.5585 0
      vertex -83.8038 -93 -8
      vertex -83.8038 -93 0
    endloop
  endfacet
  facet normal 0.843362 -0.537345 0
    outer loop
      vertex -96.1962 -93 0
      vertex -95.9149 -92.5585 -8
      vertex -95.9149 -92.5585 0
    endloop
  endfacet
  facet normal 0.843362 -0.537345 0
    outer loop
      vertex -95.9149 -92.5585 -8
      vertex -96.1962 -93 0
      vertex -96.1962 -93 -8
    endloop
  endfacet
  facet normal 0.130662 -0.991427 0
    outer loop
      vertex -92.0419 -90.0912 -8
      vertex -91.5229 -90.0228 0
      vertex -92.0419 -90.0912 0
    endloop
  endfacet
  facet normal 0.130662 -0.991427 0
    outer loop
      vertex -91.5229 -90.0228 0
      vertex -92.0419 -90.0912 -8
      vertex -91.5229 -90.0228 -8
    endloop
  endfacet
  facet normal 0.216283 -0.976331 0
    outer loop
      vertex -92.5529 -90.2044 -8
      vertex -92.0419 -90.0912 0
      vertex -92.5529 -90.2044 0
    endloop
  endfacet
  facet normal 0.216283 -0.976331 0
    outer loop
      vertex -92.0419 -90.0912 0
      vertex -92.5529 -90.2044 -8
      vertex -92.0419 -90.0912 -8
    endloop
  endfacet
  facet normal 0.536937 0.843622 -0
    outer loop
      vertex -94 -129.196 -8
      vertex -94.4415 -128.915 0
      vertex -94 -129.196 0
    endloop
  endfacet
  facet normal 0.536937 0.843622 0
    outer loop
      vertex -94.4415 -128.915 0
      vertex -94 -129.196 -8
      vertex -94.4415 -128.915 -8
    endloop
  endfacet
  facet normal 0.4622 0.886775 -0
    outer loop
      vertex -93.5357 -129.438 -8
      vertex -94 -129.196 0
      vertex -93.5357 -129.438 0
    endloop
  endfacet
  facet normal 0.4622 0.886775 0
    outer loop
      vertex -94 -129.196 0
      vertex -93.5357 -129.438 -8
      vertex -94 -129.196 -8
    endloop
  endfacet
  facet normal -0.976331 -0.216283 0
    outer loop
      vertex -83.0912 -94.9581 -8
      vertex -83.2044 -94.4471 0
      vertex -83.2044 -94.4471 -8
    endloop
  endfacet
  facet normal -0.976331 -0.216283 0
    outer loop
      vertex -83.2044 -94.4471 0
      vertex -83.0912 -94.9581 -8
      vertex -83.0912 -94.9581 0
    endloop
  endfacet
  facet normal 0.129911 0.991526 -0
    outer loop
      vertex -91.5229 -129.977 -8
      vertex -92.0419 -129.909 0
      vertex -91.5229 -129.977 0
    endloop
  endfacet
  facet normal 0.129911 0.991526 0
    outer loop
      vertex -92.0419 -129.909 0
      vertex -91.5229 -129.977 -8
      vertex -92.0419 -129.909 -8
    endloop
  endfacet
  facet normal 0.953715 -0.300711 0
    outer loop
      vertex -96.7956 -94.4471 0
      vertex -96.6382 -93.9479 -8
      vertex -96.6382 -93.9479 0
    endloop
  endfacet
  facet normal 0.953715 -0.300711 0
    outer loop
      vertex -96.6382 -93.9479 -8
      vertex -96.7956 -94.4471 0
      vertex -96.7956 -94.4471 -8
    endloop
  endfacet
  facet normal 0.991427 -0.130662 0
    outer loop
      vertex -96.9772 -95.4771 0
      vertex -96.9088 -94.9581 -8
      vertex -96.9088 -94.9581 0
    endloop
  endfacet
  facet normal 0.991427 -0.130662 0
    outer loop
      vertex -96.9088 -94.9581 -8
      vertex -96.9772 -95.4771 0
      vertex -96.9772 -95.4771 -8
    endloop
  endfacet
  facet normal -0.129911 0.991526 0
    outer loop
      vertex -87.9581 -129.909 -8
      vertex -88.4771 -129.977 0
      vertex -87.9581 -129.909 0
    endloop
  endfacet
  facet normal -0.129911 0.991526 0
    outer loop
      vertex -88.4771 -129.977 0
      vertex -87.9581 -129.909 -8
      vertex -88.4771 -129.977 -8
    endloop
  endfacet
  facet normal -0.130662 -0.991427 0
    outer loop
      vertex -88.4771 -90.0228 -8
      vertex -87.9581 -90.0912 0
      vertex -88.4771 -90.0228 0
    endloop
  endfacet
  facet normal -0.130662 -0.991427 -0
    outer loop
      vertex -87.9581 -90.0912 0
      vertex -88.4771 -90.0228 -8
      vertex -87.9581 -90.0912 -8
    endloop
  endfacet
  facet normal 0.976331 0.216283 0
    outer loop
      vertex 83.2044 -125.553 0
      vertex 83.0912 -125.042 -8
      vertex 83.0912 -125.042 0
    endloop
  endfacet
  facet normal 0.976331 0.216283 0
    outer loop
      vertex 83.0912 -125.042 -8
      vertex 83.2044 -125.553 0
      vertex 83.2044 -125.553 -8
    endloop
  endfacet
  facet normal 0.043943 0.999034 -0
    outer loop
      vertex 89 -130 -8
      vertex 88.4771 -129.977 0
      vertex 89 -130 0
    endloop
  endfacet
  facet normal 0.043943 0.999034 0
    outer loop
      vertex 88.4771 -129.977 0
      vertex 89 -130 -8
      vertex 88.4771 -129.977 -8
    endloop
  endfacet
  facet normal 0.382172 0.924091 -0
    outer loop
      vertex 86.9479 -129.638 -8
      vertex 86.4643 -129.438 0
      vertex 86.9479 -129.638 0
    endloop
  endfacet
  facet normal 0.382172 0.924091 0
    outer loop
      vertex 86.4643 -129.438 0
      vertex 86.9479 -129.638 -8
      vertex 86.4643 -129.438 -8
    endloop
  endfacet
  facet normal 0.999051 0.0435533 0
    outer loop
      vertex 83.0228 -124.523 0
      vertex 83 -124 -8
      vertex 83 -124 0
    endloop
  endfacet
  facet normal 0.999051 0.0435533 0
    outer loop
      vertex 83 -124 -8
      vertex 83.0228 -124.523 0
      vertex 83.0228 -124.523 -8
    endloop
  endfacet
  facet normal 0.674954 0.73786 -0
    outer loop
      vertex 85.1433 -128.596 -8
      vertex 84.7574 -128.243 0
      vertex 85.1433 -128.596 0
    endloop
  endfacet
  facet normal 0.674954 0.73786 0
    outer loop
      vertex 84.7574 -128.243 0
      vertex 85.1433 -128.596 -8
      vertex 84.7574 -128.243 -8
    endloop
  endfacet
  facet normal 0.737194 -0.675681 0
    outer loop
      vertex 84.4037 -92.1433 0
      vertex 84.7574 -91.7574 -8
      vertex 84.7574 -91.7574 0
    endloop
  endfacet
  facet normal 0.737194 -0.675681 0
    outer loop
      vertex 84.7574 -91.7574 -8
      vertex 84.4037 -92.1433 0
      vertex 84.4037 -92.1433 -8
    endloop
  endfacet
  facet normal -0.0435616 -0.999051 0
    outer loop
      vertex 91 -90 -8
      vertex 91.5229 -90.0228 0
      vertex 91 -90 0
    endloop
  endfacet
  facet normal -0.0435616 -0.999051 -0
    outer loop
      vertex 91.5229 -90.0228 0
      vertex 91 -90 -8
      vertex 91.5229 -90.0228 -8
    endloop
  endfacet
  facet normal -0.609249 0.792979 0
    outer loop
      vertex 94.8567 -128.596 -8
      vertex 94.4415 -128.915 0
      vertex 94.8567 -128.596 0
    endloop
  endfacet
  facet normal -0.609249 0.792979 0
    outer loop
      vertex 94.4415 -128.915 0
      vertex 94.8567 -128.596 -8
      vertex 94.4415 -128.915 -8
    endloop
  endfacet
  facet normal -0.953681 0.30082 0
    outer loop
      vertex 96.6382 -126.052 -8
      vertex 96.7956 -125.553 0
      vertex 96.7956 -125.553 -8
    endloop
  endfacet
  facet normal -0.953681 0.30082 0
    outer loop
      vertex 96.7956 -125.553 0
      vertex 96.6382 -126.052 -8
      vertex 96.6382 -126.052 0
    endloop
  endfacet
  facet normal 0.609249 0.792979 -0
    outer loop
      vertex 85.5585 -128.915 -8
      vertex 85.1433 -128.596 0
      vertex 85.5585 -128.915 0
    endloop
  endfacet
  facet normal 0.609249 0.792979 0
    outer loop
      vertex 85.1433 -128.596 0
      vertex 85.5585 -128.915 -8
      vertex 85.1433 -128.596 -8
    endloop
  endfacet
  facet normal -0.953715 -0.300711 0
    outer loop
      vertex 96.7956 -94.4471 -8
      vertex 96.6382 -93.9479 0
      vertex 96.6382 -93.9479 -8
    endloop
  endfacet
  facet normal -0.953715 -0.300711 0
    outer loop
      vertex 96.6382 -93.9479 0
      vertex 96.7956 -94.4471 -8
      vertex 96.7956 -94.4471 0
    endloop
  endfacet
  facet normal -0.991427 0.130662 0
    outer loop
      vertex 96.9088 -125.042 -8
      vertex 96.9772 -124.523 0
      vertex 96.9772 -124.523 -8
    endloop
  endfacet
  facet normal -0.991427 0.130662 0
    outer loop
      vertex 96.9772 -124.523 0
      vertex 96.9088 -125.042 -8
      vertex 96.9088 -125.042 0
    endloop
  endfacet
  facet normal 0.461599 -0.887089 0
    outer loop
      vertex 86 -90.8038 -8
      vertex 86.4643 -90.5622 0
      vertex 86 -90.8038 0
    endloop
  endfacet
  facet normal 0.461599 -0.887089 0
    outer loop
      vertex 86.4643 -90.5622 0
      vertex 86 -90.8038 -8
      vertex 86.4643 -90.5622 -8
    endloop
  endfacet
  facet normal -0.923821 -0.382824 0
    outer loop
      vertex 96.6382 -93.9479 -8
      vertex 96.4378 -93.4643 0
      vertex 96.4378 -93.4643 -8
    endloop
  endfacet
  facet normal -0.923821 -0.382824 0
    outer loop
      vertex 96.4378 -93.4643 0
      vertex 96.6382 -93.9479 -8
      vertex 96.6382 -93.9479 0
    endloop
  endfacet
  facet normal -0.923933 0.382554 0
    outer loop
      vertex 96.4378 -126.536 -8
      vertex 96.6382 -126.052 0
      vertex 96.6382 -126.052 -8
    endloop
  endfacet
  facet normal -0.923933 0.382554 0
    outer loop
      vertex 96.6382 -126.052 0
      vertex 96.4378 -126.536 -8
      vertex 96.4378 -126.536 0
    endloop
  endfacet
  facet normal 0.923933 0.382554 0
    outer loop
      vertex 83.5622 -126.536 0
      vertex 83.3618 -126.052 -8
      vertex 83.3618 -126.052 0
    endloop
  endfacet
  facet normal 0.923933 0.382554 0
    outer loop
      vertex 83.3618 -126.052 -8
      vertex 83.5622 -126.536 0
      vertex 83.5622 -126.536 -8
    endloop
  endfacet
  facet normal 0.999051 -0.0435616 0
    outer loop
      vertex 83 -96 0
      vertex 83.0228 -95.4771 -8
      vertex 83.0228 -95.4771 0
    endloop
  endfacet
  facet normal 0.999051 -0.0435616 0
    outer loop
      vertex 83.0228 -95.4771 -8
      vertex 83 -96 0
      vertex 83 -96 -8
    endloop
  endfacet
  facet normal -0.536937 0.843622 0
    outer loop
      vertex 94.4415 -128.915 -8
      vertex 94 -129.196 0
      vertex 94.4415 -128.915 0
    endloop
  endfacet
  facet normal -0.536937 0.843622 0
    outer loop
      vertex 94 -129.196 0
      vertex 94.4415 -128.915 -8
      vertex 94 -129.196 -8
    endloop
  endfacet
  facet normal -0.999051 0.0435533 0
    outer loop
      vertex 96.9772 -124.523 -8
      vertex 97 -124 0
      vertex 97 -124 -8
    endloop
  endfacet
  facet normal -0.999051 0.0435533 0
    outer loop
      vertex 97 -124 0
      vertex 96.9772 -124.523 -8
      vertex 96.9772 -124.523 0
    endloop
  endfacet
  facet normal 0.793348 -0.608768 0
    outer loop
      vertex 84.0851 -92.5585 0
      vertex 84.4037 -92.1433 -8
      vertex 84.4037 -92.1433 0
    endloop
  endfacet
  facet normal 0.793348 -0.608768 0
    outer loop
      vertex 84.4037 -92.1433 -8
      vertex 84.0851 -92.5585 0
      vertex 84.0851 -92.5585 -8
    endloop
  endfacet
  facet normal 0.887089 -0.461599 0
    outer loop
      vertex 83.5622 -93.4643 0
      vertex 83.8038 -93 -8
      vertex 83.8038 -93 0
    endloop
  endfacet
  facet normal 0.887089 -0.461599 0
    outer loop
      vertex 83.8038 -93 -8
      vertex 83.5622 -93.4643 0
      vertex 83.5622 -93.4643 -8
    endloop
  endfacet
  facet normal -0.215919 0.976411 0
    outer loop
      vertex 92.5529 -129.796 -8
      vertex 92.0419 -129.909 0
      vertex 92.5529 -129.796 0
    endloop
  endfacet
  facet normal -0.215919 0.976411 0
    outer loop
      vertex 92.0419 -129.909 0
      vertex 92.5529 -129.796 -8
      vertex 92.0419 -129.909 -8
    endloop
  endfacet
  facet normal 1 -0 0
    outer loop
      vertex 83 -124 0
      vertex 83 -96 -8
      vertex 83 -96 0
    endloop
  endfacet
  facet normal 1 0 0
    outer loop
      vertex 83 -96 -8
      vertex 83 -124 0
      vertex 83 -124 -8
    endloop
  endfacet
  facet normal -0.675681 -0.737194 0
    outer loop
      vertex 94.8567 -91.4037 -8
      vertex 95.2426 -91.7574 0
      vertex 94.8567 -91.4037 0
    endloop
  endfacet
  facet normal -0.675681 -0.737194 -0
    outer loop
      vertex 95.2426 -91.7574 0
      vertex 94.8567 -91.4037 -8
      vertex 95.2426 -91.7574 -8
    endloop
  endfacet
  facet normal -0.843086 0.537778 0
    outer loop
      vertex 95.9149 -127.441 -8
      vertex 96.1962 -127 0
      vertex 96.1962 -127 -8
    endloop
  endfacet
  facet normal -0.843086 0.537778 0
    outer loop
      vertex 96.1962 -127 0
      vertex 95.9149 -127.441 -8
      vertex 95.9149 -127.441 0
    endloop
  endfacet
  facet normal -1 0 0
    outer loop
      vertex 97 -124 -8
      vertex 97 -96 0
      vertex 97 -96 -8
    endloop
  endfacet
  facet normal -1 -0 0
    outer loop
      vertex 97 -96 0
      vertex 97 -124 -8
      vertex 97 -124 0
    endloop
  endfacet
  facet normal -0.999051 -0.0435616 0
    outer loop
      vertex 97 -96 -8
      vertex 96.9772 -95.4771 0
      vertex 96.9772 -95.4771 -8
    endloop
  endfacet
  facet normal -0.999051 -0.0435616 0
    outer loop
      vertex 96.9772 -95.4771 0
      vertex 97 -96 -8
      vertex 97 -96 0
    endloop
  endfacet
  facet normal 0.953681 0.30082 0
    outer loop
      vertex 83.3618 -126.052 0
      vertex 83.2044 -125.553 -8
      vertex 83.2044 -125.553 0
    endloop
  endfacet
  facet normal 0.953681 0.30082 0
    outer loop
      vertex 83.2044 -125.553 -8
      vertex 83.3618 -126.052 0
      vertex 83.3618 -126.052 -8
    endloop
  endfacet
  facet normal -0.674954 0.73786 0
    outer loop
      vertex 95.2426 -128.243 -8
      vertex 94.8567 -128.596 0
      vertex 95.2426 -128.243 0
    endloop
  endfacet
  facet normal -0.674954 0.73786 0
    outer loop
      vertex 94.8567 -128.596 0
      vertex 95.2426 -128.243 -8
      vertex 94.8567 -128.596 -8
    endloop
  endfacet
  facet normal 0.301753 0.953386 -0
    outer loop
      vertex 87.4471 -129.796 -8
      vertex 86.9479 -129.638 0
      vertex 87.4471 -129.796 0
    endloop
  endfacet
  facet normal 0.301753 0.953386 0
    outer loop
      vertex 86.9479 -129.638 0
      vertex 87.4471 -129.796 -8
      vertex 86.9479 -129.638 -8
    endloop
  endfacet
  facet normal -0.737281 0.675586 0
    outer loop
      vertex 95.2426 -128.243 -8
      vertex 95.5963 -127.857 0
      vertex 95.5963 -127.857 -8
    endloop
  endfacet
  facet normal -0.737281 0.675586 0
    outer loop
      vertex 95.5963 -127.857 0
      vertex 95.2426 -128.243 -8
      vertex 95.2426 -128.243 0
    endloop
  endfacet
  facet normal -0.301753 0.953386 0
    outer loop
      vertex 93.0521 -129.638 -8
      vertex 92.5529 -129.796 0
      vertex 93.0521 -129.638 0
    endloop
  endfacet
  facet normal -0.301753 0.953386 0
    outer loop
      vertex 92.5529 -129.796 0
      vertex 93.0521 -129.638 -8
      vertex 92.5529 -129.796 -8
    endloop
  endfacet
  facet normal 0.737281 0.675586 0
    outer loop
      vertex 84.7574 -128.243 0
      vertex 84.4037 -127.857 -8
      vertex 84.4037 -127.857 0
    endloop
  endfacet
  facet normal 0.737281 0.675586 0
    outer loop
      vertex 84.4037 -127.857 -8
      vertex 84.7574 -128.243 0
      vertex 84.7574 -128.243 -8
    endloop
  endfacet
  facet normal 0.976331 -0.216283 0
    outer loop
      vertex 83.0912 -94.9581 0
      vertex 83.2044 -94.4471 -8
      vertex 83.2044 -94.4471 0
    endloop
  endfacet
  facet normal 0.976331 -0.216283 0
    outer loop
      vertex 83.2044 -94.4471 -8
      vertex 83.0912 -94.9581 0
      vertex 83.0912 -94.9581 -8
    endloop
  endfacet
  facet normal 0.923821 -0.382824 0
    outer loop
      vertex 83.3618 -93.9479 0
      vertex 83.5622 -93.4643 -8
      vertex 83.5622 -93.4643 0
    endloop
  endfacet
  facet normal 0.923821 -0.382824 0
    outer loop
      vertex 83.5622 -93.4643 -8
      vertex 83.3618 -93.9479 0
      vertex 83.3618 -93.9479 -8
    endloop
  endfacet
  facet normal 0.793913 0.608031 0
    outer loop
      vertex 84.4037 -127.857 0
      vertex 84.0851 -127.441 -8
      vertex 84.0851 -127.441 0
    endloop
  endfacet
  facet normal 0.793913 0.608031 0
    outer loop
      vertex 84.0851 -127.441 -8
      vertex 84.4037 -127.857 0
      vertex 84.4037 -127.857 -8
    endloop
  endfacet
  facet normal -0.382172 0.924091 0
    outer loop
      vertex 93.5357 -129.438 -8
      vertex 93.0521 -129.638 0
      vertex 93.5357 -129.438 0
    endloop
  endfacet
  facet normal -0.382172 0.924091 0
    outer loop
      vertex 93.0521 -129.638 0
      vertex 93.5357 -129.438 -8
      vertex 93.0521 -129.638 -8
    endloop
  endfacet
  facet normal -0.300711 -0.953715 0
    outer loop
      vertex 92.5529 -90.2044 -8
      vertex 93.0521 -90.3618 0
      vertex 92.5529 -90.2044 0
    endloop
  endfacet
  facet normal -0.300711 -0.953715 -0
    outer loop
      vertex 93.0521 -90.3618 0
      vertex 92.5529 -90.2044 -8
      vertex 93.0521 -90.3618 -8
    endloop
  endfacet
  facet normal -0.216283 -0.976331 0
    outer loop
      vertex 92.0419 -90.0912 -8
      vertex 92.5529 -90.2044 0
      vertex 92.0419 -90.0912 0
    endloop
  endfacet
  facet normal -0.216283 -0.976331 -0
    outer loop
      vertex 92.5529 -90.2044 0
      vertex 92.0419 -90.0912 -8
      vertex 92.5529 -90.2044 -8
    endloop
  endfacet
  facet normal 0.608768 -0.793348 0
    outer loop
      vertex 85.1433 -91.4037 -8
      vertex 85.5585 -91.0851 0
      vertex 85.1433 -91.4037 0
    endloop
  endfacet
  facet normal 0.608768 -0.793348 0
    outer loop
      vertex 85.5585 -91.0851 0
      vertex 85.1433 -91.4037 -8
      vertex 85.5585 -91.0851 -8
    endloop
  endfacet
  facet normal 0.215919 0.976411 -0
    outer loop
      vertex 87.9581 -129.909 -8
      vertex 87.4471 -129.796 0
      vertex 87.9581 -129.909 0
    endloop
  endfacet
  facet normal 0.215919 0.976411 0
    outer loop
      vertex 87.4471 -129.796 0
      vertex 87.9581 -129.909 -8
      vertex 87.4471 -129.796 -8
    endloop
  endfacet
  facet normal 0.675681 -0.737194 0
    outer loop
      vertex 84.7574 -91.7574 -8
      vertex 85.1433 -91.4037 0
      vertex 84.7574 -91.7574 0
    endloop
  endfacet
  facet normal 0.675681 -0.737194 0
    outer loop
      vertex 85.1433 -91.4037 0
      vertex 84.7574 -91.7574 -8
      vertex 85.1433 -91.4037 -8
    endloop
  endfacet
  facet normal -0.793913 0.608031 0
    outer loop
      vertex 95.5963 -127.857 -8
      vertex 95.9149 -127.441 0
      vertex 95.9149 -127.441 -8
    endloop
  endfacet
  facet normal -0.793913 0.608031 0
    outer loop
      vertex 95.9149 -127.441 0
      vertex 95.5963 -127.857 -8
      vertex 95.5963 -127.857 0
    endloop
  endfacet
  facet normal 0.991427 0.130662 0
    outer loop
      vertex 83.0912 -125.042 0
      vertex 83.0228 -124.523 -8
      vertex 83.0228 -124.523 0
    endloop
  endfacet
  facet normal 0.991427 0.130662 0
    outer loop
      vertex 83.0228 -124.523 -8
      vertex 83.0912 -125.042 0
      vertex 83.0912 -125.042 -8
    endloop
  endfacet
  facet normal -0.461599 -0.887089 0
    outer loop
      vertex 93.5357 -90.5622 -8
      vertex 94 -90.8038 0
      vertex 93.5357 -90.5622 0
    endloop
  endfacet
  facet normal -0.461599 -0.887089 -0
    outer loop
      vertex 94 -90.8038 0
      vertex 93.5357 -90.5622 -8
      vertex 94 -90.8038 -8
    endloop
  endfacet
  facet normal -0.793348 -0.608768 0
    outer loop
      vertex 95.9149 -92.5585 -8
      vertex 95.5963 -92.1433 0
      vertex 95.5963 -92.1433 -8
    endloop
  endfacet
  facet normal -0.793348 -0.608768 0
    outer loop
      vertex 95.5963 -92.1433 0
      vertex 95.9149 -92.5585 -8
      vertex 95.9149 -92.5585 0
    endloop
  endfacet
  facet normal -0.537345 -0.843362 0
    outer loop
      vertex 94 -90.8038 -8
      vertex 94.4415 -91.0851 0
      vertex 94 -90.8038 0
    endloop
  endfacet
  facet normal -0.537345 -0.843362 -0
    outer loop
      vertex 94.4415 -91.0851 0
      vertex 94 -90.8038 -8
      vertex 94.4415 -91.0851 -8
    endloop
  endfacet
  facet normal -0.608768 -0.793348 0
    outer loop
      vertex 94.4415 -91.0851 -8
      vertex 94.8567 -91.4037 0
      vertex 94.4415 -91.0851 0
    endloop
  endfacet
  facet normal -0.608768 -0.793348 -0
    outer loop
      vertex 94.8567 -91.4037 0
      vertex 94.4415 -91.0851 -8
      vertex 94.8567 -91.4037 -8
    endloop
  endfacet
  facet normal -0.887089 -0.461599 0
    outer loop
      vertex 96.4378 -93.4643 -8
      vertex 96.1962 -93 0
      vertex 96.1962 -93 -8
    endloop
  endfacet
  facet normal -0.887089 -0.461599 0
    outer loop
      vertex 96.1962 -93 0
      vertex 96.4378 -93.4643 -8
      vertex 96.4378 -93.4643 0
    endloop
  endfacet
  facet normal 0.300711 -0.953715 0
    outer loop
      vertex 86.9479 -90.3618 -8
      vertex 87.4471 -90.2044 0
      vertex 86.9479 -90.3618 0
    endloop
  endfacet
  facet normal 0.300711 -0.953715 0
    outer loop
      vertex 87.4471 -90.2044 0
      vertex 86.9479 -90.3618 -8
      vertex 87.4471 -90.2044 -8
    endloop
  endfacet
  facet normal 0.382824 -0.923821 0
    outer loop
      vertex 86.4643 -90.5622 -8
      vertex 86.9479 -90.3618 0
      vertex 86.4643 -90.5622 0
    endloop
  endfacet
  facet normal 0.382824 -0.923821 0
    outer loop
      vertex 86.9479 -90.3618 0
      vertex 86.4643 -90.5622 -8
      vertex 86.9479 -90.3618 -8
    endloop
  endfacet
  facet normal 0.843086 0.537778 0
    outer loop
      vertex 84.0851 -127.441 0
      vertex 83.8038 -127 -8
      vertex 83.8038 -127 0
    endloop
  endfacet
  facet normal 0.843086 0.537778 0
    outer loop
      vertex 83.8038 -127 -8
      vertex 84.0851 -127.441 0
      vertex 84.0851 -127.441 -8
    endloop
  endfacet
  facet normal 0.886966 0.461834 0
    outer loop
      vertex 83.8038 -127 0
      vertex 83.5622 -126.536 -8
      vertex 83.5622 -126.536 0
    endloop
  endfacet
  facet normal 0.886966 0.461834 0
    outer loop
      vertex 83.5622 -126.536 -8
      vertex 83.8038 -127 0
      vertex 83.8038 -127 -8
    endloop
  endfacet
  facet normal 0 1 -0
    outer loop
      vertex 91 -130 -8
      vertex 89 -130 0
      vertex 91 -130 0
    endloop
  endfacet
  facet normal 0 1 0
    outer loop
      vertex 89 -130 0
      vertex 91 -130 -8
      vertex 89 -130 -8
    endloop
  endfacet
  facet normal 0.0435616 -0.999051 0
    outer loop
      vertex 88.4771 -90.0228 -8
      vertex 89 -90 0
      vertex 88.4771 -90.0228 0
    endloop
  endfacet
  facet normal 0.0435616 -0.999051 0
    outer loop
      vertex 89 -90 0
      vertex 88.4771 -90.0228 -8
      vertex 89 -90 -8
    endloop
  endfacet
  facet normal -0.737194 -0.675681 0
    outer loop
      vertex 95.5963 -92.1433 -8
      vertex 95.2426 -91.7574 0
      vertex 95.2426 -91.7574 -8
    endloop
  endfacet
  facet normal -0.737194 -0.675681 0
    outer loop
      vertex 95.2426 -91.7574 0
      vertex 95.5963 -92.1433 -8
      vertex 95.5963 -92.1433 0
    endloop
  endfacet
  facet normal -0.043943 0.999034 0
    outer loop
      vertex 91.5229 -129.977 -8
      vertex 91 -130 0
      vertex 91.5229 -129.977 0
    endloop
  endfacet
  facet normal -0.043943 0.999034 0
    outer loop
      vertex 91 -130 0
      vertex 91.5229 -129.977 -8
      vertex 91 -130 -8
    endloop
  endfacet
  facet normal -0.886966 0.461834 0
    outer loop
      vertex 96.1962 -127 -8
      vertex 96.4378 -126.536 0
      vertex 96.4378 -126.536 -8
    endloop
  endfacet
  facet normal -0.886966 0.461834 0
    outer loop
      vertex 96.4378 -126.536 0
      vertex 96.1962 -127 -8
      vertex 96.1962 -127 0
    endloop
  endfacet
  facet normal -0.382824 -0.923821 0
    outer loop
      vertex 93.0521 -90.3618 -8
      vertex 93.5357 -90.5622 0
      vertex 93.0521 -90.3618 0
    endloop
  endfacet
  facet normal -0.382824 -0.923821 -0
    outer loop
      vertex 93.5357 -90.5622 0
      vertex 93.0521 -90.3618 -8
      vertex 93.5357 -90.5622 -8
    endloop
  endfacet
  facet normal 0 -1 0
    outer loop
      vertex 89 -90 -8
      vertex 91 -90 0
      vertex 89 -90 0
    endloop
  endfacet
  facet normal 0 -1 -0
    outer loop
      vertex 91 -90 0
      vertex 89 -90 -8
      vertex 91 -90 -8
    endloop
  endfacet
  facet normal -0.4622 0.886775 0
    outer loop
      vertex 94 -129.196 -8
      vertex 93.5357 -129.438 0
      vertex 94 -129.196 0
    endloop
  endfacet
  facet normal -0.4622 0.886775 0
    outer loop
      vertex 93.5357 -129.438 0
      vertex 94 -129.196 -8
      vertex 93.5357 -129.438 -8
    endloop
  endfacet
  facet normal 0.537345 -0.843362 0
    outer loop
      vertex 85.5585 -91.0851 -8
      vertex 86 -90.8038 0
      vertex 85.5585 -91.0851 0
    endloop
  endfacet
  facet normal 0.537345 -0.843362 0
    outer loop
      vertex 86 -90.8038 0
      vertex 85.5585 -91.0851 -8
      vertex 86 -90.8038 -8
    endloop
  endfacet
  facet normal -0.976331 0.216283 0
    outer loop
      vertex 96.7956 -125.553 -8
      vertex 96.9088 -125.042 0
      vertex 96.9088 -125.042 -8
    endloop
  endfacet
  facet normal -0.976331 0.216283 0
    outer loop
      vertex 96.9088 -125.042 0
      vertex 96.7956 -125.553 -8
      vertex 96.7956 -125.553 0
    endloop
  endfacet
  facet normal -0.991427 -0.130662 0
    outer loop
      vertex 96.9772 -95.4771 -8
      vertex 96.9088 -94.9581 0
      vertex 96.9088 -94.9581 -8
    endloop
  endfacet
  facet normal -0.991427 -0.130662 0
    outer loop
      vertex 96.9088 -94.9581 0
      vertex 96.9772 -95.4771 -8
      vertex 96.9772 -95.4771 0
    endloop
  endfacet
  facet normal -0.843362 -0.537345 0
    outer loop
      vertex 96.1962 -93 -8
      vertex 95.9149 -92.5585 0
      vertex 95.9149 -92.5585 -8
    endloop
  endfacet
  facet normal -0.843362 -0.537345 0
    outer loop
      vertex 95.9149 -92.5585 0
      vertex 96.1962 -93 -8
      vertex 96.1962 -93 0
    endloop
  endfacet
  facet normal 0.843362 -0.537345 0
    outer loop
      vertex 83.8038 -93 0
      vertex 84.0851 -92.5585 -8
      vertex 84.0851 -92.5585 0
    endloop
  endfacet
  facet normal 0.843362 -0.537345 0
    outer loop
      vertex 84.0851 -92.5585 -8
      vertex 83.8038 -93 0
      vertex 83.8038 -93 -8
    endloop
  endfacet
  facet normal 0.130662 -0.991427 0
    outer loop
      vertex 87.9581 -90.0912 -8
      vertex 88.4771 -90.0228 0
      vertex 87.9581 -90.0912 0
    endloop
  endfacet
  facet normal 0.130662 -0.991427 0
    outer loop
      vertex 88.4771 -90.0228 0
      vertex 87.9581 -90.0912 -8
      vertex 88.4771 -90.0228 -8
    endloop
  endfacet
  facet normal 0.216283 -0.976331 0
    outer loop
      vertex 87.4471 -90.2044 -8
      vertex 87.9581 -90.0912 0
      vertex 87.4471 -90.2044 0
    endloop
  endfacet
  facet normal 0.216283 -0.976331 0
    outer loop
      vertex 87.9581 -90.0912 0
      vertex 87.4471 -90.2044 -8
      vertex 87.9581 -90.0912 -8
    endloop
  endfacet
  facet normal 0.536937 0.843622 -0
    outer loop
      vertex 86 -129.196 -8
      vertex 85.5585 -128.915 0
      vertex 86 -129.196 0
    endloop
  endfacet
  facet normal 0.536937 0.843622 0
    outer loop
      vertex 85.5585 -128.915 0
      vertex 86 -129.196 -8
      vertex 85.5585 -128.915 -8
    endloop
  endfacet
  facet normal 0.4622 0.886775 -0
    outer loop
      vertex 86.4643 -129.438 -8
      vertex 86 -129.196 0
      vertex 86.4643 -129.438 0
    endloop
  endfacet
  facet normal 0.4622 0.886775 0
    outer loop
      vertex 86 -129.196 0
      vertex 86.4643 -129.438 -8
      vertex 86 -129.196 -8
    endloop
  endfacet
  facet normal -0.976331 -0.216283 0
    outer loop
      vertex 96.9088 -94.9581 -8
      vertex 96.7956 -94.4471 0
      vertex 96.7956 -94.4471 -8
    endloop
  endfacet
  facet normal -0.976331 -0.216283 0
    outer loop
      vertex 96.7956 -94.4471 0
      vertex 96.9088 -94.9581 -8
      vertex 96.9088 -94.9581 0
    endloop
  endfacet
  facet normal 0.129911 0.991526 -0
    outer loop
      vertex 88.4771 -129.977 -8
      vertex 87.9581 -129.909 0
      vertex 88.4771 -129.977 0
    endloop
  endfacet
  facet normal 0.129911 0.991526 0
    outer loop
      vertex 87.9581 -129.909 0
      vertex 88.4771 -129.977 -8
      vertex 87.9581 -129.909 -8
    endloop
  endfacet
  facet normal 0.953715 -0.300711 0
    outer loop
      vertex 83.2044 -94.4471 0
      vertex 83.3618 -93.9479 -8
      vertex 83.3618 -93.9479 0
    endloop
  endfacet
  facet normal 0.953715 -0.300711 0
    outer loop
      vertex 83.3618 -93.9479 -8
      vertex 83.2044 -94.4471 0
      vertex 83.2044 -94.4471 -8
    endloop
  endfacet
  facet normal 0.991427 -0.130662 0
    outer loop
      vertex 83.0228 -95.4771 0
      vertex 83.0912 -94.9581 -8
      vertex 83.0912 -94.9581 0
    endloop
  endfacet
  facet normal 0.991427 -0.130662 0
    outer loop
      vertex 83.0912 -94.9581 -8
      vertex 83.0228 -95.4771 0
      vertex 83.0228 -95.4771 -8
    endloop
  endfacet
  facet normal -0.129911 0.991526 0
    outer loop
      vertex 92.0419 -129.909 -8
      vertex 91.5229 -129.977 0
      vertex 92.0419 -129.909 0
    endloop
  endfacet
  facet normal -0.129911 0.991526 0
    outer loop
      vertex 91.5229 -129.977 0
      vertex 92.0419 -129.909 -8
      vertex 91.5229 -129.977 -8
    endloop
  endfacet
  facet normal -0.130662 -0.991427 0
    outer loop
      vertex 91.5229 -90.0228 -8
      vertex 92.0419 -90.0912 0
      vertex 91.5229 -90.0228 0
    endloop
  endfacet
  facet normal -0.130662 -0.991427 -0
    outer loop
      vertex 92.0419 -90.0912 0
      vertex 91.5229 -90.0228 -8
      vertex 92.0419 -90.0912 -8
    endloop
  endfacet
  facet normal 0.976331 0.216283 0
    outer loop
      vertex -96.7956 94.4471 0
      vertex -96.9088 94.9581 -8
      vertex -96.9088 94.9581 0
    endloop
  endfacet
  facet normal 0.976331 0.216283 0
    outer loop
      vertex -96.9088 94.9581 -8
      vertex -96.7956 94.4471 0
      vertex -96.7956 94.4471 -8
    endloop
  endfacet
  facet normal 0.0435616 0.999051 -0
    outer loop
      vertex -91 90 -8
      vertex -91.5229 90.0228 0
      vertex -91 90 0
    endloop
  endfacet
  facet normal 0.0435616 0.999051 0
    outer loop
      vertex -91.5229 90.0228 0
      vertex -91 90 -8
      vertex -91.5229 90.0228 -8
    endloop
  endfacet
  facet normal 0.382824 0.923821 -0
    outer loop
      vertex -93.0521 90.3618 -8
      vertex -93.5357 90.5622 0
      vertex -93.0521 90.3618 0
    endloop
  endfacet
  facet normal 0.382824 0.923821 0
    outer loop
      vertex -93.5357 90.5622 0
      vertex -93.0521 90.3618 -8
      vertex -93.5357 90.5622 -8
    endloop
  endfacet
  facet normal 0.999051 0.0435616 0
    outer loop
      vertex -96.9772 95.4771 0
      vertex -97 96 -8
      vertex -97 96 0
    endloop
  endfacet
  facet normal 0.999051 0.0435616 0
    outer loop
      vertex -97 96 -8
      vertex -96.9772 95.4771 0
      vertex -96.9772 95.4771 -8
    endloop
  endfacet
  facet normal 0.675681 0.737194 -0
    outer loop
      vertex -94.8567 91.4037 -8
      vertex -95.2426 91.7574 0
      vertex -94.8567 91.4037 0
    endloop
  endfacet
  facet normal 0.675681 0.737194 0
    outer loop
      vertex -95.2426 91.7574 0
      vertex -94.8567 91.4037 -8
      vertex -95.2426 91.7574 -8
    endloop
  endfacet
  facet normal 0.737281 -0.675586 0
    outer loop
      vertex -95.5963 127.857 0
      vertex -95.2426 128.243 -8
      vertex -95.2426 128.243 0
    endloop
  endfacet
  facet normal 0.737281 -0.675586 0
    outer loop
      vertex -95.2426 128.243 -8
      vertex -95.5963 127.857 0
      vertex -95.5963 127.857 -8
    endloop
  endfacet
  facet normal -0.043943 -0.999034 0
    outer loop
      vertex -89 130 -8
      vertex -88.4771 129.977 0
      vertex -89 130 0
    endloop
  endfacet
  facet normal -0.043943 -0.999034 -0
    outer loop
      vertex -88.4771 129.977 0
      vertex -89 130 -8
      vertex -88.4771 129.977 -8
    endloop
  endfacet
  facet normal -0.608768 0.793348 0
    outer loop
      vertex -85.1433 91.4037 -8
      vertex -85.5585 91.0851 0
      vertex -85.1433 91.4037 0
    endloop
  endfacet
  facet normal -0.608768 0.793348 0
    outer loop
      vertex -85.5585 91.0851 0
      vertex -85.1433 91.4037 -8
      vertex -85.5585 91.0851 -8
    endloop
  endfacet
  facet normal -0.953715 0.300711 0
    outer loop
      vertex -83.3618 93.9479 -8
      vertex -83.2044 94.4471 0
      vertex -83.2044 94.4471 -8
    endloop
  endfacet
  facet normal -0.953715 0.300711 0
    outer loop
      vertex -83.2044 94.4471 0
      vertex -83.3618 93.9479 -8
      vertex -83.3618 93.9479 0
    endloop
  endfacet
  facet normal 0.608768 0.793348 -0
    outer loop
      vertex -94.4415 91.0851 -8
      vertex -94.8567 91.4037 0
      vertex -94.4415 91.0851 0
    endloop
  endfacet
  facet normal 0.608768 0.793348 0
    outer loop
      vertex -94.8567 91.4037 0
      vertex -94.4415 91.0851 -8
      vertex -94.8567 91.4037 -8
    endloop
  endfacet
  facet normal -0.953681 -0.30082 0
    outer loop
      vertex -83.2044 125.553 -8
      vertex -83.3618 126.052 0
      vertex -83.3618 126.052 -8
    endloop
  endfacet
  facet normal -0.953681 -0.30082 0
    outer loop
      vertex -83.3618 126.052 0
      vertex -83.2044 125.553 -8
      vertex -83.2044 125.553 0
    endloop
  endfacet
  facet normal -0.991427 0.130662 0
    outer loop
      vertex -83.0912 94.9581 -8
      vertex -83.0228 95.4771 0
      vertex -83.0228 95.4771 -8
    endloop
  endfacet
  facet normal -0.991427 0.130662 0
    outer loop
      vertex -83.0228 95.4771 0
      vertex -83.0912 94.9581 -8
      vertex -83.0912 94.9581 0
    endloop
  endfacet
  facet normal 0.4622 -0.886775 0
    outer loop
      vertex -94 129.196 -8
      vertex -93.5357 129.438 0
      vertex -94 129.196 0
    endloop
  endfacet
  facet normal 0.4622 -0.886775 0
    outer loop
      vertex -93.5357 129.438 0
      vertex -94 129.196 -8
      vertex -93.5357 129.438 -8
    endloop
  endfacet
  facet normal -0.923933 -0.382554 0
    outer loop
      vertex -83.3618 126.052 -8
      vertex -83.5622 126.536 0
      vertex -83.5622 126.536 -8
    endloop
  endfacet
  facet normal -0.923933 -0.382554 0
    outer loop
      vertex -83.5622 126.536 0
      vertex -83.3618 126.052 -8
      vertex -83.3618 126.052 0
    endloop
  endfacet
  facet normal -0.923821 0.382824 0
    outer loop
      vertex -83.5622 93.4643 -8
      vertex -83.3618 93.9479 0
      vertex -83.3618 93.9479 -8
    endloop
  endfacet
  facet normal -0.923821 0.382824 0
    outer loop
      vertex -83.3618 93.9479 0
      vertex -83.5622 93.4643 -8
      vertex -83.5622 93.4643 0
    endloop
  endfacet
  facet normal 0.923821 0.382824 0
    outer loop
      vertex -96.4378 93.4643 0
      vertex -96.6382 93.9479 -8
      vertex -96.6382 93.9479 0
    endloop
  endfacet
  facet normal 0.923821 0.382824 0
    outer loop
      vertex -96.6382 93.9479 -8
      vertex -96.4378 93.4643 0
      vertex -96.4378 93.4643 -8
    endloop
  endfacet
  facet normal 0.999051 -0.0435533 0
    outer loop
      vertex -97 124 0
      vertex -96.9772 124.523 -8
      vertex -96.9772 124.523 0
    endloop
  endfacet
  facet normal 0.999051 -0.0435533 0
    outer loop
      vertex -96.9772 124.523 -8
      vertex -97 124 0
      vertex -97 124 -8
    endloop
  endfacet
  facet normal -0.537345 0.843362 0
    outer loop
      vertex -85.5585 91.0851 -8
      vertex -86 90.8038 0
      vertex -85.5585 91.0851 0
    endloop
  endfacet
  facet normal -0.537345 0.843362 0
    outer loop
      vertex -86 90.8038 0
      vertex -85.5585 91.0851 -8
      vertex -86 90.8038 -8
    endloop
  endfacet
  facet normal -0.999051 0.0435616 0
    outer loop
      vertex -83.0228 95.4771 -8
      vertex -83 96 0
      vertex -83 96 -8
    endloop
  endfacet
  facet normal -0.999051 0.0435616 0
    outer loop
      vertex -83 96 0
      vertex -83.0228 95.4771 -8
      vertex -83.0228 95.4771 0
    endloop
  endfacet
  facet normal 0.793913 -0.608031 0
    outer loop
      vertex -95.9149 127.441 0
      vertex -95.5963 127.857 -8
      vertex -95.5963 127.857 0
    endloop
  endfacet
  facet normal 0.793913 -0.608031 0
    outer loop
      vertex -95.5963 127.857 -8
      vertex -95.9149 127.441 0
      vertex -95.9149 127.441 -8
    endloop
  endfacet
  facet normal 0.886966 -0.461834 0
    outer loop
      vertex -96.4378 126.536 0
      vertex -96.1962 127 -8
      vertex -96.1962 127 0
    endloop
  endfacet
  facet normal 0.886966 -0.461834 0
    outer loop
      vertex -96.1962 127 -8
      vertex -96.4378 126.536 0
      vertex -96.4378 126.536 -8
    endloop
  endfacet
  facet normal -0.216283 0.976331 0
    outer loop
      vertex -87.4471 90.2044 -8
      vertex -87.9581 90.0912 0
      vertex -87.4471 90.2044 0
    endloop
  endfacet
  facet normal -0.216283 0.976331 0
    outer loop
      vertex -87.9581 90.0912 0
      vertex -87.4471 90.2044 -8
      vertex -87.9581 90.0912 -8
    endloop
  endfacet
  facet normal 1 -0 0
    outer loop
      vertex -97 96 0
      vertex -97 124 -8
      vertex -97 124 0
    endloop
  endfacet
  facet normal 1 0 0
    outer loop
      vertex -97 124 -8
      vertex -97 96 0
      vertex -97 96 -8
    endloop
  endfacet
  facet normal -0.674954 -0.73786 0
    outer loop
      vertex -85.1433 128.596 -8
      vertex -84.7574 128.243 0
      vertex -85.1433 128.596 0
    endloop
  endfacet
  facet normal -0.674954 -0.73786 -0
    outer loop
      vertex -84.7574 128.243 0
      vertex -85.1433 128.596 -8
      vertex -84.7574 128.243 -8
    endloop
  endfacet
  facet normal -0.843362 0.537345 0
    outer loop
      vertex -84.0851 92.5585 -8
      vertex -83.8038 93 0
      vertex -83.8038 93 -8
    endloop
  endfacet
  facet normal -0.843362 0.537345 0
    outer loop
      vertex -83.8038 93 0
      vertex -84.0851 92.5585 -8
      vertex -84.0851 92.5585 0
    endloop
  endfacet
  facet normal -1 0 0
    outer loop
      vertex -83 96 -8
      vertex -83 124 0
      vertex -83 124 -8
    endloop
  endfacet
  facet normal -1 -0 0
    outer loop
      vertex -83 124 0
      vertex -83 96 -8
      vertex -83 96 0
    endloop
  endfacet
  facet normal -0.999051 -0.0435533 0
    outer loop
      vertex -83 124 -8
      vertex -83.0228 124.523 0
      vertex -83.0228 124.523 -8
    endloop
  endfacet
  facet normal -0.999051 -0.0435533 0
    outer loop
      vertex -83.0228 124.523 0
      vertex -83 124 -8
      vertex -83 124 0
    endloop
  endfacet
  facet normal 0.953715 0.300711 0
    outer loop
      vertex -96.6382 93.9479 0
      vertex -96.7956 94.4471 -8
      vertex -96.7956 94.4471 0
    endloop
  endfacet
  facet normal 0.953715 0.300711 0
    outer loop
      vertex -96.7956 94.4471 -8
      vertex -96.6382 93.9479 0
      vertex -96.6382 93.9479 -8
    endloop
  endfacet
  facet normal -0.675681 0.737194 0
    outer loop
      vertex -84.7574 91.7574 -8
      vertex -85.1433 91.4037 0
      vertex -84.7574 91.7574 0
    endloop
  endfacet
  facet normal -0.675681 0.737194 0
    outer loop
      vertex -85.1433 91.4037 0
      vertex -84.7574 91.7574 -8
      vertex -85.1433 91.4037 -8
    endloop
  endfacet
  facet normal 0.300711 0.953715 -0
    outer loop
      vertex -92.5529 90.2044 -8
      vertex -93.0521 90.3618 0
      vertex -92.5529 90.2044 0
    endloop
  endfacet
  facet normal 0.300711 0.953715 0
    outer loop
      vertex -93.0521 90.3618 0
      vertex -92.5529 90.2044 -8
      vertex -93.0521 90.3618 -8
    endloop
  endfacet
  facet normal -0.737194 0.675681 0
    outer loop
      vertex -84.7574 91.7574 -8
      vertex -84.4037 92.1433 0
      vertex -84.4037 92.1433 -8
    endloop
  endfacet
  facet normal -0.737194 0.675681 0
    outer loop
      vertex -84.4037 92.1433 0
      vertex -84.7574 91.7574 -8
      vertex -84.7574 91.7574 0
    endloop
  endfacet
  facet normal -0.300711 0.953715 0
    outer loop
      vertex -86.9479 90.3618 -8
      vertex -87.4471 90.2044 0
      vertex -86.9479 90.3618 0
    endloop
  endfacet
  facet normal -0.300711 0.953715 0
    outer loop
      vertex -87.4471 90.2044 0
      vertex -86.9479 90.3618 -8
      vertex -87.4471 90.2044 -8
    endloop
  endfacet
  facet normal 0.737194 0.675681 0
    outer loop
      vertex -95.2426 91.7574 0
      vertex -95.5963 92.1433 -8
      vertex -95.5963 92.1433 0
    endloop
  endfacet
  facet normal 0.737194 0.675681 0
    outer loop
      vertex -95.5963 92.1433 -8
      vertex -95.2426 91.7574 0
      vertex -95.2426 91.7574 -8
    endloop
  endfacet
  facet normal 0.976331 -0.216283 0
    outer loop
      vertex -96.9088 125.042 0
      vertex -96.7956 125.553 -8
      vertex -96.7956 125.553 0
    endloop
  endfacet
  facet normal 0.976331 -0.216283 0
    outer loop
      vertex -96.7956 125.553 -8
      vertex -96.9088 125.042 0
      vertex -96.9088 125.042 -8
    endloop
  endfacet
  facet normal 0.923933 -0.382554 0
    outer loop
      vertex -96.6382 126.052 0
      vertex -96.4378 126.536 -8
      vertex -96.4378 126.536 0
    endloop
  endfacet
  facet normal 0.923933 -0.382554 0
    outer loop
      vertex -96.4378 126.536 -8
      vertex -96.6382 126.052 0
      vertex -96.6382 126.052 -8
    endloop
  endfacet
  facet normal 0.793348 0.608768 0
    outer loop
      vertex -95.5963 92.1433 0
      vertex -95.9149 92.5585 -8
      vertex -95.9149 92.5585 0
    endloop
  endfacet
  facet normal 0.793348 0.608768 0
    outer loop
      vertex -95.9149 92.5585 -8
      vertex -95.5963 92.1433 0
      vertex -95.5963 92.1433 -8
    endloop
  endfacet
  facet normal -0.382824 0.923821 0
    outer loop
      vertex -86.4643 90.5622 -8
      vertex -86.9479 90.3618 0
      vertex -86.4643 90.5622 0
    endloop
  endfacet
  facet normal -0.382824 0.923821 0
    outer loop
      vertex -86.9479 90.3618 0
      vertex -86.4643 90.5622 -8
      vertex -86.9479 90.3618 -8
    endloop
  endfacet
  facet normal -0.301753 -0.953386 0
    outer loop
      vertex -87.4471 129.796 -8
      vertex -86.9479 129.638 0
      vertex -87.4471 129.796 0
    endloop
  endfacet
  facet normal -0.301753 -0.953386 -0
    outer loop
      vertex -86.9479 129.638 0
      vertex -87.4471 129.796 -8
      vertex -86.9479 129.638 -8
    endloop
  endfacet
  facet normal -0.215919 -0.976411 0
    outer loop
      vertex -87.9581 129.909 -8
      vertex -87.4471 129.796 0
      vertex -87.9581 129.909 0
    endloop
  endfacet
  facet normal -0.215919 -0.976411 -0
    outer loop
      vertex -87.4471 129.796 0
      vertex -87.9581 129.909 -8
      vertex -87.4471 129.796 -8
    endloop
  endfacet
  facet normal 0.609249 -0.792979 0
    outer loop
      vertex -94.8567 128.596 -8
      vertex -94.4415 128.915 0
      vertex -94.8567 128.596 0
    endloop
  endfacet
  facet normal 0.609249 -0.792979 0
    outer loop
      vertex -94.4415 128.915 0
      vertex -94.8567 128.596 -8
      vertex -94.4415 128.915 -8
    endloop
  endfacet
  facet normal 0.216283 0.976331 -0
    outer loop
      vertex -92.0419 90.0912 -8
      vertex -92.5529 90.2044 0
      vertex -92.0419 90.0912 0
    endloop
  endfacet
  facet normal 0.216283 0.976331 0
    outer loop
      vertex -92.5529 90.2044 0
      vertex -92.0419 90.0912 -8
      vertex -92.5529 90.2044 -8
    endloop
  endfacet
  facet normal 0.674954 -0.73786 0
    outer loop
      vertex -95.2426 128.243 -8
      vertex -94.8567 128.596 0
      vertex -95.2426 128.243 0
    endloop
  endfacet
  facet normal 0.674954 -0.73786 0
    outer loop
      vertex -94.8567 128.596 0
      vertex -95.2426 128.243 -8
      vertex -94.8567 128.596 -8
    endloop
  endfacet
  facet normal -0.793348 0.608768 0
    outer loop
      vertex -84.4037 92.1433 -8
      vertex -84.0851 92.5585 0
      vertex -84.0851 92.5585 -8
    endloop
  endfacet
  facet normal -0.793348 0.608768 0
    outer loop
      vertex -84.0851 92.5585 0
      vertex -84.4037 92.1433 -8
      vertex -84.4037 92.1433 0
    endloop
  endfacet
  facet normal -0.737281 -0.675586 0
    outer loop
      vertex -84.4037 127.857 -8
      vertex -84.7574 128.243 0
      vertex -84.7574 128.243 -8
    endloop
  endfacet
  facet normal -0.737281 -0.675586 0
    outer loop
      vertex -84.7574 128.243 0
      vertex -84.4037 127.857 -8
      vertex -84.4037 127.857 0
    endloop
  endfacet
  facet normal 0.991427 0.130662 0
    outer loop
      vertex -96.9088 94.9581 0
      vertex -96.9772 95.4771 -8
      vertex -96.9772 95.4771 0
    endloop
  endfacet
  facet normal 0.991427 0.130662 0
    outer loop
      vertex -96.9772 95.4771 -8
      vertex -96.9088 94.9581 0
      vertex -96.9088 94.9581 -8
    endloop
  endfacet
  facet normal -0.4622 -0.886775 0
    outer loop
      vertex -86.4643 129.438 -8
      vertex -86 129.196 0
      vertex -86.4643 129.438 0
    endloop
  endfacet
  facet normal -0.4622 -0.886775 -0
    outer loop
      vertex -86 129.196 0
      vertex -86.4643 129.438 -8
      vertex -86 129.196 -8
    endloop
  endfacet
  facet normal -0.793913 -0.608031 0
    outer loop
      vertex -84.0851 127.441 -8
      vertex -84.4037 127.857 0
      vertex -84.4037 127.857 -8
    endloop
  endfacet
  facet normal -0.793913 -0.608031 0
    outer loop
      vertex -84.4037 127.857 0
      vertex -84.0851 127.441 -8
      vertex -84.0851 127.441 0
    endloop
  endfacet
  facet normal -0.536937 -0.843622 0
    outer loop
      vertex -86 129.196 -8
      vertex -85.5585 128.915 0
      vertex -86 129.196 0
    endloop
  endfacet
  facet normal -0.536937 -0.843622 -0
    outer loop
      vertex -85.5585 128.915 0
      vertex -86 129.196 -8
      vertex -85.5585 128.915 -8
    endloop
  endfacet
  facet normal -0.609249 -0.792979 0
    outer loop
      vertex -85.5585 128.915 -8
      vertex -85.1433 128.596 0
      vertex -85.5585 128.915 0
    endloop
  endfacet
  facet normal -0.609249 -0.792979 -0
    outer loop
      vertex -85.1433 128.596 0
      vertex -85.5585 128.915 -8
      vertex -85.1433 128.596 -8
    endloop
  endfacet
  facet normal -0.886966 -0.461834 0
    outer loop
      vertex -83.5622 126.536 -8
      vertex -83.8038 127 0
      vertex -83.8038 127 -8
    endloop
  endfacet
  facet normal -0.886966 -0.461834 0
    outer loop
      vertex -83.8038 127 0
      vertex -83.5622 126.536 -8
      vertex -83.5622 126.536 0
    endloop
  endfacet
  facet normal 0.301753 -0.953386 0
    outer loop
      vertex -93.0521 129.638 -8
      vertex -92.5529 129.796 0
      vertex -93.0521 129.638 0
    endloop
  endfacet
  facet normal 0.301753 -0.953386 0
    outer loop
      vertex -92.5529 129.796 0
      vertex -93.0521 129.638 -8
      vertex -92.5529 129.796 -8
    endloop
  endfacet
  facet normal 0.382172 -0.924091 0
    outer loop
      vertex -93.5357 129.438 -8
      vertex -93.0521 129.638 0
      vertex -93.5357 129.438 0
    endloop
  endfacet
  facet normal 0.382172 -0.924091 0
    outer loop
      vertex -93.0521 129.638 0
      vertex -93.5357 129.438 -8
      vertex -93.0521 129.638 -8
    endloop
  endfacet
  facet normal 0.843362 0.537345 0
    outer loop
      vertex -95.9149 92.5585 0
      vertex -96.1962 93 -8
      vertex -96.1962 93 0
    endloop
  endfacet
  facet normal 0.843362 0.537345 0
    outer loop
      vertex -96.1962 93 -8
      vertex -95.9149 92.5585 0
      vertex -95.9149 92.5585 -8
    endloop
  endfacet
  facet normal 0.887089 0.461599 0
    outer loop
      vertex -96.1962 93 0
      vertex -96.4378 93.4643 -8
      vertex -96.4378 93.4643 0
    endloop
  endfacet
  facet normal 0.887089 0.461599 0
    outer loop
      vertex -96.4378 93.4643 -8
      vertex -96.1962 93 0
      vertex -96.1962 93 -8
    endloop
  endfacet
  facet normal 0 1 -0
    outer loop
      vertex -89 90 -8
      vertex -91 90 0
      vertex -89 90 0
    endloop
  endfacet
  facet normal 0 1 0
    outer loop
      vertex -91 90 0
      vertex -89 90 -8
      vertex -91 90 -8
    endloop
  endfacet
  facet normal 0.043943 -0.999034 0
    outer loop
      vertex -91.5229 129.977 -8
      vertex -91 130 0
      vertex -91.5229 129.977 0
    endloop
  endfacet
  facet normal 0.043943 -0.999034 0
    outer loop
      vertex -91 130 0
      vertex -91.5229 129.977 -8
      vertex -91 130 -8
    endloop
  endfacet
  facet normal -0.0435616 0.999051 0
    outer loop
      vertex -88.4771 90.0228 -8
      vertex -89 90 0
      vertex -88.4771 90.0228 0
    endloop
  endfacet
  facet normal -0.0435616 0.999051 0
    outer loop
      vertex -89 90 0
      vertex -88.4771 90.0228 -8
      vertex -89 90 -8
    endloop
  endfacet
  facet normal -0.887089 0.461599 0
    outer loop
      vertex -83.8038 93 -8
      vertex -83.5622 93.4643 0
      vertex -83.5622 93.4643 -8
    endloop
  endfacet
  facet normal -0.887089 0.461599 0
    outer loop
      vertex -83.5622 93.4643 0
      vertex -83.8038 93 -8
      vertex -83.8038 93 0
    endloop
  endfacet
  facet normal -0.382172 -0.924091 0
    outer loop
      vertex -86.9479 129.638 -8
      vertex -86.4643 129.438 0
      vertex -86.9479 129.638 0
    endloop
  endfacet
  facet normal -0.382172 -0.924091 -0
    outer loop
      vertex -86.4643 129.438 0
      vertex -86.9479 129.638 -8
      vertex -86.4643 129.438 -8
    endloop
  endfacet
  facet normal 0 -1 0
    outer loop
      vertex -91 130 -8
      vertex -89 130 0
      vertex -91 130 0
    endloop
  endfacet
  facet normal 0 -1 -0
    outer loop
      vertex -89 130 0
      vertex -91 130 -8
      vertex -89 130 -8
    endloop
  endfacet
  facet normal -0.461599 0.887089 0
    outer loop
      vertex -86 90.8038 -8
      vertex -86.4643 90.5622 0
      vertex -86 90.8038 0
    endloop
  endfacet
  facet normal -0.461599 0.887089 0
    outer loop
      vertex -86.4643 90.5622 0
      vertex -86 90.8038 -8
      vertex -86.4643 90.5622 -8
    endloop
  endfacet
  facet normal 0.536937 -0.843622 0
    outer loop
      vertex -94.4415 128.915 -8
      vertex -94 129.196 0
      vertex -94.4415 128.915 0
    endloop
  endfacet
  facet normal 0.536937 -0.843622 0
    outer loop
      vertex -94 129.196 0
      vertex -94.4415 128.915 -8
      vertex -94 129.196 -8
    endloop
  endfacet
  facet normal -0.976331 0.216283 0
    outer loop
      vertex -83.2044 94.4471 -8
      vertex -83.0912 94.9581 0
      vertex -83.0912 94.9581 -8
    endloop
  endfacet
  facet normal -0.976331 0.216283 0
    outer loop
      vertex -83.0912 94.9581 0
      vertex -83.2044 94.4471 -8
      vertex -83.2044 94.4471 0
    endloop
  endfacet
  facet normal -0.991427 -0.130662 0
    outer loop
      vertex -83.0228 124.523 -8
      vertex -83.0912 125.042 0
      vertex -83.0912 125.042 -8
    endloop
  endfacet
  facet normal -0.991427 -0.130662 0
    outer loop
      vertex -83.0912 125.042 0
      vertex -83.0228 124.523 -8
      vertex -83.0228 124.523 0
    endloop
  endfacet
  facet normal -0.843086 -0.537778 0
    outer loop
      vertex -83.8038 127 -8
      vertex -84.0851 127.441 0
      vertex -84.0851 127.441 -8
    endloop
  endfacet
  facet normal -0.843086 -0.537778 0
    outer loop
      vertex -84.0851 127.441 0
      vertex -83.8038 127 -8
      vertex -83.8038 127 0
    endloop
  endfacet
  facet normal 0.843086 -0.537778 0
    outer loop
      vertex -96.1962 127 0
      vertex -95.9149 127.441 -8
      vertex -95.9149 127.441 0
    endloop
  endfacet
  facet normal 0.843086 -0.537778 0
    outer loop
      vertex -95.9149 127.441 -8
      vertex -96.1962 127 0
      vertex -96.1962 127 -8
    endloop
  endfacet
  facet normal 0.129911 -0.991526 0
    outer loop
      vertex -92.0419 129.909 -8
      vertex -91.5229 129.977 0
      vertex -92.0419 129.909 0
    endloop
  endfacet
  facet normal 0.129911 -0.991526 0
    outer loop
      vertex -91.5229 129.977 0
      vertex -92.0419 129.909 -8
      vertex -91.5229 129.977 -8
    endloop
  endfacet
  facet normal 0.215919 -0.976411 0
    outer loop
      vertex -92.5529 129.796 -8
      vertex -92.0419 129.909 0
      vertex -92.5529 129.796 0
    endloop
  endfacet
  facet normal 0.215919 -0.976411 0
    outer loop
      vertex -92.0419 129.909 0
      vertex -92.5529 129.796 -8
      vertex -92.0419 129.909 -8
    endloop
  endfacet
  facet normal 0.537345 0.843362 -0
    outer loop
      vertex -94 90.8038 -8
      vertex -94.4415 91.0851 0
      vertex -94 90.8038 0
    endloop
  endfacet
  facet normal 0.537345 0.843362 0
    outer loop
      vertex -94.4415 91.0851 0
      vertex -94 90.8038 -8
      vertex -94.4415 91.0851 -8
    endloop
  endfacet
  facet normal 0.461599 0.887089 -0
    outer loop
      vertex -93.5357 90.5622 -8
      vertex -94 90.8038 0
      vertex -93.5357 90.5622 0
    endloop
  endfacet
  facet normal 0.461599 0.887089 0
    outer loop
      vertex -94 90.8038 0
      vertex -93.5357 90.5622 -8
      vertex -94 90.8038 -8
    endloop
  endfacet
  facet normal -0.976331 -0.216283 0
    outer loop
      vertex -83.0912 125.042 -8
      vertex -83.2044 125.553 0
      vertex -83.2044 125.553 -8
    endloop
  endfacet
  facet normal -0.976331 -0.216283 0
    outer loop
      vertex -83.2044 125.553 0
      vertex -83.0912 125.042 -8
      vertex -83.0912 125.042 0
    endloop
  endfacet
  facet normal 0.130662 0.991427 -0
    outer loop
      vertex -91.5229 90.0228 -8
      vertex -92.0419 90.0912 0
      vertex -91.5229 90.0228 0
    endloop
  endfacet
  facet normal 0.130662 0.991427 0
    outer loop
      vertex -92.0419 90.0912 0
      vertex -91.5229 90.0228 -8
      vertex -92.0419 90.0912 -8
    endloop
  endfacet
  facet normal 0.953681 -0.30082 0
    outer loop
      vertex -96.7956 125.553 0
      vertex -96.6382 126.052 -8
      vertex -96.6382 126.052 0
    endloop
  endfacet
  facet normal 0.953681 -0.30082 0
    outer loop
      vertex -96.6382 126.052 -8
      vertex -96.7956 125.553 0
      vertex -96.7956 125.553 -8
    endloop
  endfacet
  facet normal 0.991427 -0.130662 0
    outer loop
      vertex -96.9772 124.523 0
      vertex -96.9088 125.042 -8
      vertex -96.9088 125.042 0
    endloop
  endfacet
  facet normal 0.991427 -0.130662 0
    outer loop
      vertex -96.9088 125.042 -8
      vertex -96.9772 124.523 0
      vertex -96.9772 124.523 -8
    endloop
  endfacet
  facet normal -0.130662 0.991427 0
    outer loop
      vertex -87.9581 90.0912 -8
      vertex -88.4771 90.0228 0
      vertex -87.9581 90.0912 0
    endloop
  endfacet
  facet normal -0.130662 0.991427 0
    outer loop
      vertex -88.4771 90.0228 0
      vertex -87.9581 90.0912 -8
      vertex -88.4771 90.0228 -8
    endloop
  endfacet
  facet normal -0.129911 -0.991526 0
    outer loop
      vertex -88.4771 129.977 -8
      vertex -87.9581 129.909 0
      vertex -88.4771 129.977 0
    endloop
  endfacet
  facet normal -0.129911 -0.991526 -0
    outer loop
      vertex -87.9581 129.909 0
      vertex -88.4771 129.977 -8
      vertex -87.9581 129.909 -8
    endloop
  endfacet
  facet normal 0.976331 0.216283 0
    outer loop
      vertex 83.2044 94.4471 0
      vertex 83.0912 94.9581 -8
      vertex 83.0912 94.9581 0
    endloop
  endfacet
  facet normal 0.976331 0.216283 0
    outer loop
      vertex 83.0912 94.9581 -8
      vertex 83.2044 94.4471 0
      vertex 83.2044 94.4471 -8
    endloop
  endfacet
  facet normal 0.0435616 0.999051 -0
    outer loop
      vertex 89 90 -8
      vertex 88.4771 90.0228 0
      vertex 89 90 0
    endloop
  endfacet
  facet normal 0.0435616 0.999051 0
    outer loop
      vertex 88.4771 90.0228 0
      vertex 89 90 -8
      vertex 88.4771 90.0228 -8
    endloop
  endfacet
  facet normal 0.382824 0.923821 -0
    outer loop
      vertex 86.9479 90.3618 -8
      vertex 86.4643 90.5622 0
      vertex 86.9479 90.3618 0
    endloop
  endfacet
  facet normal 0.382824 0.923821 0
    outer loop
      vertex 86.4643 90.5622 0
      vertex 86.9479 90.3618 -8
      vertex 86.4643 90.5622 -8
    endloop
  endfacet
  facet normal 0.999051 0.0435616 0
    outer loop
      vertex 83.0228 95.4771 0
      vertex 83 96 -8
      vertex 83 96 0
    endloop
  endfacet
  facet normal 0.999051 0.0435616 0
    outer loop
      vertex 83 96 -8
      vertex 83.0228 95.4771 0
      vertex 83.0228 95.4771 -8
    endloop
  endfacet
  facet normal 0.675681 0.737194 -0
    outer loop
      vertex 85.1433 91.4037 -8
      vertex 84.7574 91.7574 0
      vertex 85.1433 91.4037 0
    endloop
  endfacet
  facet normal 0.675681 0.737194 0
    outer loop
      vertex 84.7574 91.7574 0
      vertex 85.1433 91.4037 -8
      vertex 84.7574 91.7574 -8
    endloop
  endfacet
  facet normal 0.737281 -0.675586 0
    outer loop
      vertex 84.4037 127.857 0
      vertex 84.7574 128.243 -8
      vertex 84.7574 128.243 0
    endloop
  endfacet
  facet normal 0.737281 -0.675586 0
    outer loop
      vertex 84.7574 128.243 -8
      vertex 84.4037 127.857 0
      vertex 84.4037 127.857 -8
    endloop
  endfacet
  facet normal -0.043943 -0.999034 0
    outer loop
      vertex 91 130 -8
      vertex 91.5229 129.977 0
      vertex 91 130 0
    endloop
  endfacet
  facet normal -0.043943 -0.999034 -0
    outer loop
      vertex 91.5229 129.977 0
      vertex 91 130 -8
      vertex 91.5229 129.977 -8
    endloop
  endfacet
  facet normal -0.608768 0.793348 0
    outer loop
      vertex 94.8567 91.4037 -8
      vertex 94.4415 91.0851 0
      vertex 94.8567 91.4037 0
    endloop
  endfacet
  facet normal -0.608768 0.793348 0
    outer loop
      vertex 94.4415 91.0851 0
      vertex 94.8567 91.4037 -8
      vertex 94.4415 91.0851 -8
    endloop
  endfacet
  facet normal -0.953715 0.300711 0
    outer loop
      vertex 96.6382 93.9479 -8
      vertex 96.7956 94.4471 0
      vertex 96.7956 94.4471 -8
    endloop
  endfacet
  facet normal -0.953715 0.300711 0
    outer loop
      vertex 96.7956 94.4471 0
      vertex 96.6382 93.9479 -8
      vertex 96.6382 93.9479 0
    endloop
  endfacet
  facet normal 0.608768 0.793348 -0
    outer loop
      vertex 85.5585 91.0851 -8
      vertex 85.1433 91.4037 0
      vertex 85.5585 91.0851 0
    endloop
  endfacet
  facet normal 0.608768 0.793348 0
    outer loop
      vertex 85.1433 91.4037 0
      vertex 85.5585 91.0851 -8
      vertex 85.1433 91.4037 -8
    endloop
  endfacet
  facet normal -0.953681 -0.30082 0
    outer loop
      vertex 96.7956 125.553 -8
      vertex 96.6382 126.052 0
      vertex 96.6382 126.052 -8
    endloop
  endfacet
  facet normal -0.953681 -0.30082 0
    outer loop
      vertex 96.6382 126.052 0
      vertex 96.7956 125.553 -8
      vertex 96.7956 125.553 0
    endloop
  endfacet
  facet normal -0.991427 0.130662 0
    outer loop
      vertex 96.9088 94.9581 -8
      vertex 96.9772 95.4771 0
      vertex 96.9772 95.4771 -8
    endloop
  endfacet
  facet normal -0.991427 0.130662 0
    outer loop
      vertex 96.9772 95.4771 0
      vertex 96.9088 94.9581 -8
      vertex 96.9088 94.9581 0
    endloop
  endfacet
  facet normal 0.4622 -0.886775 0
    outer loop
      vertex 86 129.196 -8
      vertex 86.4643 129.438 0
      vertex 86 129.196 0
    endloop
  endfacet
  facet normal 0.4622 -0.886775 0
    outer loop
      vertex 86.4643 129.438 0
      vertex 86 129.196 -8
      vertex 86.4643 129.438 -8
    endloop
  endfacet
  facet normal -0.923933 -0.382554 0
    outer loop
      vertex 96.6382 126.052 -8
      vertex 96.4378 126.536 0
      vertex 96.4378 126.536 -8
    endloop
  endfacet
  facet normal -0.923933 -0.382554 0
    outer loop
      vertex 96.4378 126.536 0
      vertex 96.6382 126.052 -8
      vertex 96.6382 126.052 0
    endloop
  endfacet
  facet normal -0.923821 0.382824 0
    outer loop
      vertex 96.4378 93.4643 -8
      vertex 96.6382 93.9479 0
      vertex 96.6382 93.9479 -8
    endloop
  endfacet
  facet normal -0.923821 0.382824 0
    outer loop
      vertex 96.6382 93.9479 0
      vertex 96.4378 93.4643 -8
      vertex 96.4378 93.4643 0
    endloop
  endfacet
  facet normal 0.923821 0.382824 0
    outer loop
      vertex 83.5622 93.4643 0
      vertex 83.3618 93.9479 -8
      vertex 83.3618 93.9479 0
    endloop
  endfacet
  facet normal 0.923821 0.382824 0
    outer loop
      vertex 83.3618 93.9479 -8
      vertex 83.5622 93.4643 0
      vertex 83.5622 93.4643 -8
    endloop
  endfacet
  facet normal 0.999051 -0.0435533 0
    outer loop
      vertex 83 124 0
      vertex 83.0228 124.523 -8
      vertex 83.0228 124.523 0
    endloop
  endfacet
  facet normal 0.999051 -0.0435533 0
    outer loop
      vertex 83.0228 124.523 -8
      vertex 83 124 0
      vertex 83 124 -8
    endloop
  endfacet
  facet normal -0.537345 0.843362 0
    outer loop
      vertex 94.4415 91.0851 -8
      vertex 94 90.8038 0
      vertex 94.4415 91.0851 0
    endloop
  endfacet
  facet normal -0.537345 0.843362 0
    outer loop
      vertex 94 90.8038 0
      vertex 94.4415 91.0851 -8
      vertex 94 90.8038 -8
    endloop
  endfacet
  facet normal -0.999051 0.0435616 0
    outer loop
      vertex 96.9772 95.4771 -8
      vertex 97 96 0
      vertex 97 96 -8
    endloop
  endfacet
  facet normal -0.999051 0.0435616 0
    outer loop
      vertex 97 96 0
      vertex 96.9772 95.4771 -8
      vertex 96.9772 95.4771 0
    endloop
  endfacet
  facet normal 0.793913 -0.608031 0
    outer loop
      vertex 84.0851 127.441 0
      vertex 84.4037 127.857 -8
      vertex 84.4037 127.857 0
    endloop
  endfacet
  facet normal 0.793913 -0.608031 0
    outer loop
      vertex 84.4037 127.857 -8
      vertex 84.0851 127.441 0
      vertex 84.0851 127.441 -8
    endloop
  endfacet
  facet normal 0.886966 -0.461834 0
    outer loop
      vertex 83.5622 126.536 0
      vertex 83.8038 127 -8
      vertex 83.8038 127 0
    endloop
  endfacet
  facet normal 0.886966 -0.461834 0
    outer loop
      vertex 83.8038 127 -8
      vertex 83.5622 126.536 0
      vertex 83.5622 126.536 -8
    endloop
  endfacet
  facet normal -0.216283 0.976331 0
    outer loop
      vertex 92.5529 90.2044 -8
      vertex 92.0419 90.0912 0
      vertex 92.5529 90.2044 0
    endloop
  endfacet
  facet normal -0.216283 0.976331 0
    outer loop
      vertex 92.0419 90.0912 0
      vertex 92.5529 90.2044 -8
      vertex 92.0419 90.0912 -8
    endloop
  endfacet
  facet normal 1 -0 0
    outer loop
      vertex 83 96 0
      vertex 83 124 -8
      vertex 83 124 0
    endloop
  endfacet
  facet normal 1 0 0
    outer loop
      vertex 83 124 -8
      vertex 83 96 0
      vertex 83 96 -8
    endloop
  endfacet
  facet normal -0.674954 -0.73786 0
    outer loop
      vertex 94.8567 128.596 -8
      vertex 95.2426 128.243 0
      vertex 94.8567 128.596 0
    endloop
  endfacet
  facet normal -0.674954 -0.73786 -0
    outer loop
      vertex 95.2426 128.243 0
      vertex 94.8567 128.596 -8
      vertex 95.2426 128.243 -8
    endloop
  endfacet
  facet normal -0.843362 0.537345 0
    outer loop
      vertex 95.9149 92.5585 -8
      vertex 96.1962 93 0
      vertex 96.1962 93 -8
    endloop
  endfacet
  facet normal -0.843362 0.537345 0
    outer loop
      vertex 96.1962 93 0
      vertex 95.9149 92.5585 -8
      vertex 95.9149 92.5585 0
    endloop
  endfacet
  facet normal -1 0 0
    outer loop
      vertex 97 96 -8
      vertex 97 124 0
      vertex 97 124 -8
    endloop
  endfacet
  facet normal -1 -0 0
    outer loop
      vertex 97 124 0
      vertex 97 96 -8
      vertex 97 96 0
    endloop
  endfacet
  facet normal -0.999051 -0.0435533 0
    outer loop
      vertex 97 124 -8
      vertex 96.9772 124.523 0
      vertex 96.9772 124.523 -8
    endloop
  endfacet
  facet normal -0.999051 -0.0435533 0
    outer loop
      vertex 96.9772 124.523 0
      vertex 97 124 -8
      vertex 97 124 0
    endloop
  endfacet
  facet normal 0.953715 0.300711 0
    outer loop
      vertex 83.3618 93.9479 0
      vertex 83.2044 94.4471 -8
      vertex 83.2044 94.4471 0
    endloop
  endfacet
  facet normal 0.953715 0.300711 0
    outer loop
      vertex 83.2044 94.4471 -8
      vertex 83.3618 93.9479 0
      vertex 83.3618 93.9479 -8
    endloop
  endfacet
  facet normal -0.675681 0.737194 0
    outer loop
      vertex 95.2426 91.7574 -8
      vertex 94.8567 91.4037 0
      vertex 95.2426 91.7574 0
    endloop
  endfacet
  facet normal -0.675681 0.737194 0
    outer loop
      vertex 94.8567 91.4037 0
      vertex 95.2426 91.7574 -8
      vertex 94.8567 91.4037 -8
    endloop
  endfacet
  facet normal 0.300711 0.953715 -0
    outer loop
      vertex 87.4471 90.2044 -8
      vertex 86.9479 90.3618 0
      vertex 87.4471 90.2044 0
    endloop
  endfacet
  facet normal 0.300711 0.953715 0
    outer loop
      vertex 86.9479 90.3618 0
      vertex 87.4471 90.2044 -8
      vertex 86.9479 90.3618 -8
    endloop
  endfacet
  facet normal -0.737194 0.675681 0
    outer loop
      vertex 95.2426 91.7574 -8
      vertex 95.5963 92.1433 0
      vertex 95.5963 92.1433 -8
    endloop
  endfacet
  facet normal -0.737194 0.675681 0
    outer loop
      vertex 95.5963 92.1433 0
      vertex 95.2426 91.7574 -8
      vertex 95.2426 91.7574 0
    endloop
  endfacet
  facet normal -0.300711 0.953715 0
    outer loop
      vertex 93.0521 90.3618 -8
      vertex 92.5529 90.2044 0
      vertex 93.0521 90.3618 0
    endloop
  endfacet
  facet normal -0.300711 0.953715 0
    outer loop
      vertex 92.5529 90.2044 0
      vertex 93.0521 90.3618 -8
      vertex 92.5529 90.2044 -8
    endloop
  endfacet
  facet normal 0.737194 0.675681 0
    outer loop
      vertex 84.7574 91.7574 0
      vertex 84.4037 92.1433 -8
      vertex 84.4037 92.1433 0
    endloop
  endfacet
  facet normal 0.737194 0.675681 0
    outer loop
      vertex 84.4037 92.1433 -8
      vertex 84.7574 91.7574 0
      vertex 84.7574 91.7574 -8
    endloop
  endfacet
  facet normal 0.976331 -0.216283 0
    outer loop
      vertex 83.0912 125.042 0
      vertex 83.2044 125.553 -8
      vertex 83.2044 125.553 0
    endloop
  endfacet
  facet normal 0.976331 -0.216283 0
    outer loop
      vertex 83.2044 125.553 -8
      vertex 83.0912 125.042 0
      vertex 83.0912 125.042 -8
    endloop
  endfacet
  facet normal 0.923933 -0.382554 0
    outer loop
      vertex 83.3618 126.052 0
      vertex 83.5622 126.536 -8
      vertex 83.5622 126.536 0
    endloop
  endfacet
  facet normal 0.923933 -0.382554 0
    outer loop
      vertex 83.5622 126.536 -8
      vertex 83.3618 126.052 0
      vertex 83.3618 126.052 -8
    endloop
  endfacet
  facet normal 0.793348 0.608768 0
    outer loop
      vertex 84.4037 92.1433 0
      vertex 84.0851 92.5585 -8
      vertex 84.0851 92.5585 0
    endloop
  endfacet
  facet normal 0.793348 0.608768 0
    outer loop
      vertex 84.0851 92.5585 -8
      vertex 84.4037 92.1433 0
      vertex 84.4037 92.1433 -8
    endloop
  endfacet
  facet normal -0.382824 0.923821 0
    outer loop
      vertex 93.5357 90.5622 -8
      vertex 93.0521 90.3618 0
      vertex 93.5357 90.5622 0
    endloop
  endfacet
  facet normal -0.382824 0.923821 0
    outer loop
      vertex 93.0521 90.3618 0
      vertex 93.5357 90.5622 -8
      vertex 93.0521 90.3618 -8
    endloop
  endfacet
  facet normal -0.301753 -0.953386 0
    outer loop
      vertex 92.5529 129.796 -8
      vertex 93.0521 129.638 0
      vertex 92.5529 129.796 0
    endloop
  endfacet
  facet normal -0.301753 -0.953386 -0
    outer loop
      vertex 93.0521 129.638 0
      vertex 92.5529 129.796 -8
      vertex 93.0521 129.638 -8
    endloop
  endfacet
  facet normal -0.215919 -0.976411 0
    outer loop
      vertex 92.0419 129.909 -8
      vertex 92.5529 129.796 0
      vertex 92.0419 129.909 0
    endloop
  endfacet
  facet normal -0.215919 -0.976411 -0
    outer loop
      vertex 92.5529 129.796 0
      vertex 92.0419 129.909 -8
      vertex 92.5529 129.796 -8
    endloop
  endfacet
  facet normal 0.609249 -0.792979 0
    outer loop
      vertex 85.1433 128.596 -8
      vertex 85.5585 128.915 0
      vertex 85.1433 128.596 0
    endloop
  endfacet
  facet normal 0.609249 -0.792979 0
    outer loop
      vertex 85.5585 128.915 0
      vertex 85.1433 128.596 -8
      vertex 85.5585 128.915 -8
    endloop
  endfacet
  facet normal 0.216283 0.976331 -0
    outer loop
      vertex 87.9581 90.0912 -8
      vertex 87.4471 90.2044 0
      vertex 87.9581 90.0912 0
    endloop
  endfacet
  facet normal 0.216283 0.976331 0
    outer loop
      vertex 87.4471 90.2044 0
      vertex 87.9581 90.0912 -8
      vertex 87.4471 90.2044 -8
    endloop
  endfacet
  facet normal 0.674954 -0.73786 0
    outer loop
      vertex 84.7574 128.243 -8
      vertex 85.1433 128.596 0
      vertex 84.7574 128.243 0
    endloop
  endfacet
  facet normal 0.674954 -0.73786 0
    outer loop
      vertex 85.1433 128.596 0
      vertex 84.7574 128.243 -8
      vertex 85.1433 128.596 -8
    endloop
  endfacet
  facet normal -0.793348 0.608768 0
    outer loop
      vertex 95.5963 92.1433 -8
      vertex 95.9149 92.5585 0
      vertex 95.9149 92.5585 -8
    endloop
  endfacet
  facet normal -0.793348 0.608768 0
    outer loop
      vertex 95.9149 92.5585 0
      vertex 95.5963 92.1433 -8
      vertex 95.5963 92.1433 0
    endloop
  endfacet
  facet normal 0.991427 0.130662 0
    outer loop
      vertex 83.0912 94.9581 0
      vertex 83.0228 95.4771 -8
      vertex 83.0228 95.4771 0
    endloop
  endfacet
  facet normal 0.991427 0.130662 0
    outer loop
      vertex 83.0228 95.4771 -8
      vertex 83.0912 94.9581 0
      vertex 83.0912 94.9581 -8
    endloop
  endfacet
  facet normal -0.4622 -0.886775 0
    outer loop
      vertex 93.5357 129.438 -8
      vertex 94 129.196 0
      vertex 93.5357 129.438 0
    endloop
  endfacet
  facet normal -0.4622 -0.886775 -0
    outer loop
      vertex 94 129.196 0
      vertex 93.5357 129.438 -8
      vertex 94 129.196 -8
    endloop
  endfacet
  facet normal -0.793913 -0.608031 0
    outer loop
      vertex 95.9149 127.441 -8
      vertex 95.5963 127.857 0
      vertex 95.5963 127.857 -8
    endloop
  endfacet
  facet normal -0.793913 -0.608031 0
    outer loop
      vertex 95.5963 127.857 0
      vertex 95.9149 127.441 -8
      vertex 95.9149 127.441 0
    endloop
  endfacet
  facet normal -0.536937 -0.843622 0
    outer loop
      vertex 94 129.196 -8
      vertex 94.4415 128.915 0
      vertex 94 129.196 0
    endloop
  endfacet
  facet normal -0.536937 -0.843622 -0
    outer loop
      vertex 94.4415 128.915 0
      vertex 94 129.196 -8
      vertex 94.4415 128.915 -8
    endloop
  endfacet
  facet normal -0.609249 -0.792979 0
    outer loop
      vertex 94.4415 128.915 -8
      vertex 94.8567 128.596 0
      vertex 94.4415 128.915 0
    endloop
  endfacet
  facet normal -0.609249 -0.792979 -0
    outer loop
      vertex 94.8567 128.596 0
      vertex 94.4415 128.915 -8
      vertex 94.8567 128.596 -8
    endloop
  endfacet
  facet normal -0.886966 -0.461834 0
    outer loop
      vertex 96.4378 126.536 -8
      vertex 96.1962 127 0
      vertex 96.1962 127 -8
    endloop
  endfacet
  facet normal -0.886966 -0.461834 0
    outer loop
      vertex 96.1962 127 0
      vertex 96.4378 126.536 -8
      vertex 96.4378 126.536 0
    endloop
  endfacet
  facet normal 0.301753 -0.953386 0
    outer loop
      vertex 86.9479 129.638 -8
      vertex 87.4471 129.796 0
      vertex 86.9479 129.638 0
    endloop
  endfacet
  facet normal 0.301753 -0.953386 0
    outer loop
      vertex 87.4471 129.796 0
      vertex 86.9479 129.638 -8
      vertex 87.4471 129.796 -8
    endloop
  endfacet
  facet normal 0.382172 -0.924091 0
    outer loop
      vertex 86.4643 129.438 -8
      vertex 86.9479 129.638 0
      vertex 86.4643 129.438 0
    endloop
  endfacet
  facet normal 0.382172 -0.924091 0
    outer loop
      vertex 86.9479 129.638 0
      vertex 86.4643 129.438 -8
      vertex 86.9479 129.638 -8
    endloop
  endfacet
  facet normal 0.843362 0.537345 0
    outer loop
      vertex 84.0851 92.5585 0
      vertex 83.8038 93 -8
      vertex 83.8038 93 0
    endloop
  endfacet
  facet normal 0.843362 0.537345 0
    outer loop
      vertex 83.8038 93 -8
      vertex 84.0851 92.5585 0
      vertex 84.0851 92.5585 -8
    endloop
  endfacet
  facet normal 0.887089 0.461599 0
    outer loop
      vertex 83.8038 93 0
      vertex 83.5622 93.4643 -8
      vertex 83.5622 93.4643 0
    endloop
  endfacet
  facet normal 0.887089 0.461599 0
    outer loop
      vertex 83.5622 93.4643 -8
      vertex 83.8038 93 0
      vertex 83.8038 93 -8
    endloop
  endfacet
  facet normal 0 1 -0
    outer loop
      vertex 91 90 -8
      vertex 89 90 0
      vertex 91 90 0
    endloop
  endfacet
  facet normal 0 1 0
    outer loop
      vertex 89 90 0
      vertex 91 90 -8
      vertex 89 90 -8
    endloop
  endfacet
  facet normal 0.043943 -0.999034 0
    outer loop
      vertex 88.4771 129.977 -8
      vertex 89 130 0
      vertex 88.4771 129.977 0
    endloop
  endfacet
  facet normal 0.043943 -0.999034 0
    outer loop
      vertex 89 130 0
      vertex 88.4771 129.977 -8
      vertex 89 130 -8
    endloop
  endfacet
  facet normal -0.737281 -0.675586 0
    outer loop
      vertex 95.5963 127.857 -8
      vertex 95.2426 128.243 0
      vertex 95.2426 128.243 -8
    endloop
  endfacet
  facet normal -0.737281 -0.675586 0
    outer loop
      vertex 95.2426 128.243 0
      vertex 95.5963 127.857 -8
      vertex 95.5963 127.857 0
    endloop
  endfacet
  facet normal -0.0435616 0.999051 0
    outer loop
      vertex 91.5229 90.0228 -8
      vertex 91 90 0
      vertex 91.5229 90.0228 0
    endloop
  endfacet
  facet normal -0.0435616 0.999051 0
    outer loop
      vertex 91 90 0
      vertex 91.5229 90.0228 -8
      vertex 91 90 -8
    endloop
  endfacet
  facet normal -0.887089 0.461599 0
    outer loop
      vertex 96.1962 93 -8
      vertex 96.4378 93.4643 0
      vertex 96.4378 93.4643 -8
    endloop
  endfacet
  facet normal -0.887089 0.461599 0
    outer loop
      vertex 96.4378 93.4643 0
      vertex 96.1962 93 -8
      vertex 96.1962 93 0
    endloop
  endfacet
  facet normal -0.382172 -0.924091 0
    outer loop
      vertex 93.0521 129.638 -8
      vertex 93.5357 129.438 0
      vertex 93.0521 129.638 0
    endloop
  endfacet
  facet normal -0.382172 -0.924091 -0
    outer loop
      vertex 93.5357 129.438 0
      vertex 93.0521 129.638 -8
      vertex 93.5357 129.438 -8
    endloop
  endfacet
  facet normal 0 -1 0
    outer loop
      vertex 89 130 -8
      vertex 91 130 0
      vertex 89 130 0
    endloop
  endfacet
  facet normal 0 -1 -0
    outer loop
      vertex 91 130 0
      vertex 89 130 -8
      vertex 91 130 -8
    endloop
  endfacet
  facet normal -0.461599 0.887089 0
    outer loop
      vertex 94 90.8038 -8
      vertex 93.5357 90.5622 0
      vertex 94 90.8038 0
    endloop
  endfacet
  facet normal -0.461599 0.887089 0
    outer loop
      vertex 93.5357 90.5622 0
      vertex 94 90.8038 -8
      vertex 93.5357 90.5622 -8
    endloop
  endfacet
  facet normal 0.536937 -0.843622 0
    outer loop
      vertex 85.5585 128.915 -8
      vertex 86 129.196 0
      vertex 85.5585 128.915 0
    endloop
  endfacet
  facet normal 0.536937 -0.843622 0
    outer loop
      vertex 86 129.196 0
      vertex 85.5585 128.915 -8
      vertex 86 129.196 -8
    endloop
  endfacet
  facet normal -0.976331 0.216283 0
    outer loop
      vertex 96.7956 94.4471 -8
      vertex 96.9088 94.9581 0
      vertex 96.9088 94.9581 -8
    endloop
  endfacet
  facet normal -0.976331 0.216283 0
    outer loop
      vertex 96.9088 94.9581 0
      vertex 96.7956 94.4471 -8
      vertex 96.7956 94.4471 0
    endloop
  endfacet
  facet normal -0.991427 -0.130662 0
    outer loop
      vertex 96.9772 124.523 -8
      vertex 96.9088 125.042 0
      vertex 96.9088 125.042 -8
    endloop
  endfacet
  facet normal -0.991427 -0.130662 0
    outer loop
      vertex 96.9088 125.042 0
      vertex 96.9772 124.523 -8
      vertex 96.9772 124.523 0
    endloop
  endfacet
  facet normal -0.843086 -0.537778 0
    outer loop
      vertex 96.1962 127 -8
      vertex 95.9149 127.441 0
      vertex 95.9149 127.441 -8
    endloop
  endfacet
  facet normal -0.843086 -0.537778 0
    outer loop
      vertex 95.9149 127.441 0
      vertex 96.1962 127 -8
      vertex 96.1962 127 0
    endloop
  endfacet
  facet normal 0.843086 -0.537778 0
    outer loop
      vertex 83.8038 127 0
      vertex 84.0851 127.441 -8
      vertex 84.0851 127.441 0
    endloop
  endfacet
  facet normal 0.843086 -0.537778 0
    outer loop
      vertex 84.0851 127.441 -8
      vertex 83.8038 127 0
      vertex 83.8038 127 -8
    endloop
  endfacet
  facet normal 0.129911 -0.991526 0
    outer loop
      vertex 87.9581 129.909 -8
      vertex 88.4771 129.977 0
      vertex 87.9581 129.909 0
    endloop
  endfacet
  facet normal 0.129911 -0.991526 0
    outer loop
      vertex 88.4771 129.977 0
      vertex 87.9581 129.909 -8
      vertex 88.4771 129.977 -8
    endloop
  endfacet
  facet normal 0.215919 -0.976411 0
    outer loop
      vertex 87.4471 129.796 -8
      vertex 87.9581 129.909 0
      vertex 87.4471 129.796 0
    endloop
  endfacet
  facet normal 0.215919 -0.976411 0
    outer loop
      vertex 87.9581 129.909 0
      vertex 87.4471 129.796 -8
      vertex 87.9581 129.909 -8
    endloop
  endfacet
  facet normal 0.537345 0.843362 -0
    outer loop
      vertex 86 90.8038 -8
      vertex 85.5585 91.0851 0
      vertex 86 90.8038 0
    endloop
  endfacet
  facet normal 0.537345 0.843362 0
    outer loop
      vertex 85.5585 91.0851 0
      vertex 86 90.8038 -8
      vertex 85.5585 91.0851 -8
    endloop
  endfacet
  facet normal 0.461599 0.887089 -0
    outer loop
      vertex 86.4643 90.5622 -8
      vertex 86 90.8038 0
      vertex 86.4643 90.5622 0
    endloop
  endfacet
  facet normal 0.461599 0.887089 0
    outer loop
      vertex 86 90.8038 0
      vertex 86.4643 90.5622 -8
      vertex 86 90.8038 -8
    endloop
  endfacet
  facet normal -0.976331 -0.216283 0
    outer loop
      vertex 96.9088 125.042 -8
      vertex 96.7956 125.553 0
      vertex 96.7956 125.553 -8
    endloop
  endfacet
  facet normal -0.976331 -0.216283 0
    outer loop
      vertex 96.7956 125.553 0
      vertex 96.9088 125.042 -8
      vertex 96.9088 125.042 0
    endloop
  endfacet
  facet normal 0.130662 0.991427 -0
    outer loop
      vertex 88.4771 90.0228 -8
      vertex 87.9581 90.0912 0
      vertex 88.4771 90.0228 0
    endloop
  endfacet
  facet normal 0.130662 0.991427 0
    outer loop
      vertex 87.9581 90.0912 0
      vertex 88.4771 90.0228 -8
      vertex 87.9581 90.0912 -8
    endloop
  endfacet
  facet normal 0.953681 -0.30082 0
    outer loop
      vertex 83.2044 125.553 0
      vertex 83.3618 126.052 -8
      vertex 83.3618 126.052 0
    endloop
  endfacet
  facet normal 0.953681 -0.30082 0
    outer loop
      vertex 83.3618 126.052 -8
      vertex 83.2044 125.553 0
      vertex 83.2044 125.553 -8
    endloop
  endfacet
  facet normal 0.991427 -0.130662 0
    outer loop
      vertex 83.0228 124.523 0
      vertex 83.0912 125.042 -8
      vertex 83.0912 125.042 0
    endloop
  endfacet
  facet normal 0.991427 -0.130662 0
    outer loop
      vertex 83.0912 125.042 -8
      vertex 83.0228 124.523 0
      vertex 83.0228 124.523 -8
    endloop
  endfacet
  facet normal -0.130662 0.991427 0
    outer loop
      vertex 92.0419 90.0912 -8
      vertex 91.5229 90.0228 0
      vertex 92.0419 90.0912 0
    endloop
  endfacet
  facet normal -0.130662 0.991427 0
    outer loop
      vertex 91.5229 90.0228 0
      vertex 92.0419 90.0912 -8
      vertex 91.5229 90.0228 -8
    endloop
  endfacet
  facet normal -0.129911 -0.991526 0
    outer loop
      vertex 91.5229 129.977 -8
      vertex 92.0419 129.909 0
      vertex 91.5229 129.977 0
    endloop
  endfacet
  facet normal -0.129911 -0.991526 -0
    outer loop
      vertex 92.0419 129.909 0
      vertex 91.5229 129.977 -8
      vertex 92.0419 129.909 -8
    endloop
  endfacet
  facet normal 0.46177 -0.887 0
    outer loop
      vertex 26.4 2.77128 0
      vertex 26.6476 2.90018 4
      vertex 26.4 2.77128 4
    endloop
  endfacet
  facet normal 0.46177 -0.887 0
    outer loop
      vertex 26.6476 2.90018 4
      vertex 26.4 2.77128 0
      vertex 26.6476 2.90018 0
    endloop
  endfacet
  facet normal 0.46177 -0.887 0
    outer loop
      vertex 26.4 2.77128 -8
      vertex 26.6476 2.90018 -4
      vertex 26.4 2.77128 -4
    endloop
  endfacet
  facet normal 0.46177 -0.887 0
    outer loop
      vertex 26.6476 2.90018 -4
      vertex 26.4 2.77128 -8
      vertex 26.6476 2.90018 -8
    endloop
  endfacet
  facet normal -0.991463 -0.130392 0
    outer loop
      vertex 31.1878 0.278898 -8
      vertex 31.1514 0.555674 -4
      vertex 31.1514 0.555674 -8
    endloop
  endfacet
  facet normal -0.991463 -0.130392 0
    outer loop
      vertex 31.1514 0.555674 -4
      vertex 31.1878 0.278898 -8
      vertex 31.1878 0.278898 -4
    endloop
  endfacet
  facet normal -0.999045 -0.0437018 0
    outer loop
      vertex 31.2 0 -8
      vertex 31.1878 0.278898 -4
      vertex 31.1878 0.278898 -8
    endloop
  endfacet
  facet normal -0.999045 -0.0437018 0
    outer loop
      vertex 31.1878 0.278898 -4
      vertex 31.2 0 -8
      vertex 31.2 0 -4
    endloop
  endfacet
  facet normal -0.976313 -0.216365 0
    outer loop
      vertex 31.1514 0.555674 -8
      vertex 31.091 0.82822 -4
      vertex 31.091 0.82822 -8
    endloop
  endfacet
  facet normal -0.976313 -0.216365 0
    outer loop
      vertex 31.091 0.82822 -4
      vertex 31.1514 0.555674 -8
      vertex 31.1514 0.555674 -4
    endloop
  endfacet
  facet normal 0.793263 0.60888 0
    outer loop
      vertex 25.5487 -2.05692 4
      vertex 25.3787 -1.83544 0
      vertex 25.3787 -1.83544 4
    endloop
  endfacet
  facet normal 0.793263 0.60888 0
    outer loop
      vertex 25.3787 -1.83544 0
      vertex 25.5487 -2.05692 4
      vertex 25.5487 -2.05692 0
    endloop
  endfacet
  facet normal 0.793263 0.60888 0
    outer loop
      vertex 25.5487 -2.05692 -4
      vertex 25.3787 -1.83544 -8
      vertex 25.3787 -1.83544 -4
    endloop
  endfacet
  facet normal 0.793263 0.60888 0
    outer loop
      vertex 25.3787 -1.83544 -8
      vertex 25.5487 -2.05692 -4
      vertex 25.5487 -2.05692 -8
    endloop
  endfacet
  facet normal -0.953661 -0.300885 0
    outer loop
      vertex 31.091 0.82822 -8
      vertex 31.007 1.09446 -4
      vertex 31.007 1.09446 -8
    endloop
  endfacet
  facet normal -0.953661 -0.300885 0
    outer loop
      vertex 31.007 1.09446 -4
      vertex 31.091 0.82822 -8
      vertex 31.091 0.82822 -4
    endloop
  endfacet
  facet normal -0.382727 -0.923861 0
    outer loop
      vertex 29.0945 3.00702 -8
      vertex 29.3524 2.90018 -4
      vertex 29.0945 3.00702 -4
    endloop
  endfacet
  facet normal -0.382727 -0.923861 -0
    outer loop
      vertex 29.3524 2.90018 -4
      vertex 29.0945 3.00702 -8
      vertex 29.3524 2.90018 -8
    endloop
  endfacet
  facet normal -0.923923 -0.38258 0
    outer loop
      vertex 31.007 1.09446 -8
      vertex 30.9002 1.35238 -4
      vertex 30.9002 1.35238 -8
    endloop
  endfacet
  facet normal -0.923923 -0.38258 0
    outer loop
      vertex 30.9002 1.35238 -4
      vertex 31.007 1.09446 -8
      vertex 31.007 1.09446 -4
    endloop
  endfacet
  facet normal -0.991463 0.130392 0
    outer loop
      vertex 31.1514 -0.555674 -8
      vertex 31.1878 -0.278898 -4
      vertex 31.1878 -0.278898 -8
    endloop
  endfacet
  facet normal -0.991463 0.130392 0
    outer loop
      vertex 31.1878 -0.278898 -4
      vertex 31.1514 -0.555674 -8
      vertex 31.1514 -0.555674 -4
    endloop
  endfacet
  facet normal 0.991463 0.130392 0
    outer loop
      vertex 24.8486 -0.555674 4
      vertex 24.8122 -0.278898 0
      vertex 24.8122 -0.278898 4
    endloop
  endfacet
  facet normal 0.991463 0.130392 0
    outer loop
      vertex 24.8122 -0.278898 0
      vertex 24.8486 -0.555674 4
      vertex 24.8486 -0.555674 0
    endloop
  endfacet
  facet normal 0.991463 0.130392 0
    outer loop
      vertex 24.8486 -0.555674 -4
      vertex 24.8122 -0.278898 -8
      vertex 24.8122 -0.278898 -4
    endloop
  endfacet
  facet normal 0.991463 0.130392 0
    outer loop
      vertex 24.8122 -0.278898 -8
      vertex 24.8486 -0.555674 -4
      vertex 24.8486 -0.555674 -8
    endloop
  endfacet
  facet normal -0.675627 0.737243 0
    outer loop
      vertex 30.2627 -2.26274 -8
      vertex 30.0569 -2.45134 -4
      vertex 30.2627 -2.26274 -4
    endloop
  endfacet
  facet normal -0.675627 0.737243 0
    outer loop
      vertex 30.0569 -2.45134 -4
      vertex 30.2627 -2.26274 -8
      vertex 30.0569 -2.45134 -8
    endloop
  endfacet
  facet normal -0.216468 0.97629 0
    outer loop
      vertex 28.8282 -3.09096 -8
      vertex 28.5557 -3.15138 -4
      vertex 28.8282 -3.09096 -4
    endloop
  endfacet
  facet normal -0.216468 0.97629 0
    outer loop
      vertex 28.5557 -3.15138 -4
      vertex 28.8282 -3.09096 -8
      vertex 28.5557 -3.15138 -8
    endloop
  endfacet
  facet normal -0.04363 -0.999048 0
    outer loop
      vertex 28 3.2 -8
      vertex 28.2789 3.18782 -4
      vertex 28 3.2 -4
    endloop
  endfacet
  facet normal -0.04363 -0.999048 -0
    outer loop
      vertex 28.2789 3.18782 -4
      vertex 28 3.2 -8
      vertex 28.2789 3.18782 -8
    endloop
  endfacet
  facet normal 0.608732 0.793376 -0
    outer loop
      vertex 26.1646 -2.62129 0
      vertex 25.9431 -2.45134 4
      vertex 26.1646 -2.62129 4
    endloop
  endfacet
  facet normal 0.608732 0.793376 0
    outer loop
      vertex 25.9431 -2.45134 4
      vertex 26.1646 -2.62129 0
      vertex 25.9431 -2.45134 0
    endloop
  endfacet
  facet normal 0.608732 0.793376 -0
    outer loop
      vertex 26.1646 -2.62129 -8
      vertex 25.9431 -2.45134 -4
      vertex 26.1646 -2.62129 -4
    endloop
  endfacet
  facet normal 0.608732 0.793376 0
    outer loop
      vertex 25.9431 -2.45134 -4
      vertex 26.1646 -2.62129 -8
      vertex 25.9431 -2.45134 -8
    endloop
  endfacet
  facet normal -0.976313 0.216365 0
    outer loop
      vertex 31.091 -0.82822 -8
      vertex 31.1514 -0.555674 -4
      vertex 31.1514 -0.555674 -8
    endloop
  endfacet
  facet normal -0.976313 0.216365 0
    outer loop
      vertex 31.1514 -0.555674 -4
      vertex 31.091 -0.82822 -8
      vertex 31.091 -0.82822 -4
    endloop
  endfacet
  facet normal 0.999045 0.0437018 0
    outer loop
      vertex 24.8122 -0.278898 4
      vertex 24.8 0 0
      vertex 24.8 0 4
    endloop
  endfacet
  facet normal 0.999045 0.0437018 0
    outer loop
      vertex 24.8 0 0
      vertex 24.8122 -0.278898 4
      vertex 24.8122 -0.278898 0
    endloop
  endfacet
  facet normal 0.999045 0.0437018 0
    outer loop
      vertex 24.8122 -0.278898 -4
      vertex 24.8 0 -8
      vertex 24.8 0 -4
    endloop
  endfacet
  facet normal 0.999045 0.0437018 0
    outer loop
      vertex 24.8 0 -8
      vertex 24.8122 -0.278898 -4
      vertex 24.8122 -0.278898 -8
    endloop
  endfacet
  facet normal -0.793263 0.60888 0
    outer loop
      vertex 30.4513 -2.05692 -8
      vertex 30.6213 -1.83544 -4
      vertex 30.6213 -1.83544 -8
    endloop
  endfacet
  facet normal -0.793263 0.60888 0
    outer loop
      vertex 30.6213 -1.83544 -4
      vertex 30.4513 -2.05692 -8
      vertex 30.4513 -2.05692 -4
    endloop
  endfacet
  facet normal 0.737276 -0.675592 0
    outer loop
      vertex 25.5487 2.05692 4
      vertex 25.7373 2.26274 0
      vertex 25.7373 2.26274 4
    endloop
  endfacet
  facet normal 0.737276 -0.675592 0
    outer loop
      vertex 25.7373 2.26274 0
      vertex 25.5487 2.05692 4
      vertex 25.5487 2.05692 0
    endloop
  endfacet
  facet normal 0.737276 -0.675592 0
    outer loop
      vertex 25.5487 2.05692 -4
      vertex 25.7373 2.26274 -8
      vertex 25.7373 2.26274 -4
    endloop
  endfacet
  facet normal 0.737276 -0.675592 0
    outer loop
      vertex 25.7373 2.26274 -8
      vertex 25.5487 2.05692 -4
      vertex 25.5487 2.05692 -8
    endloop
  endfacet
  facet normal -0.953661 0.300885 0
    outer loop
      vertex 31.007 -1.09446 -8
      vertex 31.091 -0.82822 -4
      vertex 31.091 -0.82822 -8
    endloop
  endfacet
  facet normal -0.953661 0.300885 0
    outer loop
      vertex 31.091 -0.82822 -4
      vertex 31.007 -1.09446 -8
      vertex 31.007 -1.09446 -4
    endloop
  endfacet
  facet normal 0.976313 0.216365 0
    outer loop
      vertex 24.909 -0.82822 4
      vertex 24.8486 -0.555674 0
      vertex 24.8486 -0.555674 4
    endloop
  endfacet
  facet normal 0.976313 0.216365 0
    outer loop
      vertex 24.8486 -0.555674 0
      vertex 24.909 -0.82822 4
      vertex 24.909 -0.82822 0
    endloop
  endfacet
  facet normal 0.976313 0.216365 0
    outer loop
      vertex 24.909 -0.82822 -4
      vertex 24.8486 -0.555674 -8
      vertex 24.8486 -0.555674 -4
    endloop
  endfacet
  facet normal 0.976313 0.216365 0
    outer loop
      vertex 24.8486 -0.555674 -8
      vertex 24.909 -0.82822 -4
      vertex 24.909 -0.82822 -8
    endloop
  endfacet
  facet normal 0.953661 -0.300885 0
    outer loop
      vertex 24.909 0.82822 4
      vertex 24.993 1.09446 0
      vertex 24.993 1.09446 4
    endloop
  endfacet
  facet normal 0.953661 -0.300885 0
    outer loop
      vertex 24.993 1.09446 0
      vertex 24.909 0.82822 4
      vertex 24.909 0.82822 0
    endloop
  endfacet
  facet normal 0.953661 -0.300885 0
    outer loop
      vertex 24.909 0.82822 -4
      vertex 24.993 1.09446 -8
      vertex 24.993 1.09446 -4
    endloop
  endfacet
  facet normal 0.953661 -0.300885 0
    outer loop
      vertex 24.993 1.09446 -8
      vertex 24.909 0.82822 -4
      vertex 24.909 0.82822 -8
    endloop
  endfacet
  facet normal -0.130521 0.991446 0
    outer loop
      vertex 28.5557 -3.15138 -8
      vertex 28.2789 -3.18782 -4
      vertex 28.5557 -3.15138 -4
    endloop
  endfacet
  facet normal -0.130521 0.991446 0
    outer loop
      vertex 28.2789 -3.18782 -4
      vertex 28.5557 -3.15138 -8
      vertex 28.2789 -3.18782 -8
    endloop
  endfacet
  facet normal -0.608732 0.793376 0
    outer loop
      vertex 30.0569 -2.45134 -8
      vertex 29.8354 -2.62129 -4
      vertex 30.0569 -2.45134 -4
    endloop
  endfacet
  facet normal -0.608732 0.793376 0
    outer loop
      vertex 29.8354 -2.62129 -4
      vertex 30.0569 -2.45134 -8
      vertex 29.8354 -2.62129 -8
    endloop
  endfacet
  facet normal -0.923923 0.38258 0
    outer loop
      vertex 30.9002 -1.35238 -8
      vertex 31.007 -1.09446 -4
      vertex 31.007 -1.09446 -8
    endloop
  endfacet
  facet normal -0.923923 0.38258 0
    outer loop
      vertex 31.007 -1.09446 -4
      vertex 30.9002 -1.35238 -8
      vertex 30.9002 -1.35238 -4
    endloop
  endfacet
  facet normal -0.46177 -0.887 0
    outer loop
      vertex 29.3524 2.90018 -8
      vertex 29.6 2.77128 -4
      vertex 29.3524 2.90018 -4
    endloop
  endfacet
  facet normal -0.46177 -0.887 -0
    outer loop
      vertex 29.6 2.77128 -4
      vertex 29.3524 2.90018 -8
      vertex 29.6 2.77128 -8
    endloop
  endfacet
  facet normal -0.608732 -0.793376 0
    outer loop
      vertex 29.8354 2.62129 -8
      vertex 30.0569 2.45134 -4
      vertex 29.8354 2.62129 -4
    endloop
  endfacet
  facet normal -0.608732 -0.793376 -0
    outer loop
      vertex 30.0569 2.45134 -4
      vertex 29.8354 2.62129 -8
      vertex 30.0569 2.45134 -8
    endloop
  endfacet
  facet normal -0.793263 -0.60888 0
    outer loop
      vertex 30.6213 1.83544 -8
      vertex 30.4513 2.05692 -4
      vertex 30.4513 2.05692 -8
    endloop
  endfacet
  facet normal -0.793263 -0.60888 0
    outer loop
      vertex 30.4513 2.05692 -4
      vertex 30.6213 1.83544 -8
      vertex 30.6213 1.83544 -4
    endloop
  endfacet
  facet normal 0.843378 -0.53732 0
    outer loop
      vertex 25.2287 1.6 4
      vertex 25.3787 1.83544 0
      vertex 25.3787 1.83544 4
    endloop
  endfacet
  facet normal 0.843378 -0.53732 0
    outer loop
      vertex 25.3787 1.83544 0
      vertex 25.2287 1.6 4
      vertex 25.2287 1.6 0
    endloop
  endfacet
  facet normal 0.843378 -0.53732 0
    outer loop
      vertex 25.2287 1.6 -4
      vertex 25.3787 1.83544 -8
      vertex 25.3787 1.83544 -4
    endloop
  endfacet
  facet normal 0.843378 -0.53732 0
    outer loop
      vertex 25.3787 1.83544 -8
      vertex 25.2287 1.6 -4
      vertex 25.2287 1.6 -8
    endloop
  endfacet
  facet normal 0.608732 -0.793376 0
    outer loop
      vertex 25.9431 2.45134 0
      vertex 26.1646 2.62129 4
      vertex 25.9431 2.45134 4
    endloop
  endfacet
  facet normal 0.608732 -0.793376 0
    outer loop
      vertex 26.1646 2.62129 4
      vertex 25.9431 2.45134 0
      vertex 26.1646 2.62129 0
    endloop
  endfacet
  facet normal 0.608732 -0.793376 0
    outer loop
      vertex 25.9431 2.45134 -8
      vertex 26.1646 2.62129 -4
      vertex 25.9431 2.45134 -4
    endloop
  endfacet
  facet normal 0.608732 -0.793376 0
    outer loop
      vertex 26.1646 2.62129 -4
      vertex 25.9431 2.45134 -8
      vertex 26.1646 2.62129 -8
    endloop
  endfacet
  facet normal 0.130521 -0.991446 0
    outer loop
      vertex 27.4443 3.15138 -8
      vertex 27.7211 3.18782 -4
      vertex 27.4443 3.15138 -4
    endloop
  endfacet
  facet normal 0.130521 -0.991446 0
    outer loop
      vertex 27.7211 3.18782 -4
      vertex 27.4443 3.15138 -8
      vertex 27.7211 3.18782 -8
    endloop
  endfacet
  facet normal -0.737276 -0.675592 0
    outer loop
      vertex 30.4513 2.05692 -8
      vertex 30.2627 2.26274 -4
      vertex 30.2627 2.26274 -8
    endloop
  endfacet
  facet normal -0.737276 -0.675592 0
    outer loop
      vertex 30.2627 2.26274 -4
      vertex 30.4513 2.05692 -8
      vertex 30.4513 2.05692 -4
    endloop
  endfacet
  facet normal 0.923923 0.38258 0
    outer loop
      vertex 25.0998 -1.35238 4
      vertex 24.993 -1.09446 0
      vertex 24.993 -1.09446 4
    endloop
  endfacet
  facet normal 0.923923 0.38258 0
    outer loop
      vertex 24.993 -1.09446 0
      vertex 25.0998 -1.35238 4
      vertex 25.0998 -1.35238 0
    endloop
  endfacet
  facet normal 0.923923 0.38258 0
    outer loop
      vertex 25.0998 -1.35238 -4
      vertex 24.993 -1.09446 -8
      vertex 24.993 -1.09446 -4
    endloop
  endfacet
  facet normal 0.923923 0.38258 0
    outer loop
      vertex 24.993 -1.09446 -8
      vertex 25.0998 -1.35238 -4
      vertex 25.0998 -1.35238 -8
    endloop
  endfacet
  facet normal -0.382727 0.923861 0
    outer loop
      vertex 29.3524 -2.90018 -8
      vertex 29.0945 -3.00702 -4
      vertex 29.3524 -2.90018 -4
    endloop
  endfacet
  facet normal -0.382727 0.923861 0
    outer loop
      vertex 29.0945 -3.00702 -4
      vertex 29.3524 -2.90018 -8
      vertex 29.0945 -3.00702 -8
    endloop
  endfacet
  facet normal 0.887015 -0.461741 0
    outer loop
      vertex 25.0998 1.35238 4
      vertex 25.2287 1.6 0
      vertex 25.2287 1.6 4
    endloop
  endfacet
  facet normal 0.887015 -0.461741 0
    outer loop
      vertex 25.2287 1.6 0
      vertex 25.0998 1.35238 4
      vertex 25.0998 1.35238 0
    endloop
  endfacet
  facet normal 0.887015 -0.461741 0
    outer loop
      vertex 25.0998 1.35238 -4
      vertex 25.2287 1.6 -8
      vertex 25.2287 1.6 -4
    endloop
  endfacet
  facet normal 0.887015 -0.461741 0
    outer loop
      vertex 25.2287 1.6 -8
      vertex 25.0998 1.35238 -4
      vertex 25.0998 1.35238 -8
    endloop
  endfacet
  facet normal 0.53736 0.843353 -0
    outer loop
      vertex 26.4 -2.77128 0
      vertex 26.1646 -2.62129 4
      vertex 26.4 -2.77128 4
    endloop
  endfacet
  facet normal 0.53736 0.843353 0
    outer loop
      vertex 26.1646 -2.62129 4
      vertex 26.4 -2.77128 0
      vertex 26.1646 -2.62129 0
    endloop
  endfacet
  facet normal 0.53736 0.843353 -0
    outer loop
      vertex 26.4 -2.77128 -8
      vertex 26.1646 -2.62129 -4
      vertex 26.4 -2.77128 -4
    endloop
  endfacet
  facet normal 0.53736 0.843353 0
    outer loop
      vertex 26.1646 -2.62129 -4
      vertex 26.4 -2.77128 -8
      vertex 26.1646 -2.62129 -8
    endloop
  endfacet
  facet normal -0.46177 0.887 0
    outer loop
      vertex 29.6 -2.77128 -8
      vertex 29.3524 -2.90018 -4
      vertex 29.6 -2.77128 -4
    endloop
  endfacet
  facet normal -0.46177 0.887 0
    outer loop
      vertex 29.3524 -2.90018 -4
      vertex 29.6 -2.77128 -8
      vertex 29.3524 -2.90018 -8
    endloop
  endfacet
  facet normal 0.216468 -0.97629 0
    outer loop
      vertex 27.1718 3.09096 -8
      vertex 27.4443 3.15138 -4
      vertex 27.1718 3.09096 -4
    endloop
  endfacet
  facet normal 0.216468 -0.97629 0
    outer loop
      vertex 27.4443 3.15138 -4
      vertex 27.1718 3.09096 -8
      vertex 27.4443 3.15138 -8
    endloop
  endfacet
  facet normal -0.53736 0.843353 0
    outer loop
      vertex 29.8354 -2.62129 -8
      vertex 29.6 -2.77128 -4
      vertex 29.8354 -2.62129 -4
    endloop
  endfacet
  facet normal -0.53736 0.843353 0
    outer loop
      vertex 29.6 -2.77128 -4
      vertex 29.8354 -2.62129 -8
      vertex 29.6 -2.77128 -8
    endloop
  endfacet
  facet normal -0.53736 -0.843353 0
    outer loop
      vertex 29.6 2.77128 -8
      vertex 29.8354 2.62129 -4
      vertex 29.6 2.77128 -4
    endloop
  endfacet
  facet normal -0.53736 -0.843353 -0
    outer loop
      vertex 29.8354 2.62129 -4
      vertex 29.6 2.77128 -8
      vertex 29.8354 2.62129 -8
    endloop
  endfacet
  facet normal 0.953661 0.300885 0
    outer loop
      vertex 24.993 -1.09446 4
      vertex 24.909 -0.82822 0
      vertex 24.909 -0.82822 4
    endloop
  endfacet
  facet normal 0.953661 0.300885 0
    outer loop
      vertex 24.909 -0.82822 0
      vertex 24.993 -1.09446 4
      vertex 24.993 -1.09446 0
    endloop
  endfacet
  facet normal 0.953661 0.300885 0
    outer loop
      vertex 24.993 -1.09446 -4
      vertex 24.909 -0.82822 -8
      vertex 24.909 -0.82822 -4
    endloop
  endfacet
  facet normal 0.953661 0.300885 0
    outer loop
      vertex 24.909 -0.82822 -8
      vertex 24.993 -1.09446 -4
      vertex 24.993 -1.09446 -8
    endloop
  endfacet
  facet normal 0.976313 -0.216365 0
    outer loop
      vertex 24.8486 0.555674 4
      vertex 24.909 0.82822 0
      vertex 24.909 0.82822 4
    endloop
  endfacet
  facet normal 0.976313 -0.216365 0
    outer loop
      vertex 24.909 0.82822 0
      vertex 24.8486 0.555674 4
      vertex 24.8486 0.555674 0
    endloop
  endfacet
  facet normal 0.976313 -0.216365 0
    outer loop
      vertex 24.8486 0.555674 -4
      vertex 24.909 0.82822 -8
      vertex 24.909 0.82822 -4
    endloop
  endfacet
  facet normal 0.976313 -0.216365 0
    outer loop
      vertex 24.909 0.82822 -8
      vertex 24.8486 0.555674 -4
      vertex 24.8486 0.555674 -8
    endloop
  endfacet
  facet normal -0.843378 0.53732 0
    outer loop
      vertex 30.6213 -1.83544 -8
      vertex 30.7713 -1.6 -4
      vertex 30.7713 -1.6 -8
    endloop
  endfacet
  facet normal -0.843378 0.53732 0
    outer loop
      vertex 30.7713 -1.6 -4
      vertex 30.6213 -1.83544 -8
      vertex 30.6213 -1.83544 -4
    endloop
  endfacet
  facet normal -0.737276 0.675592 0
    outer loop
      vertex 30.2627 -2.26274 -8
      vertex 30.4513 -2.05692 -4
      vertex 30.4513 -2.05692 -8
    endloop
  endfacet
  facet normal -0.737276 0.675592 0
    outer loop
      vertex 30.4513 -2.05692 -4
      vertex 30.2627 -2.26274 -8
      vertex 30.2627 -2.26274 -4
    endloop
  endfacet
  facet normal -0.843378 -0.53732 0
    outer loop
      vertex 30.7713 1.6 -8
      vertex 30.6213 1.83544 -4
      vertex 30.6213 1.83544 -8
    endloop
  endfacet
  facet normal -0.843378 -0.53732 0
    outer loop
      vertex 30.6213 1.83544 -4
      vertex 30.7713 1.6 -8
      vertex 30.7713 1.6 -4
    endloop
  endfacet
  facet normal 0.130521 0.991446 -0
    outer loop
      vertex 27.7211 -3.18782 -8
      vertex 27.4443 -3.15138 -4
      vertex 27.7211 -3.18782 -4
    endloop
  endfacet
  facet normal 0.130521 0.991446 0
    outer loop
      vertex 27.4443 -3.15138 -4
      vertex 27.7211 -3.18782 -8
      vertex 27.4443 -3.15138 -8
    endloop
  endfacet
  facet normal 0.04363 0.999048 -0
    outer loop
      vertex 28 -3.2 -8
      vertex 27.7211 -3.18782 -4
      vertex 28 -3.2 -4
    endloop
  endfacet
  facet normal 0.04363 0.999048 0
    outer loop
      vertex 27.7211 -3.18782 -4
      vertex 28 -3.2 -8
      vertex 27.7211 -3.18782 -8
    endloop
  endfacet
  facet normal -0.887015 -0.461741 0
    outer loop
      vertex 30.9002 1.35238 -8
      vertex 30.7713 1.6 -4
      vertex 30.7713 1.6 -8
    endloop
  endfacet
  facet normal -0.887015 -0.461741 0
    outer loop
      vertex 30.7713 1.6 -4
      vertex 30.9002 1.35238 -8
      vertex 30.9002 1.35238 -4
    endloop
  endfacet
  facet normal 0.843378 0.53732 0
    outer loop
      vertex 25.3787 -1.83544 4
      vertex 25.2287 -1.6 0
      vertex 25.2287 -1.6 4
    endloop
  endfacet
  facet normal 0.843378 0.53732 0
    outer loop
      vertex 25.2287 -1.6 0
      vertex 25.3787 -1.83544 4
      vertex 25.3787 -1.83544 0
    endloop
  endfacet
  facet normal 0.843378 0.53732 0
    outer loop
      vertex 25.3787 -1.83544 -4
      vertex 25.2287 -1.6 -8
      vertex 25.2287 -1.6 -4
    endloop
  endfacet
  facet normal 0.843378 0.53732 0
    outer loop
      vertex 25.2287 -1.6 -8
      vertex 25.3787 -1.83544 -4
      vertex 25.3787 -1.83544 -8
    endloop
  endfacet
  facet normal 0.300627 0.953742 -0
    outer loop
      vertex 27.1718 -3.09096 -8
      vertex 26.9055 -3.00702 -4
      vertex 27.1718 -3.09096 -4
    endloop
  endfacet
  facet normal 0.300627 0.953742 0
    outer loop
      vertex 26.9055 -3.00702 -4
      vertex 27.1718 -3.09096 -8
      vertex 26.9055 -3.00702 -8
    endloop
  endfacet
  facet normal 0.53736 -0.843353 0
    outer loop
      vertex 26.1646 2.62129 0
      vertex 26.4 2.77128 4
      vertex 26.1646 2.62129 4
    endloop
  endfacet
  facet normal 0.53736 -0.843353 0
    outer loop
      vertex 26.4 2.77128 4
      vertex 26.1646 2.62129 0
      vertex 26.4 2.77128 0
    endloop
  endfacet
  facet normal 0.53736 -0.843353 0
    outer loop
      vertex 26.1646 2.62129 -8
      vertex 26.4 2.77128 -4
      vertex 26.1646 2.62129 -4
    endloop
  endfacet
  facet normal 0.53736 -0.843353 0
    outer loop
      vertex 26.4 2.77128 -4
      vertex 26.1646 2.62129 -8
      vertex 26.4 2.77128 -8
    endloop
  endfacet
  facet normal -0.300627 0.953742 0
    outer loop
      vertex 29.0945 -3.00702 -8
      vertex 28.8282 -3.09096 -4
      vertex 29.0945 -3.00702 -4
    endloop
  endfacet
  facet normal -0.300627 0.953742 0
    outer loop
      vertex 28.8282 -3.09096 -4
      vertex 29.0945 -3.00702 -8
      vertex 28.8282 -3.09096 -8
    endloop
  endfacet
  facet normal 0.675627 -0.737243 0
    outer loop
      vertex 25.7373 2.26274 0
      vertex 25.9431 2.45134 4
      vertex 25.7373 2.26274 4
    endloop
  endfacet
  facet normal 0.675627 -0.737243 0
    outer loop
      vertex 25.9431 2.45134 4
      vertex 25.7373 2.26274 0
      vertex 25.9431 2.45134 0
    endloop
  endfacet
  facet normal 0.675627 -0.737243 0
    outer loop
      vertex 25.7373 2.26274 -8
      vertex 25.9431 2.45134 -4
      vertex 25.7373 2.26274 -4
    endloop
  endfacet
  facet normal 0.675627 -0.737243 0
    outer loop
      vertex 25.9431 2.45134 -4
      vertex 25.7373 2.26274 -8
      vertex 25.9431 2.45134 -8
    endloop
  endfacet
  facet normal 0.887015 0.461741 0
    outer loop
      vertex 25.2287 -1.6 4
      vertex 25.0998 -1.35238 0
      vertex 25.0998 -1.35238 4
    endloop
  endfacet
  facet normal 0.887015 0.461741 0
    outer loop
      vertex 25.0998 -1.35238 0
      vertex 25.2287 -1.6 4
      vertex 25.2287 -1.6 0
    endloop
  endfacet
  facet normal 0.887015 0.461741 0
    outer loop
      vertex 25.2287 -1.6 -4
      vertex 25.0998 -1.35238 -8
      vertex 25.0998 -1.35238 -4
    endloop
  endfacet
  facet normal 0.887015 0.461741 0
    outer loop
      vertex 25.0998 -1.35238 -8
      vertex 25.2287 -1.6 -4
      vertex 25.2287 -1.6 -8
    endloop
  endfacet
  facet normal 0.300627 -0.953742 0
    outer loop
      vertex 26.9055 3.00702 -8
      vertex 27.1718 3.09096 -4
      vertex 26.9055 3.00702 -4
    endloop
  endfacet
  facet normal 0.300627 -0.953742 0
    outer loop
      vertex 27.1718 3.09096 -4
      vertex 26.9055 3.00702 -8
      vertex 27.1718 3.09096 -8
    endloop
  endfacet
  facet normal 0.216468 0.97629 -0
    outer loop
      vertex 27.4443 -3.15138 -8
      vertex 27.1718 -3.09096 -4
      vertex 27.4443 -3.15138 -4
    endloop
  endfacet
  facet normal 0.216468 0.97629 0
    outer loop
      vertex 27.1718 -3.09096 -4
      vertex 27.4443 -3.15138 -8
      vertex 27.1718 -3.09096 -8
    endloop
  endfacet
  facet normal 0.04363 -0.999048 0
    outer loop
      vertex 27.7211 3.18782 -8
      vertex 28 3.2 -4
      vertex 27.7211 3.18782 -4
    endloop
  endfacet
  facet normal 0.04363 -0.999048 0
    outer loop
      vertex 28 3.2 -4
      vertex 27.7211 3.18782 -8
      vertex 28 3.2 -8
    endloop
  endfacet
  facet normal -0.216468 -0.97629 0
    outer loop
      vertex 28.5557 3.15138 -8
      vertex 28.8282 3.09096 -4
      vertex 28.5557 3.15138 -4
    endloop
  endfacet
  facet normal -0.216468 -0.97629 -0
    outer loop
      vertex 28.8282 3.09096 -4
      vertex 28.5557 3.15138 -8
      vertex 28.8282 3.09096 -8
    endloop
  endfacet
  facet normal 0.737276 0.675592 0
    outer loop
      vertex 25.7373 -2.26274 4
      vertex 25.5487 -2.05692 0
      vertex 25.5487 -2.05692 4
    endloop
  endfacet
  facet normal 0.737276 0.675592 0
    outer loop
      vertex 25.5487 -2.05692 0
      vertex 25.7373 -2.26274 4
      vertex 25.7373 -2.26274 0
    endloop
  endfacet
  facet normal 0.737276 0.675592 0
    outer loop
      vertex 25.7373 -2.26274 -4
      vertex 25.5487 -2.05692 -8
      vertex 25.5487 -2.05692 -4
    endloop
  endfacet
  facet normal 0.737276 0.675592 0
    outer loop
      vertex 25.5487 -2.05692 -8
      vertex 25.7373 -2.26274 -4
      vertex 25.7373 -2.26274 -8
    endloop
  endfacet
  facet normal -0.999045 0.0437018 0
    outer loop
      vertex 31.1878 -0.278898 -8
      vertex 31.2 0 -4
      vertex 31.2 0 -8
    endloop
  endfacet
  facet normal -0.999045 0.0437018 0
    outer loop
      vertex 31.2 0 -4
      vertex 31.1878 -0.278898 -8
      vertex 31.1878 -0.278898 -4
    endloop
  endfacet
  facet normal -0.04363 0.999048 0
    outer loop
      vertex 28.2789 -3.18782 -8
      vertex 28 -3.2 -4
      vertex 28.2789 -3.18782 -4
    endloop
  endfacet
  facet normal -0.04363 0.999048 0
    outer loop
      vertex 28 -3.2 -4
      vertex 28.2789 -3.18782 -8
      vertex 28 -3.2 -8
    endloop
  endfacet
  facet normal 0.675627 0.737243 -0
    outer loop
      vertex 25.9431 -2.45134 0
      vertex 25.7373 -2.26274 4
      vertex 25.9431 -2.45134 4
    endloop
  endfacet
  facet normal 0.675627 0.737243 0
    outer loop
      vertex 25.7373 -2.26274 4
      vertex 25.9431 -2.45134 0
      vertex 25.7373 -2.26274 0
    endloop
  endfacet
  facet normal 0.675627 0.737243 -0
    outer loop
      vertex 25.9431 -2.45134 -8
      vertex 25.7373 -2.26274 -4
      vertex 25.9431 -2.45134 -4
    endloop
  endfacet
  facet normal 0.675627 0.737243 0
    outer loop
      vertex 25.7373 -2.26274 -4
      vertex 25.9431 -2.45134 -8
      vertex 25.7373 -2.26274 -8
    endloop
  endfacet
  facet normal -0.130521 -0.991446 0
    outer loop
      vertex 28.2789 3.18782 -8
      vertex 28.5557 3.15138 -4
      vertex 28.2789 3.18782 -4
    endloop
  endfacet
  facet normal -0.130521 -0.991446 -0
    outer loop
      vertex 28.5557 3.15138 -4
      vertex 28.2789 3.18782 -8
      vertex 28.5557 3.15138 -8
    endloop
  endfacet
  facet normal -0.887015 0.461741 0
    outer loop
      vertex 30.7713 -1.6 -8
      vertex 30.9002 -1.35238 -4
      vertex 30.9002 -1.35238 -8
    endloop
  endfacet
  facet normal -0.887015 0.461741 0
    outer loop
      vertex 30.9002 -1.35238 -4
      vertex 30.7713 -1.6 -8
      vertex 30.7713 -1.6 -4
    endloop
  endfacet
  facet normal -0.675627 -0.737243 0
    outer loop
      vertex 30.0569 2.45134 -8
      vertex 30.2627 2.26274 -4
      vertex 30.0569 2.45134 -4
    endloop
  endfacet
  facet normal -0.675627 -0.737243 -0
    outer loop
      vertex 30.2627 2.26274 -4
      vertex 30.0569 2.45134 -8
      vertex 30.2627 2.26274 -8
    endloop
  endfacet
  facet normal -0.300627 -0.953742 0
    outer loop
      vertex 28.8282 3.09096 -8
      vertex 29.0945 3.00702 -4
      vertex 28.8282 3.09096 -4
    endloop
  endfacet
  facet normal -0.300627 -0.953742 -0
    outer loop
      vertex 29.0945 3.00702 -4
      vertex 28.8282 3.09096 -8
      vertex 29.0945 3.00702 -8
    endloop
  endfacet
  facet normal 0.793263 -0.60888 0
    outer loop
      vertex 25.3787 1.83544 4
      vertex 25.5487 2.05692 0
      vertex 25.5487 2.05692 4
    endloop
  endfacet
  facet normal 0.793263 -0.60888 0
    outer loop
      vertex 25.5487 2.05692 0
      vertex 25.3787 1.83544 4
      vertex 25.3787 1.83544 0
    endloop
  endfacet
  facet normal 0.793263 -0.60888 0
    outer loop
      vertex 25.3787 1.83544 -4
      vertex 25.5487 2.05692 -8
      vertex 25.5487 2.05692 -4
    endloop
  endfacet
  facet normal 0.793263 -0.60888 0
    outer loop
      vertex 25.5487 2.05692 -8
      vertex 25.3787 1.83544 -4
      vertex 25.3787 1.83544 -8
    endloop
  endfacet
  facet normal 0.991463 -0.130392 0
    outer loop
      vertex 24.8122 0.278898 4
      vertex 24.8486 0.555674 0
      vertex 24.8486 0.555674 4
    endloop
  endfacet
  facet normal 0.991463 -0.130392 0
    outer loop
      vertex 24.8486 0.555674 0
      vertex 24.8122 0.278898 4
      vertex 24.8122 0.278898 0
    endloop
  endfacet
  facet normal 0.991463 -0.130392 0
    outer loop
      vertex 24.8122 0.278898 -4
      vertex 24.8486 0.555674 -8
      vertex 24.8486 0.555674 -4
    endloop
  endfacet
  facet normal 0.991463 -0.130392 0
    outer loop
      vertex 24.8486 0.555674 -8
      vertex 24.8122 0.278898 -4
      vertex 24.8122 0.278898 -8
    endloop
  endfacet
  facet normal 0.999045 -0.0437018 0
    outer loop
      vertex 24.8 0 4
      vertex 24.8122 0.278898 0
      vertex 24.8122 0.278898 4
    endloop
  endfacet
  facet normal 0.999045 -0.0437018 0
    outer loop
      vertex 24.8122 0.278898 0
      vertex 24.8 0 4
      vertex 24.8 0 0
    endloop
  endfacet
  facet normal 0.999045 -0.0437018 0
    outer loop
      vertex 24.8 0 -4
      vertex 24.8122 0.278898 -8
      vertex 24.8122 0.278898 -4
    endloop
  endfacet
  facet normal 0.999045 -0.0437018 0
    outer loop
      vertex 24.8122 0.278898 -8
      vertex 24.8 0 -4
      vertex 24.8 0 -8
    endloop
  endfacet
  facet normal 0.382566 0.923928 -0
    outer loop
      vertex 26.8161 -2.96995 0
      vertex 26.6476 -2.90018 4
      vertex 26.8161 -2.96995 4
    endloop
  endfacet
  facet normal 0.382566 0.923928 0
    outer loop
      vertex 26.6476 -2.90018 4
      vertex 26.8161 -2.96995 0
      vertex 26.6476 -2.90018 0
    endloop
  endfacet
  facet normal 0.382727 0.923861 -0
    outer loop
      vertex 26.9055 -3.00702 -8
      vertex 26.6476 -2.90018 -4
      vertex 26.9055 -3.00702 -4
    endloop
  endfacet
  facet normal 0.382727 0.923861 0
    outer loop
      vertex 26.6476 -2.90018 -4
      vertex 26.9055 -3.00702 -8
      vertex 26.6476 -2.90018 -8
    endloop
  endfacet
  facet normal 0.382566 -0.923928 0
    outer loop
      vertex 26.6476 2.90018 0
      vertex 26.8161 2.96995 4
      vertex 26.6476 2.90018 4
    endloop
  endfacet
  facet normal 0.382566 -0.923928 0
    outer loop
      vertex 26.8161 2.96995 4
      vertex 26.6476 2.90018 0
      vertex 26.8161 2.96995 0
    endloop
  endfacet
  facet normal 0.382727 -0.923861 0
    outer loop
      vertex 26.6476 2.90018 -8
      vertex 26.9055 3.00702 -4
      vertex 26.6476 2.90018 -4
    endloop
  endfacet
  facet normal 0.382727 -0.923861 0
    outer loop
      vertex 26.9055 3.00702 -4
      vertex 26.6476 2.90018 -8
      vertex 26.9055 3.00702 -8
    endloop
  endfacet
  facet normal 0 0 -1
    outer loop
      vertex 31.1878 -0.278898 -4
      vertex 31.1878 0.278898 -4
      vertex 31.2 0 -4
    endloop
  endfacet
  facet normal 0 0 -1
    outer loop
      vertex 31.1514 -0.555674 -4
      vertex 31.1878 0.278898 -4
      vertex 31.1878 -0.278898 -4
    endloop
  endfacet
  facet normal 0 0 -1
    outer loop
      vertex 31.1514 -0.555674 -4
      vertex 31.1514 0.555674 -4
      vertex 31.1878 0.278898 -4
    endloop
  endfacet
  facet normal 0 0 -1
    outer loop
      vertex 31.091 -0.82822 -4
      vertex 31.1514 0.555674 -4
      vertex 31.1514 -0.555674 -4
    endloop
  endfacet
  facet normal 0 0 -1
    outer loop
      vertex 31.091 -0.82822 -4
      vertex 31.091 0.82822 -4
      vertex 31.1514 0.555674 -4
    endloop
  endfacet
  facet normal 0 0 -1
    outer loop
      vertex 31.007 -1.09446 -4
      vertex 31.091 0.82822 -4
      vertex 31.091 -0.82822 -4
    endloop
  endfacet
  facet normal 0 0 -1
    outer loop
      vertex 31.007 -1.09446 -4
      vertex 31.007 1.09446 -4
      vertex 31.091 0.82822 -4
    endloop
  endfacet
  facet normal 0 0 -1
    outer loop
      vertex 30.9002 -1.35238 -4
      vertex 31.007 1.09446 -4
      vertex 31.007 -1.09446 -4
    endloop
  endfacet
  facet normal 0 0 -1
    outer loop
      vertex 30.9002 -1.35238 -4
      vertex 30.9002 1.35238 -4
      vertex 31.007 1.09446 -4
    endloop
  endfacet
  facet normal 0 0 -1
    outer loop
      vertex 30.7713 -1.6 -4
      vertex 30.9002 1.35238 -4
      vertex 30.9002 -1.35238 -4
    endloop
  endfacet
  facet normal 0 0 -1
    outer loop
      vertex 30.7713 -1.6 -4
      vertex 30.7713 1.6 -4
      vertex 30.9002 1.35238 -4
    endloop
  endfacet
  facet normal 0 0 -1
    outer loop
      vertex 30.6213 -1.83544 -4
      vertex 30.7713 1.6 -4
      vertex 30.7713 -1.6 -4
    endloop
  endfacet
  facet normal 0 0 -1
    outer loop
      vertex 30.6213 -1.83544 -4
      vertex 30.6213 1.83544 -4
      vertex 30.7713 1.6 -4
    endloop
  endfacet
  facet normal 0 0 -1
    outer loop
      vertex 30.4513 -2.05692 -4
      vertex 30.6213 1.83544 -4
      vertex 30.6213 -1.83544 -4
    endloop
  endfacet
  facet normal 0 0 -1
    outer loop
      vertex 30.4513 -2.05692 -4
      vertex 30.4513 2.05692 -4
      vertex 30.6213 1.83544 -4
    endloop
  endfacet
  facet normal 0 0 -1
    outer loop
      vertex 30.2627 -2.26274 -4
      vertex 30.4513 2.05692 -4
      vertex 30.4513 -2.05692 -4
    endloop
  endfacet
  facet normal 0 0 -1
    outer loop
      vertex 30.2627 -2.26274 -4
      vertex 30.2627 2.26274 -4
      vertex 30.4513 2.05692 -4
    endloop
  endfacet
  facet normal 0 0 -1
    outer loop
      vertex 30.0569 -2.45134 -4
      vertex 30.2627 2.26274 -4
      vertex 30.2627 -2.26274 -4
    endloop
  endfacet
  facet normal 0 0 -1
    outer loop
      vertex 30.0569 -2.45134 -4
      vertex 30.0569 2.45134 -4
      vertex 30.2627 2.26274 -4
    endloop
  endfacet
  facet normal 0 0 -1
    outer loop
      vertex 29.8354 -2.62129 -4
      vertex 30.0569 2.45134 -4
      vertex 30.0569 -2.45134 -4
    endloop
  endfacet
  facet normal 0 0 -1
    outer loop
      vertex 29.8354 -2.62129 -4
      vertex 29.8354 2.62129 -4
      vertex 30.0569 2.45134 -4
    endloop
  endfacet
  facet normal 0 0 -1
    outer loop
      vertex 29.6 -2.77128 -4
      vertex 29.8354 2.62129 -4
      vertex 29.8354 -2.62129 -4
    endloop
  endfacet
  facet normal 0 0 -1
    outer loop
      vertex 29.6 -2.77128 -4
      vertex 29.6 2.77128 -4
      vertex 29.8354 2.62129 -4
    endloop
  endfacet
  facet normal 0 0 -1
    outer loop
      vertex 29.3524 -2.90018 -4
      vertex 29.6 2.77128 -4
      vertex 29.6 -2.77128 -4
    endloop
  endfacet
  facet normal 0 0 -1
    outer loop
      vertex 29.3524 -2.90018 -4
      vertex 29.3524 2.90018 -4
      vertex 29.6 2.77128 -4
    endloop
  endfacet
  facet normal 0 0 -1
    outer loop
      vertex 29.0945 -3.00702 -4
      vertex 29.3524 2.90018 -4
      vertex 29.3524 -2.90018 -4
    endloop
  endfacet
  facet normal 0 0 -1
    outer loop
      vertex 29.0945 -3.00702 -4
      vertex 29.0945 3.00702 -4
      vertex 29.3524 2.90018 -4
    endloop
  endfacet
  facet normal 0 0 -1
    outer loop
      vertex 28.8282 -3.09096 -4
      vertex 29.0945 3.00702 -4
      vertex 29.0945 -3.00702 -4
    endloop
  endfacet
  facet normal 0 0 -1
    outer loop
      vertex 28.8282 -3.09096 -4
      vertex 28.8282 3.09096 -4
      vertex 29.0945 3.00702 -4
    endloop
  endfacet
  facet normal 0 0 -1
    outer loop
      vertex 28.5557 -3.15138 -4
      vertex 28.8282 3.09096 -4
      vertex 28.8282 -3.09096 -4
    endloop
  endfacet
  facet normal 0 0 -1
    outer loop
      vertex 28.5557 -3.15138 -4
      vertex 28.5557 3.15138 -4
      vertex 28.8282 3.09096 -4
    endloop
  endfacet
  facet normal 0 0 -1
    outer loop
      vertex 28.2789 -3.18782 -4
      vertex 28.5557 3.15138 -4
      vertex 28.5557 -3.15138 -4
    endloop
  endfacet
  facet normal 0 0 -1
    outer loop
      vertex 28.2789 -3.18782 -4
      vertex 28.2789 3.18782 -4
      vertex 28.5557 3.15138 -4
    endloop
  endfacet
  facet normal 0 0 -1
    outer loop
      vertex 28 -3.2 -4
      vertex 28.2789 3.18782 -4
      vertex 28.2789 -3.18782 -4
    endloop
  endfacet
  facet normal 0 0 -1
    outer loop
      vertex 28 -3.2 -4
      vertex 28 3.2 -4
      vertex 28.2789 3.18782 -4
    endloop
  endfacet
  facet normal 0 0 -1
    outer loop
      vertex 27.7211 -3.18782 -4
      vertex 28 3.2 -4
      vertex 28 -3.2 -4
    endloop
  endfacet
  facet normal 0 0 -1
    outer loop
      vertex 27.7211 -3.18782 -4
      vertex 27.7211 3.18782 -4
      vertex 28 3.2 -4
    endloop
  endfacet
  facet normal 0 0 -1
    outer loop
      vertex 27.4443 -3.15138 -4
      vertex 27.7211 3.18782 -4
      vertex 27.7211 -3.18782 -4
    endloop
  endfacet
  facet normal 0 0 -1
    outer loop
      vertex 27.4443 -3.15138 -4
      vertex 27.4443 3.15138 -4
      vertex 27.7211 3.18782 -4
    endloop
  endfacet
  facet normal 0 0 -1
    outer loop
      vertex 27.1718 -3.09096 -4
      vertex 27.4443 3.15138 -4
      vertex 27.4443 -3.15138 -4
    endloop
  endfacet
  facet normal 0 0 -1
    outer loop
      vertex 27.1718 -3.09096 -4
      vertex 27.1718 3.09096 -4
      vertex 27.4443 3.15138 -4
    endloop
  endfacet
  facet normal 0 0 -1
    outer loop
      vertex 26.9055 -3.00702 -4
      vertex 27.1718 3.09096 -4
      vertex 27.1718 -3.09096 -4
    endloop
  endfacet
  facet normal 0 0 -1
    outer loop
      vertex 26.9055 -3.00702 -4
      vertex 26.9055 3.00702 -4
      vertex 27.1718 3.09096 -4
    endloop
  endfacet
  facet normal 0 0 -1
    outer loop
      vertex 26.6476 -2.90018 -4
      vertex 26.9055 3.00702 -4
      vertex 26.9055 -3.00702 -4
    endloop
  endfacet
  facet normal 0 0 -1
    outer loop
      vertex 26.6476 -2.90018 -4
      vertex 26.6476 2.90018 -4
      vertex 26.9055 3.00702 -4
    endloop
  endfacet
  facet normal 0 0 -1
    outer loop
      vertex 26.4 -2.77128 -4
      vertex 26.6476 2.90018 -4
      vertex 26.6476 -2.90018 -4
    endloop
  endfacet
  facet normal 0 0 -1
    outer loop
      vertex 26.4 -2.77128 -4
      vertex 26.4 2.77128 -4
      vertex 26.6476 2.90018 -4
    endloop
  endfacet
  facet normal 0 0 -1
    outer loop
      vertex 26.1646 -2.62129 -4
      vertex 26.4 2.77128 -4
      vertex 26.4 -2.77128 -4
    endloop
  endfacet
  facet normal 0 0 -1
    outer loop
      vertex 26.1646 -2.62129 -4
      vertex 26.1646 2.62129 -4
      vertex 26.4 2.77128 -4
    endloop
  endfacet
  facet normal 0 0 -1
    outer loop
      vertex 25.9431 -2.45134 -4
      vertex 26.1646 2.62129 -4
      vertex 26.1646 -2.62129 -4
    endloop
  endfacet
  facet normal 0 0 -1
    outer loop
      vertex 25.9431 -2.45134 -4
      vertex 25.9431 2.45134 -4
      vertex 26.1646 2.62129 -4
    endloop
  endfacet
  facet normal 0 0 -1
    outer loop
      vertex 25.7373 -2.26274 -4
      vertex 25.9431 2.45134 -4
      vertex 25.9431 -2.45134 -4
    endloop
  endfacet
  facet normal 0 0 -1
    outer loop
      vertex 25.7373 -2.26274 -4
      vertex 25.7373 2.26274 -4
      vertex 25.9431 2.45134 -4
    endloop
  endfacet
  facet normal 0 0 -1
    outer loop
      vertex 25.5487 -2.05692 -4
      vertex 25.7373 2.26274 -4
      vertex 25.7373 -2.26274 -4
    endloop
  endfacet
  facet normal 0 0 -1
    outer loop
      vertex 25.5487 -2.05692 -4
      vertex 25.5487 2.05692 -4
      vertex 25.7373 2.26274 -4
    endloop
  endfacet
  facet normal 0 0 -1
    outer loop
      vertex 25.3787 -1.83544 -4
      vertex 25.5487 2.05692 -4
      vertex 25.5487 -2.05692 -4
    endloop
  endfacet
  facet normal 0 0 -1
    outer loop
      vertex 25.3787 -1.83544 -4
      vertex 25.3787 1.83544 -4
      vertex 25.5487 2.05692 -4
    endloop
  endfacet
  facet normal 0 0 -1
    outer loop
      vertex 25.2287 -1.6 -4
      vertex 25.3787 1.83544 -4
      vertex 25.3787 -1.83544 -4
    endloop
  endfacet
  facet normal 0 0 -1
    outer loop
      vertex 25.2287 -1.6 -4
      vertex 25.2287 1.6 -4
      vertex 25.3787 1.83544 -4
    endloop
  endfacet
  facet normal 0 0 -1
    outer loop
      vertex 25.0998 -1.35238 -4
      vertex 25.2287 1.6 -4
      vertex 25.2287 -1.6 -4
    endloop
  endfacet
  facet normal 0 0 -1
    outer loop
      vertex 25.0998 -1.35238 -4
      vertex 25.0998 1.35238 -4
      vertex 25.2287 1.6 -4
    endloop
  endfacet
  facet normal 0 0 -1
    outer loop
      vertex 24.993 -1.09446 -4
      vertex 25.0998 1.35238 -4
      vertex 25.0998 -1.35238 -4
    endloop
  endfacet
  facet normal 0 0 -1
    outer loop
      vertex 24.993 -1.09446 -4
      vertex 24.993 1.09446 -4
      vertex 25.0998 1.35238 -4
    endloop
  endfacet
  facet normal 0 0 -1
    outer loop
      vertex 24.909 -0.82822 -4
      vertex 24.993 1.09446 -4
      vertex 24.993 -1.09446 -4
    endloop
  endfacet
  facet normal 0 0 -1
    outer loop
      vertex 24.909 -0.82822 -4
      vertex 24.909 0.82822 -4
      vertex 24.993 1.09446 -4
    endloop
  endfacet
  facet normal 0 0 -1
    outer loop
      vertex 24.8486 -0.555674 -4
      vertex 24.909 0.82822 -4
      vertex 24.909 -0.82822 -4
    endloop
  endfacet
  facet normal 0 0 -1
    outer loop
      vertex 24.8486 -0.555674 -4
      vertex 24.8486 0.555674 -4
      vertex 24.909 0.82822 -4
    endloop
  endfacet
  facet normal 0 0 -1
    outer loop
      vertex 24.8122 -0.278898 -4
      vertex 24.8486 0.555674 -4
      vertex 24.8486 -0.555674 -4
    endloop
  endfacet
  facet normal 0 0 -1
    outer loop
      vertex 24.8122 -0.278898 -4
      vertex 24.8122 0.278898 -4
      vertex 24.8486 0.555674 -4
    endloop
  endfacet
  facet normal 0 -0 -1
    outer loop
      vertex 24.8122 0.278898 -4
      vertex 24.8122 -0.278898 -4
      vertex 24.8 0 -4
    endloop
  endfacet
  facet normal 0.923923 -0.38258 0
    outer loop
      vertex 24.993 1.09446 4
      vertex 25.0998 1.35238 0
      vertex 25.0998 1.35238 4
    endloop
  endfacet
  facet normal 0.923923 -0.38258 0
    outer loop
      vertex 25.0998 1.35238 0
      vertex 24.993 1.09446 4
      vertex 24.993 1.09446 0
    endloop
  endfacet
  facet normal 0.923923 -0.38258 0
    outer loop
      vertex 24.993 1.09446 -4
      vertex 25.0998 1.35238 -8
      vertex 25.0998 1.35238 -4
    endloop
  endfacet
  facet normal 0.923923 -0.38258 0
    outer loop
      vertex 25.0998 1.35238 -8
      vertex 24.993 1.09446 -4
      vertex 24.993 1.09446 -8
    endloop
  endfacet
  facet normal 0.46177 0.887 -0
    outer loop
      vertex 26.6476 -2.90018 0
      vertex 26.4 -2.77128 4
      vertex 26.6476 -2.90018 4
    endloop
  endfacet
  facet normal 0.46177 0.887 0
    outer loop
      vertex 26.4 -2.77128 4
      vertex 26.6476 -2.90018 0
      vertex 26.4 -2.77128 0
    endloop
  endfacet
  facet normal 0.46177 0.887 -0
    outer loop
      vertex 26.6476 -2.90018 -8
      vertex 26.4 -2.77128 -4
      vertex 26.6476 -2.90018 -4
    endloop
  endfacet
  facet normal 0.46177 0.887 0
    outer loop
      vertex 26.4 -2.77128 -4
      vertex 26.6476 -2.90018 -8
      vertex 26.4 -2.77128 -8
    endloop
  endfacet
  facet normal 0.38258 0.923923 -0
    outer loop
      vertex -1.09446 24.993 0
      vertex -1.35238 25.0998 4
      vertex -1.09446 24.993 4
    endloop
  endfacet
  facet normal 0.38258 0.923923 0
    outer loop
      vertex -1.35238 25.0998 4
      vertex -1.09446 24.993 0
      vertex -1.35238 25.0998 0
    endloop
  endfacet
  facet normal 0.38258 0.923923 -0
    outer loop
      vertex -1.09446 24.993 -8
      vertex -1.35238 25.0998 -4
      vertex -1.09446 24.993 -4
    endloop
  endfacet
  facet normal 0.38258 0.923923 0
    outer loop
      vertex -1.35238 25.0998 -4
      vertex -1.09446 24.993 -8
      vertex -1.35238 25.0998 -8
    endloop
  endfacet
  facet normal 0.130392 -0.991463 0
    outer loop
      vertex -0.555674 31.1514 -8
      vertex -0.278898 31.1878 -4
      vertex -0.555674 31.1514 -4
    endloop
  endfacet
  facet normal 0.130392 -0.991463 0
    outer loop
      vertex -0.278898 31.1878 -4
      vertex -0.555674 31.1514 -8
      vertex -0.278898 31.1878 -8
    endloop
  endfacet
  facet normal 0.0437018 -0.999045 0
    outer loop
      vertex -0.278898 31.1878 -8
      vertex 0 31.2 -4
      vertex -0.278898 31.1878 -4
    endloop
  endfacet
  facet normal 0.0437018 -0.999045 0
    outer loop
      vertex 0 31.2 -4
      vertex -0.278898 31.1878 -8
      vertex 0 31.2 -8
    endloop
  endfacet
  facet normal 0.216365 -0.976313 0
    outer loop
      vertex -0.82822 31.091 -8
      vertex -0.555674 31.1514 -4
      vertex -0.82822 31.091 -4
    endloop
  endfacet
  facet normal 0.216365 -0.976313 0
    outer loop
      vertex -0.555674 31.1514 -4
      vertex -0.82822 31.091 -8
      vertex -0.555674 31.1514 -8
    endloop
  endfacet
  facet normal -0.60888 0.793263 0
    outer loop
      vertex 2.05692 25.5487 0
      vertex 1.83544 25.3787 4
      vertex 2.05692 25.5487 4
    endloop
  endfacet
  facet normal -0.60888 0.793263 0
    outer loop
      vertex 1.83544 25.3787 4
      vertex 2.05692 25.5487 0
      vertex 1.83544 25.3787 0
    endloop
  endfacet
  facet normal -0.60888 0.793263 0
    outer loop
      vertex 2.05692 25.5487 -8
      vertex 1.83544 25.3787 -4
      vertex 2.05692 25.5487 -4
    endloop
  endfacet
  facet normal -0.60888 0.793263 0
    outer loop
      vertex 1.83544 25.3787 -4
      vertex 2.05692 25.5487 -8
      vertex 1.83544 25.3787 -8
    endloop
  endfacet
  facet normal 0.300885 -0.953661 0
    outer loop
      vertex -1.09446 31.007 -8
      vertex -0.82822 31.091 -4
      vertex -1.09446 31.007 -4
    endloop
  endfacet
  facet normal 0.300885 -0.953661 0
    outer loop
      vertex -0.82822 31.091 -4
      vertex -1.09446 31.007 -8
      vertex -0.82822 31.091 -8
    endloop
  endfacet
  facet normal 0.887 0.46177 0
    outer loop
      vertex -2.77128 26.4 4
      vertex -2.90018 26.6476 0
      vertex -2.90018 26.6476 4
    endloop
  endfacet
  facet normal 0.887 0.46177 0
    outer loop
      vertex -2.90018 26.6476 0
      vertex -2.77128 26.4 4
      vertex -2.77128 26.4 0
    endloop
  endfacet
  facet normal 0.887 0.46177 0
    outer loop
      vertex -2.77128 26.4 -4
      vertex -2.90018 26.6476 -8
      vertex -2.90018 26.6476 -4
    endloop
  endfacet
  facet normal 0.887 0.46177 0
    outer loop
      vertex -2.90018 26.6476 -8
      vertex -2.77128 26.4 -4
      vertex -2.77128 26.4 -8
    endloop
  endfacet
  facet normal 0.923861 -0.382727 0
    outer loop
      vertex -3.00702 29.0945 -4
      vertex -2.90018 29.3524 -8
      vertex -2.90018 29.3524 -4
    endloop
  endfacet
  facet normal 0.923861 -0.382727 0
    outer loop
      vertex -2.90018 29.3524 -8
      vertex -3.00702 29.0945 -4
      vertex -3.00702 29.0945 -8
    endloop
  endfacet
  facet normal 0.38258 -0.923923 0
    outer loop
      vertex -1.35238 30.9002 -8
      vertex -1.09446 31.007 -4
      vertex -1.35238 30.9002 -4
    endloop
  endfacet
  facet normal 0.38258 -0.923923 0
    outer loop
      vertex -1.09446 31.007 -4
      vertex -1.35238 30.9002 -8
      vertex -1.09446 31.007 -8
    endloop
  endfacet
  facet normal -0.130392 0.991463 0
    outer loop
      vertex 0.555674 24.8486 0
      vertex 0.278898 24.8122 4
      vertex 0.555674 24.8486 4
    endloop
  endfacet
  facet normal -0.130392 0.991463 0
    outer loop
      vertex 0.278898 24.8122 4
      vertex 0.555674 24.8486 0
      vertex 0.278898 24.8122 0
    endloop
  endfacet
  facet normal -0.130392 0.991463 0
    outer loop
      vertex 0.555674 24.8486 -8
      vertex 0.278898 24.8122 -4
      vertex 0.555674 24.8486 -4
    endloop
  endfacet
  facet normal -0.130392 0.991463 0
    outer loop
      vertex 0.278898 24.8122 -4
      vertex 0.555674 24.8486 -8
      vertex 0.278898 24.8122 -8
    endloop
  endfacet
  facet normal 0.737243 0.675627 0
    outer loop
      vertex -2.26274 25.7373 4
      vertex -2.45134 25.9431 0
      vertex -2.45134 25.9431 4
    endloop
  endfacet
  facet normal 0.737243 0.675627 0
    outer loop
      vertex -2.45134 25.9431 0
      vertex -2.26274 25.7373 4
      vertex -2.26274 25.7373 0
    endloop
  endfacet
  facet normal 0.737243 0.675627 0
    outer loop
      vertex -2.26274 25.7373 -4
      vertex -2.45134 25.9431 -8
      vertex -2.45134 25.9431 -4
    endloop
  endfacet
  facet normal 0.737243 0.675627 0
    outer loop
      vertex -2.45134 25.9431 -8
      vertex -2.26274 25.7373 -4
      vertex -2.26274 25.7373 -8
    endloop
  endfacet
  facet normal -0.97629 -0.216468 0
    outer loop
      vertex 3.15138 28.5557 -8
      vertex 3.09096 28.8282 -4
      vertex 3.09096 28.8282 -8
    endloop
  endfacet
  facet normal -0.97629 -0.216468 0
    outer loop
      vertex 3.09096 28.8282 -4
      vertex 3.15138 28.5557 -8
      vertex 3.15138 28.5557 -4
    endloop
  endfacet
  facet normal -0.843353 -0.53736 0
    outer loop
      vertex 2.77128 29.6 -8
      vertex 2.62129 29.8354 -4
      vertex 2.62129 29.8354 -8
    endloop
  endfacet
  facet normal -0.843353 -0.53736 0
    outer loop
      vertex 2.62129 29.8354 -4
      vertex 2.77128 29.6 -8
      vertex 2.77128 29.6 -4
    endloop
  endfacet
  facet normal 0.999048 -0.04363 0
    outer loop
      vertex -3.2 28 -4
      vertex -3.18782 28.2789 -8
      vertex -3.18782 28.2789 -4
    endloop
  endfacet
  facet normal 0.999048 -0.04363 0
    outer loop
      vertex -3.18782 28.2789 -8
      vertex -3.2 28 -4
      vertex -3.2 28 -8
    endloop
  endfacet
  facet normal -0.793376 0.608732 0
    outer loop
      vertex 2.45134 25.9431 0
      vertex 2.62129 26.1646 4
      vertex 2.62129 26.1646 0
    endloop
  endfacet
  facet normal -0.793376 0.608732 0
    outer loop
      vertex 2.62129 26.1646 4
      vertex 2.45134 25.9431 0
      vertex 2.45134 25.9431 4
    endloop
  endfacet
  facet normal -0.793376 0.608732 0
    outer loop
      vertex 2.45134 25.9431 -8
      vertex 2.62129 26.1646 -4
      vertex 2.62129 26.1646 -8
    endloop
  endfacet
  facet normal -0.793376 0.608732 0
    outer loop
      vertex 2.62129 26.1646 -4
      vertex 2.45134 25.9431 -8
      vertex 2.45134 25.9431 -4
    endloop
  endfacet
  facet normal -0.130392 -0.991463 0
    outer loop
      vertex 0.278898 31.1878 -8
      vertex 0.555674 31.1514 -4
      vertex 0.278898 31.1878 -4
    endloop
  endfacet
  facet normal -0.130392 -0.991463 -0
    outer loop
      vertex 0.555674 31.1514 -4
      vertex 0.278898 31.1878 -8
      vertex 0.555674 31.1514 -8
    endloop
  endfacet
  facet normal -0.0437018 0.999045 0
    outer loop
      vertex 0.278898 24.8122 0
      vertex 0 24.8 4
      vertex 0.278898 24.8122 4
    endloop
  endfacet
  facet normal -0.0437018 0.999045 0
    outer loop
      vertex 0 24.8 4
      vertex 0.278898 24.8122 0
      vertex 0 24.8 0
    endloop
  endfacet
  facet normal -0.0437018 0.999045 0
    outer loop
      vertex 0.278898 24.8122 -8
      vertex 0 24.8 -4
      vertex 0.278898 24.8122 -4
    endloop
  endfacet
  facet normal -0.0437018 0.999045 0
    outer loop
      vertex 0 24.8 -4
      vertex 0.278898 24.8122 -8
      vertex 0 24.8 -8
    endloop
  endfacet
  facet normal 0.675592 0.737276 -0
    outer loop
      vertex -2.05692 25.5487 0
      vertex -2.26274 25.7373 4
      vertex -2.05692 25.5487 4
    endloop
  endfacet
  facet normal 0.675592 0.737276 0
    outer loop
      vertex -2.26274 25.7373 4
      vertex -2.05692 25.5487 0
      vertex -2.26274 25.7373 0
    endloop
  endfacet
  facet normal 0.675592 0.737276 -0
    outer loop
      vertex -2.05692 25.5487 -8
      vertex -2.26274 25.7373 -4
      vertex -2.05692 25.5487 -4
    endloop
  endfacet
  facet normal 0.675592 0.737276 0
    outer loop
      vertex -2.26274 25.7373 -4
      vertex -2.05692 25.5487 -8
      vertex -2.26274 25.7373 -8
    endloop
  endfacet
  facet normal -0.300885 -0.953661 0
    outer loop
      vertex 0.82822 31.091 -8
      vertex 1.09446 31.007 -4
      vertex 0.82822 31.091 -4
    endloop
  endfacet
  facet normal -0.300885 -0.953661 -0
    outer loop
      vertex 1.09446 31.007 -4
      vertex 0.82822 31.091 -8
      vertex 1.09446 31.007 -8
    endloop
  endfacet
  facet normal -0.216365 0.976313 0
    outer loop
      vertex 0.82822 24.909 0
      vertex 0.555674 24.8486 4
      vertex 0.82822 24.909 4
    endloop
  endfacet
  facet normal -0.216365 0.976313 0
    outer loop
      vertex 0.555674 24.8486 4
      vertex 0.82822 24.909 0
      vertex 0.555674 24.8486 0
    endloop
  endfacet
  facet normal -0.216365 0.976313 0
    outer loop
      vertex 0.82822 24.909 -8
      vertex 0.555674 24.8486 -4
      vertex 0.82822 24.909 -4
    endloop
  endfacet
  facet normal -0.216365 0.976313 0
    outer loop
      vertex 0.555674 24.8486 -4
      vertex 0.82822 24.909 -8
      vertex 0.555674 24.8486 -8
    endloop
  endfacet
  facet normal -0.737243 -0.675627 0
    outer loop
      vertex 2.45134 30.0569 -8
      vertex 2.26274 30.2627 -4
      vertex 2.26274 30.2627 -8
    endloop
  endfacet
  facet normal -0.737243 -0.675627 0
    outer loop
      vertex 2.26274 30.2627 -4
      vertex 2.45134 30.0569 -8
      vertex 2.45134 30.0569 -4
    endloop
  endfacet
  facet normal 0.300885 0.953661 -0
    outer loop
      vertex -0.82822 24.909 0
      vertex -1.09446 24.993 4
      vertex -0.82822 24.909 4
    endloop
  endfacet
  facet normal 0.300885 0.953661 0
    outer loop
      vertex -1.09446 24.993 4
      vertex -0.82822 24.909 0
      vertex -1.09446 24.993 0
    endloop
  endfacet
  facet normal 0.300885 0.953661 -0
    outer loop
      vertex -0.82822 24.909 -8
      vertex -1.09446 24.993 -4
      vertex -0.82822 24.909 -4
    endloop
  endfacet
  facet normal 0.300885 0.953661 0
    outer loop
      vertex -1.09446 24.993 -4
      vertex -0.82822 24.909 -8
      vertex -1.09446 24.993 -8
    endloop
  endfacet
  facet normal 0 0 -1
    outer loop
      vertex 3.18782 27.7211 -4
      vertex 3.18782 28.2789 -4
      vertex 3.2 28 -4
    endloop
  endfacet
  facet normal 0 0 -1
    outer loop
      vertex 3.15138 27.4443 -4
      vertex 3.18782 28.2789 -4
      vertex 3.18782 27.7211 -4
    endloop
  endfacet
  facet normal 0 0 -1
    outer loop
      vertex 3.15138 27.4443 -4
      vertex 3.15138 28.5557 -4
      vertex 3.18782 28.2789 -4
    endloop
  endfacet
  facet normal 0 0 -1
    outer loop
      vertex 3.09096 27.1718 -4
      vertex 3.15138 28.5557 -4
      vertex 3.15138 27.4443 -4
    endloop
  endfacet
  facet normal 0 0 -1
    outer loop
      vertex 3.09096 27.1718 -4
      vertex 3.09096 28.8282 -4
      vertex 3.15138 28.5557 -4
    endloop
  endfacet
  facet normal 0 0 -1
    outer loop
      vertex 3.00702 26.9055 -4
      vertex 3.09096 28.8282 -4
      vertex 3.09096 27.1718 -4
    endloop
  endfacet
  facet normal 0 0 -1
    outer loop
      vertex 3.00702 26.9055 -4
      vertex 3.00702 29.0945 -4
      vertex 3.09096 28.8282 -4
    endloop
  endfacet
  facet normal 0 0 -1
    outer loop
      vertex 2.90018 26.6476 -4
      vertex 3.00702 29.0945 -4
      vertex 3.00702 26.9055 -4
    endloop
  endfacet
  facet normal 0 0 -1
    outer loop
      vertex 2.90018 26.6476 -4
      vertex 2.90018 29.3524 -4
      vertex 3.00702 29.0945 -4
    endloop
  endfacet
  facet normal 0 0 -1
    outer loop
      vertex 2.77128 26.4 -4
      vertex 2.90018 29.3524 -4
      vertex 2.90018 26.6476 -4
    endloop
  endfacet
  facet normal 0 0 -1
    outer loop
      vertex 2.77128 26.4 -4
      vertex 2.77128 29.6 -4
      vertex 2.90018 29.3524 -4
    endloop
  endfacet
  facet normal 0 0 -1
    outer loop
      vertex 2.62129 26.1646 -4
      vertex 2.77128 29.6 -4
      vertex 2.77128 26.4 -4
    endloop
  endfacet
  facet normal 0 0 -1
    outer loop
      vertex 2.62129 26.1646 -4
      vertex 2.62129 29.8354 -4
      vertex 2.77128 29.6 -4
    endloop
  endfacet
  facet normal 0 0 -1
    outer loop
      vertex 2.45134 25.9431 -4
      vertex 2.62129 29.8354 -4
      vertex 2.62129 26.1646 -4
    endloop
  endfacet
  facet normal 0 0 -1
    outer loop
      vertex 2.45134 25.9431 -4
      vertex 2.45134 30.0569 -4
      vertex 2.62129 29.8354 -4
    endloop
  endfacet
  facet normal 0 0 -1
    outer loop
      vertex 2.26274 25.7373 -4
      vertex 2.45134 30.0569 -4
      vertex 2.45134 25.9431 -4
    endloop
  endfacet
  facet normal 0 0 -1
    outer loop
      vertex 2.26274 25.7373 -4
      vertex 2.26274 30.2627 -4
      vertex 2.45134 30.0569 -4
    endloop
  endfacet
  facet normal 0 0 -1
    outer loop
      vertex 2.05692 25.5487 -4
      vertex 2.26274 30.2627 -4
      vertex 2.26274 25.7373 -4
    endloop
  endfacet
  facet normal 0 0 -1
    outer loop
      vertex 2.05692 25.5487 -4
      vertex 2.05692 30.4513 -4
      vertex 2.26274 30.2627 -4
    endloop
  endfacet
  facet normal 0 0 -1
    outer loop
      vertex 1.83544 25.3787 -4
      vertex 2.05692 30.4513 -4
      vertex 2.05692 25.5487 -4
    endloop
  endfacet
  facet normal 0 0 -1
    outer loop
      vertex 1.83544 25.3787 -4
      vertex 1.83544 30.6213 -4
      vertex 2.05692 30.4513 -4
    endloop
  endfacet
  facet normal 0 0 -1
    outer loop
      vertex 1.6 25.2287 -4
      vertex 1.83544 30.6213 -4
      vertex 1.83544 25.3787 -4
    endloop
  endfacet
  facet normal 0 0 -1
    outer loop
      vertex 1.6 25.2287 -4
      vertex 1.6 30.7713 -4
      vertex 1.83544 30.6213 -4
    endloop
  endfacet
  facet normal 0 0 -1
    outer loop
      vertex 1.35238 25.0998 -4
      vertex 1.6 30.7713 -4
      vertex 1.6 25.2287 -4
    endloop
  endfacet
  facet normal 0 0 -1
    outer loop
      vertex 1.35238 25.0998 -4
      vertex 1.35238 30.9002 -4
      vertex 1.6 30.7713 -4
    endloop
  endfacet
  facet normal 0 0 -1
    outer loop
      vertex 1.09446 24.993 -4
      vertex 1.35238 30.9002 -4
      vertex 1.35238 25.0998 -4
    endloop
  endfacet
  facet normal 0 0 -1
    outer loop
      vertex 1.09446 24.993 -4
      vertex 1.09446 31.007 -4
      vertex 1.35238 30.9002 -4
    endloop
  endfacet
  facet normal 0 0 -1
    outer loop
      vertex 0.82822 24.909 -4
      vertex 1.09446 31.007 -4
      vertex 1.09446 24.993 -4
    endloop
  endfacet
  facet normal 0 0 -1
    outer loop
      vertex 0.82822 24.909 -4
      vertex 0.82822 31.091 -4
      vertex 1.09446 31.007 -4
    endloop
  endfacet
  facet normal 0 0 -1
    outer loop
      vertex 0.555674 24.8486 -4
      vertex 0.82822 31.091 -4
      vertex 0.82822 24.909 -4
    endloop
  endfacet
  facet normal 0 0 -1
    outer loop
      vertex 0.555674 24.8486 -4
      vertex 0.555674 31.1514 -4
      vertex 0.82822 31.091 -4
    endloop
  endfacet
  facet normal 0 0 -1
    outer loop
      vertex 0.278898 24.8122 -4
      vertex 0.555674 31.1514 -4
      vertex 0.555674 24.8486 -4
    endloop
  endfacet
  facet normal 0 0 -1
    outer loop
      vertex 0.278898 24.8122 -4
      vertex 0.278898 31.1878 -4
      vertex 0.555674 31.1514 -4
    endloop
  endfacet
  facet normal 0 0 -1
    outer loop
      vertex 0 24.8 -4
      vertex 0.278898 31.1878 -4
      vertex 0.278898 24.8122 -4
    endloop
  endfacet
  facet normal 0 0 -1
    outer loop
      vertex 0 24.8 -4
      vertex 0 31.2 -4
      vertex 0.278898 31.1878 -4
    endloop
  endfacet
  facet normal 0 0 -1
    outer loop
      vertex -0.278898 24.8122 -4
      vertex 0 31.2 -4
      vertex 0 24.8 -4
    endloop
  endfacet
  facet normal 0 0 -1
    outer loop
      vertex -0.278898 24.8122 -4
      vertex -0.278898 31.1878 -4
      vertex 0 31.2 -4
    endloop
  endfacet
  facet normal 0 0 -1
    outer loop
      vertex -0.555674 24.8486 -4
      vertex -0.278898 31.1878 -4
      vertex -0.278898 24.8122 -4
    endloop
  endfacet
  facet normal 0 0 -1
    outer loop
      vertex -0.555674 24.8486 -4
      vertex -0.555674 31.1514 -4
      vertex -0.278898 31.1878 -4
    endloop
  endfacet
  facet normal 0 0 -1
    outer loop
      vertex -0.82822 24.909 -4
      vertex -0.555674 31.1514 -4
      vertex -0.555674 24.8486 -4
    endloop
  endfacet
  facet normal 0 0 -1
    outer loop
      vertex -0.82822 24.909 -4
      vertex -0.82822 31.091 -4
      vertex -0.555674 31.1514 -4
    endloop
  endfacet
  facet normal 0 0 -1
    outer loop
      vertex -1.09446 24.993 -4
      vertex -0.82822 31.091 -4
      vertex -0.82822 24.909 -4
    endloop
  endfacet
  facet normal 0 0 -1
    outer loop
      vertex -1.09446 24.993 -4
      vertex -1.09446 31.007 -4
      vertex -0.82822 31.091 -4
    endloop
  endfacet
  facet normal 0 0 -1
    outer loop
      vertex -1.35238 25.0998 -4
      vertex -1.09446 31.007 -4
      vertex -1.09446 24.993 -4
    endloop
  endfacet
  facet normal 0 0 -1
    outer loop
      vertex -1.35238 25.0998 -4
      vertex -1.35238 30.9002 -4
      vertex -1.09446 31.007 -4
    endloop
  endfacet
  facet normal 0 0 -1
    outer loop
      vertex -1.6 25.2287 -4
      vertex -1.35238 30.9002 -4
      vertex -1.35238 25.0998 -4
    endloop
  endfacet
  facet normal 0 0 -1
    outer loop
      vertex -1.6 25.2287 -4
      vertex -1.6 30.7713 -4
      vertex -1.35238 30.9002 -4
    endloop
  endfacet
  facet normal 0 0 -1
    outer loop
      vertex -1.83544 25.3787 -4
      vertex -1.6 30.7713 -4
      vertex -1.6 25.2287 -4
    endloop
  endfacet
  facet normal 0 0 -1
    outer loop
      vertex -1.83544 25.3787 -4
      vertex -1.83544 30.6213 -4
      vertex -1.6 30.7713 -4
    endloop
  endfacet
  facet normal 0 0 -1
    outer loop
      vertex -2.05692 25.5487 -4
      vertex -1.83544 30.6213 -4
      vertex -1.83544 25.3787 -4
    endloop
  endfacet
  facet normal 0 0 -1
    outer loop
      vertex -2.05692 25.5487 -4
      vertex -2.05692 30.4513 -4
      vertex -1.83544 30.6213 -4
    endloop
  endfacet
  facet normal 0 0 -1
    outer loop
      vertex -2.26274 25.7373 -4
      vertex -2.05692 30.4513 -4
      vertex -2.05692 25.5487 -4
    endloop
  endfacet
  facet normal 0 0 -1
    outer loop
      vertex -2.26274 25.7373 -4
      vertex -2.26274 30.2627 -4
      vertex -2.05692 30.4513 -4
    endloop
  endfacet
  facet normal 0 0 -1
    outer loop
      vertex -2.45134 25.9431 -4
      vertex -2.26274 30.2627 -4
      vertex -2.26274 25.7373 -4
    endloop
  endfacet
  facet normal 0 0 -1
    outer loop
      vertex -2.45134 25.9431 -4
      vertex -2.45134 30.0569 -4
      vertex -2.26274 30.2627 -4
    endloop
  endfacet
  facet normal 0 0 -1
    outer loop
      vertex -2.62129 26.1646 -4
      vertex -2.45134 30.0569 -4
      vertex -2.45134 25.9431 -4
    endloop
  endfacet
  facet normal 0 0 -1
    outer loop
      vertex -2.62129 26.1646 -4
      vertex -2.62129 29.8354 -4
      vertex -2.45134 30.0569 -4
    endloop
  endfacet
  facet normal 0 0 -1
    outer loop
      vertex -2.77128 26.4 -4
      vertex -2.62129 29.8354 -4
      vertex -2.62129 26.1646 -4
    endloop
  endfacet
  facet normal 0 0 -1
    outer loop
      vertex -2.77128 26.4 -4
      vertex -2.77128 29.6 -4
      vertex -2.62129 29.8354 -4
    endloop
  endfacet
  facet normal 0 0 -1
    outer loop
      vertex -2.90018 26.6476 -4
      vertex -2.77128 29.6 -4
      vertex -2.77128 26.4 -4
    endloop
  endfacet
  facet normal 0 0 -1
    outer loop
      vertex -2.90018 26.6476 -4
      vertex -2.90018 29.3524 -4
      vertex -2.77128 29.6 -4
    endloop
  endfacet
  facet normal 0 0 -1
    outer loop
      vertex -3.00702 26.9055 -4
      vertex -2.90018 29.3524 -4
      vertex -2.90018 26.6476 -4
    endloop
  endfacet
  facet normal 0 0 -1
    outer loop
      vertex -3.00702 26.9055 -4
      vertex -3.00702 29.0945 -4
      vertex -2.90018 29.3524 -4
    endloop
  endfacet
  facet normal 0 0 -1
    outer loop
      vertex -3.09096 27.1718 -4
      vertex -3.00702 29.0945 -4
      vertex -3.00702 26.9055 -4
    endloop
  endfacet
  facet normal 0 0 -1
    outer loop
      vertex -3.09096 27.1718 -4
      vertex -3.09096 28.8282 -4
      vertex -3.00702 29.0945 -4
    endloop
  endfacet
  facet normal 0 0 -1
    outer loop
      vertex -3.15138 27.4443 -4
      vertex -3.09096 28.8282 -4
      vertex -3.09096 27.1718 -4
    endloop
  endfacet
  facet normal 0 0 -1
    outer loop
      vertex -3.15138 27.4443 -4
      vertex -3.15138 28.5557 -4
      vertex -3.09096 28.8282 -4
    endloop
  endfacet
  facet normal 0 0 -1
    outer loop
      vertex -3.18782 27.7211 -4
      vertex -3.15138 28.5557 -4
      vertex -3.15138 27.4443 -4
    endloop
  endfacet
  facet normal 0 0 -1
    outer loop
      vertex -3.18782 27.7211 -4
      vertex -3.18782 28.2789 -4
      vertex -3.15138 28.5557 -4
    endloop
  endfacet
  facet normal 0 -0 -1
    outer loop
      vertex -3.18782 28.2789 -4
      vertex -3.18782 27.7211 -4
      vertex -3.2 28 -4
    endloop
  endfacet
  facet normal -0.991446 -0.130521 0
    outer loop
      vertex 3.18782 28.2789 -8
      vertex 3.15138 28.5557 -4
      vertex 3.15138 28.5557 -8
    endloop
  endfacet
  facet normal -0.991446 -0.130521 0
    outer loop
      vertex 3.15138 28.5557 -4
      vertex 3.18782 28.2789 -8
      vertex 3.18782 28.2789 -4
    endloop
  endfacet
  facet normal 0.887 -0.46177 0
    outer loop
      vertex -2.90018 29.3524 -4
      vertex -2.77128 29.6 -8
      vertex -2.77128 29.6 -4
    endloop
  endfacet
  facet normal 0.887 -0.46177 0
    outer loop
      vertex -2.77128 29.6 -8
      vertex -2.90018 29.3524 -4
      vertex -2.90018 29.3524 -8
    endloop
  endfacet
  facet normal 0.793376 -0.608732 0
    outer loop
      vertex -2.62129 29.8354 -4
      vertex -2.45134 30.0569 -8
      vertex -2.45134 30.0569 -4
    endloop
  endfacet
  facet normal 0.793376 -0.608732 0
    outer loop
      vertex -2.45134 30.0569 -8
      vertex -2.62129 29.8354 -4
      vertex -2.62129 29.8354 -8
    endloop
  endfacet
  facet normal 0.60888 -0.793263 0
    outer loop
      vertex -2.05692 30.4513 -8
      vertex -1.83544 30.6213 -4
      vertex -2.05692 30.4513 -4
    endloop
  endfacet
  facet normal 0.60888 -0.793263 0
    outer loop
      vertex -1.83544 30.6213 -4
      vertex -2.05692 30.4513 -8
      vertex -1.83544 30.6213 -8
    endloop
  endfacet
  facet normal -0.999048 -0.04363 0
    outer loop
      vertex 3.2 28 -8
      vertex 3.18782 28.2789 -4
      vertex 3.18782 28.2789 -8
    endloop
  endfacet
  facet normal -0.999048 -0.04363 0
    outer loop
      vertex 3.18782 28.2789 -4
      vertex 3.2 28 -8
      vertex 3.2 28 -4
    endloop
  endfacet
  facet normal 0.60888 0.793263 -0
    outer loop
      vertex -1.83544 25.3787 0
      vertex -2.05692 25.5487 4
      vertex -1.83544 25.3787 4
    endloop
  endfacet
  facet normal 0.60888 0.793263 0
    outer loop
      vertex -2.05692 25.5487 4
      vertex -1.83544 25.3787 0
      vertex -2.05692 25.5487 0
    endloop
  endfacet
  facet normal 0.60888 0.793263 -0
    outer loop
      vertex -1.83544 25.3787 -8
      vertex -2.05692 25.5487 -4
      vertex -1.83544 25.3787 -4
    endloop
  endfacet
  facet normal 0.60888 0.793263 0
    outer loop
      vertex -2.05692 25.5487 -4
      vertex -1.83544 25.3787 -8
      vertex -2.05692 25.5487 -8
    endloop
  endfacet
  facet normal 0.793376 0.608732 0
    outer loop
      vertex -2.45134 25.9431 4
      vertex -2.62129 26.1646 0
      vertex -2.62129 26.1646 4
    endloop
  endfacet
  facet normal 0.793376 0.608732 0
    outer loop
      vertex -2.62129 26.1646 0
      vertex -2.45134 25.9431 4
      vertex -2.45134 25.9431 0
    endloop
  endfacet
  facet normal 0.793376 0.608732 0
    outer loop
      vertex -2.45134 25.9431 -4
      vertex -2.62129 26.1646 -8
      vertex -2.62129 26.1646 -4
    endloop
  endfacet
  facet normal 0.793376 0.608732 0
    outer loop
      vertex -2.62129 26.1646 -8
      vertex -2.45134 25.9431 -4
      vertex -2.45134 25.9431 -8
    endloop
  endfacet
  facet normal 0.991446 0.130521 0
    outer loop
      vertex -3.15138 27.4443 -4
      vertex -3.18782 27.7211 -8
      vertex -3.18782 27.7211 -4
    endloop
  endfacet
  facet normal 0.991446 0.130521 0
    outer loop
      vertex -3.18782 27.7211 -8
      vertex -3.15138 27.4443 -4
      vertex -3.15138 27.4443 -8
    endloop
  endfacet
  facet normal 0.675592 -0.737276 0
    outer loop
      vertex -2.26274 30.2627 -8
      vertex -2.05692 30.4513 -4
      vertex -2.26274 30.2627 -4
    endloop
  endfacet
  facet normal 0.675592 -0.737276 0
    outer loop
      vertex -2.05692 30.4513 -4
      vertex -2.26274 30.2627 -8
      vertex -2.05692 30.4513 -8
    endloop
  endfacet
  facet normal -0.38258 0.923923 0
    outer loop
      vertex 1.35238 25.0998 0
      vertex 1.09446 24.993 4
      vertex 1.35238 25.0998 4
    endloop
  endfacet
  facet normal -0.38258 0.923923 0
    outer loop
      vertex 1.09446 24.993 4
      vertex 1.35238 25.0998 0
      vertex 1.09446 24.993 0
    endloop
  endfacet
  facet normal -0.38258 0.923923 0
    outer loop
      vertex 1.35238 25.0998 -8
      vertex 1.09446 24.993 -4
      vertex 1.35238 25.0998 -4
    endloop
  endfacet
  facet normal -0.38258 0.923923 0
    outer loop
      vertex 1.09446 24.993 -4
      vertex 1.35238 25.0998 -8
      vertex 1.09446 24.993 -8
    endloop
  endfacet
  facet normal -0.843353 0.53736 0
    outer loop
      vertex 2.62129 26.1646 0
      vertex 2.77128 26.4 4
      vertex 2.77128 26.4 0
    endloop
  endfacet
  facet normal -0.843353 0.53736 0
    outer loop
      vertex 2.77128 26.4 4
      vertex 2.62129 26.1646 0
      vertex 2.62129 26.1646 4
    endloop
  endfacet
  facet normal -0.843353 0.53736 0
    outer loop
      vertex 2.62129 26.1646 -8
      vertex 2.77128 26.4 -4
      vertex 2.77128 26.4 -8
    endloop
  endfacet
  facet normal -0.843353 0.53736 0
    outer loop
      vertex 2.77128 26.4 -4
      vertex 2.62129 26.1646 -8
      vertex 2.62129 26.1646 -4
    endloop
  endfacet
  facet normal -0.216365 -0.976313 0
    outer loop
      vertex 0.555674 31.1514 -8
      vertex 0.82822 31.091 -4
      vertex 0.555674 31.1514 -4
    endloop
  endfacet
  facet normal -0.216365 -0.976313 -0
    outer loop
      vertex 0.82822 31.091 -4
      vertex 0.555674 31.1514 -8
      vertex 0.82822 31.091 -8
    endloop
  endfacet
  facet normal -0.887 -0.46177 0
    outer loop
      vertex 2.90018 29.3524 -8
      vertex 2.77128 29.6 -4
      vertex 2.77128 29.6 -8
    endloop
  endfacet
  facet normal -0.887 -0.46177 0
    outer loop
      vertex 2.77128 29.6 -4
      vertex 2.90018 29.3524 -8
      vertex 2.90018 29.3524 -4
    endloop
  endfacet
  facet normal 0.97629 0.216468 0
    outer loop
      vertex -3.09096 27.1718 -4
      vertex -3.15138 27.4443 -8
      vertex -3.15138 27.4443 -4
    endloop
  endfacet
  facet normal 0.97629 0.216468 0
    outer loop
      vertex -3.15138 27.4443 -8
      vertex -3.09096 27.1718 -4
      vertex -3.09096 27.1718 -8
    endloop
  endfacet
  facet normal 0.953742 0.300627 0
    outer loop
      vertex -3.00702 26.9055 -4
      vertex -3.09096 27.1718 -8
      vertex -3.09096 27.1718 -4
    endloop
  endfacet
  facet normal 0.953742 0.300627 0
    outer loop
      vertex -3.09096 27.1718 -8
      vertex -3.00702 26.9055 -4
      vertex -3.00702 26.9055 -8
    endloop
  endfacet
  facet normal 0.843353 -0.53736 0
    outer loop
      vertex -2.77128 29.6 -4
      vertex -2.62129 29.8354 -8
      vertex -2.62129 29.8354 -4
    endloop
  endfacet
  facet normal 0.843353 -0.53736 0
    outer loop
      vertex -2.62129 29.8354 -8
      vertex -2.77128 29.6 -4
      vertex -2.77128 29.6 -8
    endloop
  endfacet
  facet normal -0.300885 0.953661 0
    outer loop
      vertex 1.09446 24.993 0
      vertex 0.82822 24.909 4
      vertex 1.09446 24.993 4
    endloop
  endfacet
  facet normal -0.300885 0.953661 0
    outer loop
      vertex 0.82822 24.909 4
      vertex 1.09446 24.993 0
      vertex 0.82822 24.909 0
    endloop
  endfacet
  facet normal -0.300885 0.953661 0
    outer loop
      vertex 1.09446 24.993 -8
      vertex 0.82822 24.909 -4
      vertex 1.09446 24.993 -4
    endloop
  endfacet
  facet normal -0.300885 0.953661 0
    outer loop
      vertex 0.82822 24.909 -4
      vertex 1.09446 24.993 -8
      vertex 0.82822 24.909 -8
    endloop
  endfacet
  facet normal 0.216365 0.976313 -0
    outer loop
      vertex -0.555674 24.8486 0
      vertex -0.82822 24.909 4
      vertex -0.555674 24.8486 4
    endloop
  endfacet
  facet normal 0.216365 0.976313 0
    outer loop
      vertex -0.82822 24.909 4
      vertex -0.555674 24.8486 0
      vertex -0.82822 24.909 0
    endloop
  endfacet
  facet normal 0.216365 0.976313 -0
    outer loop
      vertex -0.555674 24.8486 -8
      vertex -0.82822 24.909 -4
      vertex -0.555674 24.8486 -4
    endloop
  endfacet
  facet normal 0.216365 0.976313 0
    outer loop
      vertex -0.82822 24.909 -4
      vertex -0.555674 24.8486 -8
      vertex -0.82822 24.909 -8
    endloop
  endfacet
  facet normal -0.53732 -0.843378 0
    outer loop
      vertex 1.6 30.7713 -8
      vertex 1.83544 30.6213 -4
      vertex 1.6 30.7713 -4
    endloop
  endfacet
  facet normal -0.53732 -0.843378 -0
    outer loop
      vertex 1.83544 30.6213 -4
      vertex 1.6 30.7713 -8
      vertex 1.83544 30.6213 -8
    endloop
  endfacet
  facet normal -0.675592 -0.737276 0
    outer loop
      vertex 2.05692 30.4513 -8
      vertex 2.26274 30.2627 -4
      vertex 2.05692 30.4513 -4
    endloop
  endfacet
  facet normal -0.675592 -0.737276 -0
    outer loop
      vertex 2.26274 30.2627 -4
      vertex 2.05692 30.4513 -8
      vertex 2.26274 30.2627 -8
    endloop
  endfacet
  facet normal -0.60888 -0.793263 0
    outer loop
      vertex 1.83544 30.6213 -8
      vertex 2.05692 30.4513 -4
      vertex 1.83544 30.6213 -4
    endloop
  endfacet
  facet normal -0.60888 -0.793263 -0
    outer loop
      vertex 2.05692 30.4513 -4
      vertex 1.83544 30.6213 -8
      vertex 2.05692 30.4513 -8
    endloop
  endfacet
  facet normal 0.53732 -0.843378 0
    outer loop
      vertex -1.83544 30.6213 -8
      vertex -1.6 30.7713 -4
      vertex -1.83544 30.6213 -4
    endloop
  endfacet
  facet normal 0.53732 -0.843378 0
    outer loop
      vertex -1.6 30.7713 -4
      vertex -1.83544 30.6213 -8
      vertex -1.6 30.7713 -8
    endloop
  endfacet
  facet normal -0.991446 0.130521 0
    outer loop
      vertex 3.15138 27.4443 -8
      vertex 3.18782 27.7211 -4
      vertex 3.18782 27.7211 -8
    endloop
  endfacet
  facet normal -0.991446 0.130521 0
    outer loop
      vertex 3.18782 27.7211 -4
      vertex 3.15138 27.4443 -8
      vertex 3.15138 27.4443 -4
    endloop
  endfacet
  facet normal 0.53732 0.843378 -0
    outer loop
      vertex -1.6 25.2287 0
      vertex -1.83544 25.3787 4
      vertex -1.6 25.2287 4
    endloop
  endfacet
  facet normal 0.53732 0.843378 0
    outer loop
      vertex -1.83544 25.3787 4
      vertex -1.6 25.2287 0
      vertex -1.83544 25.3787 0
    endloop
  endfacet
  facet normal 0.53732 0.843378 -0
    outer loop
      vertex -1.6 25.2287 -8
      vertex -1.83544 25.3787 -4
      vertex -1.6 25.2287 -4
    endloop
  endfacet
  facet normal 0.53732 0.843378 0
    outer loop
      vertex -1.83544 25.3787 -4
      vertex -1.6 25.2287 -8
      vertex -1.83544 25.3787 -8
    endloop
  endfacet
  facet normal -0.999048 0.04363 0
    outer loop
      vertex 3.18782 27.7211 -8
      vertex 3.2 28 -4
      vertex 3.2 28 -8
    endloop
  endfacet
  facet normal -0.999048 0.04363 0
    outer loop
      vertex 3.2 28 -4
      vertex 3.18782 27.7211 -8
      vertex 3.18782 27.7211 -4
    endloop
  endfacet
  facet normal 0.461741 -0.887015 0
    outer loop
      vertex -1.6 30.7713 -8
      vertex -1.35238 30.9002 -4
      vertex -1.6 30.7713 -4
    endloop
  endfacet
  facet normal 0.461741 -0.887015 0
    outer loop
      vertex -1.35238 30.9002 -4
      vertex -1.6 30.7713 -8
      vertex -1.35238 30.9002 -8
    endloop
  endfacet
  facet normal -0.53732 0.843378 0
    outer loop
      vertex 1.83544 25.3787 0
      vertex 1.6 25.2287 4
      vertex 1.83544 25.3787 4
    endloop
  endfacet
  facet normal -0.53732 0.843378 0
    outer loop
      vertex 1.6 25.2287 4
      vertex 1.83544 25.3787 0
      vertex 1.6 25.2287 0
    endloop
  endfacet
  facet normal -0.53732 0.843378 0
    outer loop
      vertex 1.83544 25.3787 -8
      vertex 1.6 25.2287 -4
      vertex 1.83544 25.3787 -4
    endloop
  endfacet
  facet normal -0.53732 0.843378 0
    outer loop
      vertex 1.6 25.2287 -4
      vertex 1.83544 25.3787 -8
      vertex 1.6 25.2287 -8
    endloop
  endfacet
  facet normal -0.953742 0.300627 0
    outer loop
      vertex 3.00702 26.9055 -8
      vertex 3.09096 27.1718 -4
      vertex 3.09096 27.1718 -8
    endloop
  endfacet
  facet normal -0.953742 0.300627 0
    outer loop
      vertex 3.09096 27.1718 -4
      vertex 3.00702 26.9055 -8
      vertex 3.00702 26.9055 -4
    endloop
  endfacet
  facet normal 0.843353 0.53736 0
    outer loop
      vertex -2.62129 26.1646 4
      vertex -2.77128 26.4 0
      vertex -2.77128 26.4 4
    endloop
  endfacet
  facet normal 0.843353 0.53736 0
    outer loop
      vertex -2.77128 26.4 0
      vertex -2.62129 26.1646 4
      vertex -2.62129 26.1646 0
    endloop
  endfacet
  facet normal 0.843353 0.53736 0
    outer loop
      vertex -2.62129 26.1646 -4
      vertex -2.77128 26.4 -8
      vertex -2.77128 26.4 -4
    endloop
  endfacet
  facet normal 0.843353 0.53736 0
    outer loop
      vertex -2.77128 26.4 -8
      vertex -2.62129 26.1646 -4
      vertex -2.62129 26.1646 -8
    endloop
  endfacet
  facet normal -0.953742 -0.300627 0
    outer loop
      vertex 3.09096 28.8282 -8
      vertex 3.00702 29.0945 -4
      vertex 3.00702 29.0945 -8
    endloop
  endfacet
  facet normal -0.953742 -0.300627 0
    outer loop
      vertex 3.00702 29.0945 -4
      vertex 3.09096 28.8282 -8
      vertex 3.09096 28.8282 -4
    endloop
  endfacet
  facet normal -0.923861 -0.382727 0
    outer loop
      vertex 3.00702 29.0945 -8
      vertex 2.90018 29.3524 -4
      vertex 2.90018 29.3524 -8
    endloop
  endfacet
  facet normal -0.923861 -0.382727 0
    outer loop
      vertex 2.90018 29.3524 -4
      vertex 3.00702 29.0945 -8
      vertex 3.00702 29.0945 -4
    endloop
  endfacet
  facet normal -0.461741 0.887015 0
    outer loop
      vertex 1.6 25.2287 0
      vertex 1.35238 25.0998 4
      vertex 1.6 25.2287 4
    endloop
  endfacet
  facet normal -0.461741 0.887015 0
    outer loop
      vertex 1.35238 25.0998 4
      vertex 1.6 25.2287 0
      vertex 1.35238 25.0998 0
    endloop
  endfacet
  facet normal -0.461741 0.887015 0
    outer loop
      vertex 1.6 25.2287 -8
      vertex 1.35238 25.0998 -4
      vertex 1.6 25.2287 -4
    endloop
  endfacet
  facet normal -0.461741 0.887015 0
    outer loop
      vertex 1.35238 25.0998 -4
      vertex 1.6 25.2287 -8
      vertex 1.35238 25.0998 -8
    endloop
  endfacet
  facet normal -0.97629 0.216468 0
    outer loop
      vertex 3.09096 27.1718 -8
      vertex 3.15138 27.4443 -4
      vertex 3.15138 27.4443 -8
    endloop
  endfacet
  facet normal -0.97629 0.216468 0
    outer loop
      vertex 3.15138 27.4443 -4
      vertex 3.09096 27.1718 -8
      vertex 3.09096 27.1718 -4
    endloop
  endfacet
  facet normal 0.999048 0.04363 0
    outer loop
      vertex -3.18782 27.7211 -4
      vertex -3.2 28 -8
      vertex -3.2 28 -4
    endloop
  endfacet
  facet normal 0.999048 0.04363 0
    outer loop
      vertex -3.2 28 -8
      vertex -3.18782 27.7211 -4
      vertex -3.18782 27.7211 -8
    endloop
  endfacet
  facet normal 0.97629 -0.216468 0
    outer loop
      vertex -3.15138 28.5557 -4
      vertex -3.09096 28.8282 -8
      vertex -3.09096 28.8282 -4
    endloop
  endfacet
  facet normal 0.97629 -0.216468 0
    outer loop
      vertex -3.09096 28.8282 -8
      vertex -3.15138 28.5557 -4
      vertex -3.15138 28.5557 -8
    endloop
  endfacet
  facet normal -0.675592 0.737276 0
    outer loop
      vertex 2.26274 25.7373 0
      vertex 2.05692 25.5487 4
      vertex 2.26274 25.7373 4
    endloop
  endfacet
  facet normal -0.675592 0.737276 0
    outer loop
      vertex 2.05692 25.5487 4
      vertex 2.26274 25.7373 0
      vertex 2.05692 25.5487 0
    endloop
  endfacet
  facet normal -0.675592 0.737276 0
    outer loop
      vertex 2.26274 25.7373 -8
      vertex 2.05692 25.5487 -4
      vertex 2.26274 25.7373 -4
    endloop
  endfacet
  facet normal -0.675592 0.737276 0
    outer loop
      vertex 2.05692 25.5487 -4
      vertex 2.26274 25.7373 -8
      vertex 2.05692 25.5487 -8
    endloop
  endfacet
  facet normal -0.0437018 -0.999045 0
    outer loop
      vertex 0 31.2 -8
      vertex 0.278898 31.1878 -4
      vertex 0 31.2 -4
    endloop
  endfacet
  facet normal -0.0437018 -0.999045 -0
    outer loop
      vertex 0.278898 31.1878 -4
      vertex 0 31.2 -8
      vertex 0.278898 31.1878 -8
    endloop
  endfacet
  facet normal -0.737243 0.675627 0
    outer loop
      vertex 2.26274 25.7373 0
      vertex 2.45134 25.9431 4
      vertex 2.45134 25.9431 0
    endloop
  endfacet
  facet normal -0.737243 0.675627 0
    outer loop
      vertex 2.45134 25.9431 4
      vertex 2.26274 25.7373 0
      vertex 2.26274 25.7373 4
    endloop
  endfacet
  facet normal -0.737243 0.675627 0
    outer loop
      vertex 2.26274 25.7373 -8
      vertex 2.45134 25.9431 -4
      vertex 2.45134 25.9431 -8
    endloop
  endfacet
  facet normal -0.737243 0.675627 0
    outer loop
      vertex 2.45134 25.9431 -4
      vertex 2.26274 25.7373 -8
      vertex 2.26274 25.7373 -4
    endloop
  endfacet
  facet normal 0.991446 -0.130521 0
    outer loop
      vertex -3.18782 28.2789 -4
      vertex -3.15138 28.5557 -8
      vertex -3.15138 28.5557 -4
    endloop
  endfacet
  facet normal 0.991446 -0.130521 0
    outer loop
      vertex -3.15138 28.5557 -8
      vertex -3.18782 28.2789 -4
      vertex -3.18782 28.2789 -8
    endloop
  endfacet
  facet normal -0.461741 -0.887015 0
    outer loop
      vertex 1.35238 30.9002 -8
      vertex 1.6 30.7713 -4
      vertex 1.35238 30.9002 -4
    endloop
  endfacet
  facet normal -0.461741 -0.887015 -0
    outer loop
      vertex 1.6 30.7713 -4
      vertex 1.35238 30.9002 -8
      vertex 1.6 30.7713 -8
    endloop
  endfacet
  facet normal 0.737243 -0.675627 0
    outer loop
      vertex -2.45134 30.0569 -4
      vertex -2.26274 30.2627 -8
      vertex -2.26274 30.2627 -4
    endloop
  endfacet
  facet normal 0.737243 -0.675627 0
    outer loop
      vertex -2.26274 30.2627 -8
      vertex -2.45134 30.0569 -4
      vertex -2.45134 30.0569 -8
    endloop
  endfacet
  facet normal -0.38258 -0.923923 0
    outer loop
      vertex 1.09446 31.007 -8
      vertex 1.35238 30.9002 -4
      vertex 1.09446 31.007 -4
    endloop
  endfacet
  facet normal -0.38258 -0.923923 -0
    outer loop
      vertex 1.35238 30.9002 -4
      vertex 1.09446 31.007 -8
      vertex 1.35238 30.9002 -8
    endloop
  endfacet
  facet normal 0.953742 -0.300627 0
    outer loop
      vertex -3.09096 28.8282 -4
      vertex -3.00702 29.0945 -8
      vertex -3.00702 29.0945 -4
    endloop
  endfacet
  facet normal 0.953742 -0.300627 0
    outer loop
      vertex -3.00702 29.0945 -8
      vertex -3.09096 28.8282 -4
      vertex -3.09096 28.8282 -8
    endloop
  endfacet
  facet normal 0.130392 0.991463 -0
    outer loop
      vertex -0.278898 24.8122 0
      vertex -0.555674 24.8486 4
      vertex -0.278898 24.8122 4
    endloop
  endfacet
  facet normal 0.130392 0.991463 0
    outer loop
      vertex -0.555674 24.8486 4
      vertex -0.278898 24.8122 0
      vertex -0.555674 24.8486 0
    endloop
  endfacet
  facet normal 0.130392 0.991463 -0
    outer loop
      vertex -0.278898 24.8122 -8
      vertex -0.555674 24.8486 -4
      vertex -0.278898 24.8122 -4
    endloop
  endfacet
  facet normal 0.130392 0.991463 0
    outer loop
      vertex -0.555674 24.8486 -4
      vertex -0.278898 24.8122 -8
      vertex -0.555674 24.8486 -8
    endloop
  endfacet
  facet normal 0.0437018 0.999045 -0
    outer loop
      vertex 0 24.8 0
      vertex -0.278898 24.8122 4
      vertex 0 24.8 4
    endloop
  endfacet
  facet normal 0.0437018 0.999045 0
    outer loop
      vertex -0.278898 24.8122 4
      vertex 0 24.8 0
      vertex -0.278898 24.8122 0
    endloop
  endfacet
  facet normal 0.0437018 0.999045 -0
    outer loop
      vertex 0 24.8 -8
      vertex -0.278898 24.8122 -4
      vertex 0 24.8 -4
    endloop
  endfacet
  facet normal 0.0437018 0.999045 0
    outer loop
      vertex -0.278898 24.8122 -4
      vertex 0 24.8 -8
      vertex -0.278898 24.8122 -8
    endloop
  endfacet
  facet normal 0.461741 0.887015 -0
    outer loop
      vertex -1.35238 25.0998 0
      vertex -1.6 25.2287 4
      vertex -1.35238 25.0998 4
    endloop
  endfacet
  facet normal 0.461741 0.887015 0
    outer loop
      vertex -1.6 25.2287 4
      vertex -1.35238 25.0998 0
      vertex -1.6 25.2287 0
    endloop
  endfacet
  facet normal 0.461741 0.887015 -0
    outer loop
      vertex -1.35238 25.0998 -8
      vertex -1.6 25.2287 -4
      vertex -1.35238 25.0998 -4
    endloop
  endfacet
  facet normal 0.461741 0.887015 0
    outer loop
      vertex -1.6 25.2287 -4
      vertex -1.35238 25.0998 -8
      vertex -1.6 25.2287 -8
    endloop
  endfacet
  facet normal -0.793376 -0.608732 0
    outer loop
      vertex 2.62129 29.8354 -8
      vertex 2.45134 30.0569 -4
      vertex 2.45134 30.0569 -8
    endloop
  endfacet
  facet normal -0.793376 -0.608732 0
    outer loop
      vertex 2.45134 30.0569 -4
      vertex 2.62129 29.8354 -8
      vertex 2.62129 29.8354 -4
    endloop
  endfacet
  facet normal -0.923928 0.382566 0
    outer loop
      vertex 2.90018 26.6476 0
      vertex 2.96995 26.8161 4
      vertex 2.96995 26.8161 0
    endloop
  endfacet
  facet normal -0.923928 0.382566 0
    outer loop
      vertex 2.96995 26.8161 4
      vertex 2.90018 26.6476 0
      vertex 2.90018 26.6476 4
    endloop
  endfacet
  facet normal -0.923861 0.382727 0
    outer loop
      vertex 2.90018 26.6476 -8
      vertex 3.00702 26.9055 -4
      vertex 3.00702 26.9055 -8
    endloop
  endfacet
  facet normal -0.923861 0.382727 0
    outer loop
      vertex 3.00702 26.9055 -4
      vertex 2.90018 26.6476 -8
      vertex 2.90018 26.6476 -4
    endloop
  endfacet
  facet normal 0.923928 0.382566 0
    outer loop
      vertex -2.90018 26.6476 4
      vertex -2.96995 26.8161 0
      vertex -2.96995 26.8161 4
    endloop
  endfacet
  facet normal 0.923928 0.382566 0
    outer loop
      vertex -2.96995 26.8161 0
      vertex -2.90018 26.6476 4
      vertex -2.90018 26.6476 0
    endloop
  endfacet
  facet normal 0.923861 0.382727 0
    outer loop
      vertex -2.90018 26.6476 -4
      vertex -3.00702 26.9055 -8
      vertex -3.00702 26.9055 -4
    endloop
  endfacet
  facet normal 0.923861 0.382727 0
    outer loop
      vertex -3.00702 26.9055 -8
      vertex -2.90018 26.6476 -4
      vertex -2.90018 26.6476 -8
    endloop
  endfacet
  facet normal -0.887 0.46177 0
    outer loop
      vertex 2.77128 26.4 0
      vertex 2.90018 26.6476 4
      vertex 2.90018 26.6476 0
    endloop
  endfacet
  facet normal -0.887 0.46177 0
    outer loop
      vertex 2.90018 26.6476 4
      vertex 2.77128 26.4 0
      vertex 2.77128 26.4 4
    endloop
  endfacet
  facet normal -0.887 0.46177 0
    outer loop
      vertex 2.77128 26.4 -8
      vertex 2.90018 26.6476 -4
      vertex 2.90018 26.6476 -8
    endloop
  endfacet
  facet normal -0.887 0.46177 0
    outer loop
      vertex 2.90018 26.6476 -4
      vertex 2.77128 26.4 -8
      vertex 2.77128 26.4 -4
    endloop
  endfacet
  facet normal -0.923923 0.38258 0
    outer loop
      vertex -25.0998 -1.35238 0
      vertex -24.993 -1.09446 4
      vertex -24.993 -1.09446 0
    endloop
  endfacet
  facet normal -0.923923 0.38258 0
    outer loop
      vertex -24.993 -1.09446 4
      vertex -25.0998 -1.35238 0
      vertex -25.0998 -1.35238 4
    endloop
  endfacet
  facet normal -0.923923 0.38258 0
    outer loop
      vertex -25.0998 -1.35238 -8
      vertex -24.993 -1.09446 -4
      vertex -24.993 -1.09446 -8
    endloop
  endfacet
  facet normal -0.923923 0.38258 0
    outer loop
      vertex -24.993 -1.09446 -4
      vertex -25.0998 -1.35238 -8
      vertex -25.0998 -1.35238 -4
    endloop
  endfacet
  facet normal 0.976313 0.216365 0
    outer loop
      vertex -31.091 -0.82822 -4
      vertex -31.1514 -0.555674 -8
      vertex -31.1514 -0.555674 -4
    endloop
  endfacet
  facet normal 0.976313 0.216365 0
    outer loop
      vertex -31.1514 -0.555674 -8
      vertex -31.091 -0.82822 -4
      vertex -31.091 -0.82822 -8
    endloop
  endfacet
  facet normal -0.793263 -0.60888 0
    outer loop
      vertex -25.3787 1.83544 0
      vertex -25.5487 2.05692 4
      vertex -25.5487 2.05692 0
    endloop
  endfacet
  facet normal -0.793263 -0.60888 0
    outer loop
      vertex -25.5487 2.05692 4
      vertex -25.3787 1.83544 0
      vertex -25.3787 1.83544 4
    endloop
  endfacet
  facet normal -0.793263 -0.60888 0
    outer loop
      vertex -25.3787 1.83544 -8
      vertex -25.5487 2.05692 -4
      vertex -25.5487 2.05692 -8
    endloop
  endfacet
  facet normal -0.793263 -0.60888 0
    outer loop
      vertex -25.5487 2.05692 -4
      vertex -25.3787 1.83544 -8
      vertex -25.3787 1.83544 -4
    endloop
  endfacet
  facet normal 0.953661 0.300885 0
    outer loop
      vertex -31.007 -1.09446 -4
      vertex -31.091 -0.82822 -8
      vertex -31.091 -0.82822 -4
    endloop
  endfacet
  facet normal 0.953661 0.300885 0
    outer loop
      vertex -31.091 -0.82822 -8
      vertex -31.007 -1.09446 -4
      vertex -31.007 -1.09446 -8
    endloop
  endfacet
  facet normal -0.46177 0.887 0
    outer loop
      vertex -26.4 -2.77128 0
      vertex -26.6476 -2.90018 4
      vertex -26.4 -2.77128 4
    endloop
  endfacet
  facet normal -0.46177 0.887 0
    outer loop
      vertex -26.6476 -2.90018 4
      vertex -26.4 -2.77128 0
      vertex -26.6476 -2.90018 0
    endloop
  endfacet
  facet normal -0.46177 0.887 0
    outer loop
      vertex -26.4 -2.77128 -8
      vertex -26.6476 -2.90018 -4
      vertex -26.4 -2.77128 -4
    endloop
  endfacet
  facet normal -0.46177 0.887 0
    outer loop
      vertex -26.6476 -2.90018 -4
      vertex -26.4 -2.77128 -8
      vertex -26.6476 -2.90018 -8
    endloop
  endfacet
  facet normal 0.999045 0.0437018 0
    outer loop
      vertex -31.1878 -0.278898 -4
      vertex -31.2 0 -8
      vertex -31.2 0 -4
    endloop
  endfacet
  facet normal 0.999045 0.0437018 0
    outer loop
      vertex -31.2 0 -8
      vertex -31.1878 -0.278898 -4
      vertex -31.1878 -0.278898 -8
    endloop
  endfacet
  facet normal 0.737276 0.675592 0
    outer loop
      vertex -30.2627 -2.26274 -4
      vertex -30.4513 -2.05692 -8
      vertex -30.4513 -2.05692 -4
    endloop
  endfacet
  facet normal 0.737276 0.675592 0
    outer loop
      vertex -30.4513 -2.05692 -8
      vertex -30.2627 -2.26274 -4
      vertex -30.2627 -2.26274 -8
    endloop
  endfacet
  facet normal -0.675627 0.737243 0
    outer loop
      vertex -25.7373 -2.26274 0
      vertex -25.9431 -2.45134 4
      vertex -25.7373 -2.26274 4
    endloop
  endfacet
  facet normal -0.675627 0.737243 0
    outer loop
      vertex -25.9431 -2.45134 4
      vertex -25.7373 -2.26274 0
      vertex -25.9431 -2.45134 0
    endloop
  endfacet
  facet normal -0.675627 0.737243 0
    outer loop
      vertex -25.7373 -2.26274 -8
      vertex -25.9431 -2.45134 -4
      vertex -25.7373 -2.26274 -4
    endloop
  endfacet
  facet normal -0.675627 0.737243 0
    outer loop
      vertex -25.9431 -2.45134 -4
      vertex -25.7373 -2.26274 -8
      vertex -25.9431 -2.45134 -8
    endloop
  endfacet
  facet normal 0.216468 -0.97629 0
    outer loop
      vertex -28.8282 3.09096 -8
      vertex -28.5557 3.15138 -4
      vertex -28.8282 3.09096 -4
    endloop
  endfacet
  facet normal 0.216468 -0.97629 0
    outer loop
      vertex -28.5557 3.15138 -4
      vertex -28.8282 3.09096 -8
      vertex -28.5557 3.15138 -8
    endloop
  endfacet
  facet normal 0.53736 -0.843353 0
    outer loop
      vertex -29.8354 2.62129 -8
      vertex -29.6 2.77128 -4
      vertex -29.8354 2.62129 -4
    endloop
  endfacet
  facet normal 0.53736 -0.843353 0
    outer loop
      vertex -29.6 2.77128 -4
      vertex -29.8354 2.62129 -8
      vertex -29.6 2.77128 -8
    endloop
  endfacet
  facet normal 0.04363 0.999048 -0
    outer loop
      vertex -28 -3.2 -8
      vertex -28.2789 -3.18782 -4
      vertex -28 -3.2 -4
    endloop
  endfacet
  facet normal 0.04363 0.999048 0
    outer loop
      vertex -28.2789 -3.18782 -4
      vertex -28 -3.2 -8
      vertex -28.2789 -3.18782 -8
    endloop
  endfacet
  facet normal -0.608732 -0.793376 0
    outer loop
      vertex -26.1646 2.62129 0
      vertex -25.9431 2.45134 4
      vertex -26.1646 2.62129 4
    endloop
  endfacet
  facet normal -0.608732 -0.793376 -0
    outer loop
      vertex -25.9431 2.45134 4
      vertex -26.1646 2.62129 0
      vertex -25.9431 2.45134 0
    endloop
  endfacet
  facet normal -0.608732 -0.793376 0
    outer loop
      vertex -26.1646 2.62129 -8
      vertex -25.9431 2.45134 -4
      vertex -26.1646 2.62129 -4
    endloop
  endfacet
  facet normal -0.608732 -0.793376 -0
    outer loop
      vertex -25.9431 2.45134 -4
      vertex -26.1646 2.62129 -8
      vertex -25.9431 2.45134 -8
    endloop
  endfacet
  facet normal 0.991463 -0.130392 0
    outer loop
      vertex -31.1878 0.278898 -4
      vertex -31.1514 0.555674 -8
      vertex -31.1514 0.555674 -4
    endloop
  endfacet
  facet normal 0.991463 -0.130392 0
    outer loop
      vertex -31.1514 0.555674 -8
      vertex -31.1878 0.278898 -4
      vertex -31.1878 0.278898 -8
    endloop
  endfacet
  facet normal -0.999045 -0.0437018 0
    outer loop
      vertex -24.8 0 0
      vertex -24.8122 0.278898 4
      vertex -24.8122 0.278898 0
    endloop
  endfacet
  facet normal -0.999045 -0.0437018 0
    outer loop
      vertex -24.8122 0.278898 4
      vertex -24.8 0 0
      vertex -24.8 0 4
    endloop
  endfacet
  facet normal -0.999045 -0.0437018 0
    outer loop
      vertex -24.8 0 -8
      vertex -24.8122 0.278898 -4
      vertex -24.8122 0.278898 -8
    endloop
  endfacet
  facet normal -0.999045 -0.0437018 0
    outer loop
      vertex -24.8122 0.278898 -4
      vertex -24.8 0 -8
      vertex -24.8 0 -4
    endloop
  endfacet
  facet normal -0.737276 0.675592 0
    outer loop
      vertex -25.7373 -2.26274 0
      vertex -25.5487 -2.05692 4
      vertex -25.5487 -2.05692 0
    endloop
  endfacet
  facet normal -0.737276 0.675592 0
    outer loop
      vertex -25.5487 -2.05692 4
      vertex -25.7373 -2.26274 0
      vertex -25.7373 -2.26274 4
    endloop
  endfacet
  facet normal -0.737276 0.675592 0
    outer loop
      vertex -25.7373 -2.26274 -8
      vertex -25.5487 -2.05692 -4
      vertex -25.5487 -2.05692 -8
    endloop
  endfacet
  facet normal -0.737276 0.675592 0
    outer loop
      vertex -25.5487 -2.05692 -4
      vertex -25.7373 -2.26274 -8
      vertex -25.7373 -2.26274 -4
    endloop
  endfacet
  facet normal 0.953661 -0.300885 0
    outer loop
      vertex -31.091 0.82822 -4
      vertex -31.007 1.09446 -8
      vertex -31.007 1.09446 -4
    endloop
  endfacet
  facet normal 0.953661 -0.300885 0
    outer loop
      vertex -31.007 1.09446 -8
      vertex -31.091 0.82822 -4
      vertex -31.091 0.82822 -8
    endloop
  endfacet
  facet normal -0.953661 -0.300885 0
    outer loop
      vertex -24.909 0.82822 0
      vertex -24.993 1.09446 4
      vertex -24.993 1.09446 0
    endloop
  endfacet
  facet normal -0.953661 -0.300885 0
    outer loop
      vertex -24.993 1.09446 4
      vertex -24.909 0.82822 0
      vertex -24.909 0.82822 4
    endloop
  endfacet
  facet normal -0.953661 -0.300885 0
    outer loop
      vertex -24.909 0.82822 -8
      vertex -24.993 1.09446 -4
      vertex -24.993 1.09446 -8
    endloop
  endfacet
  facet normal -0.953661 -0.300885 0
    outer loop
      vertex -24.993 1.09446 -4
      vertex -24.909 0.82822 -8
      vertex -24.909 0.82822 -4
    endloop
  endfacet
  facet normal -0.976313 -0.216365 0
    outer loop
      vertex -24.8486 0.555674 0
      vertex -24.909 0.82822 4
      vertex -24.909 0.82822 0
    endloop
  endfacet
  facet normal -0.976313 -0.216365 0
    outer loop
      vertex -24.909 0.82822 4
      vertex -24.8486 0.555674 0
      vertex -24.8486 0.555674 4
    endloop
  endfacet
  facet normal -0.976313 -0.216365 0
    outer loop
      vertex -24.8486 0.555674 -8
      vertex -24.909 0.82822 -4
      vertex -24.909 0.82822 -8
    endloop
  endfacet
  facet normal -0.976313 -0.216365 0
    outer loop
      vertex -24.909 0.82822 -4
      vertex -24.8486 0.555674 -8
      vertex -24.8486 0.555674 -4
    endloop
  endfacet
  facet normal 0.675627 -0.737243 0
    outer loop
      vertex -30.2627 2.26274 -8
      vertex -30.0569 2.45134 -4
      vertex -30.2627 2.26274 -4
    endloop
  endfacet
  facet normal 0.675627 -0.737243 0
    outer loop
      vertex -30.0569 2.45134 -4
      vertex -30.2627 2.26274 -8
      vertex -30.0569 2.45134 -8
    endloop
  endfacet
  facet normal -0.953661 0.300885 0
    outer loop
      vertex -24.993 -1.09446 0
      vertex -24.909 -0.82822 4
      vertex -24.909 -0.82822 0
    endloop
  endfacet
  facet normal -0.953661 0.300885 0
    outer loop
      vertex -24.909 -0.82822 4
      vertex -24.993 -1.09446 0
      vertex -24.993 -1.09446 4
    endloop
  endfacet
  facet normal -0.953661 0.300885 0
    outer loop
      vertex -24.993 -1.09446 -8
      vertex -24.909 -0.82822 -4
      vertex -24.909 -0.82822 -8
    endloop
  endfacet
  facet normal -0.953661 0.300885 0
    outer loop
      vertex -24.909 -0.82822 -4
      vertex -24.993 -1.09446 -8
      vertex -24.993 -1.09446 -4
    endloop
  endfacet
  facet normal 0.130521 -0.991446 0
    outer loop
      vertex -28.5557 3.15138 -8
      vertex -28.2789 3.18782 -4
      vertex -28.5557 3.15138 -4
    endloop
  endfacet
  facet normal 0.130521 -0.991446 0
    outer loop
      vertex -28.2789 3.18782 -4
      vertex -28.5557 3.15138 -8
      vertex -28.2789 3.18782 -8
    endloop
  endfacet
  facet normal -0.130521 -0.991446 0
    outer loop
      vertex -27.7211 3.18782 -8
      vertex -27.4443 3.15138 -4
      vertex -27.7211 3.18782 -4
    endloop
  endfacet
  facet normal -0.130521 -0.991446 -0
    outer loop
      vertex -27.4443 3.15138 -4
      vertex -27.7211 3.18782 -8
      vertex -27.4443 3.15138 -8
    endloop
  endfacet
  facet normal 0.53736 0.843353 -0
    outer loop
      vertex -29.6 -2.77128 -8
      vertex -29.8354 -2.62129 -4
      vertex -29.6 -2.77128 -4
    endloop
  endfacet
  facet normal 0.53736 0.843353 0
    outer loop
      vertex -29.8354 -2.62129 -4
      vertex -29.6 -2.77128 -8
      vertex -29.8354 -2.62129 -8
    endloop
  endfacet
  facet normal 0.46177 0.887 -0
    outer loop
      vertex -29.3524 -2.90018 -8
      vertex -29.6 -2.77128 -4
      vertex -29.3524 -2.90018 -4
    endloop
  endfacet
  facet normal 0.46177 0.887 0
    outer loop
      vertex -29.6 -2.77128 -4
      vertex -29.3524 -2.90018 -8
      vertex -29.6 -2.77128 -8
    endloop
  endfacet
  facet normal 0.608732 0.793376 -0
    outer loop
      vertex -29.8354 -2.62129 -8
      vertex -30.0569 -2.45134 -4
      vertex -29.8354 -2.62129 -4
    endloop
  endfacet
  facet normal 0.608732 0.793376 0
    outer loop
      vertex -30.0569 -2.45134 -4
      vertex -29.8354 -2.62129 -8
      vertex -30.0569 -2.45134 -8
    endloop
  endfacet
  facet normal 0.793263 0.60888 0
    outer loop
      vertex -30.4513 -2.05692 -4
      vertex -30.6213 -1.83544 -8
      vertex -30.6213 -1.83544 -4
    endloop
  endfacet
  facet normal 0.793263 0.60888 0
    outer loop
      vertex -30.6213 -1.83544 -8
      vertex -30.4513 -2.05692 -4
      vertex -30.4513 -2.05692 -8
    endloop
  endfacet
  facet normal 0.04363 -0.999048 0
    outer loop
      vertex -28.2789 3.18782 -8
      vertex -28 3.2 -4
      vertex -28.2789 3.18782 -4
    endloop
  endfacet
  facet normal 0.04363 -0.999048 0
    outer loop
      vertex -28 3.2 -4
      vertex -28.2789 3.18782 -8
      vertex -28 3.2 -8
    endloop
  endfacet
  facet normal -0.793263 0.60888 0
    outer loop
      vertex -25.5487 -2.05692 0
      vertex -25.3787 -1.83544 4
      vertex -25.3787 -1.83544 0
    endloop
  endfacet
  facet normal -0.793263 0.60888 0
    outer loop
      vertex -25.3787 -1.83544 4
      vertex -25.5487 -2.05692 0
      vertex -25.5487 -2.05692 4
    endloop
  endfacet
  facet normal -0.793263 0.60888 0
    outer loop
      vertex -25.5487 -2.05692 -8
      vertex -25.3787 -1.83544 -4
      vertex -25.3787 -1.83544 -8
    endloop
  endfacet
  facet normal -0.793263 0.60888 0
    outer loop
      vertex -25.3787 -1.83544 -4
      vertex -25.5487 -2.05692 -8
      vertex -25.5487 -2.05692 -4
    endloop
  endfacet
  facet normal -0.608732 0.793376 0
    outer loop
      vertex -25.9431 -2.45134 0
      vertex -26.1646 -2.62129 4
      vertex -25.9431 -2.45134 4
    endloop
  endfacet
  facet normal -0.608732 0.793376 0
    outer loop
      vertex -26.1646 -2.62129 4
      vertex -25.9431 -2.45134 0
      vertex -26.1646 -2.62129 0
    endloop
  endfacet
  facet normal -0.608732 0.793376 0
    outer loop
      vertex -25.9431 -2.45134 -8
      vertex -26.1646 -2.62129 -4
      vertex -25.9431 -2.45134 -4
    endloop
  endfacet
  facet normal -0.608732 0.793376 0
    outer loop
      vertex -26.1646 -2.62129 -4
      vertex -25.9431 -2.45134 -8
      vertex -26.1646 -2.62129 -8
    endloop
  endfacet
  facet normal -0.923923 -0.38258 0
    outer loop
      vertex -24.993 1.09446 0
      vertex -25.0998 1.35238 4
      vertex -25.0998 1.35238 0
    endloop
  endfacet
  facet normal -0.923923 -0.38258 0
    outer loop
      vertex -25.0998 1.35238 4
      vertex -24.993 1.09446 0
      vertex -24.993 1.09446 4
    endloop
  endfacet
  facet normal -0.923923 -0.38258 0
    outer loop
      vertex -24.993 1.09446 -8
      vertex -25.0998 1.35238 -4
      vertex -25.0998 1.35238 -8
    endloop
  endfacet
  facet normal -0.923923 -0.38258 0
    outer loop
      vertex -25.0998 1.35238 -4
      vertex -24.993 1.09446 -8
      vertex -24.993 1.09446 -4
    endloop
  endfacet
  facet normal 0.976313 -0.216365 0
    outer loop
      vertex -31.1514 0.555674 -4
      vertex -31.091 0.82822 -8
      vertex -31.091 0.82822 -4
    endloop
  endfacet
  facet normal 0.976313 -0.216365 0
    outer loop
      vertex -31.091 0.82822 -8
      vertex -31.1514 0.555674 -4
      vertex -31.1514 0.555674 -8
    endloop
  endfacet
  facet normal 0.46177 -0.887 0
    outer loop
      vertex -29.6 2.77128 -8
      vertex -29.3524 2.90018 -4
      vertex -29.6 2.77128 -4
    endloop
  endfacet
  facet normal 0.46177 -0.887 0
    outer loop
      vertex -29.3524 2.90018 -4
      vertex -29.6 2.77128 -8
      vertex -29.3524 2.90018 -8
    endloop
  endfacet
  facet normal -0.216468 0.97629 0
    outer loop
      vertex -27.1718 -3.09096 -8
      vertex -27.4443 -3.15138 -4
      vertex -27.1718 -3.09096 -4
    endloop
  endfacet
  facet normal -0.216468 0.97629 0
    outer loop
      vertex -27.4443 -3.15138 -4
      vertex -27.1718 -3.09096 -8
      vertex -27.4443 -3.15138 -8
    endloop
  endfacet
  facet normal -0.300627 0.953742 0
    outer loop
      vertex -26.9055 -3.00702 -8
      vertex -27.1718 -3.09096 -4
      vertex -26.9055 -3.00702 -4
    endloop
  endfacet
  facet normal -0.300627 0.953742 0
    outer loop
      vertex -27.1718 -3.09096 -4
      vertex -26.9055 -3.00702 -8
      vertex -27.1718 -3.09096 -8
    endloop
  endfacet
  facet normal -0.675627 -0.737243 0
    outer loop
      vertex -25.9431 2.45134 0
      vertex -25.7373 2.26274 4
      vertex -25.9431 2.45134 4
    endloop
  endfacet
  facet normal -0.675627 -0.737243 -0
    outer loop
      vertex -25.7373 2.26274 4
      vertex -25.9431 2.45134 0
      vertex -25.7373 2.26274 0
    endloop
  endfacet
  facet normal -0.675627 -0.737243 0
    outer loop
      vertex -25.9431 2.45134 -8
      vertex -25.7373 2.26274 -4
      vertex -25.9431 2.45134 -4
    endloop
  endfacet
  facet normal -0.675627 -0.737243 -0
    outer loop
      vertex -25.7373 2.26274 -4
      vertex -25.9431 2.45134 -8
      vertex -25.7373 2.26274 -8
    endloop
  endfacet
  facet normal 0.923923 0.38258 0
    outer loop
      vertex -30.9002 -1.35238 -4
      vertex -31.007 -1.09446 -8
      vertex -31.007 -1.09446 -4
    endloop
  endfacet
  facet normal 0.923923 0.38258 0
    outer loop
      vertex -31.007 -1.09446 -8
      vertex -30.9002 -1.35238 -4
      vertex -30.9002 -1.35238 -8
    endloop
  endfacet
  facet normal -0.976313 0.216365 0
    outer loop
      vertex -24.909 -0.82822 0
      vertex -24.8486 -0.555674 4
      vertex -24.8486 -0.555674 0
    endloop
  endfacet
  facet normal -0.976313 0.216365 0
    outer loop
      vertex -24.8486 -0.555674 4
      vertex -24.909 -0.82822 0
      vertex -24.909 -0.82822 4
    endloop
  endfacet
  facet normal -0.976313 0.216365 0
    outer loop
      vertex -24.909 -0.82822 -8
      vertex -24.8486 -0.555674 -4
      vertex -24.8486 -0.555674 -8
    endloop
  endfacet
  facet normal -0.976313 0.216365 0
    outer loop
      vertex -24.8486 -0.555674 -4
      vertex -24.909 -0.82822 -8
      vertex -24.909 -0.82822 -4
    endloop
  endfacet
  facet normal 0.843378 -0.53732 0
    outer loop
      vertex -30.7713 1.6 -4
      vertex -30.6213 1.83544 -8
      vertex -30.6213 1.83544 -4
    endloop
  endfacet
  facet normal 0.843378 -0.53732 0
    outer loop
      vertex -30.6213 1.83544 -8
      vertex -30.7713 1.6 -4
      vertex -30.7713 1.6 -8
    endloop
  endfacet
  facet normal 0.737276 -0.675592 0
    outer loop
      vertex -30.4513 2.05692 -4
      vertex -30.2627 2.26274 -8
      vertex -30.2627 2.26274 -4
    endloop
  endfacet
  facet normal 0.737276 -0.675592 0
    outer loop
      vertex -30.2627 2.26274 -8
      vertex -30.4513 2.05692 -4
      vertex -30.4513 2.05692 -8
    endloop
  endfacet
  facet normal 0.793263 -0.60888 0
    outer loop
      vertex -30.6213 1.83544 -4
      vertex -30.4513 2.05692 -8
      vertex -30.4513 2.05692 -4
    endloop
  endfacet
  facet normal 0.793263 -0.60888 0
    outer loop
      vertex -30.4513 2.05692 -8
      vertex -30.6213 1.83544 -4
      vertex -30.6213 1.83544 -8
    endloop
  endfacet
  facet normal -0.53736 -0.843353 0
    outer loop
      vertex -26.4 2.77128 0
      vertex -26.1646 2.62129 4
      vertex -26.4 2.77128 4
    endloop
  endfacet
  facet normal -0.53736 -0.843353 -0
    outer loop
      vertex -26.1646 2.62129 4
      vertex -26.4 2.77128 0
      vertex -26.1646 2.62129 0
    endloop
  endfacet
  facet normal -0.53736 -0.843353 0
    outer loop
      vertex -26.4 2.77128 -8
      vertex -26.1646 2.62129 -4
      vertex -26.4 2.77128 -4
    endloop
  endfacet
  facet normal -0.53736 -0.843353 -0
    outer loop
      vertex -26.1646 2.62129 -4
      vertex -26.4 2.77128 -8
      vertex -26.1646 2.62129 -8
    endloop
  endfacet
  facet normal 0.382727 0.923861 -0
    outer loop
      vertex -29.0945 -3.00702 -8
      vertex -29.3524 -2.90018 -4
      vertex -29.0945 -3.00702 -4
    endloop
  endfacet
  facet normal 0.382727 0.923861 0
    outer loop
      vertex -29.3524 -2.90018 -4
      vertex -29.0945 -3.00702 -8
      vertex -29.3524 -2.90018 -8
    endloop
  endfacet
  facet normal 0.843378 0.53732 0
    outer loop
      vertex -30.6213 -1.83544 -4
      vertex -30.7713 -1.6 -8
      vertex -30.7713 -1.6 -4
    endloop
  endfacet
  facet normal 0.843378 0.53732 0
    outer loop
      vertex -30.7713 -1.6 -8
      vertex -30.6213 -1.83544 -4
      vertex -30.6213 -1.83544 -8
    endloop
  endfacet
  facet normal -0.843378 0.53732 0
    outer loop
      vertex -25.3787 -1.83544 0
      vertex -25.2287 -1.6 4
      vertex -25.2287 -1.6 0
    endloop
  endfacet
  facet normal -0.843378 0.53732 0
    outer loop
      vertex -25.2287 -1.6 4
      vertex -25.3787 -1.83544 0
      vertex -25.3787 -1.83544 4
    endloop
  endfacet
  facet normal -0.843378 0.53732 0
    outer loop
      vertex -25.3787 -1.83544 -8
      vertex -25.2287 -1.6 -4
      vertex -25.2287 -1.6 -8
    endloop
  endfacet
  facet normal -0.843378 0.53732 0
    outer loop
      vertex -25.2287 -1.6 -4
      vertex -25.3787 -1.83544 -8
      vertex -25.3787 -1.83544 -4
    endloop
  endfacet
  facet normal -0.04363 -0.999048 0
    outer loop
      vertex -28 3.2 -8
      vertex -27.7211 3.18782 -4
      vertex -28 3.2 -4
    endloop
  endfacet
  facet normal -0.04363 -0.999048 -0
    outer loop
      vertex -27.7211 3.18782 -4
      vertex -28 3.2 -8
      vertex -27.7211 3.18782 -8
    endloop
  endfacet
  facet normal 0.887015 0.461741 0
    outer loop
      vertex -30.7713 -1.6 -4
      vertex -30.9002 -1.35238 -8
      vertex -30.9002 -1.35238 -4
    endloop
  endfacet
  facet normal 0.887015 0.461741 0
    outer loop
      vertex -30.9002 -1.35238 -8
      vertex -30.7713 -1.6 -4
      vertex -30.7713 -1.6 -8
    endloop
  endfacet
  facet normal -0.843378 -0.53732 0
    outer loop
      vertex -25.2287 1.6 0
      vertex -25.3787 1.83544 4
      vertex -25.3787 1.83544 0
    endloop
  endfacet
  facet normal -0.843378 -0.53732 0
    outer loop
      vertex -25.3787 1.83544 4
      vertex -25.2287 1.6 0
      vertex -25.2287 1.6 4
    endloop
  endfacet
  facet normal -0.843378 -0.53732 0
    outer loop
      vertex -25.2287 1.6 -8
      vertex -25.3787 1.83544 -4
      vertex -25.3787 1.83544 -8
    endloop
  endfacet
  facet normal -0.843378 -0.53732 0
    outer loop
      vertex -25.3787 1.83544 -4
      vertex -25.2287 1.6 -8
      vertex -25.2287 1.6 -4
    endloop
  endfacet
  facet normal -0.300627 -0.953742 0
    outer loop
      vertex -27.1718 3.09096 -8
      vertex -26.9055 3.00702 -4
      vertex -27.1718 3.09096 -4
    endloop
  endfacet
  facet normal -0.300627 -0.953742 -0
    outer loop
      vertex -26.9055 3.00702 -4
      vertex -27.1718 3.09096 -8
      vertex -26.9055 3.00702 -8
    endloop
  endfacet
  facet normal 0.991463 0.130392 0
    outer loop
      vertex -31.1514 -0.555674 -4
      vertex -31.1878 -0.278898 -8
      vertex -31.1878 -0.278898 -4
    endloop
  endfacet
  facet normal 0.991463 0.130392 0
    outer loop
      vertex -31.1878 -0.278898 -8
      vertex -31.1514 -0.555674 -4
      vertex -31.1514 -0.555674 -8
    endloop
  endfacet
  facet normal -0.53736 0.843353 0
    outer loop
      vertex -26.1646 -2.62129 0
      vertex -26.4 -2.77128 4
      vertex -26.1646 -2.62129 4
    endloop
  endfacet
  facet normal -0.53736 0.843353 0
    outer loop
      vertex -26.4 -2.77128 4
      vertex -26.1646 -2.62129 0
      vertex -26.4 -2.77128 0
    endloop
  endfacet
  facet normal -0.53736 0.843353 0
    outer loop
      vertex -26.1646 -2.62129 -8
      vertex -26.4 -2.77128 -4
      vertex -26.1646 -2.62129 -4
    endloop
  endfacet
  facet normal -0.53736 0.843353 0
    outer loop
      vertex -26.4 -2.77128 -4
      vertex -26.1646 -2.62129 -8
      vertex -26.4 -2.77128 -8
    endloop
  endfacet
  facet normal 0.300627 -0.953742 0
    outer loop
      vertex -29.0945 3.00702 -8
      vertex -28.8282 3.09096 -4
      vertex -29.0945 3.00702 -4
    endloop
  endfacet
  facet normal 0.300627 -0.953742 0
    outer loop
      vertex -28.8282 3.09096 -4
      vertex -29.0945 3.00702 -8
      vertex -28.8282 3.09096 -8
    endloop
  endfacet
  facet normal 0.382727 -0.923861 0
    outer loop
      vertex -29.3524 2.90018 -8
      vertex -29.0945 3.00702 -4
      vertex -29.3524 2.90018 -4
    endloop
  endfacet
  facet normal 0.382727 -0.923861 0
    outer loop
      vertex -29.0945 3.00702 -4
      vertex -29.3524 2.90018 -8
      vertex -29.0945 3.00702 -8
    endloop
  endfacet
  facet normal -0.130521 0.991446 0
    outer loop
      vertex -27.4443 -3.15138 -8
      vertex -27.7211 -3.18782 -4
      vertex -27.4443 -3.15138 -4
    endloop
  endfacet
  facet normal -0.130521 0.991446 0
    outer loop
      vertex -27.7211 -3.18782 -4
      vertex -27.4443 -3.15138 -8
      vertex -27.7211 -3.18782 -8
    endloop
  endfacet
  facet normal -0.216468 -0.97629 0
    outer loop
      vertex -27.4443 3.15138 -8
      vertex -27.1718 3.09096 -4
      vertex -27.4443 3.15138 -4
    endloop
  endfacet
  facet normal -0.216468 -0.97629 -0
    outer loop
      vertex -27.1718 3.09096 -4
      vertex -27.4443 3.15138 -8
      vertex -27.1718 3.09096 -8
    endloop
  endfacet
  facet normal -0.04363 0.999048 0
    outer loop
      vertex -27.7211 -3.18782 -8
      vertex -28 -3.2 -4
      vertex -27.7211 -3.18782 -4
    endloop
  endfacet
  facet normal -0.04363 0.999048 0
    outer loop
      vertex -28 -3.2 -4
      vertex -27.7211 -3.18782 -8
      vertex -28 -3.2 -8
    endloop
  endfacet
  facet normal 0.216468 0.97629 -0
    outer loop
      vertex -28.5557 -3.15138 -8
      vertex -28.8282 -3.09096 -4
      vertex -28.5557 -3.15138 -4
    endloop
  endfacet
  facet normal 0.216468 0.97629 0
    outer loop
      vertex -28.8282 -3.09096 -4
      vertex -28.5557 -3.15138 -8
      vertex -28.8282 -3.09096 -8
    endloop
  endfacet
  facet normal -0.737276 -0.675592 0
    outer loop
      vertex -25.5487 2.05692 0
      vertex -25.7373 2.26274 4
      vertex -25.7373 2.26274 0
    endloop
  endfacet
  facet normal -0.737276 -0.675592 0
    outer loop
      vertex -25.7373 2.26274 4
      vertex -25.5487 2.05692 0
      vertex -25.5487 2.05692 4
    endloop
  endfacet
  facet normal -0.737276 -0.675592 0
    outer loop
      vertex -25.5487 2.05692 -8
      vertex -25.7373 2.26274 -4
      vertex -25.7373 2.26274 -8
    endloop
  endfacet
  facet normal -0.737276 -0.675592 0
    outer loop
      vertex -25.7373 2.26274 -4
      vertex -25.5487 2.05692 -8
      vertex -25.5487 2.05692 -4
    endloop
  endfacet
  facet normal 0.999045 -0.0437018 0
    outer loop
      vertex -31.2 0 -4
      vertex -31.1878 0.278898 -8
      vertex -31.1878 0.278898 -4
    endloop
  endfacet
  facet normal 0.999045 -0.0437018 0
    outer loop
      vertex -31.1878 0.278898 -8
      vertex -31.2 0 -4
      vertex -31.2 0 -8
    endloop
  endfacet
  facet normal -0.991463 -0.130392 0
    outer loop
      vertex -24.8122 0.278898 0
      vertex -24.8486 0.555674 4
      vertex -24.8486 0.555674 0
    endloop
  endfacet
  facet normal -0.991463 -0.130392 0
    outer loop
      vertex -24.8486 0.555674 4
      vertex -24.8122 0.278898 0
      vertex -24.8122 0.278898 4
    endloop
  endfacet
  facet normal -0.991463 -0.130392 0
    outer loop
      vertex -24.8122 0.278898 -8
      vertex -24.8486 0.555674 -4
      vertex -24.8486 0.555674 -8
    endloop
  endfacet
  facet normal -0.991463 -0.130392 0
    outer loop
      vertex -24.8486 0.555674 -4
      vertex -24.8122 0.278898 -8
      vertex -24.8122 0.278898 -4
    endloop
  endfacet
  facet normal 0.130521 0.991446 -0
    outer loop
      vertex -28.2789 -3.18782 -8
      vertex -28.5557 -3.15138 -4
      vertex -28.2789 -3.18782 -4
    endloop
  endfacet
  facet normal 0.130521 0.991446 0
    outer loop
      vertex -28.5557 -3.15138 -4
      vertex -28.2789 -3.18782 -8
      vertex -28.5557 -3.15138 -8
    endloop
  endfacet
  facet normal 0.887015 -0.461741 0
    outer loop
      vertex -30.9002 1.35238 -4
      vertex -30.7713 1.6 -8
      vertex -30.7713 1.6 -4
    endloop
  endfacet
  facet normal 0.887015 -0.461741 0
    outer loop
      vertex -30.7713 1.6 -8
      vertex -30.9002 1.35238 -4
      vertex -30.9002 1.35238 -8
    endloop
  endfacet
  facet normal 0.675627 0.737243 -0
    outer loop
      vertex -30.0569 -2.45134 -8
      vertex -30.2627 -2.26274 -4
      vertex -30.0569 -2.45134 -4
    endloop
  endfacet
  facet normal 0.675627 0.737243 0
    outer loop
      vertex -30.2627 -2.26274 -4
      vertex -30.0569 -2.45134 -8
      vertex -30.2627 -2.26274 -8
    endloop
  endfacet
  facet normal 0.923923 -0.38258 0
    outer loop
      vertex -31.007 1.09446 -4
      vertex -30.9002 1.35238 -8
      vertex -30.9002 1.35238 -4
    endloop
  endfacet
  facet normal 0.923923 -0.38258 0
    outer loop
      vertex -30.9002 1.35238 -8
      vertex -31.007 1.09446 -4
      vertex -31.007 1.09446 -8
    endloop
  endfacet
  facet normal 0.300627 0.953742 -0
    outer loop
      vertex -28.8282 -3.09096 -8
      vertex -29.0945 -3.00702 -4
      vertex -28.8282 -3.09096 -4
    endloop
  endfacet
  facet normal 0.300627 0.953742 0
    outer loop
      vertex -29.0945 -3.00702 -4
      vertex -28.8282 -3.09096 -8
      vertex -29.0945 -3.00702 -8
    endloop
  endfacet
  facet normal -0.991463 0.130392 0
    outer loop
      vertex -24.8486 -0.555674 0
      vertex -24.8122 -0.278898 4
      vertex -24.8122 -0.278898 0
    endloop
  endfacet
  facet normal -0.991463 0.130392 0
    outer loop
      vertex -24.8122 -0.278898 4
      vertex -24.8486 -0.555674 0
      vertex -24.8486 -0.555674 4
    endloop
  endfacet
  facet normal -0.991463 0.130392 0
    outer loop
      vertex -24.8486 -0.555674 -8
      vertex -24.8122 -0.278898 -4
      vertex -24.8122 -0.278898 -8
    endloop
  endfacet
  facet normal -0.991463 0.130392 0
    outer loop
      vertex -24.8122 -0.278898 -4
      vertex -24.8486 -0.555674 -8
      vertex -24.8486 -0.555674 -4
    endloop
  endfacet
  facet normal -0.999045 0.0437018 0
    outer loop
      vertex -24.8122 -0.278898 0
      vertex -24.8 0 4
      vertex -24.8 0 0
    endloop
  endfacet
  facet normal -0.999045 0.0437018 0
    outer loop
      vertex -24.8 0 4
      vertex -24.8122 -0.278898 0
      vertex -24.8122 -0.278898 4
    endloop
  endfacet
  facet normal -0.999045 0.0437018 0
    outer loop
      vertex -24.8122 -0.278898 -8
      vertex -24.8 0 -4
      vertex -24.8 0 -8
    endloop
  endfacet
  facet normal -0.999045 0.0437018 0
    outer loop
      vertex -24.8 0 -4
      vertex -24.8122 -0.278898 -8
      vertex -24.8122 -0.278898 -4
    endloop
  endfacet
  facet normal -0.887015 0.461741 0
    outer loop
      vertex -25.2287 -1.6 0
      vertex -25.0998 -1.35238 4
      vertex -25.0998 -1.35238 0
    endloop
  endfacet
  facet normal -0.887015 0.461741 0
    outer loop
      vertex -25.0998 -1.35238 4
      vertex -25.2287 -1.6 0
      vertex -25.2287 -1.6 4
    endloop
  endfacet
  facet normal -0.887015 0.461741 0
    outer loop
      vertex -25.2287 -1.6 -8
      vertex -25.0998 -1.35238 -4
      vertex -25.0998 -1.35238 -8
    endloop
  endfacet
  facet normal -0.887015 0.461741 0
    outer loop
      vertex -25.0998 -1.35238 -4
      vertex -25.2287 -1.6 -8
      vertex -25.2287 -1.6 -4
    endloop
  endfacet
  facet normal 0.608732 -0.793376 0
    outer loop
      vertex -30.0569 2.45134 -8
      vertex -29.8354 2.62129 -4
      vertex -30.0569 2.45134 -4
    endloop
  endfacet
  facet normal 0.608732 -0.793376 0
    outer loop
      vertex -29.8354 2.62129 -4
      vertex -30.0569 2.45134 -8
      vertex -29.8354 2.62129 -8
    endloop
  endfacet
  facet normal -0.382566 -0.923928 0
    outer loop
      vertex -26.8161 2.96995 0
      vertex -26.6476 2.90018 4
      vertex -26.8161 2.96995 4
    endloop
  endfacet
  facet normal -0.382566 -0.923928 -0
    outer loop
      vertex -26.6476 2.90018 4
      vertex -26.8161 2.96995 0
      vertex -26.6476 2.90018 0
    endloop
  endfacet
  facet normal -0.382727 -0.923861 0
    outer loop
      vertex -26.9055 3.00702 -8
      vertex -26.6476 2.90018 -4
      vertex -26.9055 3.00702 -4
    endloop
  endfacet
  facet normal -0.382727 -0.923861 -0
    outer loop
      vertex -26.6476 2.90018 -4
      vertex -26.9055 3.00702 -8
      vertex -26.6476 2.90018 -8
    endloop
  endfacet
  facet normal -0.382566 0.923928 0
    outer loop
      vertex -26.6476 -2.90018 0
      vertex -26.8161 -2.96995 4
      vertex -26.6476 -2.90018 4
    endloop
  endfacet
  facet normal -0.382566 0.923928 0
    outer loop
      vertex -26.8161 -2.96995 4
      vertex -26.6476 -2.90018 0
      vertex -26.8161 -2.96995 0
    endloop
  endfacet
  facet normal -0.382727 0.923861 0
    outer loop
      vertex -26.6476 -2.90018 -8
      vertex -26.9055 -3.00702 -4
      vertex -26.6476 -2.90018 -4
    endloop
  endfacet
  facet normal -0.382727 0.923861 0
    outer loop
      vertex -26.9055 -3.00702 -4
      vertex -26.6476 -2.90018 -8
      vertex -26.9055 -3.00702 -8
    endloop
  endfacet
  facet normal -0.887015 -0.461741 0
    outer loop
      vertex -25.0998 1.35238 0
      vertex -25.2287 1.6 4
      vertex -25.2287 1.6 0
    endloop
  endfacet
  facet normal -0.887015 -0.461741 0
    outer loop
      vertex -25.2287 1.6 4
      vertex -25.0998 1.35238 0
      vertex -25.0998 1.35238 4
    endloop
  endfacet
  facet normal -0.887015 -0.461741 0
    outer loop
      vertex -25.0998 1.35238 -8
      vertex -25.2287 1.6 -4
      vertex -25.2287 1.6 -8
    endloop
  endfacet
  facet normal -0.887015 -0.461741 0
    outer loop
      vertex -25.2287 1.6 -4
      vertex -25.0998 1.35238 -8
      vertex -25.0998 1.35238 -4
    endloop
  endfacet
  facet normal -0.46177 -0.887 0
    outer loop
      vertex -26.6476 2.90018 0
      vertex -26.4 2.77128 4
      vertex -26.6476 2.90018 4
    endloop
  endfacet
  facet normal -0.46177 -0.887 -0
    outer loop
      vertex -26.4 2.77128 4
      vertex -26.6476 2.90018 0
      vertex -26.4 2.77128 0
    endloop
  endfacet
  facet normal -0.46177 -0.887 0
    outer loop
      vertex -26.6476 2.90018 -8
      vertex -26.4 2.77128 -4
      vertex -26.6476 2.90018 -4
    endloop
  endfacet
  facet normal -0.46177 -0.887 -0
    outer loop
      vertex -26.4 2.77128 -4
      vertex -26.6476 2.90018 -8
      vertex -26.4 2.77128 -8
    endloop
  endfacet
  facet normal 0 0 -1
    outer loop
      vertex -24.8122 -0.278898 -4
      vertex -24.8122 0.278898 -4
      vertex -24.8 0 -4
    endloop
  endfacet
  facet normal 0 0 -1
    outer loop
      vertex -24.8486 -0.555674 -4
      vertex -24.8122 0.278898 -4
      vertex -24.8122 -0.278898 -4
    endloop
  endfacet
  facet normal 0 0 -1
    outer loop
      vertex -24.8486 -0.555674 -4
      vertex -24.8486 0.555674 -4
      vertex -24.8122 0.278898 -4
    endloop
  endfacet
  facet normal 0 0 -1
    outer loop
      vertex -24.909 -0.82822 -4
      vertex -24.8486 0.555674 -4
      vertex -24.8486 -0.555674 -4
    endloop
  endfacet
  facet normal 0 0 -1
    outer loop
      vertex -24.909 -0.82822 -4
      vertex -24.909 0.82822 -4
      vertex -24.8486 0.555674 -4
    endloop
  endfacet
  facet normal 0 0 -1
    outer loop
      vertex -24.993 -1.09446 -4
      vertex -24.909 0.82822 -4
      vertex -24.909 -0.82822 -4
    endloop
  endfacet
  facet normal 0 0 -1
    outer loop
      vertex -24.993 -1.09446 -4
      vertex -24.993 1.09446 -4
      vertex -24.909 0.82822 -4
    endloop
  endfacet
  facet normal 0 0 -1
    outer loop
      vertex -25.0998 -1.35238 -4
      vertex -24.993 1.09446 -4
      vertex -24.993 -1.09446 -4
    endloop
  endfacet
  facet normal 0 0 -1
    outer loop
      vertex -25.0998 -1.35238 -4
      vertex -25.0998 1.35238 -4
      vertex -24.993 1.09446 -4
    endloop
  endfacet
  facet normal 0 0 -1
    outer loop
      vertex -25.2287 -1.6 -4
      vertex -25.0998 1.35238 -4
      vertex -25.0998 -1.35238 -4
    endloop
  endfacet
  facet normal 0 0 -1
    outer loop
      vertex -25.2287 -1.6 -4
      vertex -25.2287 1.6 -4
      vertex -25.0998 1.35238 -4
    endloop
  endfacet
  facet normal 0 0 -1
    outer loop
      vertex -25.3787 -1.83544 -4
      vertex -25.2287 1.6 -4
      vertex -25.2287 -1.6 -4
    endloop
  endfacet
  facet normal 0 0 -1
    outer loop
      vertex -25.3787 -1.83544 -4
      vertex -25.3787 1.83544 -4
      vertex -25.2287 1.6 -4
    endloop
  endfacet
  facet normal 0 0 -1
    outer loop
      vertex -25.5487 -2.05692 -4
      vertex -25.3787 1.83544 -4
      vertex -25.3787 -1.83544 -4
    endloop
  endfacet
  facet normal 0 0 -1
    outer loop
      vertex -25.5487 -2.05692 -4
      vertex -25.5487 2.05692 -4
      vertex -25.3787 1.83544 -4
    endloop
  endfacet
  facet normal 0 0 -1
    outer loop
      vertex -25.7373 -2.26274 -4
      vertex -25.5487 2.05692 -4
      vertex -25.5487 -2.05692 -4
    endloop
  endfacet
  facet normal 0 0 -1
    outer loop
      vertex -25.7373 -2.26274 -4
      vertex -25.7373 2.26274 -4
      vertex -25.5487 2.05692 -4
    endloop
  endfacet
  facet normal 0 0 -1
    outer loop
      vertex -25.9431 -2.45134 -4
      vertex -25.7373 2.26274 -4
      vertex -25.7373 -2.26274 -4
    endloop
  endfacet
  facet normal 0 0 -1
    outer loop
      vertex -25.9431 -2.45134 -4
      vertex -25.9431 2.45134 -4
      vertex -25.7373 2.26274 -4
    endloop
  endfacet
  facet normal 0 0 -1
    outer loop
      vertex -26.1646 -2.62129 -4
      vertex -25.9431 2.45134 -4
      vertex -25.9431 -2.45134 -4
    endloop
  endfacet
  facet normal 0 0 -1
    outer loop
      vertex -26.1646 -2.62129 -4
      vertex -26.1646 2.62129 -4
      vertex -25.9431 2.45134 -4
    endloop
  endfacet
  facet normal 0 0 -1
    outer loop
      vertex -26.4 -2.77128 -4
      vertex -26.1646 2.62129 -4
      vertex -26.1646 -2.62129 -4
    endloop
  endfacet
  facet normal 0 0 -1
    outer loop
      vertex -26.4 -2.77128 -4
      vertex -26.4 2.77128 -4
      vertex -26.1646 2.62129 -4
    endloop
  endfacet
  facet normal 0 0 -1
    outer loop
      vertex -26.6476 -2.90018 -4
      vertex -26.4 2.77128 -4
      vertex -26.4 -2.77128 -4
    endloop
  endfacet
  facet normal 0 0 -1
    outer loop
      vertex -26.6476 -2.90018 -4
      vertex -26.6476 2.90018 -4
      vertex -26.4 2.77128 -4
    endloop
  endfacet
  facet normal 0 0 -1
    outer loop
      vertex -26.9055 -3.00702 -4
      vertex -26.6476 2.90018 -4
      vertex -26.6476 -2.90018 -4
    endloop
  endfacet
  facet normal 0 0 -1
    outer loop
      vertex -26.9055 -3.00702 -4
      vertex -26.9055 3.00702 -4
      vertex -26.6476 2.90018 -4
    endloop
  endfacet
  facet normal 0 0 -1
    outer loop
      vertex -27.1718 -3.09096 -4
      vertex -26.9055 3.00702 -4
      vertex -26.9055 -3.00702 -4
    endloop
  endfacet
  facet normal 0 0 -1
    outer loop
      vertex -27.1718 -3.09096 -4
      vertex -27.1718 3.09096 -4
      vertex -26.9055 3.00702 -4
    endloop
  endfacet
  facet normal 0 0 -1
    outer loop
      vertex -27.4443 -3.15138 -4
      vertex -27.1718 3.09096 -4
      vertex -27.1718 -3.09096 -4
    endloop
  endfacet
  facet normal 0 0 -1
    outer loop
      vertex -27.4443 -3.15138 -4
      vertex -27.4443 3.15138 -4
      vertex -27.1718 3.09096 -4
    endloop
  endfacet
  facet normal 0 0 -1
    outer loop
      vertex -27.7211 -3.18782 -4
      vertex -27.4443 3.15138 -4
      vertex -27.4443 -3.15138 -4
    endloop
  endfacet
  facet normal 0 0 -1
    outer loop
      vertex -27.7211 -3.18782 -4
      vertex -27.7211 3.18782 -4
      vertex -27.4443 3.15138 -4
    endloop
  endfacet
  facet normal 0 0 -1
    outer loop
      vertex -28 -3.2 -4
      vertex -27.7211 3.18782 -4
      vertex -27.7211 -3.18782 -4
    endloop
  endfacet
  facet normal 0 0 -1
    outer loop
      vertex -28 -3.2 -4
      vertex -28 3.2 -4
      vertex -27.7211 3.18782 -4
    endloop
  endfacet
  facet normal 0 0 -1
    outer loop
      vertex -28.2789 -3.18782 -4
      vertex -28 3.2 -4
      vertex -28 -3.2 -4
    endloop
  endfacet
  facet normal 0 0 -1
    outer loop
      vertex -28.2789 -3.18782 -4
      vertex -28.2789 3.18782 -4
      vertex -28 3.2 -4
    endloop
  endfacet
  facet normal 0 0 -1
    outer loop
      vertex -28.5557 -3.15138 -4
      vertex -28.2789 3.18782 -4
      vertex -28.2789 -3.18782 -4
    endloop
  endfacet
  facet normal 0 0 -1
    outer loop
      vertex -28.5557 -3.15138 -4
      vertex -28.5557 3.15138 -4
      vertex -28.2789 3.18782 -4
    endloop
  endfacet
  facet normal 0 0 -1
    outer loop
      vertex -28.8282 -3.09096 -4
      vertex -28.5557 3.15138 -4
      vertex -28.5557 -3.15138 -4
    endloop
  endfacet
  facet normal 0 0 -1
    outer loop
      vertex -28.8282 -3.09096 -4
      vertex -28.8282 3.09096 -4
      vertex -28.5557 3.15138 -4
    endloop
  endfacet
  facet normal 0 0 -1
    outer loop
      vertex -29.0945 -3.00702 -4
      vertex -28.8282 3.09096 -4
      vertex -28.8282 -3.09096 -4
    endloop
  endfacet
  facet normal 0 0 -1
    outer loop
      vertex -29.0945 -3.00702 -4
      vertex -29.0945 3.00702 -4
      vertex -28.8282 3.09096 -4
    endloop
  endfacet
  facet normal 0 0 -1
    outer loop
      vertex -29.3524 -2.90018 -4
      vertex -29.0945 3.00702 -4
      vertex -29.0945 -3.00702 -4
    endloop
  endfacet
  facet normal 0 0 -1
    outer loop
      vertex -29.3524 -2.90018 -4
      vertex -29.3524 2.90018 -4
      vertex -29.0945 3.00702 -4
    endloop
  endfacet
  facet normal 0 0 -1
    outer loop
      vertex -29.6 -2.77128 -4
      vertex -29.3524 2.90018 -4
      vertex -29.3524 -2.90018 -4
    endloop
  endfacet
  facet normal 0 0 -1
    outer loop
      vertex -29.6 -2.77128 -4
      vertex -29.6 2.77128 -4
      vertex -29.3524 2.90018 -4
    endloop
  endfacet
  facet normal 0 0 -1
    outer loop
      vertex -29.8354 -2.62129 -4
      vertex -29.6 2.77128 -4
      vertex -29.6 -2.77128 -4
    endloop
  endfacet
  facet normal 0 0 -1
    outer loop
      vertex -29.8354 -2.62129 -4
      vertex -29.8354 2.62129 -4
      vertex -29.6 2.77128 -4
    endloop
  endfacet
  facet normal 0 0 -1
    outer loop
      vertex -30.0569 -2.45134 -4
      vertex -29.8354 2.62129 -4
      vertex -29.8354 -2.62129 -4
    endloop
  endfacet
  facet normal 0 0 -1
    outer loop
      vertex -30.0569 -2.45134 -4
      vertex -30.0569 2.45134 -4
      vertex -29.8354 2.62129 -4
    endloop
  endfacet
  facet normal 0 0 -1
    outer loop
      vertex -30.2627 -2.26274 -4
      vertex -30.0569 2.45134 -4
      vertex -30.0569 -2.45134 -4
    endloop
  endfacet
  facet normal 0 0 -1
    outer loop
      vertex -30.2627 -2.26274 -4
      vertex -30.2627 2.26274 -4
      vertex -30.0569 2.45134 -4
    endloop
  endfacet
  facet normal 0 0 -1
    outer loop
      vertex -30.4513 -2.05692 -4
      vertex -30.2627 2.26274 -4
      vertex -30.2627 -2.26274 -4
    endloop
  endfacet
  facet normal 0 0 -1
    outer loop
      vertex -30.4513 -2.05692 -4
      vertex -30.4513 2.05692 -4
      vertex -30.2627 2.26274 -4
    endloop
  endfacet
  facet normal 0 0 -1
    outer loop
      vertex -30.6213 -1.83544 -4
      vertex -30.4513 2.05692 -4
      vertex -30.4513 -2.05692 -4
    endloop
  endfacet
  facet normal 0 0 -1
    outer loop
      vertex -30.6213 -1.83544 -4
      vertex -30.6213 1.83544 -4
      vertex -30.4513 2.05692 -4
    endloop
  endfacet
  facet normal 0 0 -1
    outer loop
      vertex -30.7713 -1.6 -4
      vertex -30.6213 1.83544 -4
      vertex -30.6213 -1.83544 -4
    endloop
  endfacet
  facet normal 0 0 -1
    outer loop
      vertex -30.7713 -1.6 -4
      vertex -30.7713 1.6 -4
      vertex -30.6213 1.83544 -4
    endloop
  endfacet
  facet normal 0 0 -1
    outer loop
      vertex -30.9002 -1.35238 -4
      vertex -30.7713 1.6 -4
      vertex -30.7713 -1.6 -4
    endloop
  endfacet
  facet normal 0 0 -1
    outer loop
      vertex -30.9002 -1.35238 -4
      vertex -30.9002 1.35238 -4
      vertex -30.7713 1.6 -4
    endloop
  endfacet
  facet normal 0 0 -1
    outer loop
      vertex -31.007 -1.09446 -4
      vertex -30.9002 1.35238 -4
      vertex -30.9002 -1.35238 -4
    endloop
  endfacet
  facet normal 0 0 -1
    outer loop
      vertex -31.007 -1.09446 -4
      vertex -31.007 1.09446 -4
      vertex -30.9002 1.35238 -4
    endloop
  endfacet
  facet normal 0 0 -1
    outer loop
      vertex -31.091 -0.82822 -4
      vertex -31.007 1.09446 -4
      vertex -31.007 -1.09446 -4
    endloop
  endfacet
  facet normal 0 0 -1
    outer loop
      vertex -31.091 -0.82822 -4
      vertex -31.091 0.82822 -4
      vertex -31.007 1.09446 -4
    endloop
  endfacet
  facet normal 0 0 -1
    outer loop
      vertex -31.1514 -0.555674 -4
      vertex -31.091 0.82822 -4
      vertex -31.091 -0.82822 -4
    endloop
  endfacet
  facet normal 0 0 -1
    outer loop
      vertex -31.1514 -0.555674 -4
      vertex -31.1514 0.555674 -4
      vertex -31.091 0.82822 -4
    endloop
  endfacet
  facet normal 0 0 -1
    outer loop
      vertex -31.1878 -0.278898 -4
      vertex -31.1514 0.555674 -4
      vertex -31.1514 -0.555674 -4
    endloop
  endfacet
  facet normal 0 0 -1
    outer loop
      vertex -31.1878 -0.278898 -4
      vertex -31.1878 0.278898 -4
      vertex -31.1514 0.555674 -4
    endloop
  endfacet
  facet normal 0 -0 -1
    outer loop
      vertex -31.1878 0.278898 -4
      vertex -31.1878 -0.278898 -4
      vertex -31.2 0 -4
    endloop
  endfacet
  facet normal -0.887 -0.46177 0
    outer loop
      vertex 2.90018 -26.6476 0
      vertex 2.77128 -26.4 4
      vertex 2.77128 -26.4 0
    endloop
  endfacet
  facet normal -0.887 -0.46177 0
    outer loop
      vertex 2.77128 -26.4 4
      vertex 2.90018 -26.6476 0
      vertex 2.90018 -26.6476 4
    endloop
  endfacet
  facet normal -0.887 -0.46177 0
    outer loop
      vertex 2.90018 -26.6476 -8
      vertex 2.77128 -26.4 -4
      vertex 2.77128 -26.4 -8
    endloop
  endfacet
  facet normal -0.887 -0.46177 0
    outer loop
      vertex 2.77128 -26.4 -4
      vertex 2.90018 -26.6476 -8
      vertex 2.90018 -26.6476 -4
    endloop
  endfacet
  facet normal -0.216365 0.976313 0
    outer loop
      vertex 0.82822 -31.091 -8
      vertex 0.555674 -31.1514 -4
      vertex 0.82822 -31.091 -4
    endloop
  endfacet
  facet normal -0.216365 0.976313 0
    outer loop
      vertex 0.555674 -31.1514 -4
      vertex 0.82822 -31.091 -8
      vertex 0.555674 -31.1514 -8
    endloop
  endfacet
  facet normal 0.60888 -0.793263 0
    outer loop
      vertex -2.05692 -25.5487 0
      vertex -1.83544 -25.3787 4
      vertex -2.05692 -25.5487 4
    endloop
  endfacet
  facet normal 0.60888 -0.793263 0
    outer loop
      vertex -1.83544 -25.3787 4
      vertex -2.05692 -25.5487 0
      vertex -1.83544 -25.3787 0
    endloop
  endfacet
  facet normal 0.60888 -0.793263 0
    outer loop
      vertex -2.05692 -25.5487 -8
      vertex -1.83544 -25.3787 -4
      vertex -2.05692 -25.5487 -4
    endloop
  endfacet
  facet normal 0.60888 -0.793263 0
    outer loop
      vertex -1.83544 -25.3787 -4
      vertex -2.05692 -25.5487 -8
      vertex -1.83544 -25.3787 -8
    endloop
  endfacet
  facet normal -0.300885 0.953661 0
    outer loop
      vertex 1.09446 -31.007 -8
      vertex 0.82822 -31.091 -4
      vertex 1.09446 -31.007 -4
    endloop
  endfacet
  facet normal -0.300885 0.953661 0
    outer loop
      vertex 0.82822 -31.091 -4
      vertex 1.09446 -31.007 -8
      vertex 0.82822 -31.091 -8
    endloop
  endfacet
  facet normal -0.0437018 0.999045 0
    outer loop
      vertex 0.278898 -31.1878 -8
      vertex 0 -31.2 -4
      vertex 0.278898 -31.1878 -4
    endloop
  endfacet
  facet normal -0.0437018 0.999045 0
    outer loop
      vertex 0 -31.2 -4
      vertex 0.278898 -31.1878 -8
      vertex 0 -31.2 -8
    endloop
  endfacet
  facet normal -0.675592 0.737276 0
    outer loop
      vertex 2.26274 -30.2627 -8
      vertex 2.05692 -30.4513 -4
      vertex 2.26274 -30.2627 -4
    endloop
  endfacet
  facet normal -0.675592 0.737276 0
    outer loop
      vertex 2.05692 -30.4513 -4
      vertex 2.26274 -30.2627 -8
      vertex 2.05692 -30.4513 -8
    endloop
  endfacet
  facet normal 0.130392 0.991463 -0
    outer loop
      vertex -0.278898 -31.1878 -8
      vertex -0.555674 -31.1514 -4
      vertex -0.278898 -31.1878 -4
    endloop
  endfacet
  facet normal 0.130392 0.991463 0
    outer loop
      vertex -0.555674 -31.1514 -4
      vertex -0.278898 -31.1878 -8
      vertex -0.555674 -31.1514 -8
    endloop
  endfacet
  facet normal 0.737243 0.675627 0
    outer loop
      vertex -2.26274 -30.2627 -4
      vertex -2.45134 -30.0569 -8
      vertex -2.45134 -30.0569 -4
    endloop
  endfacet
  facet normal 0.737243 0.675627 0
    outer loop
      vertex -2.45134 -30.0569 -8
      vertex -2.26274 -30.2627 -4
      vertex -2.26274 -30.2627 -8
    endloop
  endfacet
  facet normal 0.97629 0.216468 0
    outer loop
      vertex -3.09096 -28.8282 -4
      vertex -3.15138 -28.5557 -8
      vertex -3.15138 -28.5557 -4
    endloop
  endfacet
  facet normal 0.97629 0.216468 0
    outer loop
      vertex -3.15138 -28.5557 -8
      vertex -3.09096 -28.8282 -4
      vertex -3.09096 -28.8282 -8
    endloop
  endfacet
  facet normal -0.999048 0.04363 0
    outer loop
      vertex 3.18782 -28.2789 -8
      vertex 3.2 -28 -4
      vertex 3.2 -28 -8
    endloop
  endfacet
  facet normal -0.999048 0.04363 0
    outer loop
      vertex 3.2 -28 -4
      vertex 3.18782 -28.2789 -8
      vertex 3.18782 -28.2789 -4
    endloop
  endfacet
  facet normal 0.793376 -0.608732 0
    outer loop
      vertex -2.62129 -26.1646 4
      vertex -2.45134 -25.9431 0
      vertex -2.45134 -25.9431 4
    endloop
  endfacet
  facet normal 0.793376 -0.608732 0
    outer loop
      vertex -2.45134 -25.9431 0
      vertex -2.62129 -26.1646 4
      vertex -2.62129 -26.1646 0
    endloop
  endfacet
  facet normal 0.793376 -0.608732 0
    outer loop
      vertex -2.62129 -26.1646 -4
      vertex -2.45134 -25.9431 -8
      vertex -2.45134 -25.9431 -4
    endloop
  endfacet
  facet normal 0.793376 -0.608732 0
    outer loop
      vertex -2.45134 -25.9431 -8
      vertex -2.62129 -26.1646 -4
      vertex -2.62129 -26.1646 -8
    endloop
  endfacet
  facet normal 0.216365 0.976313 -0
    outer loop
      vertex -0.555674 -31.1514 -8
      vertex -0.82822 -31.091 -4
      vertex -0.555674 -31.1514 -4
    endloop
  endfacet
  facet normal 0.216365 0.976313 0
    outer loop
      vertex -0.82822 -31.091 -4
      vertex -0.555674 -31.1514 -8
      vertex -0.82822 -31.091 -8
    endloop
  endfacet
  facet normal 0.0437018 -0.999045 0
    outer loop
      vertex -0.278898 -24.8122 0
      vertex 0 -24.8 4
      vertex -0.278898 -24.8122 4
    endloop
  endfacet
  facet normal 0.0437018 -0.999045 0
    outer loop
      vertex 0 -24.8 4
      vertex -0.278898 -24.8122 0
      vertex 0 -24.8 0
    endloop
  endfacet
  facet normal 0.0437018 -0.999045 0
    outer loop
      vertex -0.278898 -24.8122 -8
      vertex 0 -24.8 -4
      vertex -0.278898 -24.8122 -4
    endloop
  endfacet
  facet normal 0.0437018 -0.999045 0
    outer loop
      vertex 0 -24.8 -4
      vertex -0.278898 -24.8122 -8
      vertex 0 -24.8 -8
    endloop
  endfacet
  facet normal 0.60888 0.793263 -0
    outer loop
      vertex -1.83544 -30.6213 -8
      vertex -2.05692 -30.4513 -4
      vertex -1.83544 -30.6213 -4
    endloop
  endfacet
  facet normal 0.60888 0.793263 0
    outer loop
      vertex -2.05692 -30.4513 -4
      vertex -1.83544 -30.6213 -8
      vertex -2.05692 -30.4513 -8
    endloop
  endfacet
  facet normal -0.675592 -0.737276 0
    outer loop
      vertex 2.05692 -25.5487 0
      vertex 2.26274 -25.7373 4
      vertex 2.05692 -25.5487 4
    endloop
  endfacet
  facet normal -0.675592 -0.737276 -0
    outer loop
      vertex 2.26274 -25.7373 4
      vertex 2.05692 -25.5487 0
      vertex 2.26274 -25.7373 0
    endloop
  endfacet
  facet normal -0.675592 -0.737276 0
    outer loop
      vertex 2.05692 -25.5487 -8
      vertex 2.26274 -25.7373 -4
      vertex 2.05692 -25.5487 -4
    endloop
  endfacet
  facet normal -0.675592 -0.737276 -0
    outer loop
      vertex 2.26274 -25.7373 -4
      vertex 2.05692 -25.5487 -8
      vertex 2.26274 -25.7373 -8
    endloop
  endfacet
  facet normal 0.300885 0.953661 -0
    outer loop
      vertex -0.82822 -31.091 -8
      vertex -1.09446 -31.007 -4
      vertex -0.82822 -31.091 -4
    endloop
  endfacet
  facet normal 0.300885 0.953661 0
    outer loop
      vertex -1.09446 -31.007 -4
      vertex -0.82822 -31.091 -8
      vertex -1.09446 -31.007 -8
    endloop
  endfacet
  facet normal 0.300885 -0.953661 0
    outer loop
      vertex -1.09446 -24.993 0
      vertex -0.82822 -24.909 4
      vertex -1.09446 -24.993 4
    endloop
  endfacet
  facet normal 0.300885 -0.953661 0
    outer loop
      vertex -0.82822 -24.909 4
      vertex -1.09446 -24.993 0
      vertex -0.82822 -24.909 0
    endloop
  endfacet
  facet normal 0.300885 -0.953661 0
    outer loop
      vertex -1.09446 -24.993 -8
      vertex -0.82822 -24.909 -4
      vertex -1.09446 -24.993 -4
    endloop
  endfacet
  facet normal 0.300885 -0.953661 0
    outer loop
      vertex -0.82822 -24.909 -4
      vertex -1.09446 -24.993 -8
      vertex -0.82822 -24.909 -8
    endloop
  endfacet
  facet normal 0.216365 -0.976313 0
    outer loop
      vertex -0.82822 -24.909 0
      vertex -0.555674 -24.8486 4
      vertex -0.82822 -24.909 4
    endloop
  endfacet
  facet normal 0.216365 -0.976313 0
    outer loop
      vertex -0.555674 -24.8486 4
      vertex -0.82822 -24.909 0
      vertex -0.555674 -24.8486 0
    endloop
  endfacet
  facet normal 0.216365 -0.976313 0
    outer loop
      vertex -0.82822 -24.909 -8
      vertex -0.555674 -24.8486 -4
      vertex -0.82822 -24.909 -4
    endloop
  endfacet
  facet normal 0.216365 -0.976313 0
    outer loop
      vertex -0.555674 -24.8486 -4
      vertex -0.82822 -24.909 -8
      vertex -0.555674 -24.8486 -8
    endloop
  endfacet
  facet normal -0.300885 -0.953661 0
    outer loop
      vertex 0.82822 -24.909 0
      vertex 1.09446 -24.993 4
      vertex 0.82822 -24.909 4
    endloop
  endfacet
  facet normal -0.300885 -0.953661 -0
    outer loop
      vertex 1.09446 -24.993 4
      vertex 0.82822 -24.909 0
      vertex 1.09446 -24.993 0
    endloop
  endfacet
  facet normal -0.300885 -0.953661 0
    outer loop
      vertex 0.82822 -24.909 -8
      vertex 1.09446 -24.993 -4
      vertex 0.82822 -24.909 -4
    endloop
  endfacet
  facet normal -0.300885 -0.953661 -0
    outer loop
      vertex 1.09446 -24.993 -4
      vertex 0.82822 -24.909 -8
      vertex 1.09446 -24.993 -8
    endloop
  endfacet
  facet normal 0.991446 0.130521 0
    outer loop
      vertex -3.15138 -28.5557 -4
      vertex -3.18782 -28.2789 -8
      vertex -3.18782 -28.2789 -4
    endloop
  endfacet
  facet normal 0.991446 0.130521 0
    outer loop
      vertex -3.18782 -28.2789 -8
      vertex -3.15138 -28.5557 -4
      vertex -3.15138 -28.5557 -8
    endloop
  endfacet
  facet normal 0.991446 -0.130521 0
    outer loop
      vertex -3.18782 -27.7211 -4
      vertex -3.15138 -27.4443 -8
      vertex -3.15138 -27.4443 -4
    endloop
  endfacet
  facet normal 0.991446 -0.130521 0
    outer loop
      vertex -3.15138 -27.4443 -8
      vertex -3.18782 -27.7211 -4
      vertex -3.18782 -27.7211 -8
    endloop
  endfacet
  facet normal 0.38258 0.923923 -0
    outer loop
      vertex -1.09446 -31.007 -8
      vertex -1.35238 -30.9002 -4
      vertex -1.09446 -31.007 -4
    endloop
  endfacet
  facet normal 0.38258 0.923923 0
    outer loop
      vertex -1.35238 -30.9002 -4
      vertex -1.09446 -31.007 -8
      vertex -1.35238 -30.9002 -8
    endloop
  endfacet
  facet normal -0.843353 0.53736 0
    outer loop
      vertex 2.62129 -29.8354 -8
      vertex 2.77128 -29.6 -4
      vertex 2.77128 -29.6 -8
    endloop
  endfacet
  facet normal -0.843353 0.53736 0
    outer loop
      vertex 2.77128 -29.6 -4
      vertex 2.62129 -29.8354 -8
      vertex 2.62129 -29.8354 -4
    endloop
  endfacet
  facet normal -0.887 0.46177 0
    outer loop
      vertex 2.77128 -29.6 -8
      vertex 2.90018 -29.3524 -4
      vertex 2.90018 -29.3524 -8
    endloop
  endfacet
  facet normal -0.887 0.46177 0
    outer loop
      vertex 2.90018 -29.3524 -4
      vertex 2.77128 -29.6 -8
      vertex 2.77128 -29.6 -4
    endloop
  endfacet
  facet normal -0.793376 0.608732 0
    outer loop
      vertex 2.45134 -30.0569 -8
      vertex 2.62129 -29.8354 -4
      vertex 2.62129 -29.8354 -8
    endloop
  endfacet
  facet normal -0.793376 0.608732 0
    outer loop
      vertex 2.62129 -29.8354 -4
      vertex 2.45134 -30.0569 -8
      vertex 2.45134 -30.0569 -4
    endloop
  endfacet
  facet normal -0.60888 0.793263 0
    outer loop
      vertex 2.05692 -30.4513 -8
      vertex 1.83544 -30.6213 -4
      vertex 2.05692 -30.4513 -4
    endloop
  endfacet
  facet normal -0.60888 0.793263 0
    outer loop
      vertex 1.83544 -30.6213 -4
      vertex 2.05692 -30.4513 -8
      vertex 1.83544 -30.6213 -8
    endloop
  endfacet
  facet normal -0.53732 -0.843378 0
    outer loop
      vertex 1.6 -25.2287 0
      vertex 1.83544 -25.3787 4
      vertex 1.6 -25.2287 4
    endloop
  endfacet
  facet normal -0.53732 -0.843378 -0
    outer loop
      vertex 1.83544 -25.3787 4
      vertex 1.6 -25.2287 0
      vertex 1.83544 -25.3787 0
    endloop
  endfacet
  facet normal -0.53732 -0.843378 0
    outer loop
      vertex 1.6 -25.2287 -8
      vertex 1.83544 -25.3787 -4
      vertex 1.6 -25.2287 -4
    endloop
  endfacet
  facet normal -0.53732 -0.843378 -0
    outer loop
      vertex 1.83544 -25.3787 -4
      vertex 1.6 -25.2287 -8
      vertex 1.83544 -25.3787 -8
    endloop
  endfacet
  facet normal -0.793376 -0.608732 0
    outer loop
      vertex 2.62129 -26.1646 0
      vertex 2.45134 -25.9431 4
      vertex 2.45134 -25.9431 0
    endloop
  endfacet
  facet normal -0.793376 -0.608732 0
    outer loop
      vertex 2.45134 -25.9431 4
      vertex 2.62129 -26.1646 0
      vertex 2.62129 -26.1646 4
    endloop
  endfacet
  facet normal -0.793376 -0.608732 0
    outer loop
      vertex 2.62129 -26.1646 -8
      vertex 2.45134 -25.9431 -4
      vertex 2.45134 -25.9431 -8
    endloop
  endfacet
  facet normal -0.793376 -0.608732 0
    outer loop
      vertex 2.45134 -25.9431 -4
      vertex 2.62129 -26.1646 -8
      vertex 2.62129 -26.1646 -4
    endloop
  endfacet
  facet normal -0.991446 -0.130521 0
    outer loop
      vertex 3.18782 -27.7211 -8
      vertex 3.15138 -27.4443 -4
      vertex 3.15138 -27.4443 -8
    endloop
  endfacet
  facet normal -0.991446 -0.130521 0
    outer loop
      vertex 3.15138 -27.4443 -4
      vertex 3.18782 -27.7211 -8
      vertex 3.18782 -27.7211 -4
    endloop
  endfacet
  facet normal 0.38258 -0.923923 0
    outer loop
      vertex -1.35238 -25.0998 0
      vertex -1.09446 -24.993 4
      vertex -1.35238 -25.0998 4
    endloop
  endfacet
  facet normal 0.38258 -0.923923 0
    outer loop
      vertex -1.09446 -24.993 4
      vertex -1.35238 -25.0998 0
      vertex -1.09446 -24.993 0
    endloop
  endfacet
  facet normal 0.38258 -0.923923 0
    outer loop
      vertex -1.35238 -25.0998 -8
      vertex -1.09446 -24.993 -4
      vertex -1.35238 -25.0998 -4
    endloop
  endfacet
  facet normal 0.38258 -0.923923 0
    outer loop
      vertex -1.09446 -24.993 -4
      vertex -1.35238 -25.0998 -8
      vertex -1.09446 -24.993 -8
    endloop
  endfacet
  facet normal 0.923861 0.382727 0
    outer loop
      vertex -2.90018 -29.3524 -4
      vertex -3.00702 -29.0945 -8
      vertex -3.00702 -29.0945 -4
    endloop
  endfacet
  facet normal 0.923861 0.382727 0
    outer loop
      vertex -3.00702 -29.0945 -8
      vertex -2.90018 -29.3524 -4
      vertex -2.90018 -29.3524 -8
    endloop
  endfacet
  facet normal -0.461741 -0.887015 0
    outer loop
      vertex 1.35238 -25.0998 0
      vertex 1.6 -25.2287 4
      vertex 1.35238 -25.0998 4
    endloop
  endfacet
  facet normal -0.461741 -0.887015 -0
    outer loop
      vertex 1.6 -25.2287 4
      vertex 1.35238 -25.0998 0
      vertex 1.6 -25.2287 0
    endloop
  endfacet
  facet normal -0.461741 -0.887015 0
    outer loop
      vertex 1.35238 -25.0998 -8
      vertex 1.6 -25.2287 -4
      vertex 1.35238 -25.0998 -4
    endloop
  endfacet
  facet normal -0.461741 -0.887015 -0
    outer loop
      vertex 1.6 -25.2287 -4
      vertex 1.35238 -25.0998 -8
      vertex 1.6 -25.2287 -8
    endloop
  endfacet
  facet normal 0.887 0.46177 0
    outer loop
      vertex -2.77128 -29.6 -4
      vertex -2.90018 -29.3524 -8
      vertex -2.90018 -29.3524 -4
    endloop
  endfacet
  facet normal 0.887 0.46177 0
    outer loop
      vertex -2.90018 -29.3524 -8
      vertex -2.77128 -29.6 -4
      vertex -2.77128 -29.6 -8
    endloop
  endfacet
  facet normal -0.97629 -0.216468 0
    outer loop
      vertex 3.15138 -27.4443 -8
      vertex 3.09096 -27.1718 -4
      vertex 3.09096 -27.1718 -8
    endloop
  endfacet
  facet normal -0.97629 -0.216468 0
    outer loop
      vertex 3.09096 -27.1718 -4
      vertex 3.15138 -27.4443 -8
      vertex 3.15138 -27.4443 -4
    endloop
  endfacet
  facet normal 0.843353 0.53736 0
    outer loop
      vertex -2.62129 -29.8354 -4
      vertex -2.77128 -29.6 -8
      vertex -2.77128 -29.6 -4
    endloop
  endfacet
  facet normal 0.843353 0.53736 0
    outer loop
      vertex -2.77128 -29.6 -8
      vertex -2.62129 -29.8354 -4
      vertex -2.62129 -29.8354 -8
    endloop
  endfacet
  facet normal -0.38258 0.923923 0
    outer loop
      vertex 1.35238 -30.9002 -8
      vertex 1.09446 -31.007 -4
      vertex 1.35238 -30.9002 -4
    endloop
  endfacet
  facet normal -0.38258 0.923923 0
    outer loop
      vertex 1.09446 -31.007 -4
      vertex 1.35238 -30.9002 -8
      vertex 1.09446 -31.007 -8
    endloop
  endfacet
  facet normal -0.216365 -0.976313 0
    outer loop
      vertex 0.555674 -24.8486 0
      vertex 0.82822 -24.909 4
      vertex 0.555674 -24.8486 4
    endloop
  endfacet
  facet normal -0.216365 -0.976313 -0
    outer loop
      vertex 0.82822 -24.909 4
      vertex 0.555674 -24.8486 0
      vertex 0.82822 -24.909 0
    endloop
  endfacet
  facet normal -0.216365 -0.976313 0
    outer loop
      vertex 0.555674 -24.8486 -8
      vertex 0.82822 -24.909 -4
      vertex 0.555674 -24.8486 -4
    endloop
  endfacet
  facet normal -0.216365 -0.976313 -0
    outer loop
      vertex 0.82822 -24.909 -4
      vertex 0.555674 -24.8486 -8
      vertex 0.82822 -24.909 -8
    endloop
  endfacet
  facet normal 0.53732 0.843378 -0
    outer loop
      vertex -1.6 -30.7713 -8
      vertex -1.83544 -30.6213 -4
      vertex -1.6 -30.7713 -4
    endloop
  endfacet
  facet normal 0.53732 0.843378 0
    outer loop
      vertex -1.83544 -30.6213 -4
      vertex -1.6 -30.7713 -8
      vertex -1.83544 -30.6213 -8
    endloop
  endfacet
  facet normal 0.675592 0.737276 -0
    outer loop
      vertex -2.05692 -30.4513 -8
      vertex -2.26274 -30.2627 -4
      vertex -2.05692 -30.4513 -4
    endloop
  endfacet
  facet normal 0.675592 0.737276 0
    outer loop
      vertex -2.26274 -30.2627 -4
      vertex -2.05692 -30.4513 -8
      vertex -2.26274 -30.2627 -8
    endloop
  endfacet
  facet normal 0.843353 -0.53736 0
    outer loop
      vertex -2.77128 -26.4 4
      vertex -2.62129 -26.1646 0
      vertex -2.62129 -26.1646 4
    endloop
  endfacet
  facet normal 0.843353 -0.53736 0
    outer loop
      vertex -2.62129 -26.1646 0
      vertex -2.77128 -26.4 4
      vertex -2.77128 -26.4 0
    endloop
  endfacet
  facet normal 0.843353 -0.53736 0
    outer loop
      vertex -2.77128 -26.4 -4
      vertex -2.62129 -26.1646 -8
      vertex -2.62129 -26.1646 -4
    endloop
  endfacet
  facet normal 0.843353 -0.53736 0
    outer loop
      vertex -2.62129 -26.1646 -8
      vertex -2.77128 -26.4 -4
      vertex -2.77128 -26.4 -8
    endloop
  endfacet
  facet normal -0.923861 0.382727 0
    outer loop
      vertex 2.90018 -29.3524 -8
      vertex 3.00702 -29.0945 -4
      vertex 3.00702 -29.0945 -8
    endloop
  endfacet
  facet normal -0.923861 0.382727 0
    outer loop
      vertex 3.00702 -29.0945 -4
      vertex 2.90018 -29.3524 -8
      vertex 2.90018 -29.3524 -4
    endloop
  endfacet
  facet normal -0.53732 0.843378 0
    outer loop
      vertex 1.83544 -30.6213 -8
      vertex 1.6 -30.7713 -4
      vertex 1.83544 -30.6213 -4
    endloop
  endfacet
  facet normal -0.53732 0.843378 0
    outer loop
      vertex 1.6 -30.7713 -4
      vertex 1.83544 -30.6213 -8
      vertex 1.6 -30.7713 -8
    endloop
  endfacet
  facet normal 0.999048 -0.04363 0
    outer loop
      vertex -3.2 -28 -4
      vertex -3.18782 -27.7211 -8
      vertex -3.18782 -27.7211 -4
    endloop
  endfacet
  facet normal 0.999048 -0.04363 0
    outer loop
      vertex -3.18782 -27.7211 -8
      vertex -3.2 -28 -4
      vertex -3.2 -28 -8
    endloop
  endfacet
  facet normal -0.461741 0.887015 0
    outer loop
      vertex 1.6 -30.7713 -8
      vertex 1.35238 -30.9002 -4
      vertex 1.6 -30.7713 -4
    endloop
  endfacet
  facet normal -0.461741 0.887015 0
    outer loop
      vertex 1.35238 -30.9002 -4
      vertex 1.6 -30.7713 -8
      vertex 1.35238 -30.9002 -8
    endloop
  endfacet
  facet normal 0.53732 -0.843378 0
    outer loop
      vertex -1.83544 -25.3787 0
      vertex -1.6 -25.2287 4
      vertex -1.83544 -25.3787 4
    endloop
  endfacet
  facet normal 0.53732 -0.843378 0
    outer loop
      vertex -1.6 -25.2287 4
      vertex -1.83544 -25.3787 0
      vertex -1.6 -25.2287 0
    endloop
  endfacet
  facet normal 0.53732 -0.843378 0
    outer loop
      vertex -1.83544 -25.3787 -8
      vertex -1.6 -25.2287 -4
      vertex -1.83544 -25.3787 -4
    endloop
  endfacet
  facet normal 0.53732 -0.843378 0
    outer loop
      vertex -1.6 -25.2287 -4
      vertex -1.83544 -25.3787 -8
      vertex -1.6 -25.2287 -8
    endloop
  endfacet
  facet normal 0.953742 -0.300627 0
    outer loop
      vertex -3.09096 -27.1718 -4
      vertex -3.00702 -26.9055 -8
      vertex -3.00702 -26.9055 -4
    endloop
  endfacet
  facet normal 0.953742 -0.300627 0
    outer loop
      vertex -3.00702 -26.9055 -8
      vertex -3.09096 -27.1718 -4
      vertex -3.09096 -27.1718 -8
    endloop
  endfacet
  facet normal -0.130392 0.991463 0
    outer loop
      vertex 0.555674 -31.1514 -8
      vertex 0.278898 -31.1878 -4
      vertex 0.555674 -31.1514 -4
    endloop
  endfacet
  facet normal -0.130392 0.991463 0
    outer loop
      vertex 0.278898 -31.1878 -4
      vertex 0.555674 -31.1514 -8
      vertex 0.278898 -31.1878 -8
    endloop
  endfacet
  facet normal -0.843353 -0.53736 0
    outer loop
      vertex 2.77128 -26.4 0
      vertex 2.62129 -26.1646 4
      vertex 2.62129 -26.1646 0
    endloop
  endfacet
  facet normal -0.843353 -0.53736 0
    outer loop
      vertex 2.62129 -26.1646 4
      vertex 2.77128 -26.4 0
      vertex 2.77128 -26.4 4
    endloop
  endfacet
  facet normal -0.843353 -0.53736 0
    outer loop
      vertex 2.77128 -26.4 -8
      vertex 2.62129 -26.1646 -4
      vertex 2.62129 -26.1646 -8
    endloop
  endfacet
  facet normal -0.843353 -0.53736 0
    outer loop
      vertex 2.62129 -26.1646 -4
      vertex 2.77128 -26.4 -8
      vertex 2.77128 -26.4 -4
    endloop
  endfacet
  facet normal 0.953742 0.300627 0
    outer loop
      vertex -3.00702 -29.0945 -4
      vertex -3.09096 -28.8282 -8
      vertex -3.09096 -28.8282 -4
    endloop
  endfacet
  facet normal 0.953742 0.300627 0
    outer loop
      vertex -3.09096 -28.8282 -8
      vertex -3.00702 -29.0945 -4
      vertex -3.00702 -29.0945 -8
    endloop
  endfacet
  facet normal -0.737243 -0.675627 0
    outer loop
      vertex 2.45134 -25.9431 0
      vertex 2.26274 -25.7373 4
      vertex 2.26274 -25.7373 0
    endloop
  endfacet
  facet normal -0.737243 -0.675627 0
    outer loop
      vertex 2.26274 -25.7373 4
      vertex 2.45134 -25.9431 0
      vertex 2.45134 -25.9431 4
    endloop
  endfacet
  facet normal -0.737243 -0.675627 0
    outer loop
      vertex 2.45134 -25.9431 -8
      vertex 2.26274 -25.7373 -4
      vertex 2.26274 -25.7373 -8
    endloop
  endfacet
  facet normal -0.737243 -0.675627 0
    outer loop
      vertex 2.26274 -25.7373 -4
      vertex 2.45134 -25.9431 -8
      vertex 2.45134 -25.9431 -4
    endloop
  endfacet
  facet normal -0.953742 -0.300627 0
    outer loop
      vertex 3.09096 -27.1718 -8
      vertex 3.00702 -26.9055 -4
      vertex 3.00702 -26.9055 -8
    endloop
  endfacet
  facet normal -0.953742 -0.300627 0
    outer loop
      vertex 3.00702 -26.9055 -4
      vertex 3.09096 -27.1718 -8
      vertex 3.09096 -27.1718 -4
    endloop
  endfacet
  facet normal 0.97629 -0.216468 0
    outer loop
      vertex -3.15138 -27.4443 -4
      vertex -3.09096 -27.1718 -8
      vertex -3.09096 -27.1718 -4
    endloop
  endfacet
  facet normal 0.97629 -0.216468 0
    outer loop
      vertex -3.09096 -27.1718 -8
      vertex -3.15138 -27.4443 -4
      vertex -3.15138 -27.4443 -8
    endloop
  endfacet
  facet normal -0.999048 -0.04363 0
    outer loop
      vertex 3.2 -28 -8
      vertex 3.18782 -27.7211 -4
      vertex 3.18782 -27.7211 -8
    endloop
  endfacet
  facet normal -0.999048 -0.04363 0
    outer loop
      vertex 3.18782 -27.7211 -4
      vertex 3.2 -28 -8
      vertex 3.2 -28 -4
    endloop
  endfacet
  facet normal 0 0 -1
    outer loop
      vertex 3.18782 -28.2789 -4
      vertex 3.18782 -27.7211 -4
      vertex 3.2 -28 -4
    endloop
  endfacet
  facet normal 0 0 -1
    outer loop
      vertex 3.15138 -28.5557 -4
      vertex 3.18782 -27.7211 -4
      vertex 3.18782 -28.2789 -4
    endloop
  endfacet
  facet normal 0 0 -1
    outer loop
      vertex 3.15138 -28.5557 -4
      vertex 3.15138 -27.4443 -4
      vertex 3.18782 -27.7211 -4
    endloop
  endfacet
  facet normal 0 0 -1
    outer loop
      vertex 3.09096 -28.8282 -4
      vertex 3.15138 -27.4443 -4
      vertex 3.15138 -28.5557 -4
    endloop
  endfacet
  facet normal 0 0 -1
    outer loop
      vertex 3.09096 -28.8282 -4
      vertex 3.09096 -27.1718 -4
      vertex 3.15138 -27.4443 -4
    endloop
  endfacet
  facet normal 0 0 -1
    outer loop
      vertex 3.00702 -29.0945 -4
      vertex 3.09096 -27.1718 -4
      vertex 3.09096 -28.8282 -4
    endloop
  endfacet
  facet normal 0 0 -1
    outer loop
      vertex 3.00702 -29.0945 -4
      vertex 3.00702 -26.9055 -4
      vertex 3.09096 -27.1718 -4
    endloop
  endfacet
  facet normal 0 0 -1
    outer loop
      vertex 2.90018 -29.3524 -4
      vertex 3.00702 -26.9055 -4
      vertex 3.00702 -29.0945 -4
    endloop
  endfacet
  facet normal 0 0 -1
    outer loop
      vertex 2.90018 -29.3524 -4
      vertex 2.90018 -26.6476 -4
      vertex 3.00702 -26.9055 -4
    endloop
  endfacet
  facet normal 0 0 -1
    outer loop
      vertex 2.77128 -29.6 -4
      vertex 2.90018 -26.6476 -4
      vertex 2.90018 -29.3524 -4
    endloop
  endfacet
  facet normal 0 0 -1
    outer loop
      vertex 2.77128 -29.6 -4
      vertex 2.77128 -26.4 -4
      vertex 2.90018 -26.6476 -4
    endloop
  endfacet
  facet normal 0 0 -1
    outer loop
      vertex 2.62129 -29.8354 -4
      vertex 2.77128 -26.4 -4
      vertex 2.77128 -29.6 -4
    endloop
  endfacet
  facet normal 0 0 -1
    outer loop
      vertex 2.62129 -29.8354 -4
      vertex 2.62129 -26.1646 -4
      vertex 2.77128 -26.4 -4
    endloop
  endfacet
  facet normal 0 0 -1
    outer loop
      vertex 2.45134 -30.0569 -4
      vertex 2.62129 -26.1646 -4
      vertex 2.62129 -29.8354 -4
    endloop
  endfacet
  facet normal 0 0 -1
    outer loop
      vertex 2.45134 -30.0569 -4
      vertex 2.45134 -25.9431 -4
      vertex 2.62129 -26.1646 -4
    endloop
  endfacet
  facet normal 0 0 -1
    outer loop
      vertex 2.26274 -30.2627 -4
      vertex 2.45134 -25.9431 -4
      vertex 2.45134 -30.0569 -4
    endloop
  endfacet
  facet normal 0 0 -1
    outer loop
      vertex 2.26274 -30.2627 -4
      vertex 2.26274 -25.7373 -4
      vertex 2.45134 -25.9431 -4
    endloop
  endfacet
  facet normal 0 0 -1
    outer loop
      vertex 2.05692 -30.4513 -4
      vertex 2.26274 -25.7373 -4
      vertex 2.26274 -30.2627 -4
    endloop
  endfacet
  facet normal 0 0 -1
    outer loop
      vertex 2.05692 -30.4513 -4
      vertex 2.05692 -25.5487 -4
      vertex 2.26274 -25.7373 -4
    endloop
  endfacet
  facet normal 0 0 -1
    outer loop
      vertex 1.83544 -30.6213 -4
      vertex 2.05692 -25.5487 -4
      vertex 2.05692 -30.4513 -4
    endloop
  endfacet
  facet normal 0 0 -1
    outer loop
      vertex 1.83544 -30.6213 -4
      vertex 1.83544 -25.3787 -4
      vertex 2.05692 -25.5487 -4
    endloop
  endfacet
  facet normal 0 0 -1
    outer loop
      vertex 1.6 -30.7713 -4
      vertex 1.83544 -25.3787 -4
      vertex 1.83544 -30.6213 -4
    endloop
  endfacet
  facet normal 0 0 -1
    outer loop
      vertex 1.6 -30.7713 -4
      vertex 1.6 -25.2287 -4
      vertex 1.83544 -25.3787 -4
    endloop
  endfacet
  facet normal 0 0 -1
    outer loop
      vertex 1.35238 -30.9002 -4
      vertex 1.6 -25.2287 -4
      vertex 1.6 -30.7713 -4
    endloop
  endfacet
  facet normal 0 0 -1
    outer loop
      vertex 1.35238 -30.9002 -4
      vertex 1.35238 -25.0998 -4
      vertex 1.6 -25.2287 -4
    endloop
  endfacet
  facet normal 0 0 -1
    outer loop
      vertex 1.09446 -31.007 -4
      vertex 1.35238 -25.0998 -4
      vertex 1.35238 -30.9002 -4
    endloop
  endfacet
  facet normal 0 0 -1
    outer loop
      vertex 1.09446 -31.007 -4
      vertex 1.09446 -24.993 -4
      vertex 1.35238 -25.0998 -4
    endloop
  endfacet
  facet normal 0 0 -1
    outer loop
      vertex 0.82822 -31.091 -4
      vertex 1.09446 -24.993 -4
      vertex 1.09446 -31.007 -4
    endloop
  endfacet
  facet normal 0 0 -1
    outer loop
      vertex 0.82822 -31.091 -4
      vertex 0.82822 -24.909 -4
      vertex 1.09446 -24.993 -4
    endloop
  endfacet
  facet normal 0 0 -1
    outer loop
      vertex 0.555674 -31.1514 -4
      vertex 0.82822 -24.909 -4
      vertex 0.82822 -31.091 -4
    endloop
  endfacet
  facet normal 0 0 -1
    outer loop
      vertex 0.555674 -31.1514 -4
      vertex 0.555674 -24.8486 -4
      vertex 0.82822 -24.909 -4
    endloop
  endfacet
  facet normal 0 0 -1
    outer loop
      vertex 0.278898 -31.1878 -4
      vertex 0.555674 -24.8486 -4
      vertex 0.555674 -31.1514 -4
    endloop
  endfacet
  facet normal 0 0 -1
    outer loop
      vertex 0.278898 -31.1878 -4
      vertex 0.278898 -24.8122 -4
      vertex 0.555674 -24.8486 -4
    endloop
  endfacet
  facet normal 0 0 -1
    outer loop
      vertex 0 -31.2 -4
      vertex 0.278898 -24.8122 -4
      vertex 0.278898 -31.1878 -4
    endloop
  endfacet
  facet normal 0 0 -1
    outer loop
      vertex 0 -31.2 -4
      vertex 0 -24.8 -4
      vertex 0.278898 -24.8122 -4
    endloop
  endfacet
  facet normal 0 0 -1
    outer loop
      vertex -0.278898 -31.1878 -4
      vertex 0 -24.8 -4
      vertex 0 -31.2 -4
    endloop
  endfacet
  facet normal 0 0 -1
    outer loop
      vertex -0.278898 -31.1878 -4
      vertex -0.278898 -24.8122 -4
      vertex 0 -24.8 -4
    endloop
  endfacet
  facet normal 0 0 -1
    outer loop
      vertex -0.555674 -31.1514 -4
      vertex -0.278898 -24.8122 -4
      vertex -0.278898 -31.1878 -4
    endloop
  endfacet
  facet normal 0 0 -1
    outer loop
      vertex -0.555674 -31.1514 -4
      vertex -0.555674 -24.8486 -4
      vertex -0.278898 -24.8122 -4
    endloop
  endfacet
  facet normal 0 0 -1
    outer loop
      vertex -0.82822 -31.091 -4
      vertex -0.555674 -24.8486 -4
      vertex -0.555674 -31.1514 -4
    endloop
  endfacet
  facet normal 0 0 -1
    outer loop
      vertex -0.82822 -31.091 -4
      vertex -0.82822 -24.909 -4
      vertex -0.555674 -24.8486 -4
    endloop
  endfacet
  facet normal 0 0 -1
    outer loop
      vertex -1.09446 -31.007 -4
      vertex -0.82822 -24.909 -4
      vertex -0.82822 -31.091 -4
    endloop
  endfacet
  facet normal 0 0 -1
    outer loop
      vertex -1.09446 -31.007 -4
      vertex -1.09446 -24.993 -4
      vertex -0.82822 -24.909 -4
    endloop
  endfacet
  facet normal 0 0 -1
    outer loop
      vertex -1.35238 -30.9002 -4
      vertex -1.09446 -24.993 -4
      vertex -1.09446 -31.007 -4
    endloop
  endfacet
  facet normal 0 0 -1
    outer loop
      vertex -1.35238 -30.9002 -4
      vertex -1.35238 -25.0998 -4
      vertex -1.09446 -24.993 -4
    endloop
  endfacet
  facet normal 0 0 -1
    outer loop
      vertex -1.6 -30.7713 -4
      vertex -1.35238 -25.0998 -4
      vertex -1.35238 -30.9002 -4
    endloop
  endfacet
  facet normal 0 0 -1
    outer loop
      vertex -1.6 -30.7713 -4
      vertex -1.6 -25.2287 -4
      vertex -1.35238 -25.0998 -4
    endloop
  endfacet
  facet normal 0 0 -1
    outer loop
      vertex -1.83544 -30.6213 -4
      vertex -1.6 -25.2287 -4
      vertex -1.6 -30.7713 -4
    endloop
  endfacet
  facet normal 0 0 -1
    outer loop
      vertex -1.83544 -30.6213 -4
      vertex -1.83544 -25.3787 -4
      vertex -1.6 -25.2287 -4
    endloop
  endfacet
  facet normal 0 0 -1
    outer loop
      vertex -2.05692 -30.4513 -4
      vertex -1.83544 -25.3787 -4
      vertex -1.83544 -30.6213 -4
    endloop
  endfacet
  facet normal 0 0 -1
    outer loop
      vertex -2.05692 -30.4513 -4
      vertex -2.05692 -25.5487 -4
      vertex -1.83544 -25.3787 -4
    endloop
  endfacet
  facet normal 0 0 -1
    outer loop
      vertex -2.26274 -30.2627 -4
      vertex -2.05692 -25.5487 -4
      vertex -2.05692 -30.4513 -4
    endloop
  endfacet
  facet normal 0 0 -1
    outer loop
      vertex -2.26274 -30.2627 -4
      vertex -2.26274 -25.7373 -4
      vertex -2.05692 -25.5487 -4
    endloop
  endfacet
  facet normal 0 0 -1
    outer loop
      vertex -2.45134 -30.0569 -4
      vertex -2.26274 -25.7373 -4
      vertex -2.26274 -30.2627 -4
    endloop
  endfacet
  facet normal 0 0 -1
    outer loop
      vertex -2.45134 -30.0569 -4
      vertex -2.45134 -25.9431 -4
      vertex -2.26274 -25.7373 -4
    endloop
  endfacet
  facet normal 0 0 -1
    outer loop
      vertex -2.62129 -29.8354 -4
      vertex -2.45134 -25.9431 -4
      vertex -2.45134 -30.0569 -4
    endloop
  endfacet
  facet normal 0 0 -1
    outer loop
      vertex -2.62129 -29.8354 -4
      vertex -2.62129 -26.1646 -4
      vertex -2.45134 -25.9431 -4
    endloop
  endfacet
  facet normal 0 0 -1
    outer loop
      vertex -2.77128 -29.6 -4
      vertex -2.62129 -26.1646 -4
      vertex -2.62129 -29.8354 -4
    endloop
  endfacet
  facet normal 0 0 -1
    outer loop
      vertex -2.77128 -29.6 -4
      vertex -2.77128 -26.4 -4
      vertex -2.62129 -26.1646 -4
    endloop
  endfacet
  facet normal 0 0 -1
    outer loop
      vertex -2.90018 -29.3524 -4
      vertex -2.77128 -26.4 -4
      vertex -2.77128 -29.6 -4
    endloop
  endfacet
  facet normal 0 0 -1
    outer loop
      vertex -2.90018 -29.3524 -4
      vertex -2.90018 -26.6476 -4
      vertex -2.77128 -26.4 -4
    endloop
  endfacet
  facet normal 0 0 -1
    outer loop
      vertex -3.00702 -29.0945 -4
      vertex -2.90018 -26.6476 -4
      vertex -2.90018 -29.3524 -4
    endloop
  endfacet
  facet normal 0 0 -1
    outer loop
      vertex -3.00702 -29.0945 -4
      vertex -3.00702 -26.9055 -4
      vertex -2.90018 -26.6476 -4
    endloop
  endfacet
  facet normal 0 0 -1
    outer loop
      vertex -3.09096 -28.8282 -4
      vertex -3.00702 -26.9055 -4
      vertex -3.00702 -29.0945 -4
    endloop
  endfacet
  facet normal 0 0 -1
    outer loop
      vertex -3.09096 -28.8282 -4
      vertex -3.09096 -27.1718 -4
      vertex -3.00702 -26.9055 -4
    endloop
  endfacet
  facet normal 0 0 -1
    outer loop
      vertex -3.15138 -28.5557 -4
      vertex -3.09096 -27.1718 -4
      vertex -3.09096 -28.8282 -4
    endloop
  endfacet
  facet normal 0 0 -1
    outer loop
      vertex -3.15138 -28.5557 -4
      vertex -3.15138 -27.4443 -4
      vertex -3.09096 -27.1718 -4
    endloop
  endfacet
  facet normal 0 0 -1
    outer loop
      vertex -3.18782 -28.2789 -4
      vertex -3.15138 -27.4443 -4
      vertex -3.15138 -28.5557 -4
    endloop
  endfacet
  facet normal 0 0 -1
    outer loop
      vertex -3.18782 -28.2789 -4
      vertex -3.18782 -27.7211 -4
      vertex -3.15138 -27.4443 -4
    endloop
  endfacet
  facet normal 0 -0 -1
    outer loop
      vertex -3.18782 -27.7211 -4
      vertex -3.18782 -28.2789 -4
      vertex -3.2 -28 -4
    endloop
  endfacet
  facet normal -0.97629 0.216468 0
    outer loop
      vertex 3.09096 -28.8282 -8
      vertex 3.15138 -28.5557 -4
      vertex 3.15138 -28.5557 -8
    endloop
  endfacet
  facet normal -0.97629 0.216468 0
    outer loop
      vertex 3.15138 -28.5557 -4
      vertex 3.09096 -28.8282 -8
      vertex 3.09096 -28.8282 -4
    endloop
  endfacet
  facet normal 0.675592 -0.737276 0
    outer loop
      vertex -2.26274 -25.7373 0
      vertex -2.05692 -25.5487 4
      vertex -2.26274 -25.7373 4
    endloop
  endfacet
  facet normal 0.675592 -0.737276 0
    outer loop
      vertex -2.05692 -25.5487 4
      vertex -2.26274 -25.7373 0
      vertex -2.05692 -25.5487 0
    endloop
  endfacet
  facet normal 0.675592 -0.737276 0
    outer loop
      vertex -2.26274 -25.7373 -8
      vertex -2.05692 -25.5487 -4
      vertex -2.26274 -25.7373 -4
    endloop
  endfacet
  facet normal 0.675592 -0.737276 0
    outer loop
      vertex -2.05692 -25.5487 -4
      vertex -2.26274 -25.7373 -8
      vertex -2.05692 -25.5487 -8
    endloop
  endfacet
  facet normal 0.0437018 0.999045 -0
    outer loop
      vertex 0 -31.2 -8
      vertex -0.278898 -31.1878 -4
      vertex 0 -31.2 -4
    endloop
  endfacet
  facet normal 0.0437018 0.999045 0
    outer loop
      vertex -0.278898 -31.1878 -4
      vertex 0 -31.2 -8
      vertex -0.278898 -31.1878 -8
    endloop
  endfacet
  facet normal 0.999048 0.04363 0
    outer loop
      vertex -3.18782 -28.2789 -4
      vertex -3.2 -28 -8
      vertex -3.2 -28 -4
    endloop
  endfacet
  facet normal 0.999048 0.04363 0
    outer loop
      vertex -3.2 -28 -8
      vertex -3.18782 -28.2789 -4
      vertex -3.18782 -28.2789 -8
    endloop
  endfacet
  facet normal 0.737243 -0.675627 0
    outer loop
      vertex -2.45134 -25.9431 4
      vertex -2.26274 -25.7373 0
      vertex -2.26274 -25.7373 4
    endloop
  endfacet
  facet normal 0.737243 -0.675627 0
    outer loop
      vertex -2.26274 -25.7373 0
      vertex -2.45134 -25.9431 4
      vertex -2.45134 -25.9431 0
    endloop
  endfacet
  facet normal 0.737243 -0.675627 0
    outer loop
      vertex -2.45134 -25.9431 -4
      vertex -2.26274 -25.7373 -8
      vertex -2.26274 -25.7373 -4
    endloop
  endfacet
  facet normal 0.737243 -0.675627 0
    outer loop
      vertex -2.26274 -25.7373 -8
      vertex -2.45134 -25.9431 -4
      vertex -2.45134 -25.9431 -8
    endloop
  endfacet
  facet normal 0.130392 -0.991463 0
    outer loop
      vertex -0.555674 -24.8486 0
      vertex -0.278898 -24.8122 4
      vertex -0.555674 -24.8486 4
    endloop
  endfacet
  facet normal 0.130392 -0.991463 0
    outer loop
      vertex -0.278898 -24.8122 4
      vertex -0.555674 -24.8486 0
      vertex -0.278898 -24.8122 0
    endloop
  endfacet
  facet normal 0.130392 -0.991463 0
    outer loop
      vertex -0.555674 -24.8486 -8
      vertex -0.278898 -24.8122 -4
      vertex -0.555674 -24.8486 -4
    endloop
  endfacet
  facet normal 0.130392 -0.991463 0
    outer loop
      vertex -0.278898 -24.8122 -4
      vertex -0.555674 -24.8486 -8
      vertex -0.278898 -24.8122 -8
    endloop
  endfacet
  facet normal -0.991446 0.130521 0
    outer loop
      vertex 3.15138 -28.5557 -8
      vertex 3.18782 -28.2789 -4
      vertex 3.18782 -28.2789 -8
    endloop
  endfacet
  facet normal -0.991446 0.130521 0
    outer loop
      vertex 3.18782 -28.2789 -4
      vertex 3.15138 -28.5557 -8
      vertex 3.15138 -28.5557 -4
    endloop
  endfacet
  facet normal 0.461741 0.887015 -0
    outer loop
      vertex -1.35238 -30.9002 -8
      vertex -1.6 -30.7713 -4
      vertex -1.35238 -30.9002 -4
    endloop
  endfacet
  facet normal 0.461741 0.887015 0
    outer loop
      vertex -1.6 -30.7713 -4
      vertex -1.35238 -30.9002 -8
      vertex -1.6 -30.7713 -8
    endloop
  endfacet
  facet normal -0.737243 0.675627 0
    outer loop
      vertex 2.26274 -30.2627 -8
      vertex 2.45134 -30.0569 -4
      vertex 2.45134 -30.0569 -8
    endloop
  endfacet
  facet normal -0.737243 0.675627 0
    outer loop
      vertex 2.45134 -30.0569 -4
      vertex 2.26274 -30.2627 -8
      vertex 2.26274 -30.2627 -4
    endloop
  endfacet
  facet normal -0.953742 0.300627 0
    outer loop
      vertex 3.00702 -29.0945 -8
      vertex 3.09096 -28.8282 -4
      vertex 3.09096 -28.8282 -8
    endloop
  endfacet
  facet normal -0.953742 0.300627 0
    outer loop
      vertex 3.09096 -28.8282 -4
      vertex 3.00702 -29.0945 -8
      vertex 3.00702 -29.0945 -4
    endloop
  endfacet
  facet normal -0.60888 -0.793263 0
    outer loop
      vertex 1.83544 -25.3787 0
      vertex 2.05692 -25.5487 4
      vertex 1.83544 -25.3787 4
    endloop
  endfacet
  facet normal -0.60888 -0.793263 -0
    outer loop
      vertex 2.05692 -25.5487 4
      vertex 1.83544 -25.3787 0
      vertex 2.05692 -25.5487 0
    endloop
  endfacet
  facet normal -0.60888 -0.793263 0
    outer loop
      vertex 1.83544 -25.3787 -8
      vertex 2.05692 -25.5487 -4
      vertex 1.83544 -25.3787 -4
    endloop
  endfacet
  facet normal -0.60888 -0.793263 -0
    outer loop
      vertex 2.05692 -25.5487 -4
      vertex 1.83544 -25.3787 -8
      vertex 2.05692 -25.5487 -8
    endloop
  endfacet
  facet normal -0.130392 -0.991463 0
    outer loop
      vertex 0.278898 -24.8122 0
      vertex 0.555674 -24.8486 4
      vertex 0.278898 -24.8122 4
    endloop
  endfacet
  facet normal -0.130392 -0.991463 -0
    outer loop
      vertex 0.555674 -24.8486 4
      vertex 0.278898 -24.8122 0
      vertex 0.555674 -24.8486 0
    endloop
  endfacet
  facet normal -0.130392 -0.991463 0
    outer loop
      vertex 0.278898 -24.8122 -8
      vertex 0.555674 -24.8486 -4
      vertex 0.278898 -24.8122 -4
    endloop
  endfacet
  facet normal -0.130392 -0.991463 -0
    outer loop
      vertex 0.555674 -24.8486 -4
      vertex 0.278898 -24.8122 -8
      vertex 0.555674 -24.8486 -8
    endloop
  endfacet
  facet normal -0.0437018 -0.999045 0
    outer loop
      vertex 0 -24.8 0
      vertex 0.278898 -24.8122 4
      vertex 0 -24.8 4
    endloop
  endfacet
  facet normal -0.0437018 -0.999045 -0
    outer loop
      vertex 0.278898 -24.8122 4
      vertex 0 -24.8 0
      vertex 0.278898 -24.8122 0
    endloop
  endfacet
  facet normal -0.0437018 -0.999045 0
    outer loop
      vertex 0 -24.8 -8
      vertex 0.278898 -24.8122 -4
      vertex 0 -24.8 -4
    endloop
  endfacet
  facet normal -0.0437018 -0.999045 -0
    outer loop
      vertex 0.278898 -24.8122 -4
      vertex 0 -24.8 -8
      vertex 0.278898 -24.8122 -8
    endloop
  endfacet
  facet normal 0.793376 0.608732 0
    outer loop
      vertex -2.45134 -30.0569 -4
      vertex -2.62129 -29.8354 -8
      vertex -2.62129 -29.8354 -4
    endloop
  endfacet
  facet normal 0.793376 0.608732 0
    outer loop
      vertex -2.62129 -29.8354 -8
      vertex -2.45134 -30.0569 -4
      vertex -2.45134 -30.0569 -8
    endloop
  endfacet
  facet normal 0.923928 -0.382566 0
    outer loop
      vertex -2.96995 -26.8161 4
      vertex -2.90018 -26.6476 0
      vertex -2.90018 -26.6476 4
    endloop
  endfacet
  facet normal 0.923928 -0.382566 0
    outer loop
      vertex -2.90018 -26.6476 0
      vertex -2.96995 -26.8161 4
      vertex -2.96995 -26.8161 0
    endloop
  endfacet
  facet normal 0.923861 -0.382727 0
    outer loop
      vertex -3.00702 -26.9055 -4
      vertex -2.90018 -26.6476 -8
      vertex -2.90018 -26.6476 -4
    endloop
  endfacet
  facet normal 0.923861 -0.382727 0
    outer loop
      vertex -2.90018 -26.6476 -8
      vertex -3.00702 -26.9055 -4
      vertex -3.00702 -26.9055 -8
    endloop
  endfacet
  facet normal -0.923928 -0.382566 0
    outer loop
      vertex 2.96995 -26.8161 0
      vertex 2.90018 -26.6476 4
      vertex 2.90018 -26.6476 0
    endloop
  endfacet
  facet normal -0.923928 -0.382566 0
    outer loop
      vertex 2.90018 -26.6476 4
      vertex 2.96995 -26.8161 0
      vertex 2.96995 -26.8161 4
    endloop
  endfacet
  facet normal -0.923861 -0.382727 0
    outer loop
      vertex 3.00702 -26.9055 -8
      vertex 2.90018 -26.6476 -4
      vertex 2.90018 -26.6476 -8
    endloop
  endfacet
  facet normal -0.923861 -0.382727 0
    outer loop
      vertex 2.90018 -26.6476 -4
      vertex 3.00702 -26.9055 -8
      vertex 3.00702 -26.9055 -4
    endloop
  endfacet
  facet normal 0.461741 -0.887015 0
    outer loop
      vertex -1.6 -25.2287 0
      vertex -1.35238 -25.0998 4
      vertex -1.6 -25.2287 4
    endloop
  endfacet
  facet normal 0.461741 -0.887015 0
    outer loop
      vertex -1.35238 -25.0998 4
      vertex -1.6 -25.2287 0
      vertex -1.35238 -25.0998 0
    endloop
  endfacet
  facet normal 0.461741 -0.887015 0
    outer loop
      vertex -1.6 -25.2287 -8
      vertex -1.35238 -25.0998 -4
      vertex -1.6 -25.2287 -4
    endloop
  endfacet
  facet normal 0.461741 -0.887015 0
    outer loop
      vertex -1.35238 -25.0998 -4
      vertex -1.6 -25.2287 -8
      vertex -1.35238 -25.0998 -8
    endloop
  endfacet
  facet normal -0.38258 -0.923923 0
    outer loop
      vertex 1.09446 -24.993 0
      vertex 1.35238 -25.0998 4
      vertex 1.09446 -24.993 4
    endloop
  endfacet
  facet normal -0.38258 -0.923923 -0
    outer loop
      vertex 1.35238 -25.0998 4
      vertex 1.09446 -24.993 0
      vertex 1.35238 -25.0998 0
    endloop
  endfacet
  facet normal -0.38258 -0.923923 0
    outer loop
      vertex 1.09446 -24.993 -8
      vertex 1.35238 -25.0998 -4
      vertex 1.09446 -24.993 -4
    endloop
  endfacet
  facet normal -0.38258 -0.923923 -0
    outer loop
      vertex 1.35238 -25.0998 -4
      vertex 1.09446 -24.993 -8
      vertex 1.35238 -25.0998 -8
    endloop
  endfacet
  facet normal 0.887 -0.46177 0
    outer loop
      vertex -2.90018 -26.6476 4
      vertex -2.77128 -26.4 0
      vertex -2.77128 -26.4 4
    endloop
  endfacet
  facet normal 0.887 -0.46177 0
    outer loop
      vertex -2.77128 -26.4 0
      vertex -2.90018 -26.6476 4
      vertex -2.90018 -26.6476 0
    endloop
  endfacet
  facet normal 0.887 -0.46177 0
    outer loop
      vertex -2.90018 -26.6476 -4
      vertex -2.77128 -26.4 -8
      vertex -2.77128 -26.4 -4
    endloop
  endfacet
  facet normal 0.887 -0.46177 0
    outer loop
      vertex -2.77128 -26.4 -8
      vertex -2.90018 -26.6476 -4
      vertex -2.90018 -26.6476 -8
    endloop
  endfacet
  facet normal 0 0 -1
    outer loop
      vertex 25.3787 -1.83544 4
      vertex 27 0 4
      vertex 26.8973 -2.3532 4
    endloop
  endfacet
  facet normal 0 0 -1
    outer loop
      vertex 26.6476 -2.90018 4
      vertex 26.8973 -2.3532 4
      vertex 26.8161 -2.96995 4
    endloop
  endfacet
  facet normal 0 0 -1
    outer loop
      vertex 26.1646 -2.62129 4
      vertex 26.8973 -2.3532 4
      vertex 26.4 -2.77128 4
    endloop
  endfacet
  facet normal 0 0 -1
    outer loop
      vertex 26.8973 -2.3532 4
      vertex 26.6476 -2.90018 4
      vertex 26.4 -2.77128 4
    endloop
  endfacet
  facet normal 0 0 -1
    outer loop
      vertex 25.9431 -2.45134 4
      vertex 26.8973 -2.3532 4
      vertex 26.1646 -2.62129 4
    endloop
  endfacet
  facet normal 0 -0 -1
    outer loop
      vertex 26.6476 2.90018 4
      vertex 26.8973 2.3532 4
      vertex 26.4 2.77128 4
    endloop
  endfacet
  facet normal 0 0 -1
    outer loop
      vertex 26.8973 2.3532 4
      vertex 26.6476 2.90018 4
      vertex 26.8161 2.96995 4
    endloop
  endfacet
  facet normal 0 0 -1
    outer loop
      vertex 25.7373 -2.26274 4
      vertex 26.8973 -2.3532 4
      vertex 25.9431 -2.45134 4
    endloop
  endfacet
  facet normal 0 0 -1
    outer loop
      vertex 26.8973 2.3532 4
      vertex 26.1646 2.62129 4
      vertex 26.4 2.77128 4
    endloop
  endfacet
  facet normal 0 0 -1
    outer loop
      vertex 25.5487 -2.05692 4
      vertex 26.8973 -2.3532 4
      vertex 25.7373 -2.26274 4
    endloop
  endfacet
  facet normal 0 0 -1
    outer loop
      vertex 26.8973 2.3532 4
      vertex 25.9431 2.45134 4
      vertex 26.1646 2.62129 4
    endloop
  endfacet
  facet normal 0 0 -1
    outer loop
      vertex 25.3787 -1.83544 4
      vertex 26.8973 -2.3532 4
      vertex 25.5487 -2.05692 4
    endloop
  endfacet
  facet normal -0 0 -1
    outer loop
      vertex 26.8973 2.3532 4
      vertex 25.7373 2.26274 4
      vertex 25.9431 2.45134 4
    endloop
  endfacet
  facet normal 0 0 -1
    outer loop
      vertex 27 0 4
      vertex 25.3787 -1.83544 4
      vertex 25.2287 -1.6 4
    endloop
  endfacet
  facet normal 0 0 -1
    outer loop
      vertex 26.8973 2.3532 4
      vertex 25.5487 2.05692 4
      vertex 25.7373 2.26274 4
    endloop
  endfacet
  facet normal 0 0 -1
    outer loop
      vertex 27 0 4
      vertex 25.2287 -1.6 4
      vertex 25.0998 -1.35238 4
    endloop
  endfacet
  facet normal 0 0 -1
    outer loop
      vertex 26.8973 2.3532 4
      vertex 25.3787 1.83544 4
      vertex 25.5487 2.05692 4
    endloop
  endfacet
  facet normal 0 0 -1
    outer loop
      vertex 27 0 4
      vertex 25.0998 -1.35238 4
      vertex 24.993 -1.09446 4
    endloop
  endfacet
  facet normal 0 0 -1
    outer loop
      vertex 27 0 4
      vertex 25.3787 1.83544 4
      vertex 26.8973 2.3532 4
    endloop
  endfacet
  facet normal 0 0 -1
    outer loop
      vertex 27 0 4
      vertex 24.993 -1.09446 4
      vertex 24.909 -0.82822 4
    endloop
  endfacet
  facet normal 0 -0 -1
    outer loop
      vertex 25.3787 1.83544 4
      vertex 27 0 4
      vertex 25.2287 1.6 4
    endloop
  endfacet
  facet normal 0 0 -1
    outer loop
      vertex 27 0 4
      vertex 24.909 -0.82822 4
      vertex 24.8486 -0.555674 4
    endloop
  endfacet
  facet normal 0 -0 -1
    outer loop
      vertex 25.2287 1.6 4
      vertex 27 0 4
      vertex 25.0998 1.35238 4
    endloop
  endfacet
  facet normal 0 0 -1
    outer loop
      vertex 27 0 4
      vertex 24.8486 -0.555674 4
      vertex 24.8122 -0.278898 4
    endloop
  endfacet
  facet normal 0 -0 -1
    outer loop
      vertex 25.0998 1.35238 4
      vertex 27 0 4
      vertex 24.993 1.09446 4
    endloop
  endfacet
  facet normal -0 0 -1
    outer loop
      vertex 27 0 4
      vertex 24.8122 -0.278898 4
      vertex 24.8 0 4
    endloop
  endfacet
  facet normal 0 -0 -1
    outer loop
      vertex 24.993 1.09446 4
      vertex 27 0 4
      vertex 24.909 0.82822 4
    endloop
  endfacet
  facet normal 0 -0 -1
    outer loop
      vertex 24.8122 0.278898 4
      vertex 27 0 4
      vertex 24.8 0 4
    endloop
  endfacet
  facet normal 0 -0 -1
    outer loop
      vertex 24.909 0.82822 4
      vertex 27 0 4
      vertex 24.8486 0.555674 4
    endloop
  endfacet
  facet normal 0 -0 -1
    outer loop
      vertex 24.8486 0.555674 4
      vertex 27 0 4
      vertex 24.8122 0.278898 4
    endloop
  endfacet
  facet normal 0 0 -1
    outer loop
      vertex 2.3532 26.8973 4
      vertex 2.90018 26.6476 4
      vertex 2.77128 26.4 4
    endloop
  endfacet
  facet normal 0 0 -1
    outer loop
      vertex 2.3532 26.8973 4
      vertex 2.77128 26.4 4
      vertex 2.62129 26.1646 4
    endloop
  endfacet
  facet normal 0 0 -1
    outer loop
      vertex 2.3532 26.8973 4
      vertex 2.62129 26.1646 4
      vertex 2.45134 25.9431 4
    endloop
  endfacet
  facet normal 0 0 -1
    outer loop
      vertex 2.90018 26.6476 4
      vertex 2.3532 26.8973 4
      vertex 2.96995 26.8161 4
    endloop
  endfacet
  facet normal 0 0 -1
    outer loop
      vertex 2.26274 25.7373 4
      vertex 2.3532 26.8973 4
      vertex 2.45134 25.9431 4
    endloop
  endfacet
  facet normal 0 0 -1
    outer loop
      vertex 2.05692 25.5487 4
      vertex 2.3532 26.8973 4
      vertex 2.26274 25.7373 4
    endloop
  endfacet
  facet normal 0 0 -1
    outer loop
      vertex 1.83544 25.3787 4
      vertex 2.3532 26.8973 4
      vertex 2.05692 25.5487 4
    endloop
  endfacet
  facet normal 0 0 -1
    outer loop
      vertex 0 27 4
      vertex 1.83544 25.3787 4
      vertex 1.6 25.2287 4
    endloop
  endfacet
  facet normal 0 0 -1
    outer loop
      vertex 0 27 4
      vertex 1.6 25.2287 4
      vertex 1.35238 25.0998 4
    endloop
  endfacet
  facet normal 0 0 -1
    outer loop
      vertex 0 27 4
      vertex 1.35238 25.0998 4
      vertex 1.09446 24.993 4
    endloop
  endfacet
  facet normal 0 0 -1
    outer loop
      vertex 0 27 4
      vertex 1.09446 24.993 4
      vertex 0.82822 24.909 4
    endloop
  endfacet
  facet normal 0 0 -1
    outer loop
      vertex 0 27 4
      vertex 0.82822 24.909 4
      vertex 0.555674 24.8486 4
    endloop
  endfacet
  facet normal 0 0 -1
    outer loop
      vertex 0 27 4
      vertex 0.555674 24.8486 4
      vertex 0.278898 24.8122 4
    endloop
  endfacet
  facet normal 0 0 -1
    outer loop
      vertex 0 27 4
      vertex 0.278898 24.8122 4
      vertex 0 24.8 4
    endloop
  endfacet
  facet normal 0 0 -1
    outer loop
      vertex 1.83544 25.3787 4
      vertex 0 27 4
      vertex 2.3532 26.8973 4
    endloop
  endfacet
  facet normal 0 0 -1
    outer loop
      vertex -0.278898 24.8122 4
      vertex 0 27 4
      vertex 0 24.8 4
    endloop
  endfacet
  facet normal 0 0 -1
    outer loop
      vertex -0.555674 24.8486 4
      vertex 0 27 4
      vertex -0.278898 24.8122 4
    endloop
  endfacet
  facet normal 0 0 -1
    outer loop
      vertex -0.82822 24.909 4
      vertex 0 27 4
      vertex -0.555674 24.8486 4
    endloop
  endfacet
  facet normal 0 0 -1
    outer loop
      vertex -1.09446 24.993 4
      vertex 0 27 4
      vertex -0.82822 24.909 4
    endloop
  endfacet
  facet normal 0 0 -1
    outer loop
      vertex -1.35238 25.0998 4
      vertex 0 27 4
      vertex -1.09446 24.993 4
    endloop
  endfacet
  facet normal 0 0 -1
    outer loop
      vertex -1.6 25.2287 4
      vertex 0 27 4
      vertex -1.35238 25.0998 4
    endloop
  endfacet
  facet normal 0 0 -1
    outer loop
      vertex -1.83544 25.3787 4
      vertex 0 27 4
      vertex -1.6 25.2287 4
    endloop
  endfacet
  facet normal 0 0 -1
    outer loop
      vertex -2.3532 26.8973 4
      vertex -1.83544 25.3787 4
      vertex -2.05692 25.5487 4
    endloop
  endfacet
  facet normal 0 0 -1
    outer loop
      vertex -2.3532 26.8973 4
      vertex -2.05692 25.5487 4
      vertex -2.26274 25.7373 4
    endloop
  endfacet
  facet normal 0 0 -1
    outer loop
      vertex -1.83544 25.3787 4
      vertex -2.3532 26.8973 4
      vertex 0 27 4
    endloop
  endfacet
  facet normal 0 0 -1
    outer loop
      vertex -2.45134 25.9431 4
      vertex -2.3532 26.8973 4
      vertex -2.26274 25.7373 4
    endloop
  endfacet
  facet normal 0 0 -1
    outer loop
      vertex -2.62129 26.1646 4
      vertex -2.3532 26.8973 4
      vertex -2.45134 25.9431 4
    endloop
  endfacet
  facet normal 0 0 -1
    outer loop
      vertex -2.77128 26.4 4
      vertex -2.3532 26.8973 4
      vertex -2.62129 26.1646 4
    endloop
  endfacet
  facet normal 0 0 -1
    outer loop
      vertex -2.90018 26.6476 4
      vertex -2.3532 26.8973 4
      vertex -2.77128 26.4 4
    endloop
  endfacet
  facet normal 0 0 -1
    outer loop
      vertex -2.3532 26.8973 4
      vertex -2.90018 26.6476 4
      vertex -2.96995 26.8161 4
    endloop
  endfacet
  facet normal 0 0 -1
    outer loop
      vertex -27 0 4
      vertex -24.8 0 4
      vertex -24.8122 -0.278898 4
    endloop
  endfacet
  facet normal 0 0 -1
    outer loop
      vertex -27 0 4
      vertex -24.8122 -0.278898 4
      vertex -24.8486 -0.555674 4
    endloop
  endfacet
  facet normal 0 0 -1
    outer loop
      vertex -24.8 0 4
      vertex -27 0 4
      vertex -24.8122 0.278898 4
    endloop
  endfacet
  facet normal 0 0 -1
    outer loop
      vertex -27 0 4
      vertex -24.8486 -0.555674 4
      vertex -24.909 -0.82822 4
    endloop
  endfacet
  facet normal -0 0 -1
    outer loop
      vertex -24.8122 0.278898 4
      vertex -27 0 4
      vertex -24.8486 0.555674 4
    endloop
  endfacet
  facet normal 0 0 -1
    outer loop
      vertex -27 0 4
      vertex -24.909 -0.82822 4
      vertex -24.993 -1.09446 4
    endloop
  endfacet
  facet normal -0 0 -1
    outer loop
      vertex -24.8486 0.555674 4
      vertex -27 0 4
      vertex -24.909 0.82822 4
    endloop
  endfacet
  facet normal 0 0 -1
    outer loop
      vertex -27 0 4
      vertex -24.993 -1.09446 4
      vertex -25.0998 -1.35238 4
    endloop
  endfacet
  facet normal -0 0 -1
    outer loop
      vertex -24.909 0.82822 4
      vertex -27 0 4
      vertex -24.993 1.09446 4
    endloop
  endfacet
  facet normal 0 0 -1
    outer loop
      vertex -27 0 4
      vertex -25.0998 -1.35238 4
      vertex -25.2287 -1.6 4
    endloop
  endfacet
  facet normal -0 0 -1
    outer loop
      vertex -24.993 1.09446 4
      vertex -27 0 4
      vertex -25.0998 1.35238 4
    endloop
  endfacet
  facet normal 0 0 -1
    outer loop
      vertex -27 0 4
      vertex -25.2287 -1.6 4
      vertex -25.3787 -1.83544 4
    endloop
  endfacet
  facet normal -0 0 -1
    outer loop
      vertex -25.0998 1.35238 4
      vertex -27 0 4
      vertex -25.2287 1.6 4
    endloop
  endfacet
  facet normal 0 0 -1
    outer loop
      vertex -26.8973 -2.3532 4
      vertex -25.3787 -1.83544 4
      vertex -25.5487 -2.05692 4
    endloop
  endfacet
  facet normal -0 0 -1
    outer loop
      vertex -25.2287 1.6 4
      vertex -27 0 4
      vertex -25.3787 1.83544 4
    endloop
  endfacet
  facet normal 0 0 -1
    outer loop
      vertex -26.8973 -2.3532 4
      vertex -25.5487 -2.05692 4
      vertex -25.7373 -2.26274 4
    endloop
  endfacet
  facet normal 0 -0 -1
    outer loop
      vertex -26.8973 2.3532 4
      vertex -25.3787 1.83544 4
      vertex -27 0 4
    endloop
  endfacet
  facet normal 0 0 -1
    outer loop
      vertex -26.8973 -2.3532 4
      vertex -25.7373 -2.26274 4
      vertex -25.9431 -2.45134 4
    endloop
  endfacet
  facet normal 0 0 -1
    outer loop
      vertex -25.3787 1.83544 4
      vertex -26.8973 2.3532 4
      vertex -25.5487 2.05692 4
    endloop
  endfacet
  facet normal 0 0 -1
    outer loop
      vertex -26.8973 -2.3532 4
      vertex -25.9431 -2.45134 4
      vertex -26.1646 -2.62129 4
    endloop
  endfacet
  facet normal 0 0 -1
    outer loop
      vertex -25.5487 2.05692 4
      vertex -26.8973 2.3532 4
      vertex -25.7373 2.26274 4
    endloop
  endfacet
  facet normal 0 0 -1
    outer loop
      vertex -26.8973 -2.3532 4
      vertex -26.1646 -2.62129 4
      vertex -26.4 -2.77128 4
    endloop
  endfacet
  facet normal 0 0 -1
    outer loop
      vertex -25.7373 2.26274 4
      vertex -26.8973 2.3532 4
      vertex -25.9431 2.45134 4
    endloop
  endfacet
  facet normal 0 0 -1
    outer loop
      vertex -26.8973 -2.3532 4
      vertex -26.4 -2.77128 4
      vertex -26.6476 -2.90018 4
    endloop
  endfacet
  facet normal -0 0 -1
    outer loop
      vertex -25.9431 2.45134 4
      vertex -26.8973 2.3532 4
      vertex -26.1646 2.62129 4
    endloop
  endfacet
  facet normal 0 0 -1
    outer loop
      vertex -26.8973 -2.3532 4
      vertex -26.6476 -2.90018 4
      vertex -26.8161 -2.96995 4
    endloop
  endfacet
  facet normal -0 0 -1
    outer loop
      vertex -26.1646 2.62129 4
      vertex -26.8973 2.3532 4
      vertex -26.4 2.77128 4
    endloop
  endfacet
  facet normal -0 0 -1
    outer loop
      vertex -25.3787 -1.83544 4
      vertex -26.8973 -2.3532 4
      vertex -27 0 4
    endloop
  endfacet
  facet normal -0 0 -1
    outer loop
      vertex -26.4 2.77128 4
      vertex -26.8973 2.3532 4
      vertex -26.6476 2.90018 4
    endloop
  endfacet
  facet normal -0 0 -1
    outer loop
      vertex -26.6476 2.90018 4
      vertex -26.8973 2.3532 4
      vertex -26.8161 2.96995 4
    endloop
  endfacet
  facet normal 0 0 -1
    outer loop
      vertex 2.3532 -26.8973 4
      vertex 2.90018 -26.6476 4
      vertex 2.96995 -26.8161 4
    endloop
  endfacet
  facet normal -0 0 -1
    outer loop
      vertex 2.90018 -26.6476 4
      vertex 2.3532 -26.8973 4
      vertex 2.77128 -26.4 4
    endloop
  endfacet
  facet normal -0 0 -1
    outer loop
      vertex 2.77128 -26.4 4
      vertex 2.3532 -26.8973 4
      vertex 2.62129 -26.1646 4
    endloop
  endfacet
  facet normal -0 0 -1
    outer loop
      vertex 2.62129 -26.1646 4
      vertex 2.3532 -26.8973 4
      vertex 2.45134 -25.9431 4
    endloop
  endfacet
  facet normal 0 0 -1
    outer loop
      vertex 2.3532 -26.8973 4
      vertex 2.26274 -25.7373 4
      vertex 2.45134 -25.9431 4
    endloop
  endfacet
  facet normal 0 0 -1
    outer loop
      vertex 2.3532 -26.8973 4
      vertex 2.05692 -25.5487 4
      vertex 2.26274 -25.7373 4
    endloop
  endfacet
  facet normal 0 0 -1
    outer loop
      vertex 2.3532 -26.8973 4
      vertex 1.83544 -25.3787 4
      vertex 2.05692 -25.5487 4
    endloop
  endfacet
  facet normal 0 0 -1
    outer loop
      vertex 0 -27 4
      vertex 1.83544 -25.3787 4
      vertex 2.3532 -26.8973 4
    endloop
  endfacet
  facet normal -0 0 -1
    outer loop
      vertex 1.83544 -25.3787 4
      vertex 0 -27 4
      vertex 1.6 -25.2287 4
    endloop
  endfacet
  facet normal -0 0 -1
    outer loop
      vertex 1.6 -25.2287 4
      vertex 0 -27 4
      vertex 1.35238 -25.0998 4
    endloop
  endfacet
  facet normal -0 0 -1
    outer loop
      vertex 1.35238 -25.0998 4
      vertex 0 -27 4
      vertex 1.09446 -24.993 4
    endloop
  endfacet
  facet normal -0 0 -1
    outer loop
      vertex 1.09446 -24.993 4
      vertex 0 -27 4
      vertex 0.82822 -24.909 4
    endloop
  endfacet
  facet normal -0 0 -1
    outer loop
      vertex 0.82822 -24.909 4
      vertex 0 -27 4
      vertex 0.555674 -24.8486 4
    endloop
  endfacet
  facet normal -0 0 -1
    outer loop
      vertex 0.555674 -24.8486 4
      vertex 0 -27 4
      vertex 0.278898 -24.8122 4
    endloop
  endfacet
  facet normal 0 0 -1
    outer loop
      vertex 0 -27 4
      vertex 0 -24.8 4
      vertex 0.278898 -24.8122 4
    endloop
  endfacet
  facet normal 0 0 -1
    outer loop
      vertex 0 -27 4
      vertex -0.278898 -24.8122 4
      vertex 0 -24.8 4
    endloop
  endfacet
  facet normal 0 0 -1
    outer loop
      vertex 0 -27 4
      vertex -0.555674 -24.8486 4
      vertex -0.278898 -24.8122 4
    endloop
  endfacet
  facet normal 0 0 -1
    outer loop
      vertex 0 -27 4
      vertex -0.82822 -24.909 4
      vertex -0.555674 -24.8486 4
    endloop
  endfacet
  facet normal 0 0 -1
    outer loop
      vertex 0 -27 4
      vertex -1.09446 -24.993 4
      vertex -0.82822 -24.909 4
    endloop
  endfacet
  facet normal 0 0 -1
    outer loop
      vertex 0 -27 4
      vertex -1.35238 -25.0998 4
      vertex -1.09446 -24.993 4
    endloop
  endfacet
  facet normal 0 0 -1
    outer loop
      vertex 0 -27 4
      vertex -1.6 -25.2287 4
      vertex -1.35238 -25.0998 4
    endloop
  endfacet
  facet normal 0 0 -1
    outer loop
      vertex 0 -27 4
      vertex -1.83544 -25.3787 4
      vertex -1.6 -25.2287 4
    endloop
  endfacet
  facet normal 0 0 -1
    outer loop
      vertex -2.3532 -26.8973 4
      vertex -1.83544 -25.3787 4
      vertex 0 -27 4
    endloop
  endfacet
  facet normal 0 0 -1
    outer loop
      vertex -1.83544 -25.3787 4
      vertex -2.3532 -26.8973 4
      vertex -2.05692 -25.5487 4
    endloop
  endfacet
  facet normal 0 0 -1
    outer loop
      vertex -2.05692 -25.5487 4
      vertex -2.3532 -26.8973 4
      vertex -2.26274 -25.7373 4
    endloop
  endfacet
  facet normal 0 0 -1
    outer loop
      vertex -2.3532 -26.8973 4
      vertex -2.45134 -25.9431 4
      vertex -2.26274 -25.7373 4
    endloop
  endfacet
  facet normal 0 0 -1
    outer loop
      vertex -2.3532 -26.8973 4
      vertex -2.62129 -26.1646 4
      vertex -2.45134 -25.9431 4
    endloop
  endfacet
  facet normal 0 0 -1
    outer loop
      vertex -2.3532 -26.8973 4
      vertex -2.77128 -26.4 4
      vertex -2.62129 -26.1646 4
    endloop
  endfacet
  facet normal 0 0 -1
    outer loop
      vertex -2.3532 -26.8973 4
      vertex -2.90018 -26.6476 4
      vertex -2.77128 -26.4 4
    endloop
  endfacet
  facet normal 0 -0 -1
    outer loop
      vertex -2.90018 -26.6476 4
      vertex -2.3532 -26.8973 4
      vertex -2.96995 -26.8161 4
    endloop
  endfacet
  facet normal 0.991444 -0.130531 0
    outer loop
      vertex 26.8973 -2.3532 14
      vertex 26.8161 -2.96995 4
      vertex 26.8973 -2.3532 4
    endloop
  endfacet
  facet normal 0.991442 -0.130548 1.03016e-06
    outer loop
      vertex 26.5898 -4.6885 14
      vertex 26.8161 -2.96995 4
      vertex 26.8973 -2.3532 14
    endloop
  endfacet
  facet normal 0.991441 -0.130554 0
    outer loop
      vertex 26.5898 -4.6885 0
      vertex 26.8161 -2.96995 4
      vertex 26.5898 -4.6885 14
    endloop
  endfacet
  facet normal 0.991441 -0.130554 0
    outer loop
      vertex 26.8161 -2.96995 4
      vertex 26.5898 -4.6885 0
      vertex 26.8161 -2.96995 0
    endloop
  endfacet
  facet normal 0.991441 0.130554 0
    outer loop
      vertex 26.5898 4.6885 14
      vertex 26.8161 2.96995 4
      vertex 26.5898 4.6885 0
    endloop
  endfacet
  facet normal 0.991442 0.130548 1.03016e-06
    outer loop
      vertex 26.8973 2.3532 14
      vertex 26.8161 2.96995 4
      vertex 26.5898 4.6885 14
    endloop
  endfacet
  facet normal 0.991444 0.130531 0
    outer loop
      vertex 26.8161 2.96995 4
      vertex 26.8973 2.3532 14
      vertex 26.8973 2.3532 4
    endloop
  endfacet
  facet normal 0.991441 0.130554 0
    outer loop
      vertex 26.5898 4.6885 0
      vertex 26.8161 2.96995 4
      vertex 26.8161 2.96995 0
    endloop
  endfacet
  facet normal 0.999049 0.0436012 0
    outer loop
      vertex 27 0 14
      vertex 26.8973 2.3532 4
      vertex 26.8973 2.3532 14
    endloop
  endfacet
  facet normal 0.999049 0.0436012 0
    outer loop
      vertex 26.8973 2.3532 4
      vertex 27 0 14
      vertex 27 0 4
    endloop
  endfacet
  facet normal 0.976297 0.216435 0
    outer loop
      vertex 26.5898 4.6885 14
      vertex 26.08 6.98811 0
      vertex 26.08 6.98811 14
    endloop
  endfacet
  facet normal 0.976297 0.216435 0
    outer loop
      vertex 26.08 6.98811 0
      vertex 26.5898 4.6885 14
      vertex 26.5898 4.6885 0
    endloop
  endfacet
  facet normal 0.300707 -0.953717 0
    outer loop
      vertex 6.98811 -26.08 0
      vertex 9.23454 -25.3717 14
      vertex 6.98811 -26.08 14
    endloop
  endfacet
  facet normal 0.300707 -0.953717 0
    outer loop
      vertex 9.23454 -25.3717 14
      vertex 6.98811 -26.08 0
      vertex 9.23454 -25.3717 0
    endloop
  endfacet
  facet normal 0.953717 0.300707 0
    outer loop
      vertex 26.08 6.98811 14
      vertex 25.3717 9.23454 0
      vertex 25.3717 9.23454 14
    endloop
  endfacet
  facet normal 0.953717 0.300707 0
    outer loop
      vertex 25.3717 9.23454 0
      vertex 26.08 6.98811 14
      vertex 26.08 6.98811 0
    endloop
  endfacet
  facet normal 0.461742 -0.887014 0
    outer loop
      vertex 11.4107 -24.4703 0
      vertex 13.5 -23.3827 14
      vertex 11.4107 -24.4703 14
    endloop
  endfacet
  facet normal 0.461742 -0.887014 0
    outer loop
      vertex 13.5 -23.3827 14
      vertex 11.4107 -24.4703 0
      vertex 13.5 -23.3827 0
    endloop
  endfacet
  facet normal 0.216435 -0.976297 0
    outer loop
      vertex 4.6885 -26.5898 0
      vertex 6.98811 -26.08 14
      vertex 4.6885 -26.5898 14
    endloop
  endfacet
  facet normal 0.216435 -0.976297 0
    outer loop
      vertex 6.98811 -26.08 14
      vertex 4.6885 -26.5898 0
      vertex 6.98811 -26.08 0
    endloop
  endfacet
  facet normal -0.216435 -0.976297 0
    outer loop
      vertex -6.98811 -26.08 0
      vertex -4.6885 -26.5898 14
      vertex -6.98811 -26.08 14
    endloop
  endfacet
  facet normal -0.216435 -0.976297 -0
    outer loop
      vertex -4.6885 -26.5898 14
      vertex -6.98811 -26.08 0
      vertex -4.6885 -26.5898 0
    endloop
  endfacet
  facet normal -0.991441 -0.130554 0
    outer loop
      vertex -26.8161 -2.96995 0
      vertex -26.5898 -4.6885 0
      vertex -26.8161 -2.96995 4
    endloop
  endfacet
  facet normal -0.991444 -0.130531 0
    outer loop
      vertex -26.8161 -2.96995 4
      vertex -26.8973 -2.3532 14
      vertex -26.8973 -2.3532 4
    endloop
  endfacet
  facet normal -0.991441 -0.130554 -0
    outer loop
      vertex -26.5898 -4.6885 14
      vertex -26.8161 -2.96995 4
      vertex -26.5898 -4.6885 0
    endloop
  endfacet
  facet normal -0.991442 -0.130548 1.03016e-06
    outer loop
      vertex -26.8161 -2.96995 4
      vertex -26.5898 -4.6885 14
      vertex -26.8973 -2.3532 14
    endloop
  endfacet
  facet normal -0.300707 0.953717 0
    outer loop
      vertex -6.98811 26.08 0
      vertex -9.23454 25.3717 14
      vertex -6.98811 26.08 14
    endloop
  endfacet
  facet normal -0.300707 0.953717 0
    outer loop
      vertex -9.23454 25.3717 14
      vertex -6.98811 26.08 0
      vertex -9.23454 25.3717 0
    endloop
  endfacet
  facet normal -0.923879 -0.382685 0
    outer loop
      vertex -24.4703 -11.4107 0
      vertex -25.3717 -9.23454 14
      vertex -25.3717 -9.23454 0
    endloop
  endfacet
  facet normal -0.923879 -0.382685 0
    outer loop
      vertex -25.3717 -9.23454 14
      vertex -24.4703 -11.4107 0
      vertex -24.4703 -11.4107 14
    endloop
  endfacet
  facet normal 0.737277 -0.67559 0
    outer loop
      vertex 19.0919 -19.0919 14
      vertex 20.6832 -17.3553 0
      vertex 20.6832 -17.3553 14
    endloop
  endfacet
  facet normal 0.737277 -0.67559 0
    outer loop
      vertex 20.6832 -17.3553 0
      vertex 19.0919 -19.0919 14
      vertex 19.0919 -19.0919 0
    endloop
  endfacet
  facet normal -0.67559 -0.737277 0
    outer loop
      vertex -19.0919 -19.0919 0
      vertex -17.3553 -20.6832 14
      vertex -19.0919 -19.0919 14
    endloop
  endfacet
  facet normal -0.67559 -0.737277 -0
    outer loop
      vertex -17.3553 -20.6832 14
      vertex -19.0919 -19.0919 0
      vertex -17.3553 -20.6832 0
    endloop
  endfacet
  facet normal 0.300707 0.953717 -0
    outer loop
      vertex 9.23454 25.3717 0
      vertex 6.98811 26.08 14
      vertex 9.23454 25.3717 14
    endloop
  endfacet
  facet normal 0.300707 0.953717 0
    outer loop
      vertex 6.98811 26.08 14
      vertex 9.23454 25.3717 0
      vertex 6.98811 26.08 0
    endloop
  endfacet
  facet normal 0.130531 -0.991444 0
    outer loop
      vertex 2.96995 -26.8161 4
      vertex 2.3532 -26.8973 14
      vertex 2.3532 -26.8973 4
    endloop
  endfacet
  facet normal 0.130548 -0.991442 1.03016e-06
    outer loop
      vertex 2.3532 -26.8973 14
      vertex 2.96995 -26.8161 4
      vertex 4.6885 -26.5898 14
    endloop
  endfacet
  facet normal 0.130554 -0.991441 0
    outer loop
      vertex 4.6885 -26.5898 0
      vertex 2.96995 -26.8161 4
      vertex 2.96995 -26.8161 0
    endloop
  endfacet
  facet normal 0.130554 -0.991441 0
    outer loop
      vertex 2.96995 -26.8161 4
      vertex 4.6885 -26.5898 0
      vertex 4.6885 -26.5898 14
    endloop
  endfacet
  facet normal -0.843392 0.537298 0
    outer loop
      vertex -23.3827 13.5 0
      vertex -22.1171 15.4866 14
      vertex -22.1171 15.4866 0
    endloop
  endfacet
  facet normal -0.843392 0.537298 0
    outer loop
      vertex -22.1171 15.4866 14
      vertex -23.3827 13.5 0
      vertex -23.3827 13.5 14
    endloop
  endfacet
  facet normal 0.887014 -0.461742 0
    outer loop
      vertex 23.3827 -13.5 14
      vertex 24.4703 -11.4107 0
      vertex 24.4703 -11.4107 14
    endloop
  endfacet
  facet normal 0.887014 -0.461742 0
    outer loop
      vertex 24.4703 -11.4107 0
      vertex 23.3827 -13.5 14
      vertex 23.3827 -13.5 0
    endloop
  endfacet
  facet normal 0.60876 0.793354 -0
    outer loop
      vertex 17.3553 20.6832 0
      vertex 15.4866 22.1171 14
      vertex 17.3553 20.6832 14
    endloop
  endfacet
  facet normal 0.60876 0.793354 0
    outer loop
      vertex 15.4866 22.1171 14
      vertex 17.3553 20.6832 0
      vertex 15.4866 22.1171 0
    endloop
  endfacet
  facet normal 0.953717 -0.300707 0
    outer loop
      vertex 25.3717 -9.23454 14
      vertex 26.08 -6.98811 0
      vertex 26.08 -6.98811 14
    endloop
  endfacet
  facet normal 0.953717 -0.300707 0
    outer loop
      vertex 26.08 -6.98811 0
      vertex 25.3717 -9.23454 14
      vertex 25.3717 -9.23454 0
    endloop
  endfacet
  facet normal -0.537298 0.843392 0
    outer loop
      vertex -13.5 23.3827 0
      vertex -15.4866 22.1171 14
      vertex -13.5 23.3827 14
    endloop
  endfacet
  facet normal -0.537298 0.843392 0
    outer loop
      vertex -15.4866 22.1171 14
      vertex -13.5 23.3827 0
      vertex -15.4866 22.1171 0
    endloop
  endfacet
  facet normal -0.60876 -0.793354 0
    outer loop
      vertex -17.3553 -20.6832 0
      vertex -15.4866 -22.1171 14
      vertex -17.3553 -20.6832 14
    endloop
  endfacet
  facet normal -0.60876 -0.793354 -0
    outer loop
      vertex -15.4866 -22.1171 14
      vertex -17.3553 -20.6832 0
      vertex -15.4866 -22.1171 0
    endloop
  endfacet
  facet normal -0.60876 0.793354 0
    outer loop
      vertex -15.4866 22.1171 0
      vertex -17.3553 20.6832 14
      vertex -15.4866 22.1171 14
    endloop
  endfacet
  facet normal -0.60876 0.793354 0
    outer loop
      vertex -17.3553 20.6832 14
      vertex -15.4866 22.1171 0
      vertex -17.3553 20.6832 0
    endloop
  endfacet
  facet normal -0.793354 -0.60876 0
    outer loop
      vertex -20.6832 -17.3553 0
      vertex -22.1171 -15.4866 14
      vertex -22.1171 -15.4866 0
    endloop
  endfacet
  facet normal -0.793354 -0.60876 0
    outer loop
      vertex -22.1171 -15.4866 14
      vertex -20.6832 -17.3553 0
      vertex -20.6832 -17.3553 14
    endloop
  endfacet
  facet normal 0.537298 0.843392 -0
    outer loop
      vertex 15.4866 22.1171 0
      vertex 13.5 23.3827 14
      vertex 15.4866 22.1171 14
    endloop
  endfacet
  facet normal 0.537298 0.843392 0
    outer loop
      vertex 13.5 23.3827 14
      vertex 15.4866 22.1171 0
      vertex 13.5 23.3827 0
    endloop
  endfacet
  facet normal 0.0436012 -0.999049 0
    outer loop
      vertex 0 -27 4
      vertex 2.3532 -26.8973 14
      vertex 0 -27 14
    endloop
  endfacet
  facet normal 0.0436012 -0.999049 0
    outer loop
      vertex 2.3532 -26.8973 14
      vertex 0 -27 4
      vertex 2.3532 -26.8973 4
    endloop
  endfacet
  facet normal -0.976297 0.216435 0
    outer loop
      vertex -26.5898 4.6885 0
      vertex -26.08 6.98811 14
      vertex -26.08 6.98811 0
    endloop
  endfacet
  facet normal -0.976297 0.216435 0
    outer loop
      vertex -26.08 6.98811 14
      vertex -26.5898 4.6885 0
      vertex -26.5898 4.6885 14
    endloop
  endfacet
  facet normal -0.216435 0.976297 0
    outer loop
      vertex -4.6885 26.5898 0
      vertex -6.98811 26.08 14
      vertex -4.6885 26.5898 14
    endloop
  endfacet
  facet normal -0.216435 0.976297 0
    outer loop
      vertex -6.98811 26.08 14
      vertex -4.6885 26.5898 0
      vertex -6.98811 26.08 0
    endloop
  endfacet
  facet normal -0.0436012 0.999049 0
    outer loop
      vertex 0 27 4
      vertex -2.3532 26.8973 14
      vertex 0 27 14
    endloop
  endfacet
  facet normal -0.0436012 0.999049 0
    outer loop
      vertex -2.3532 26.8973 14
      vertex 0 27 4
      vertex -2.3532 26.8973 4
    endloop
  endfacet
  facet normal 0.67559 0.737277 -0
    outer loop
      vertex 19.0919 19.0919 0
      vertex 17.3553 20.6832 14
      vertex 19.0919 19.0919 14
    endloop
  endfacet
  facet normal 0.67559 0.737277 0
    outer loop
      vertex 17.3553 20.6832 14
      vertex 19.0919 19.0919 0
      vertex 17.3553 20.6832 0
    endloop
  endfacet
  facet normal 0.999049 -0.0436012 0
    outer loop
      vertex 26.8973 -2.3532 14
      vertex 27 0 4
      vertex 27 0 14
    endloop
  endfacet
  facet normal 0.999049 -0.0436012 0
    outer loop
      vertex 27 0 4
      vertex 26.8973 -2.3532 14
      vertex 26.8973 -2.3532 4
    endloop
  endfacet
  facet normal 0.793354 -0.60876 0
    outer loop
      vertex 20.6832 -17.3553 14
      vertex 22.1171 -15.4866 0
      vertex 22.1171 -15.4866 14
    endloop
  endfacet
  facet normal 0.793354 -0.60876 0
    outer loop
      vertex 22.1171 -15.4866 0
      vertex 20.6832 -17.3553 14
      vertex 20.6832 -17.3553 0
    endloop
  endfacet
  facet normal 0.0436012 0.999049 -0
    outer loop
      vertex 2.3532 26.8973 4
      vertex 0 27 14
      vertex 2.3532 26.8973 14
    endloop
  endfacet
  facet normal 0.0436012 0.999049 0
    outer loop
      vertex 0 27 14
      vertex 2.3532 26.8973 4
      vertex 0 27 4
    endloop
  endfacet
  facet normal 0.976297 -0.216435 0
    outer loop
      vertex 26.08 -6.98811 14
      vertex 26.5898 -4.6885 0
      vertex 26.5898 -4.6885 14
    endloop
  endfacet
  facet normal 0.976297 -0.216435 0
    outer loop
      vertex 26.5898 -4.6885 0
      vertex 26.08 -6.98811 14
      vertex 26.08 -6.98811 0
    endloop
  endfacet
  facet normal -0.923879 0.382685 0
    outer loop
      vertex -25.3717 9.23454 0
      vertex -24.4703 11.4107 14
      vertex -24.4703 11.4107 0
    endloop
  endfacet
  facet normal -0.923879 0.382685 0
    outer loop
      vertex -24.4703 11.4107 14
      vertex -25.3717 9.23454 0
      vertex -25.3717 9.23454 14
    endloop
  endfacet
  facet normal 0.60876 -0.793354 0
    outer loop
      vertex 15.4866 -22.1171 0
      vertex 17.3553 -20.6832 14
      vertex 15.4866 -22.1171 14
    endloop
  endfacet
  facet normal 0.60876 -0.793354 0
    outer loop
      vertex 17.3553 -20.6832 14
      vertex 15.4866 -22.1171 0
      vertex 17.3553 -20.6832 0
    endloop
  endfacet
  facet normal 0.461742 0.887014 -0
    outer loop
      vertex 13.5 23.3827 0
      vertex 11.4107 24.4703 14
      vertex 13.5 23.3827 14
    endloop
  endfacet
  facet normal 0.461742 0.887014 0
    outer loop
      vertex 11.4107 24.4703 14
      vertex 13.5 23.3827 0
      vertex 11.4107 24.4703 0
    endloop
  endfacet
  facet normal 0.843392 0.537298 0
    outer loop
      vertex 23.3827 13.5 14
      vertex 22.1171 15.4866 0
      vertex 22.1171 15.4866 14
    endloop
  endfacet
  facet normal 0.843392 0.537298 0
    outer loop
      vertex 22.1171 15.4866 0
      vertex 23.3827 13.5 14
      vertex 23.3827 13.5 0
    endloop
  endfacet
  facet normal -0.953717 -0.300707 0
    outer loop
      vertex -25.3717 -9.23454 0
      vertex -26.08 -6.98811 14
      vertex -26.08 -6.98811 0
    endloop
  endfacet
  facet normal -0.953717 -0.300707 0
    outer loop
      vertex -26.08 -6.98811 14
      vertex -25.3717 -9.23454 0
      vertex -25.3717 -9.23454 14
    endloop
  endfacet
  facet normal 0.923879 0.382685 0
    outer loop
      vertex 25.3717 9.23454 14
      vertex 24.4703 11.4107 0
      vertex 24.4703 11.4107 14
    endloop
  endfacet
  facet normal 0.923879 0.382685 0
    outer loop
      vertex 24.4703 11.4107 0
      vertex 25.3717 9.23454 14
      vertex 25.3717 9.23454 0
    endloop
  endfacet
  facet normal -0.953717 0.300707 0
    outer loop
      vertex -26.08 6.98811 0
      vertex -25.3717 9.23454 14
      vertex -25.3717 9.23454 0
    endloop
  endfacet
  facet normal -0.953717 0.300707 0
    outer loop
      vertex -25.3717 9.23454 14
      vertex -26.08 6.98811 0
      vertex -26.08 6.98811 14
    endloop
  endfacet
  facet normal 0.382685 -0.923879 0
    outer loop
      vertex 9.23454 -25.3717 0
      vertex 11.4107 -24.4703 14
      vertex 9.23454 -25.3717 14
    endloop
  endfacet
  facet normal 0.382685 -0.923879 0
    outer loop
      vertex 11.4107 -24.4703 14
      vertex 9.23454 -25.3717 0
      vertex 11.4107 -24.4703 0
    endloop
  endfacet
  facet normal 0.887014 0.461742 0
    outer loop
      vertex 24.4703 11.4107 14
      vertex 23.3827 13.5 0
      vertex 23.3827 13.5 14
    endloop
  endfacet
  facet normal 0.887014 0.461742 0
    outer loop
      vertex 23.3827 13.5 0
      vertex 24.4703 11.4107 14
      vertex 24.4703 11.4107 0
    endloop
  endfacet
  facet normal -0.67559 0.737277 0
    outer loop
      vertex -17.3553 20.6832 0
      vertex -19.0919 19.0919 14
      vertex -17.3553 20.6832 14
    endloop
  endfacet
  facet normal -0.67559 0.737277 0
    outer loop
      vertex -19.0919 19.0919 14
      vertex -17.3553 20.6832 0
      vertex -19.0919 19.0919 0
    endloop
  endfacet
  facet normal -0.887014 -0.461742 0
    outer loop
      vertex -23.3827 -13.5 0
      vertex -24.4703 -11.4107 14
      vertex -24.4703 -11.4107 0
    endloop
  endfacet
  facet normal -0.887014 -0.461742 0
    outer loop
      vertex -24.4703 -11.4107 14
      vertex -23.3827 -13.5 0
      vertex -23.3827 -13.5 14
    endloop
  endfacet
  facet normal -0.382685 0.923879 0
    outer loop
      vertex -9.23454 25.3717 0
      vertex -11.4107 24.4703 14
      vertex -9.23454 25.3717 14
    endloop
  endfacet
  facet normal -0.382685 0.923879 0
    outer loop
      vertex -11.4107 24.4703 14
      vertex -9.23454 25.3717 0
      vertex -11.4107 24.4703 0
    endloop
  endfacet
  facet normal -0.461742 -0.887014 0
    outer loop
      vertex -13.5 -23.3827 0
      vertex -11.4107 -24.4703 14
      vertex -13.5 -23.3827 14
    endloop
  endfacet
  facet normal -0.461742 -0.887014 -0
    outer loop
      vertex -11.4107 -24.4703 14
      vertex -13.5 -23.3827 0
      vertex -11.4107 -24.4703 0
    endloop
  endfacet
  facet normal 0.737277 0.67559 0
    outer loop
      vertex 20.6832 17.3553 14
      vertex 19.0919 19.0919 0
      vertex 19.0919 19.0919 14
    endloop
  endfacet
  facet normal 0.737277 0.67559 0
    outer loop
      vertex 19.0919 19.0919 0
      vertex 20.6832 17.3553 14
      vertex 20.6832 17.3553 0
    endloop
  endfacet
  facet normal -0.130548 -0.991442 1.03016e-06
    outer loop
      vertex -4.6885 -26.5898 14
      vertex -2.96995 -26.8161 4
      vertex -2.3532 -26.8973 14
    endloop
  endfacet
  facet normal -0.130554 -0.991441 0
    outer loop
      vertex -4.6885 -26.5898 0
      vertex -2.96995 -26.8161 4
      vertex -4.6885 -26.5898 14
    endloop
  endfacet
  facet normal -0.130554 -0.991441 -0
    outer loop
      vertex -2.96995 -26.8161 4
      vertex -4.6885 -26.5898 0
      vertex -2.96995 -26.8161 0
    endloop
  endfacet
  facet normal -0.130531 -0.991444 -0
    outer loop
      vertex -2.3532 -26.8973 14
      vertex -2.96995 -26.8161 4
      vertex -2.3532 -26.8973 4
    endloop
  endfacet
  facet normal -0.737277 0.67559 0
    outer loop
      vertex -20.6832 17.3553 0
      vertex -19.0919 19.0919 14
      vertex -19.0919 19.0919 0
    endloop
  endfacet
  facet normal -0.737277 0.67559 0
    outer loop
      vertex -19.0919 19.0919 14
      vertex -20.6832 17.3553 0
      vertex -20.6832 17.3553 14
    endloop
  endfacet
  facet normal 0.216435 0.976297 -0
    outer loop
      vertex 6.98811 26.08 0
      vertex 4.6885 26.5898 14
      vertex 6.98811 26.08 14
    endloop
  endfacet
  facet normal 0.216435 0.976297 0
    outer loop
      vertex 4.6885 26.5898 14
      vertex 6.98811 26.08 0
      vertex 4.6885 26.5898 0
    endloop
  endfacet
  facet normal -0.737277 -0.67559 0
    outer loop
      vertex -19.0919 -19.0919 0
      vertex -20.6832 -17.3553 14
      vertex -20.6832 -17.3553 0
    endloop
  endfacet
  facet normal -0.737277 -0.67559 0
    outer loop
      vertex -20.6832 -17.3553 14
      vertex -19.0919 -19.0919 0
      vertex -19.0919 -19.0919 14
    endloop
  endfacet
  facet normal -0.976297 -0.216435 0
    outer loop
      vertex -26.08 -6.98811 0
      vertex -26.5898 -4.6885 14
      vertex -26.5898 -4.6885 0
    endloop
  endfacet
  facet normal -0.976297 -0.216435 0
    outer loop
      vertex -26.5898 -4.6885 14
      vertex -26.08 -6.98811 0
      vertex -26.08 -6.98811 14
    endloop
  endfacet
  facet normal -0.461742 0.887014 0
    outer loop
      vertex -11.4107 24.4703 0
      vertex -13.5 23.3827 14
      vertex -11.4107 24.4703 14
    endloop
  endfacet
  facet normal -0.461742 0.887014 0
    outer loop
      vertex -13.5 23.3827 14
      vertex -11.4107 24.4703 0
      vertex -13.5 23.3827 0
    endloop
  endfacet
  facet normal -0.0436012 -0.999049 0
    outer loop
      vertex -2.3532 -26.8973 4
      vertex 0 -27 14
      vertex -2.3532 -26.8973 14
    endloop
  endfacet
  facet normal -0.0436012 -0.999049 -0
    outer loop
      vertex 0 -27 14
      vertex -2.3532 -26.8973 4
      vertex 0 -27 4
    endloop
  endfacet
  facet normal 0.537298 -0.843392 0
    outer loop
      vertex 13.5 -23.3827 0
      vertex 15.4866 -22.1171 14
      vertex 13.5 -23.3827 14
    endloop
  endfacet
  facet normal 0.537298 -0.843392 0
    outer loop
      vertex 15.4866 -22.1171 14
      vertex 13.5 -23.3827 0
      vertex 15.4866 -22.1171 0
    endloop
  endfacet
  facet normal -0.793354 0.60876 0
    outer loop
      vertex -22.1171 15.4866 0
      vertex -20.6832 17.3553 14
      vertex -20.6832 17.3553 0
    endloop
  endfacet
  facet normal -0.793354 0.60876 0
    outer loop
      vertex -20.6832 17.3553 14
      vertex -22.1171 15.4866 0
      vertex -22.1171 15.4866 14
    endloop
  endfacet
  facet normal -0.991441 0.130554 0
    outer loop
      vertex -26.8161 2.96995 4
      vertex -26.5898 4.6885 0
      vertex -26.8161 2.96995 0
    endloop
  endfacet
  facet normal -0.991441 0.130554 0
    outer loop
      vertex -26.5898 4.6885 0
      vertex -26.8161 2.96995 4
      vertex -26.5898 4.6885 14
    endloop
  endfacet
  facet normal -0.991444 0.130531 0
    outer loop
      vertex -26.8973 2.3532 14
      vertex -26.8161 2.96995 4
      vertex -26.8973 2.3532 4
    endloop
  endfacet
  facet normal -0.991442 0.130548 1.03016e-06
    outer loop
      vertex -26.8161 2.96995 4
      vertex -26.8973 2.3532 14
      vertex -26.5898 4.6885 14
    endloop
  endfacet
  facet normal 0.923879 -0.382685 0
    outer loop
      vertex 24.4703 -11.4107 14
      vertex 25.3717 -9.23454 0
      vertex 25.3717 -9.23454 14
    endloop
  endfacet
  facet normal 0.923879 -0.382685 0
    outer loop
      vertex 25.3717 -9.23454 0
      vertex 24.4703 -11.4107 14
      vertex 24.4703 -11.4107 0
    endloop
  endfacet
  facet normal -0.999049 -0.0436012 0
    outer loop
      vertex -26.8973 -2.3532 4
      vertex -27 0 14
      vertex -27 0 4
    endloop
  endfacet
  facet normal -0.999049 -0.0436012 0
    outer loop
      vertex -27 0 14
      vertex -26.8973 -2.3532 4
      vertex -26.8973 -2.3532 14
    endloop
  endfacet
  facet normal -0.537298 -0.843392 0
    outer loop
      vertex -15.4866 -22.1171 0
      vertex -13.5 -23.3827 14
      vertex -15.4866 -22.1171 14
    endloop
  endfacet
  facet normal -0.537298 -0.843392 -0
    outer loop
      vertex -13.5 -23.3827 14
      vertex -15.4866 -22.1171 0
      vertex -13.5 -23.3827 0
    endloop
  endfacet
  facet normal 0.793354 0.60876 0
    outer loop
      vertex 22.1171 15.4866 14
      vertex 20.6832 17.3553 0
      vertex 20.6832 17.3553 14
    endloop
  endfacet
  facet normal 0.793354 0.60876 0
    outer loop
      vertex 20.6832 17.3553 0
      vertex 22.1171 15.4866 14
      vertex 22.1171 15.4866 0
    endloop
  endfacet
  facet normal -0.130531 0.991444 0
    outer loop
      vertex -2.96995 26.8161 4
      vertex -2.3532 26.8973 14
      vertex -2.3532 26.8973 4
    endloop
  endfacet
  facet normal -0.130548 0.991442 1.03016e-06
    outer loop
      vertex -2.3532 26.8973 14
      vertex -2.96995 26.8161 4
      vertex -4.6885 26.5898 14
    endloop
  endfacet
  facet normal -0.130554 0.991441 0
    outer loop
      vertex -4.6885 26.5898 0
      vertex -2.96995 26.8161 4
      vertex -2.96995 26.8161 0
    endloop
  endfacet
  facet normal -0.130554 0.991441 0
    outer loop
      vertex -2.96995 26.8161 4
      vertex -4.6885 26.5898 0
      vertex -4.6885 26.5898 14
    endloop
  endfacet
  facet normal 0 0 1
    outer loop
      vertex 13 0 14
      vertex 27 0 14
      vertex 26.8973 2.3532 14
    endloop
  endfacet
  facet normal 0 0 1
    outer loop
      vertex 12.9505 1.13302 14
      vertex 26.8973 2.3532 14
      vertex 26.5898 4.6885 14
    endloop
  endfacet
  facet normal 0 0 1
    outer loop
      vertex 27 0 14
      vertex 13 0 14
      vertex 26.8973 -2.3532 14
    endloop
  endfacet
  facet normal 0 0 1
    outer loop
      vertex 12.8025 2.25743 14
      vertex 26.5898 4.6885 14
      vertex 26.08 6.98811 14
    endloop
  endfacet
  facet normal -0 0 1
    outer loop
      vertex 12.9505 -1.13302 14
      vertex 26.8973 -2.3532 14
      vertex 13 0 14
    endloop
  endfacet
  facet normal 0 0 1
    outer loop
      vertex 12.557 3.36465 14
      vertex 26.08 6.98811 14
      vertex 25.3717 9.23454 14
    endloop
  endfacet
  facet normal 0 0 1
    outer loop
      vertex 26.8973 -2.3532 14
      vertex 12.9505 -1.13302 14
      vertex 26.5898 -4.6885 14
    endloop
  endfacet
  facet normal 0 0 1
    outer loop
      vertex 12.216 4.44626 14
      vertex 25.3717 9.23454 14
      vertex 24.4703 11.4107 14
    endloop
  endfacet
  facet normal -0 0 1
    outer loop
      vertex 12.8025 -2.25743 14
      vertex 26.5898 -4.6885 14
      vertex 12.9505 -1.13302 14
    endloop
  endfacet
  facet normal 0 0 1
    outer loop
      vertex 11.782 5.49404 14
      vertex 24.4703 11.4107 14
      vertex 23.3827 13.5 14
    endloop
  endfacet
  facet normal 0 0 1
    outer loop
      vertex 26.5898 -4.6885 14
      vertex 12.8025 -2.25743 14
      vertex 26.08 -6.98811 14
    endloop
  endfacet
  facet normal 0 0 1
    outer loop
      vertex 11.2583 6.5 14
      vertex 23.3827 13.5 14
      vertex 22.1171 15.4866 14
    endloop
  endfacet
  facet normal -0 0 1
    outer loop
      vertex 12.557 -3.36465 14
      vertex 26.08 -6.98811 14
      vertex 12.8025 -2.25743 14
    endloop
  endfacet
  facet normal 0 0 1
    outer loop
      vertex 10.649 7.45649 14
      vertex 22.1171 15.4866 14
      vertex 20.6832 17.3553 14
    endloop
  endfacet
  facet normal 0 0 1
    outer loop
      vertex 26.08 -6.98811 14
      vertex 12.557 -3.36465 14
      vertex 25.3717 -9.23454 14
    endloop
  endfacet
  facet normal 0 0 1
    outer loop
      vertex 9.95858 8.35624 14
      vertex 20.6832 17.3553 14
      vertex 19.0919 19.0919 14
    endloop
  endfacet
  facet normal -0 0 1
    outer loop
      vertex 12.216 -4.44626 14
      vertex 25.3717 -9.23454 14
      vertex 12.557 -3.36465 14
    endloop
  endfacet
  facet normal 0 0 1
    outer loop
      vertex 9.19239 9.19239 14
      vertex 19.0919 19.0919 14
      vertex 17.3553 20.6832 14
    endloop
  endfacet
  facet normal 0 0 1
    outer loop
      vertex 25.3717 -9.23454 14
      vertex 12.216 -4.44626 14
      vertex 24.4703 -11.4107 14
    endloop
  endfacet
  facet normal 0 0 1
    outer loop
      vertex 8.35624 9.95858 14
      vertex 17.3553 20.6832 14
      vertex 15.4866 22.1171 14
    endloop
  endfacet
  facet normal -0 0 1
    outer loop
      vertex 11.782 -5.49404 14
      vertex 24.4703 -11.4107 14
      vertex 12.216 -4.44626 14
    endloop
  endfacet
  facet normal 0 0 1
    outer loop
      vertex 7.45649 10.649 14
      vertex 15.4866 22.1171 14
      vertex 13.5 23.3827 14
    endloop
  endfacet
  facet normal 0 0 1
    outer loop
      vertex 24.4703 -11.4107 14
      vertex 11.782 -5.49404 14
      vertex 23.3827 -13.5 14
    endloop
  endfacet
  facet normal -0 0 1
    outer loop
      vertex 11.2583 -6.5 14
      vertex 23.3827 -13.5 14
      vertex 11.782 -5.49404 14
    endloop
  endfacet
  facet normal 0 0 1
    outer loop
      vertex 26.8973 2.3532 14
      vertex 12.9505 1.13302 14
      vertex 13 0 14
    endloop
  endfacet
  facet normal 0 0 1
    outer loop
      vertex 26.5898 4.6885 14
      vertex 12.8025 2.25743 14
      vertex 12.9505 1.13302 14
    endloop
  endfacet
  facet normal 0 0 1
    outer loop
      vertex 26.08 6.98811 14
      vertex 12.557 3.36465 14
      vertex 12.8025 2.25743 14
    endloop
  endfacet
  facet normal 0 0 1
    outer loop
      vertex 25.3717 9.23454 14
      vertex 12.216 4.44626 14
      vertex 12.557 3.36465 14
    endloop
  endfacet
  facet normal 0 0 1
    outer loop
      vertex 24.4703 11.4107 14
      vertex 11.782 5.49404 14
      vertex 12.216 4.44626 14
    endloop
  endfacet
  facet normal 0 0 1
    outer loop
      vertex 6.5 11.2583 14
      vertex 13.5 23.3827 14
      vertex 11.4107 24.4703 14
    endloop
  endfacet
  facet normal 0 0 1
    outer loop
      vertex 23.3827 13.5 14
      vertex 11.2583 6.5 14
      vertex 11.782 5.49404 14
    endloop
  endfacet
  facet normal 0 0 1
    outer loop
      vertex 22.1171 15.4866 14
      vertex 10.649 7.45649 14
      vertex 11.2583 6.5 14
    endloop
  endfacet
  facet normal 0 0 1
    outer loop
      vertex 20.6832 17.3553 14
      vertex 9.95858 8.35624 14
      vertex 10.649 7.45649 14
    endloop
  endfacet
  facet normal 0 0 1
    outer loop
      vertex 5.49404 11.782 14
      vertex 11.4107 24.4703 14
      vertex 9.23454 25.3717 14
    endloop
  endfacet
  facet normal 0 0 1
    outer loop
      vertex 19.0919 19.0919 14
      vertex 9.19239 9.19239 14
      vertex 9.95858 8.35624 14
    endloop
  endfacet
  facet normal 0 0 1
    outer loop
      vertex 17.3553 20.6832 14
      vertex 8.35624 9.95858 14
      vertex 9.19239 9.19239 14
    endloop
  endfacet
  facet normal 0 0 1
    outer loop
      vertex 15.4866 22.1171 14
      vertex 7.45649 10.649 14
      vertex 8.35624 9.95858 14
    endloop
  endfacet
  facet normal 0 0 1
    outer loop
      vertex 4.44626 12.216 14
      vertex 9.23454 25.3717 14
      vertex 6.98811 26.08 14
    endloop
  endfacet
  facet normal 0 0 1
    outer loop
      vertex 13.5 23.3827 14
      vertex 6.5 11.2583 14
      vertex 7.45649 10.649 14
    endloop
  endfacet
  facet normal 0 0 1
    outer loop
      vertex 11.4107 24.4703 14
      vertex 5.49404 11.782 14
      vertex 6.5 11.2583 14
    endloop
  endfacet
  facet normal 0 0 1
    outer loop
      vertex 3.36465 12.557 14
      vertex 6.98811 26.08 14
      vertex 4.6885 26.5898 14
    endloop
  endfacet
  facet normal 0 0 1
    outer loop
      vertex 9.23454 25.3717 14
      vertex 4.44626 12.216 14
      vertex 5.49404 11.782 14
    endloop
  endfacet
  facet normal 0 0 1
    outer loop
      vertex 6.98811 26.08 14
      vertex 3.36465 12.557 14
      vertex 4.44626 12.216 14
    endloop
  endfacet
  facet normal 0 0 1
    outer loop
      vertex 2.25743 12.8025 14
      vertex 4.6885 26.5898 14
      vertex 2.3532 26.8973 14
    endloop
  endfacet
  facet normal 0 0 1
    outer loop
      vertex 4.6885 26.5898 14
      vertex 2.25743 12.8025 14
      vertex 3.36465 12.557 14
    endloop
  endfacet
  facet normal 0 0 1
    outer loop
      vertex 2.3532 26.8973 14
      vertex 1.13302 12.9505 14
      vertex 2.25743 12.8025 14
    endloop
  endfacet
  facet normal 0 0 1
    outer loop
      vertex 0 27 14
      vertex 1.13302 12.9505 14
      vertex 2.3532 26.8973 14
    endloop
  endfacet
  facet normal 0 0 1
    outer loop
      vertex 0 27 14
      vertex 0 13 14
      vertex 1.13302 12.9505 14
    endloop
  endfacet
  facet normal 0 0 1
    outer loop
      vertex 0 27 14
      vertex -1.13302 12.9505 14
      vertex 0 13 14
    endloop
  endfacet
  facet normal -0 0 1
    outer loop
      vertex -2.3532 26.8973 14
      vertex -1.13302 12.9505 14
      vertex 0 27 14
    endloop
  endfacet
  facet normal 0 0 1
    outer loop
      vertex -1.13302 12.9505 14
      vertex -2.3532 26.8973 14
      vertex -2.25743 12.8025 14
    endloop
  endfacet
  facet normal -0 0 1
    outer loop
      vertex -4.6885 26.5898 14
      vertex -2.25743 12.8025 14
      vertex -2.3532 26.8973 14
    endloop
  endfacet
  facet normal 0 0 1
    outer loop
      vertex -2.25743 12.8025 14
      vertex -4.6885 26.5898 14
      vertex -3.36465 12.557 14
    endloop
  endfacet
  facet normal -0 0 1
    outer loop
      vertex -6.98811 26.08 14
      vertex -3.36465 12.557 14
      vertex -4.6885 26.5898 14
    endloop
  endfacet
  facet normal 0 0 1
    outer loop
      vertex -3.36465 12.557 14
      vertex -6.98811 26.08 14
      vertex -4.44626 12.216 14
    endloop
  endfacet
  facet normal -0 0 1
    outer loop
      vertex -9.23454 25.3717 14
      vertex -4.44626 12.216 14
      vertex -6.98811 26.08 14
    endloop
  endfacet
  facet normal 0 0 1
    outer loop
      vertex -4.44626 12.216 14
      vertex -9.23454 25.3717 14
      vertex -5.49404 11.782 14
    endloop
  endfacet
  facet normal -0 0 1
    outer loop
      vertex -11.4107 24.4703 14
      vertex -5.49404 11.782 14
      vertex -9.23454 25.3717 14
    endloop
  endfacet
  facet normal 0 0 1
    outer loop
      vertex -5.49404 11.782 14
      vertex -11.4107 24.4703 14
      vertex -6.5 11.2583 14
    endloop
  endfacet
  facet normal -0 0 1
    outer loop
      vertex -13.5 23.3827 14
      vertex -6.5 11.2583 14
      vertex -11.4107 24.4703 14
    endloop
  endfacet
  facet normal 0 0 1
    outer loop
      vertex -6.5 11.2583 14
      vertex -13.5 23.3827 14
      vertex -7.45649 10.649 14
    endloop
  endfacet
  facet normal -0 0 1
    outer loop
      vertex -15.4866 22.1171 14
      vertex -7.45649 10.649 14
      vertex -13.5 23.3827 14
    endloop
  endfacet
  facet normal 0 0 1
    outer loop
      vertex -7.45649 10.649 14
      vertex -15.4866 22.1171 14
      vertex -8.35624 9.95858 14
    endloop
  endfacet
  facet normal -0 0 1
    outer loop
      vertex -17.3553 20.6832 14
      vertex -8.35624 9.95858 14
      vertex -15.4866 22.1171 14
    endloop
  endfacet
  facet normal 0 0 1
    outer loop
      vertex -8.35624 9.95858 14
      vertex -17.3553 20.6832 14
      vertex -9.19239 9.19239 14
    endloop
  endfacet
  facet normal -0 0 1
    outer loop
      vertex -19.0919 19.0919 14
      vertex -9.19239 9.19239 14
      vertex -17.3553 20.6832 14
    endloop
  endfacet
  facet normal 0 0 1
    outer loop
      vertex -9.19239 9.19239 14
      vertex -19.0919 19.0919 14
      vertex -9.95858 8.35624 14
    endloop
  endfacet
  facet normal -0 0 1
    outer loop
      vertex -20.6832 17.3553 14
      vertex -9.95858 8.35624 14
      vertex -19.0919 19.0919 14
    endloop
  endfacet
  facet normal 0 0 1
    outer loop
      vertex -9.95858 8.35624 14
      vertex -20.6832 17.3553 14
      vertex -10.649 7.45649 14
    endloop
  endfacet
  facet normal -0 0 1
    outer loop
      vertex -22.1171 15.4866 14
      vertex -10.649 7.45649 14
      vertex -20.6832 17.3553 14
    endloop
  endfacet
  facet normal -0 0 1
    outer loop
      vertex -23.3827 13.5 14
      vertex -11.2583 6.5 14
      vertex -22.1171 15.4866 14
    endloop
  endfacet
  facet normal 0 0 1
    outer loop
      vertex -10.649 7.45649 14
      vertex -22.1171 15.4866 14
      vertex -11.2583 6.5 14
    endloop
  endfacet
  facet normal 0 0 1
    outer loop
      vertex 23.3827 -13.5 14
      vertex 11.2583 -6.5 14
      vertex 22.1171 -15.4866 14
    endloop
  endfacet
  facet normal -0 0 1
    outer loop
      vertex 10.649 -7.45649 14
      vertex 22.1171 -15.4866 14
      vertex 11.2583 -6.5 14
    endloop
  endfacet
  facet normal 0 0 1
    outer loop
      vertex 22.1171 -15.4866 14
      vertex 10.649 -7.45649 14
      vertex 20.6832 -17.3553 14
    endloop
  endfacet
  facet normal -0 0 1
    outer loop
      vertex 9.95858 -8.35624 14
      vertex 20.6832 -17.3553 14
      vertex 10.649 -7.45649 14
    endloop
  endfacet
  facet normal 0 0 1
    outer loop
      vertex 20.6832 -17.3553 14
      vertex 9.95858 -8.35624 14
      vertex 19.0919 -19.0919 14
    endloop
  endfacet
  facet normal -0 0 1
    outer loop
      vertex 9.19239 -9.19239 14
      vertex 19.0919 -19.0919 14
      vertex 9.95858 -8.35624 14
    endloop
  endfacet
  facet normal 0 0 1
    outer loop
      vertex 19.0919 -19.0919 14
      vertex 9.19239 -9.19239 14
      vertex 17.3553 -20.6832 14
    endloop
  endfacet
  facet normal -0 0 1
    outer loop
      vertex 8.35624 -9.95858 14
      vertex 17.3553 -20.6832 14
      vertex 9.19239 -9.19239 14
    endloop
  endfacet
  facet normal 0 0 1
    outer loop
      vertex 17.3553 -20.6832 14
      vertex 8.35624 -9.95858 14
      vertex 15.4866 -22.1171 14
    endloop
  endfacet
  facet normal -0 0 1
    outer loop
      vertex 7.45649 -10.649 14
      vertex 15.4866 -22.1171 14
      vertex 8.35624 -9.95858 14
    endloop
  endfacet
  facet normal 0 0 1
    outer loop
      vertex 15.4866 -22.1171 14
      vertex 7.45649 -10.649 14
      vertex 13.5 -23.3827 14
    endloop
  endfacet
  facet normal -0 0 1
    outer loop
      vertex 6.5 -11.2583 14
      vertex 13.5 -23.3827 14
      vertex 7.45649 -10.649 14
    endloop
  endfacet
  facet normal 0 0 1
    outer loop
      vertex 13.5 -23.3827 14
      vertex 6.5 -11.2583 14
      vertex 11.4107 -24.4703 14
    endloop
  endfacet
  facet normal -0 0 1
    outer loop
      vertex 5.49404 -11.782 14
      vertex 11.4107 -24.4703 14
      vertex 6.5 -11.2583 14
    endloop
  endfacet
  facet normal 0 0 1
    outer loop
      vertex 11.4107 -24.4703 14
      vertex 5.49404 -11.782 14
      vertex 9.23454 -25.3717 14
    endloop
  endfacet
  facet normal -0 0 1
    outer loop
      vertex 4.44626 -12.216 14
      vertex 9.23454 -25.3717 14
      vertex 5.49404 -11.782 14
    endloop
  endfacet
  facet normal 0 0 1
    outer loop
      vertex 9.23454 -25.3717 14
      vertex 4.44626 -12.216 14
      vertex 6.98811 -26.08 14
    endloop
  endfacet
  facet normal -0 0 1
    outer loop
      vertex 3.36465 -12.557 14
      vertex 6.98811 -26.08 14
      vertex 4.44626 -12.216 14
    endloop
  endfacet
  facet normal 0 0 1
    outer loop
      vertex 6.98811 -26.08 14
      vertex 3.36465 -12.557 14
      vertex 4.6885 -26.5898 14
    endloop
  endfacet
  facet normal -0 0 1
    outer loop
      vertex 2.25743 -12.8025 14
      vertex 4.6885 -26.5898 14
      vertex 3.36465 -12.557 14
    endloop
  endfacet
  facet normal 0 0 1
    outer loop
      vertex 4.6885 -26.5898 14
      vertex 2.25743 -12.8025 14
      vertex 2.3532 -26.8973 14
    endloop
  endfacet
  facet normal -0 0 1
    outer loop
      vertex 1.13302 -12.9505 14
      vertex 2.3532 -26.8973 14
      vertex 2.25743 -12.8025 14
    endloop
  endfacet
  facet normal -0 0 1
    outer loop
      vertex 0 -13 14
      vertex 2.3532 -26.8973 14
      vertex 1.13302 -12.9505 14
    endloop
  endfacet
  facet normal 0 0 1
    outer loop
      vertex 0 -13 14
      vertex 0 -27 14
      vertex 2.3532 -26.8973 14
    endloop
  endfacet
  facet normal 0 0 1
    outer loop
      vertex -1.13302 -12.9505 14
      vertex 0 -27 14
      vertex 0 -13 14
    endloop
  endfacet
  facet normal 0 0 1
    outer loop
      vertex -2.3532 -26.8973 14
      vertex -1.13302 -12.9505 14
      vertex -2.25743 -12.8025 14
    endloop
  endfacet
  facet normal 0 0 1
    outer loop
      vertex -1.13302 -12.9505 14
      vertex -2.3532 -26.8973 14
      vertex 0 -27 14
    endloop
  endfacet
  facet normal 0 0 1
    outer loop
      vertex -4.6885 -26.5898 14
      vertex -2.25743 -12.8025 14
      vertex -3.36465 -12.557 14
    endloop
  endfacet
  facet normal 0 0 1
    outer loop
      vertex -6.98811 -26.08 14
      vertex -3.36465 -12.557 14
      vertex -4.44626 -12.216 14
    endloop
  endfacet
  facet normal 0 0 1
    outer loop
      vertex -2.25743 -12.8025 14
      vertex -4.6885 -26.5898 14
      vertex -2.3532 -26.8973 14
    endloop
  endfacet
  facet normal 0 0 1
    outer loop
      vertex -9.23454 -25.3717 14
      vertex -4.44626 -12.216 14
      vertex -5.49404 -11.782 14
    endloop
  endfacet
  facet normal 0 0 1
    outer loop
      vertex -11.4107 -24.4703 14
      vertex -5.49404 -11.782 14
      vertex -6.5 -11.2583 14
    endloop
  endfacet
  facet normal 0 0 1
    outer loop
      vertex -3.36465 -12.557 14
      vertex -6.98811 -26.08 14
      vertex -4.6885 -26.5898 14
    endloop
  endfacet
  facet normal 0 0 1
    outer loop
      vertex -13.5 -23.3827 14
      vertex -6.5 -11.2583 14
      vertex -7.45649 -10.649 14
    endloop
  endfacet
  facet normal 0 0 1
    outer loop
      vertex -15.4866 -22.1171 14
      vertex -7.45649 -10.649 14
      vertex -8.35624 -9.95858 14
    endloop
  endfacet
  facet normal 0 0 1
    outer loop
      vertex -17.3553 -20.6832 14
      vertex -8.35624 -9.95858 14
      vertex -9.19239 -9.19239 14
    endloop
  endfacet
  facet normal 0 0 1
    outer loop
      vertex -4.44626 -12.216 14
      vertex -9.23454 -25.3717 14
      vertex -6.98811 -26.08 14
    endloop
  endfacet
  facet normal 0 0 1
    outer loop
      vertex -19.0919 -19.0919 14
      vertex -9.19239 -9.19239 14
      vertex -9.95858 -8.35624 14
    endloop
  endfacet
  facet normal 0 0 1
    outer loop
      vertex -20.6832 -17.3553 14
      vertex -9.95858 -8.35624 14
      vertex -10.649 -7.45649 14
    endloop
  endfacet
  facet normal 0 0 1
    outer loop
      vertex -22.1171 -15.4866 14
      vertex -10.649 -7.45649 14
      vertex -11.2583 -6.5 14
    endloop
  endfacet
  facet normal 0 0 1
    outer loop
      vertex -5.49404 -11.782 14
      vertex -11.4107 -24.4703 14
      vertex -9.23454 -25.3717 14
    endloop
  endfacet
  facet normal 0 0 1
    outer loop
      vertex -23.3827 -13.5 14
      vertex -11.2583 -6.5 14
      vertex -11.782 -5.49404 14
    endloop
  endfacet
  facet normal 0 0 1
    outer loop
      vertex -24.4703 -11.4107 14
      vertex -11.782 -5.49404 14
      vertex -12.216 -4.44626 14
    endloop
  endfacet
  facet normal 0 0 1
    outer loop
      vertex -25.3717 -9.23454 14
      vertex -12.216 -4.44626 14
      vertex -12.557 -3.36465 14
    endloop
  endfacet
  facet normal 0 0 1
    outer loop
      vertex -26.08 -6.98811 14
      vertex -12.557 -3.36465 14
      vertex -12.8025 -2.25743 14
    endloop
  endfacet
  facet normal 0 0 1
    outer loop
      vertex -26.5898 -4.6885 14
      vertex -12.8025 -2.25743 14
      vertex -12.9505 -1.13302 14
    endloop
  endfacet
  facet normal 0 0 1
    outer loop
      vertex -6.5 -11.2583 14
      vertex -13.5 -23.3827 14
      vertex -11.4107 -24.4703 14
    endloop
  endfacet
  facet normal 0 0 1
    outer loop
      vertex -26.8973 -2.3532 14
      vertex -12.9505 -1.13302 14
      vertex -13 0 14
    endloop
  endfacet
  facet normal 0 0 1
    outer loop
      vertex -11.2583 6.5 14
      vertex -23.3827 13.5 14
      vertex -11.782 5.49404 14
    endloop
  endfacet
  facet normal -0 0 1
    outer loop
      vertex -24.4703 11.4107 14
      vertex -11.782 5.49404 14
      vertex -23.3827 13.5 14
    endloop
  endfacet
  facet normal 0 0 1
    outer loop
      vertex -7.45649 -10.649 14
      vertex -15.4866 -22.1171 14
      vertex -13.5 -23.3827 14
    endloop
  endfacet
  facet normal 0 0 1
    outer loop
      vertex -11.782 5.49404 14
      vertex -24.4703 11.4107 14
      vertex -12.216 4.44626 14
    endloop
  endfacet
  facet normal 0 0 1
    outer loop
      vertex -8.35624 -9.95858 14
      vertex -17.3553 -20.6832 14
      vertex -15.4866 -22.1171 14
    endloop
  endfacet
  facet normal -0 0 1
    outer loop
      vertex -25.3717 9.23454 14
      vertex -12.216 4.44626 14
      vertex -24.4703 11.4107 14
    endloop
  endfacet
  facet normal 0 0 1
    outer loop
      vertex -9.19239 -9.19239 14
      vertex -19.0919 -19.0919 14
      vertex -17.3553 -20.6832 14
    endloop
  endfacet
  facet normal 0 0 1
    outer loop
      vertex -12.216 4.44626 14
      vertex -25.3717 9.23454 14
      vertex -12.557 3.36465 14
    endloop
  endfacet
  facet normal 0 0 1
    outer loop
      vertex -9.95858 -8.35624 14
      vertex -20.6832 -17.3553 14
      vertex -19.0919 -19.0919 14
    endloop
  endfacet
  facet normal -0 0 1
    outer loop
      vertex -26.08 6.98811 14
      vertex -12.557 3.36465 14
      vertex -25.3717 9.23454 14
    endloop
  endfacet
  facet normal 0 0 1
    outer loop
      vertex -10.649 -7.45649 14
      vertex -22.1171 -15.4866 14
      vertex -20.6832 -17.3553 14
    endloop
  endfacet
  facet normal 0 0 1
    outer loop
      vertex -12.557 3.36465 14
      vertex -26.08 6.98811 14
      vertex -12.8025 2.25743 14
    endloop
  endfacet
  facet normal 0 0 1
    outer loop
      vertex -11.2583 -6.5 14
      vertex -23.3827 -13.5 14
      vertex -22.1171 -15.4866 14
    endloop
  endfacet
  facet normal -0 0 1
    outer loop
      vertex -26.5898 4.6885 14
      vertex -12.8025 2.25743 14
      vertex -26.08 6.98811 14
    endloop
  endfacet
  facet normal 0 0 1
    outer loop
      vertex -11.782 -5.49404 14
      vertex -24.4703 -11.4107 14
      vertex -23.3827 -13.5 14
    endloop
  endfacet
  facet normal 0 0 1
    outer loop
      vertex -12.8025 2.25743 14
      vertex -26.5898 4.6885 14
      vertex -12.9505 1.13302 14
    endloop
  endfacet
  facet normal 0 0 1
    outer loop
      vertex -12.216 -4.44626 14
      vertex -25.3717 -9.23454 14
      vertex -24.4703 -11.4107 14
    endloop
  endfacet
  facet normal -0 0 1
    outer loop
      vertex -26.8973 2.3532 14
      vertex -12.9505 1.13302 14
      vertex -26.5898 4.6885 14
    endloop
  endfacet
  facet normal 0 0 1
    outer loop
      vertex -12.557 -3.36465 14
      vertex -26.08 -6.98811 14
      vertex -25.3717 -9.23454 14
    endloop
  endfacet
  facet normal 0 0 1
    outer loop
      vertex -12.9505 1.13302 14
      vertex -26.8973 2.3532 14
      vertex -13 0 14
    endloop
  endfacet
  facet normal 0 0 1
    outer loop
      vertex -12.8025 -2.25743 14
      vertex -26.5898 -4.6885 14
      vertex -26.08 -6.98811 14
    endloop
  endfacet
  facet normal 0 0 1
    outer loop
      vertex -27 0 14
      vertex -13 0 14
      vertex -26.8973 2.3532 14
    endloop
  endfacet
  facet normal 0 0 1
    outer loop
      vertex -12.9505 -1.13302 14
      vertex -26.8973 -2.3532 14
      vertex -26.5898 -4.6885 14
    endloop
  endfacet
  facet normal 0 0 1
    outer loop
      vertex -13 0 14
      vertex -27 0 14
      vertex -26.8973 -2.3532 14
    endloop
  endfacet
  facet normal 0.843392 -0.537298 0
    outer loop
      vertex 22.1171 -15.4866 14
      vertex 23.3827 -13.5 0
      vertex 23.3827 -13.5 14
    endloop
  endfacet
  facet normal 0.843392 -0.537298 0
    outer loop
      vertex 23.3827 -13.5 0
      vertex 22.1171 -15.4866 14
      vertex 22.1171 -15.4866 0
    endloop
  endfacet
  facet normal -0.843392 -0.537298 0
    outer loop
      vertex -22.1171 -15.4866 0
      vertex -23.3827 -13.5 14
      vertex -23.3827 -13.5 0
    endloop
  endfacet
  facet normal -0.843392 -0.537298 0
    outer loop
      vertex -23.3827 -13.5 14
      vertex -22.1171 -15.4866 0
      vertex -22.1171 -15.4866 14
    endloop
  endfacet
  facet normal -0.999049 0.0436012 0
    outer loop
      vertex -27 0 4
      vertex -26.8973 2.3532 14
      vertex -26.8973 2.3532 4
    endloop
  endfacet
  facet normal -0.999049 0.0436012 0
    outer loop
      vertex -26.8973 2.3532 14
      vertex -27 0 4
      vertex -27 0 14
    endloop
  endfacet
  facet normal -0.382685 -0.923879 0
    outer loop
      vertex -11.4107 -24.4703 0
      vertex -9.23454 -25.3717 14
      vertex -11.4107 -24.4703 14
    endloop
  endfacet
  facet normal -0.382685 -0.923879 -0
    outer loop
      vertex -9.23454 -25.3717 14
      vertex -11.4107 -24.4703 0
      vertex -9.23454 -25.3717 0
    endloop
  endfacet
  facet normal -0.300707 -0.953717 0
    outer loop
      vertex -9.23454 -25.3717 0
      vertex -6.98811 -26.08 14
      vertex -9.23454 -25.3717 14
    endloop
  endfacet
  facet normal -0.300707 -0.953717 -0
    outer loop
      vertex -6.98811 -26.08 14
      vertex -9.23454 -25.3717 0
      vertex -6.98811 -26.08 0
    endloop
  endfacet
  facet normal 0.67559 -0.737277 0
    outer loop
      vertex 17.3553 -20.6832 0
      vertex 19.0919 -19.0919 14
      vertex 17.3553 -20.6832 14
    endloop
  endfacet
  facet normal 0.67559 -0.737277 0
    outer loop
      vertex 19.0919 -19.0919 14
      vertex 17.3553 -20.6832 0
      vertex 19.0919 -19.0919 0
    endloop
  endfacet
  facet normal 0.130548 0.991442 1.03016e-06
    outer loop
      vertex 4.6885 26.5898 14
      vertex 2.96995 26.8161 4
      vertex 2.3532 26.8973 14
    endloop
  endfacet
  facet normal 0.130554 0.991441 -0
    outer loop
      vertex 4.6885 26.5898 0
      vertex 2.96995 26.8161 4
      vertex 4.6885 26.5898 14
    endloop
  endfacet
  facet normal 0.130554 0.991441 0
    outer loop
      vertex 2.96995 26.8161 4
      vertex 4.6885 26.5898 0
      vertex 2.96995 26.8161 0
    endloop
  endfacet
  facet normal 0.130531 0.991444 0
    outer loop
      vertex 2.3532 26.8973 14
      vertex 2.96995 26.8161 4
      vertex 2.3532 26.8973 4
    endloop
  endfacet
  facet normal 0.382685 0.923879 -0
    outer loop
      vertex 11.4107 24.4703 0
      vertex 9.23454 25.3717 14
      vertex 11.4107 24.4703 14
    endloop
  endfacet
  facet normal 0.382685 0.923879 0
    outer loop
      vertex 9.23454 25.3717 14
      vertex 11.4107 24.4703 0
      vertex 9.23454 25.3717 0
    endloop
  endfacet
  facet normal -0.887014 0.461742 0
    outer loop
      vertex -24.4703 11.4107 0
      vertex -23.3827 13.5 14
      vertex -23.3827 13.5 0
    endloop
  endfacet
  facet normal -0.887014 0.461742 0
    outer loop
      vertex -23.3827 13.5 14
      vertex -24.4703 11.4107 0
      vertex -24.4703 11.4107 14
    endloop
  endfacet
  facet normal -0.999047 0.0436469 0
    outer loop
      vertex 12.9505 -1.13302 0
      vertex 13 0 14
      vertex 13 0 0
    endloop
  endfacet
  facet normal -0.999047 0.0436469 0
    outer loop
      vertex 13 0 14
      vertex 12.9505 -1.13302 0
      vertex 12.9505 -1.13302 14
    endloop
  endfacet
  facet normal -0.991448 -0.130499 0
    outer loop
      vertex 12.9505 1.13302 0
      vertex 12.8025 2.25743 14
      vertex 12.8025 2.25743 0
    endloop
  endfacet
  facet normal -0.991448 -0.130499 0
    outer loop
      vertex 12.8025 2.25743 14
      vertex 12.9505 1.13302 0
      vertex 12.9505 1.13302 14
    endloop
  endfacet
  facet normal -0.999047 -0.0436469 0
    outer loop
      vertex 13 0 0
      vertex 12.9505 1.13302 14
      vertex 12.9505 1.13302 0
    endloop
  endfacet
  facet normal -0.999047 -0.0436469 0
    outer loop
      vertex 12.9505 1.13302 14
      vertex 13 0 0
      vertex 13 0 14
    endloop
  endfacet
  facet normal -0.976289 -0.216469 0
    outer loop
      vertex 12.8025 2.25743 0
      vertex 12.557 3.36465 14
      vertex 12.557 3.36465 0
    endloop
  endfacet
  facet normal -0.976289 -0.216469 0
    outer loop
      vertex 12.557 3.36465 14
      vertex 12.8025 2.25743 0
      vertex 12.8025 2.25743 14
    endloop
  endfacet
  facet normal 0.130499 -0.991448 0
    outer loop
      vertex -2.25743 12.8025 0
      vertex -1.13302 12.9505 14
      vertex -2.25743 12.8025 14
    endloop
  endfacet
  facet normal 0.130499 -0.991448 0
    outer loop
      vertex -1.13302 12.9505 14
      vertex -2.25743 12.8025 0
      vertex -1.13302 12.9505 0
    endloop
  endfacet
  facet normal -0.0436469 -0.999047 0
    outer loop
      vertex 0 13 0
      vertex 1.13302 12.9505 14
      vertex 0 13 14
    endloop
  endfacet
  facet normal -0.0436469 -0.999047 -0
    outer loop
      vertex 1.13302 12.9505 14
      vertex 0 13 0
      vertex 1.13302 12.9505 0
    endloop
  endfacet
  facet normal -0.216469 0.976289 0
    outer loop
      vertex 3.36465 -12.557 0
      vertex 2.25743 -12.8025 14
      vertex 3.36465 -12.557 14
    endloop
  endfacet
  facet normal -0.216469 0.976289 0
    outer loop
      vertex 2.25743 -12.8025 14
      vertex 3.36465 -12.557 0
      vertex 2.25743 -12.8025 0
    endloop
  endfacet
  facet normal 0.608771 -0.793346 0
    outer loop
      vertex -8.35624 9.95858 0
      vertex -7.45649 10.649 14
      vertex -8.35624 9.95858 14
    endloop
  endfacet
  facet normal 0.608771 -0.793346 0
    outer loop
      vertex -7.45649 10.649 14
      vertex -8.35624 9.95858 0
      vertex -7.45649 10.649 0
    endloop
  endfacet
  facet normal 0.737277 -0.67559 0
    outer loop
      vertex -9.95858 8.35624 14
      vertex -9.19239 9.19239 0
      vertex -9.19239 9.19239 14
    endloop
  endfacet
  facet normal 0.737277 -0.67559 0
    outer loop
      vertex -9.19239 9.19239 0
      vertex -9.95858 8.35624 14
      vertex -9.95858 8.35624 0
    endloop
  endfacet
  facet normal -0.130499 0.991448 0
    outer loop
      vertex 2.25743 -12.8025 0
      vertex 1.13302 -12.9505 14
      vertex 2.25743 -12.8025 14
    endloop
  endfacet
  facet normal -0.130499 0.991448 0
    outer loop
      vertex 1.13302 -12.9505 14
      vertex 2.25743 -12.8025 0
      vertex 1.13302 -12.9505 0
    endloop
  endfacet
  facet normal 0.843412 0.537267 0
    outer loop
      vertex -10.649 -7.45649 14
      vertex -11.2583 -6.5 0
      vertex -11.2583 -6.5 14
    endloop
  endfacet
  facet normal 0.843412 0.537267 0
    outer loop
      vertex -11.2583 -6.5 0
      vertex -10.649 -7.45649 14
      vertex -10.649 -7.45649 0
    endloop
  endfacet
  facet normal -0.923881 -0.38268 0
    outer loop
      vertex 12.216 4.44626 0
      vertex 11.782 5.49404 14
      vertex 11.782 5.49404 0
    endloop
  endfacet
  facet normal -0.923881 -0.38268 0
    outer loop
      vertex 11.782 5.49404 14
      vertex 12.216 4.44626 0
      vertex 12.216 4.44626 14
    endloop
  endfacet
  facet normal -0.46177 0.887 0
    outer loop
      vertex 6.5 -11.2583 0
      vertex 5.49404 -11.782 14
      vertex 6.5 -11.2583 14
    endloop
  endfacet
  facet normal -0.46177 0.887 0
    outer loop
      vertex 5.49404 -11.782 14
      vertex 6.5 -11.2583 0
      vertex 5.49404 -11.782 0
    endloop
  endfacet
  facet normal -0.737277 0.67559 0
    outer loop
      vertex 9.19239 -9.19239 0
      vertex 9.95858 -8.35624 14
      vertex 9.95858 -8.35624 0
    endloop
  endfacet
  facet normal -0.737277 0.67559 0
    outer loop
      vertex 9.95858 -8.35624 14
      vertex 9.19239 -9.19239 0
      vertex 9.19239 -9.19239 14
    endloop
  endfacet
  facet normal 0.38268 -0.923881 0
    outer loop
      vertex -5.49404 11.782 0
      vertex -4.44626 12.216 14
      vertex -5.49404 11.782 14
    endloop
  endfacet
  facet normal 0.38268 -0.923881 0
    outer loop
      vertex -4.44626 12.216 14
      vertex -5.49404 11.782 0
      vertex -4.44626 12.216 0
    endloop
  endfacet
  facet normal -0.923881 0.38268 0
    outer loop
      vertex 11.782 -5.49404 0
      vertex 12.216 -4.44626 14
      vertex 12.216 -4.44626 0
    endloop
  endfacet
  facet normal -0.923881 0.38268 0
    outer loop
      vertex 12.216 -4.44626 14
      vertex 11.782 -5.49404 0
      vertex 11.782 -5.49404 14
    endloop
  endfacet
  facet normal -0.67559 -0.737277 0
    outer loop
      vertex 8.35624 9.95858 0
      vertex 9.19239 9.19239 14
      vertex 8.35624 9.95858 14
    endloop
  endfacet
  facet normal -0.67559 -0.737277 -0
    outer loop
      vertex 9.19239 9.19239 14
      vertex 8.35624 9.95858 0
      vertex 9.19239 9.19239 0
    endloop
  endfacet
  facet normal 0.976289 -0.216469 0
    outer loop
      vertex -12.8025 2.25743 14
      vertex -12.557 3.36465 0
      vertex -12.557 3.36465 14
    endloop
  endfacet
  facet normal 0.976289 -0.216469 0
    outer loop
      vertex -12.557 3.36465 0
      vertex -12.8025 2.25743 14
      vertex -12.8025 2.25743 0
    endloop
  endfacet
  facet normal 0.38268 0.923881 -0
    outer loop
      vertex -4.44626 -12.216 0
      vertex -5.49404 -11.782 14
      vertex -4.44626 -12.216 14
    endloop
  endfacet
  facet normal 0.38268 0.923881 0
    outer loop
      vertex -5.49404 -11.782 14
      vertex -4.44626 -12.216 0
      vertex -5.49404 -11.782 0
    endloop
  endfacet
  facet normal -0.843412 -0.537267 0
    outer loop
      vertex 11.2583 6.5 0
      vertex 10.649 7.45649 14
      vertex 10.649 7.45649 0
    endloop
  endfacet
  facet normal -0.843412 -0.537267 0
    outer loop
      vertex 10.649 7.45649 14
      vertex 11.2583 6.5 0
      vertex 11.2583 6.5 14
    endloop
  endfacet
  facet normal -0.38268 -0.923881 0
    outer loop
      vertex 4.44626 12.216 0
      vertex 5.49404 11.782 14
      vertex 4.44626 12.216 14
    endloop
  endfacet
  facet normal -0.38268 -0.923881 -0
    outer loop
      vertex 5.49404 11.782 14
      vertex 4.44626 12.216 0
      vertex 5.49404 11.782 0
    endloop
  endfacet
  facet normal -0.608771 -0.793346 0
    outer loop
      vertex 7.45649 10.649 0
      vertex 8.35624 9.95858 14
      vertex 7.45649 10.649 14
    endloop
  endfacet
  facet normal -0.608771 -0.793346 -0
    outer loop
      vertex 8.35624 9.95858 14
      vertex 7.45649 10.649 0
      vertex 8.35624 9.95858 0
    endloop
  endfacet
  facet normal -0.46177 -0.887 0
    outer loop
      vertex 5.49404 11.782 0
      vertex 6.5 11.2583 14
      vertex 5.49404 11.782 14
    endloop
  endfacet
  facet normal -0.46177 -0.887 -0
    outer loop
      vertex 6.5 11.2583 14
      vertex 5.49404 11.782 0
      vertex 6.5 11.2583 0
    endloop
  endfacet
  facet normal 0.976289 0.216469 0
    outer loop
      vertex -12.557 -3.36465 14
      vertex -12.8025 -2.25743 0
      vertex -12.8025 -2.25743 14
    endloop
  endfacet
  facet normal 0.976289 0.216469 0
    outer loop
      vertex -12.8025 -2.25743 0
      vertex -12.557 -3.36465 14
      vertex -12.557 -3.36465 0
    endloop
  endfacet
  facet normal 0.300681 0.953725 -0
    outer loop
      vertex -3.36465 -12.557 0
      vertex -4.44626 -12.216 14
      vertex -3.36465 -12.557 14
    endloop
  endfacet
  facet normal 0.300681 0.953725 0
    outer loop
      vertex -4.44626 -12.216 14
      vertex -3.36465 -12.557 0
      vertex -4.44626 -12.216 0
    endloop
  endfacet
  facet normal 0.300681 -0.953725 0
    outer loop
      vertex -4.44626 12.216 0
      vertex -3.36465 12.557 14
      vertex -4.44626 12.216 14
    endloop
  endfacet
  facet normal 0.300681 -0.953725 0
    outer loop
      vertex -3.36465 12.557 14
      vertex -4.44626 12.216 0
      vertex -3.36465 12.557 0
    endloop
  endfacet
  facet normal -0.843412 0.537267 0
    outer loop
      vertex 10.649 -7.45649 0
      vertex 11.2583 -6.5 14
      vertex 11.2583 -6.5 0
    endloop
  endfacet
  facet normal -0.843412 0.537267 0
    outer loop
      vertex 11.2583 -6.5 14
      vertex 10.649 -7.45649 0
      vertex 10.649 -7.45649 14
    endloop
  endfacet
  facet normal 0.608771 0.793346 -0
    outer loop
      vertex -7.45649 -10.649 0
      vertex -8.35624 -9.95858 14
      vertex -7.45649 -10.649 14
    endloop
  endfacet
  facet normal 0.608771 0.793346 0
    outer loop
      vertex -8.35624 -9.95858 14
      vertex -7.45649 -10.649 0
      vertex -8.35624 -9.95858 0
    endloop
  endfacet
  facet normal 0.0436469 0.999047 -0
    outer loop
      vertex 0 -13 0
      vertex -1.13302 -12.9505 14
      vertex 0 -13 14
    endloop
  endfacet
  facet normal 0.0436469 0.999047 0
    outer loop
      vertex -1.13302 -12.9505 14
      vertex 0 -13 0
      vertex -1.13302 -12.9505 0
    endloop
  endfacet
  facet normal 0.953725 0.300681 0
    outer loop
      vertex -12.216 -4.44626 14
      vertex -12.557 -3.36465 0
      vertex -12.557 -3.36465 14
    endloop
  endfacet
  facet normal 0.953725 0.300681 0
    outer loop
      vertex -12.557 -3.36465 0
      vertex -12.216 -4.44626 14
      vertex -12.216 -4.44626 0
    endloop
  endfacet
  facet normal -0.953725 -0.300681 0
    outer loop
      vertex 12.557 3.36465 0
      vertex 12.216 4.44626 14
      vertex 12.216 4.44626 0
    endloop
  endfacet
  facet normal -0.953725 -0.300681 0
    outer loop
      vertex 12.216 4.44626 14
      vertex 12.557 3.36465 0
      vertex 12.557 3.36465 14
    endloop
  endfacet
  facet normal 0.130499 0.991448 -0
    outer loop
      vertex -1.13302 -12.9505 0
      vertex -2.25743 -12.8025 14
      vertex -1.13302 -12.9505 14
    endloop
  endfacet
  facet normal 0.130499 0.991448 0
    outer loop
      vertex -2.25743 -12.8025 14
      vertex -1.13302 -12.9505 0
      vertex -2.25743 -12.8025 0
    endloop
  endfacet
  facet normal 0.953725 -0.300681 0
    outer loop
      vertex -12.557 3.36465 14
      vertex -12.216 4.44626 0
      vertex -12.216 4.44626 14
    endloop
  endfacet
  facet normal 0.953725 -0.300681 0
    outer loop
      vertex -12.216 4.44626 0
      vertex -12.557 3.36465 14
      vertex -12.557 3.36465 0
    endloop
  endfacet
  facet normal -0.953725 0.300681 0
    outer loop
      vertex 12.216 -4.44626 0
      vertex 12.557 -3.36465 14
      vertex 12.557 -3.36465 0
    endloop
  endfacet
  facet normal -0.953725 0.300681 0
    outer loop
      vertex 12.557 -3.36465 14
      vertex 12.216 -4.44626 0
      vertex 12.216 -4.44626 14
    endloop
  endfacet
  facet normal -0.976289 0.216469 0
    outer loop
      vertex 12.557 -3.36465 0
      vertex 12.8025 -2.25743 14
      vertex 12.8025 -2.25743 0
    endloop
  endfacet
  facet normal -0.976289 0.216469 0
    outer loop
      vertex 12.8025 -2.25743 14
      vertex 12.557 -3.36465 0
      vertex 12.557 -3.36465 14
    endloop
  endfacet
  facet normal 0.887 0.46177 0
    outer loop
      vertex -11.2583 -6.5 14
      vertex -11.782 -5.49404 0
      vertex -11.782 -5.49404 14
    endloop
  endfacet
  facet normal 0.887 0.46177 0
    outer loop
      vertex -11.782 -5.49404 0
      vertex -11.2583 -6.5 14
      vertex -11.2583 -6.5 0
    endloop
  endfacet
  facet normal 0.843412 -0.537267 0
    outer loop
      vertex -11.2583 6.5 14
      vertex -10.649 7.45649 0
      vertex -10.649 7.45649 14
    endloop
  endfacet
  facet normal 0.843412 -0.537267 0
    outer loop
      vertex -10.649 7.45649 0
      vertex -11.2583 6.5 14
      vertex -11.2583 6.5 0
    endloop
  endfacet
  facet normal -0.991448 0.130499 0
    outer loop
      vertex 12.8025 -2.25743 0
      vertex 12.9505 -1.13302 14
      vertex 12.9505 -1.13302 0
    endloop
  endfacet
  facet normal -0.991448 0.130499 0
    outer loop
      vertex 12.9505 -1.13302 14
      vertex 12.8025 -2.25743 0
      vertex 12.8025 -2.25743 14
    endloop
  endfacet
  facet normal 0.216469 -0.976289 0
    outer loop
      vertex -3.36465 12.557 0
      vertex -2.25743 12.8025 14
      vertex -3.36465 12.557 14
    endloop
  endfacet
  facet normal 0.216469 -0.976289 0
    outer loop
      vertex -2.25743 12.8025 14
      vertex -3.36465 12.557 0
      vertex -2.25743 12.8025 0
    endloop
  endfacet
  facet normal -0.0436469 0.999047 0
    outer loop
      vertex 1.13302 -12.9505 0
      vertex 0 -13 14
      vertex 1.13302 -12.9505 14
    endloop
  endfacet
  facet normal -0.0436469 0.999047 0
    outer loop
      vertex 0 -13 14
      vertex 1.13302 -12.9505 0
      vertex 0 -13 0
    endloop
  endfacet
  facet normal -0.793346 0.608771 0
    outer loop
      vertex 9.95858 -8.35624 0
      vertex 10.649 -7.45649 14
      vertex 10.649 -7.45649 0
    endloop
  endfacet
  facet normal -0.793346 0.608771 0
    outer loop
      vertex 10.649 -7.45649 14
      vertex 9.95858 -8.35624 0
      vertex 9.95858 -8.35624 14
    endloop
  endfacet
  facet normal 0.537267 -0.843412 0
    outer loop
      vertex -7.45649 10.649 0
      vertex -6.5 11.2583 14
      vertex -7.45649 10.649 14
    endloop
  endfacet
  facet normal 0.537267 -0.843412 0
    outer loop
      vertex -6.5 11.2583 14
      vertex -7.45649 10.649 0
      vertex -6.5 11.2583 0
    endloop
  endfacet
  facet normal -0.537267 -0.843412 0
    outer loop
      vertex 6.5 11.2583 0
      vertex 7.45649 10.649 14
      vertex 6.5 11.2583 14
    endloop
  endfacet
  facet normal -0.537267 -0.843412 -0
    outer loop
      vertex 7.45649 10.649 14
      vertex 6.5 11.2583 0
      vertex 7.45649 10.649 0
    endloop
  endfacet
  facet normal -0.737277 -0.67559 0
    outer loop
      vertex 9.95858 8.35624 0
      vertex 9.19239 9.19239 14
      vertex 9.19239 9.19239 0
    endloop
  endfacet
  facet normal -0.737277 -0.67559 0
    outer loop
      vertex 9.19239 9.19239 14
      vertex 9.95858 8.35624 0
      vertex 9.95858 8.35624 14
    endloop
  endfacet
  facet normal -0.130499 -0.991448 0
    outer loop
      vertex 1.13302 12.9505 0
      vertex 2.25743 12.8025 14
      vertex 1.13302 12.9505 14
    endloop
  endfacet
  facet normal -0.130499 -0.991448 -0
    outer loop
      vertex 2.25743 12.8025 14
      vertex 1.13302 12.9505 0
      vertex 2.25743 12.8025 0
    endloop
  endfacet
  facet normal -0.887 -0.46177 0
    outer loop
      vertex 11.782 5.49404 0
      vertex 11.2583 6.5 14
      vertex 11.2583 6.5 0
    endloop
  endfacet
  facet normal -0.887 -0.46177 0
    outer loop
      vertex 11.2583 6.5 14
      vertex 11.782 5.49404 0
      vertex 11.782 5.49404 14
    endloop
  endfacet
  facet normal 0.537267 0.843412 -0
    outer loop
      vertex -6.5 -11.2583 0
      vertex -7.45649 -10.649 14
      vertex -6.5 -11.2583 14
    endloop
  endfacet
  facet normal 0.537267 0.843412 0
    outer loop
      vertex -7.45649 -10.649 14
      vertex -6.5 -11.2583 0
      vertex -7.45649 -10.649 0
    endloop
  endfacet
  facet normal -0.887 0.46177 0
    outer loop
      vertex 11.2583 -6.5 0
      vertex 11.782 -5.49404 14
      vertex 11.782 -5.49404 0
    endloop
  endfacet
  facet normal -0.887 0.46177 0
    outer loop
      vertex 11.782 -5.49404 14
      vertex 11.2583 -6.5 0
      vertex 11.2583 -6.5 14
    endloop
  endfacet
  facet normal 0.216469 0.976289 -0
    outer loop
      vertex -2.25743 -12.8025 0
      vertex -3.36465 -12.557 14
      vertex -2.25743 -12.8025 14
    endloop
  endfacet
  facet normal 0.216469 0.976289 0
    outer loop
      vertex -3.36465 -12.557 14
      vertex -2.25743 -12.8025 0
      vertex -3.36465 -12.557 0
    endloop
  endfacet
  facet normal 0.67559 -0.737277 0
    outer loop
      vertex -9.19239 9.19239 0
      vertex -8.35624 9.95858 14
      vertex -9.19239 9.19239 14
    endloop
  endfacet
  facet normal 0.67559 -0.737277 0
    outer loop
      vertex -8.35624 9.95858 14
      vertex -9.19239 9.19239 0
      vertex -8.35624 9.95858 0
    endloop
  endfacet
  facet normal -0.793346 -0.608771 0
    outer loop
      vertex 10.649 7.45649 0
      vertex 9.95858 8.35624 14
      vertex 9.95858 8.35624 0
    endloop
  endfacet
  facet normal -0.793346 -0.608771 0
    outer loop
      vertex 9.95858 8.35624 14
      vertex 10.649 7.45649 0
      vertex 10.649 7.45649 14
    endloop
  endfacet
  facet normal 0.0436469 -0.999047 0
    outer loop
      vertex -1.13302 12.9505 0
      vertex 0 13 14
      vertex -1.13302 12.9505 14
    endloop
  endfacet
  facet normal 0.0436469 -0.999047 0
    outer loop
      vertex 0 13 14
      vertex -1.13302 12.9505 0
      vertex 0 13 0
    endloop
  endfacet
  facet normal 0.737277 0.67559 0
    outer loop
      vertex -9.19239 -9.19239 14
      vertex -9.95858 -8.35624 0
      vertex -9.95858 -8.35624 14
    endloop
  endfacet
  facet normal 0.737277 0.67559 0
    outer loop
      vertex -9.95858 -8.35624 0
      vertex -9.19239 -9.19239 14
      vertex -9.19239 -9.19239 0
    endloop
  endfacet
  facet normal 0.887 -0.46177 0
    outer loop
      vertex -11.782 5.49404 14
      vertex -11.2583 6.5 0
      vertex -11.2583 6.5 14
    endloop
  endfacet
  facet normal 0.887 -0.46177 0
    outer loop
      vertex -11.2583 6.5 0
      vertex -11.782 5.49404 14
      vertex -11.782 5.49404 0
    endloop
  endfacet
  facet normal 0.991448 0.130499 0
    outer loop
      vertex -12.8025 -2.25743 14
      vertex -12.9505 -1.13302 0
      vertex -12.9505 -1.13302 14
    endloop
  endfacet
  facet normal 0.991448 0.130499 0
    outer loop
      vertex -12.9505 -1.13302 0
      vertex -12.8025 -2.25743 14
      vertex -12.8025 -2.25743 0
    endloop
  endfacet
  facet normal -0.300681 -0.953725 0
    outer loop
      vertex 3.36465 12.557 0
      vertex 4.44626 12.216 14
      vertex 3.36465 12.557 14
    endloop
  endfacet
  facet normal -0.300681 -0.953725 -0
    outer loop
      vertex 4.44626 12.216 14
      vertex 3.36465 12.557 0
      vertex 4.44626 12.216 0
    endloop
  endfacet
  facet normal 0.793346 0.608771 0
    outer loop
      vertex -9.95858 -8.35624 14
      vertex -10.649 -7.45649 0
      vertex -10.649 -7.45649 14
    endloop
  endfacet
  facet normal 0.793346 0.608771 0
    outer loop
      vertex -10.649 -7.45649 0
      vertex -9.95858 -8.35624 14
      vertex -9.95858 -8.35624 0
    endloop
  endfacet
  facet normal -0.300681 0.953725 0
    outer loop
      vertex 4.44626 -12.216 0
      vertex 3.36465 -12.557 14
      vertex 4.44626 -12.216 14
    endloop
  endfacet
  facet normal -0.300681 0.953725 0
    outer loop
      vertex 3.36465 -12.557 14
      vertex 4.44626 -12.216 0
      vertex 3.36465 -12.557 0
    endloop
  endfacet
  facet normal 0.999047 0.0436469 0
    outer loop
      vertex -12.9505 -1.13302 14
      vertex -13 0 0
      vertex -13 0 14
    endloop
  endfacet
  facet normal 0.999047 0.0436469 0
    outer loop
      vertex -13 0 0
      vertex -12.9505 -1.13302 14
      vertex -12.9505 -1.13302 0
    endloop
  endfacet
  facet normal 0.67559 0.737277 -0
    outer loop
      vertex -8.35624 -9.95858 0
      vertex -9.19239 -9.19239 14
      vertex -8.35624 -9.95858 14
    endloop
  endfacet
  facet normal 0.67559 0.737277 0
    outer loop
      vertex -9.19239 -9.19239 14
      vertex -8.35624 -9.95858 0
      vertex -9.19239 -9.19239 0
    endloop
  endfacet
  facet normal -0.537267 0.843412 0
    outer loop
      vertex 7.45649 -10.649 0
      vertex 6.5 -11.2583 14
      vertex 7.45649 -10.649 14
    endloop
  endfacet
  facet normal -0.537267 0.843412 0
    outer loop
      vertex 6.5 -11.2583 14
      vertex 7.45649 -10.649 0
      vertex 6.5 -11.2583 0
    endloop
  endfacet
  facet normal -0.216469 -0.976289 0
    outer loop
      vertex 2.25743 12.8025 0
      vertex 3.36465 12.557 14
      vertex 2.25743 12.8025 14
    endloop
  endfacet
  facet normal -0.216469 -0.976289 -0
    outer loop
      vertex 3.36465 12.557 14
      vertex 2.25743 12.8025 0
      vertex 3.36465 12.557 0
    endloop
  endfacet
  facet normal 0.923881 0.38268 0
    outer loop
      vertex -11.782 -5.49404 14
      vertex -12.216 -4.44626 0
      vertex -12.216 -4.44626 14
    endloop
  endfacet
  facet normal 0.923881 0.38268 0
    outer loop
      vertex -12.216 -4.44626 0
      vertex -11.782 -5.49404 14
      vertex -11.782 -5.49404 0
    endloop
  endfacet
  facet normal 0.793346 -0.608771 0
    outer loop
      vertex -10.649 7.45649 14
      vertex -9.95858 8.35624 0
      vertex -9.95858 8.35624 14
    endloop
  endfacet
  facet normal 0.793346 -0.608771 0
    outer loop
      vertex -9.95858 8.35624 0
      vertex -10.649 7.45649 14
      vertex -10.649 7.45649 0
    endloop
  endfacet
  facet normal -0.38268 0.923881 0
    outer loop
      vertex 5.49404 -11.782 0
      vertex 4.44626 -12.216 14
      vertex 5.49404 -11.782 14
    endloop
  endfacet
  facet normal -0.38268 0.923881 0
    outer loop
      vertex 4.44626 -12.216 14
      vertex 5.49404 -11.782 0
      vertex 4.44626 -12.216 0
    endloop
  endfacet
  facet normal 0.991448 -0.130499 0
    outer loop
      vertex -12.9505 1.13302 14
      vertex -12.8025 2.25743 0
      vertex -12.8025 2.25743 14
    endloop
  endfacet
  facet normal 0.991448 -0.130499 0
    outer loop
      vertex -12.8025 2.25743 0
      vertex -12.9505 1.13302 14
      vertex -12.9505 1.13302 0
    endloop
  endfacet
  facet normal 0.999047 -0.0436469 0
    outer loop
      vertex -13 0 14
      vertex -12.9505 1.13302 0
      vertex -12.9505 1.13302 14
    endloop
  endfacet
  facet normal 0.999047 -0.0436469 0
    outer loop
      vertex -12.9505 1.13302 0
      vertex -13 0 14
      vertex -13 0 0
    endloop
  endfacet
  facet normal -0.67559 0.737277 0
    outer loop
      vertex 9.19239 -9.19239 0
      vertex 8.35624 -9.95858 14
      vertex 9.19239 -9.19239 14
    endloop
  endfacet
  facet normal -0.67559 0.737277 0
    outer loop
      vertex 8.35624 -9.95858 14
      vertex 9.19239 -9.19239 0
      vertex 8.35624 -9.95858 0
    endloop
  endfacet
  facet normal -0.608771 0.793346 0
    outer loop
      vertex 8.35624 -9.95858 0
      vertex 7.45649 -10.649 14
      vertex 8.35624 -9.95858 14
    endloop
  endfacet
  facet normal -0.608771 0.793346 0
    outer loop
      vertex 7.45649 -10.649 14
      vertex 8.35624 -9.95858 0
      vertex 7.45649 -10.649 0
    endloop
  endfacet
  facet normal 0.46177 -0.887 0
    outer loop
      vertex -6.5 11.2583 0
      vertex -5.49404 11.782 14
      vertex -6.5 11.2583 14
    endloop
  endfacet
  facet normal 0.46177 -0.887 0
    outer loop
      vertex -5.49404 11.782 14
      vertex -6.5 11.2583 0
      vertex -5.49404 11.782 0
    endloop
  endfacet
  facet normal 0.923881 -0.38268 0
    outer loop
      vertex -12.216 4.44626 14
      vertex -11.782 5.49404 0
      vertex -11.782 5.49404 14
    endloop
  endfacet
  facet normal 0.923881 -0.38268 0
    outer loop
      vertex -11.782 5.49404 0
      vertex -12.216 4.44626 14
      vertex -12.216 4.44626 0
    endloop
  endfacet
  facet normal 0.46177 0.887 -0
    outer loop
      vertex -5.49404 -11.782 0
      vertex -6.5 -11.2583 14
      vertex -5.49404 -11.782 14
    endloop
  endfacet
  facet normal 0.46177 0.887 0
    outer loop
      vertex -6.5 -11.2583 14
      vertex -5.49404 -11.782 0
      vertex -6.5 -11.2583 0
    endloop
  endfacet
endsolid OpenSCAD_Model
